PEP_ID	year	lcd	duration
1	1980	247	20
1	1981	259	20
1	1982	265	20
1	1983	264	20
1	1984	270	20
1	1985	265	20
1	1986	255	20
1	1987	266	20
1	1988	275	20
1	1989	250	20
1	1990	275	20
1	1991	280	20
1	1992	291	20
1	1993	263	20
1	1994	283	20
1	1995	299	20
1	1996	276	20
1	1997	277	20
1	1998	289	20
1	1999	286	20
4	1990	281	26
4	1991	300	26
4	1992	276	26
4	1993	269	26
4	1994	288	26
4	1995	311	26
4	1996	288	26
4	1997	295	26
4	1998	290	26
4	1999	301	26
4	2000	285	26
4	2001	286	26
4	2002	284	26
4	2003	280	26
4	2004	298	26
4	2005	283	26
4	2006	290	26
4	2007	291	26
4	2008	281	26
4	2009	290	26
4	2010	292	26
4	2011	294	26
4	2012	295	26
4	2013	285	26
4	2014	279	26
4	2015	293	26
15	1993	265	20
15	1994	283	20
15	1995	298	20
15	1996	282	20
15	1997	282	20
15	1998	268	20
15	1999	268	20
15	2000	283	20
15	2001	312	20
15	2002	302	20
15	2003	292	20
15	2004	294	20
15	2005	306	20
15	2006	312	20
15	2007	302	20
15	2008	290	20
15	2009	288	20
15	2010	288	20
15	2011	291	20
15	2012	299	20
16	1981	284	16
16	1982	274	16
16	1983	304	16
16	1984	274	16
16	1985	282	16
16	1986	283	16
16	1987	285	16
16	1988	286	16
16	1989	285	16
16	1990	284	16
16	1991	300	16
16	1992	283	16
16	1993	286	16
16	1994	286	16
16	1995	285	16
16	1996	286	16
21	1989	291	26
21	1990	272	26
21	1991	297	26
21	1992	288	26
21	1993	283	26
21	1994	287	26
21	1995	303	26
21	1996	300	26
21	1997	294	26
21	1998	279	26
21	1999	287	26
21	2000	280	26
21	2001	278	26
21	2002	283	26
21	2003	293	26
21	2004	293	26
21	2005	279	26
21	2006	301	26
21	2007	285	26
21	2008	273	26
21	2009	300	26
21	2010	292	26
21	2011	301	26
21	2012	307	26
21	2013	297	26
21	2015	297	26
28	1979	283	18
28	1980	295	18
28	1981	294	18
28	1982	273	18
28	1983	280	18
28	1984	289	18
28	1985	283	18
28	1986	272	18
28	1987	286	18
28	1988	286	18
28	1989	285	18
28	1990	289	18
28	1991	287	18
28	1992	258	18
28	1993	271	18
28	1994	272	18
28	1995	300	18
28	1996	298	18
29	1979	288	17
29	1980	266	17
29	1981	271	17
29	1982	285	17
29	1983	274	17
29	1984	284	17
29	1985	267	17
29	1986	257	17
29	1987	288	17
29	1988	264	17
29	1989	274	17
29	1990	271	17
29	1993	285	17
29	1994	287	17
29	1995	315	17
29	1996	296	17
29	1997	300	17
30	1980	303	19
30	1981	313	19
30	1982	328	19
30	1983	325	19
30	1985	331	19
30	1986	294	19
30	1987	277	19
30	1988	287	19
30	1989	296	19
30	1990	283	19
30	1991	295	19
30	1992	273	19
30	1993	280	19
30	1994	284	19
30	1995	290	19
30	1996	293	19
30	1997	298	19
30	1998	287	19
30	1999	289	19
33	1979	278	17
33	1980	282	17
33	1981	295	17
33	1984	289	17
33	1985	305	17
33	1986	302	17
33	1987	302	17
33	1988	288	17
33	1989	289	17
33	1990	285	17
33	1991	297	17
33	1992	288	17
33	1993	288	17
33	1994	286	17
33	1995	291	17
33	1996	290	17
33	1998	297	17
37	1979	311	17
37	1980	315	17
37	1981	289	17
37	1982	310	17
37	1983	301	17
37	1984	316	17
37	1985	309	17
37	1986	307	17
37	1987	301	17
37	1988	301	17
37	1989	284	17
37	1990	296	17
37	1991	311	17
37	1992	286	17
37	1993	293	17
37	1994	289	17
37	1995	291	17
40	1984	305	27
40	1985	312	27
40	1986	303	27
40	1987	308	27
40	1988	294	27
40	1989	277	27
40	1990	274	27
40	1991	315	27
40	1992	269	27
40	1993	299	27
40	1994	295	27
40	1995	312	27
40	1996	295	27
40	1997	296	27
40	1998	293	27
40	1999	301	27
40	2000	303	27
40	2001	309	27
40	2002	308	27
40	2003	306	27
40	2005	303	27
40	2006	300	27
40	2007	296	27
40	2008	298	27
40	2009	311	27
40	2010	304	27
40	2011	312	27
50	1986	294	30
50	1987	288	30
50	1988	297	30
50	1989	300	30
50	1990	309	30
50	1991	313	30
50	1992	304	30
50	1993	288	30
50	1994	299	30
50	1995	310	30
50	1996	295	30
50	1997	310	30
50	1998	296	30
50	1999	304	30
50	2000	307	30
50	2001	305	30
50	2002	304	30
50	2003	304	30
50	2004	299	30
50	2005	306	30
50	2006	319	30
50	2007	300	30
50	2008	299	30
50	2009	300	30
50	2010	302	30
50	2011	300	30
50	2012	320	30
50	2013	298	30
50	2014	311	30
50	2015	307	30
56	1979	289	22
56	1980	285	22
56	1981	285	22
56	1982	288	22
56	1983	287	22
56	1984	296	22
56	1985	288	22
56	1986	288	22
56	1987	295	22
56	1988	286	22
56	1989	282	22
56	1990	282	22
56	1991	305	22
56	1992	300	22
56	1993	291	22
56	1994	295	22
56	1995	304	22
56	1996	301	22
56	1997	304	22
56	1998	299	22
56	1999	312	22
56	2000	301	22
59	1979	278	19
59	1980	280	19
59	1981	280	19
59	1982	300	19
59	1983	281	19
59	1984	298	19
59	1985	286	19
59	1986	263	19
59	1987	292	19
59	1988	292	19
59	1989	278	19
59	1990	288	19
59	1991	291	19
59	1992	294	19
59	1993	331	19
59	1994	302	19
59	1995	300	19
59	1996	302	19
59	1997	303	19
61	1981	294	22
61	1982	277	22
61	1983	291	22
61	1984	296	22
61	1985	296	22
61	1986	272	22
61	1988	281	22
61	1989	276	22
61	1990	290	22
61	1991	303	22
61	1992	298	22
61	1993	298	22
61	1994	293	22
61	1995	308	22
61	1996	301	22
61	1997	305	22
61	1998	297	22
61	1999	302	22
61	2000	302	22
61	2001	301	22
61	2002	298	22
61	2003	293	22
66	1992	273	23
66	1993	290	23
66	1994	292	23
66	1995	295	23
66	1996	288	23
66	1997	291	23
66	1998	276	23
66	1999	279	23
66	2000	273	23
66	2001	267	23
66	2002	301	23
66	2003	256	23
66	2004	261	23
66	2005	276	23
66	2006	300	23
66	2007	294	23
66	2008	272	23
66	2009	288	23
66	2010	283	23
66	2012	296	23
66	2013	292	23
66	2014	290	23
66	2015	293	23
68	1980	299	36
68	1981	300	36
68	1982	294	36
68	1983	299	36
68	1984	304	36
68	1985	301	36
68	1986	290	36
68	1987	286	36
68	1988	289	36
68	1989	294	36
68	1990	288	36
68	1991	305	36
68	1992	287	36
68	1993	279	36
68	1994	284	36
68	1995	302	36
68	1996	290	36
68	1997	285	36
68	1998	288	36
68	1999	289	36
68	2000	279	36
68	2001	268	36
68	2002	273	36
68	2003	273	36
68	2004	285	36
68	2005	279	36
68	2006	287	36
68	2007	272	36
68	2008	271	36
68	2009	277	36
68	2010	267	36
68	2011	268	36
68	2012	300	36
68	2013	287	36
68	2014	274	36
68	2015	276	36
84	1979	303	15
84	1980	296	15
84	1981	301	15
84	1982	293	15
84	1983	299	15
84	1984	301	15
84	1985	300	15
84	1986	295	15
84	1987	293	15
84	1988	289	15
84	1989	280	15
84	1990	284	15
84	1991	288	15
84	1992	289	15
84	1993	291	15
94	1980	304	35
94	1981	303	35
94	1982	302	35
94	1983	306	35
94	1985	309	35
94	1986	293	35
94	1987	303	35
94	1988	301	35
94	1989	293	35
94	1990	292	35
94	1991	308	35
94	1992	287	35
94	1993	286	35
94	1994	295	35
94	1995	310	35
94	1996	302	35
94	1997	307	35
94	1998	295	35
94	1999	302	35
94	2000	296	35
94	2001	304	35
94	2002	302	35
94	2003	305	35
94	2004	300	35
94	2005	304	35
94	2006	311	35
94	2007	295	35
94	2008	298	35
94	2009	302	35
94	2010	300	35
94	2011	302	35
94	2012	318	35
94	2013	295	35
94	2014	304	35
94	2015	299	35
98	1979	285	18
98	1980	266	18
98	1981	287	18
98	1982	290	18
98	1983	304	18
98	1984	274	18
98	1985	292	18
98	1986	273	18
98	1987	293	18
98	1988	284	18
98	1989	288	18
98	1990	309	18
98	1991	287	18
98	1992	305	18
98	1993	277	18
98	1994	294	18
98	1995	310	18
98	1996	299	18
103	1980	301	28
103	1981	303	28
103	1982	305	28
103	1985	311	28
103	1987	299	28
103	1988	294	28
103	1989	296	28
103	1990	306	28
103	1992	291	28
103	1993	286	28
103	1994	295	28
103	1995	318	28
103	1996	302	28
103	1997	307	28
103	1998	290	28
103	1999	307	28
103	2002	296	28
103	2003	309	28
103	2004	304	28
103	2005	305	28
103	2006	318	28
103	2007	300	28
103	2008	299	28
103	2009	314	28
103	2010	305	28
103	2011	307	28
103	2012	320	28
103	2014	310	28
107	1982	274	18
107	1983	293	18
107	1984	300	18
107	1985	257	18
107	1986	264	18
107	1987	273	18
107	1988	269	18
107	1990	270	18
107	1991	286	18
107	1993	289	18
107	1994	275	18
107	1995	260	18
107	1996	274	18
107	1997	271	18
107	1998	281	18
107	1999	281	18
107	2000	282	18
107	2001	269	18
118	1979	275	36
118	1980	286	36
118	1981	281	36
118	1982	286	36
118	1983	275	36
118	1984	286	36
118	1986	276	36
118	1987	289	36
118	1988	280	36
118	1989	286	36
118	1990	282	36
118	1991	286	36
118	1992	276	36
118	1993	281	36
118	1994	285	36
118	1995	285	36
118	1996	293	36
118	1997	283	36
118	1998	283	36
118	1999	292	36
118	2000	287	36
118	2001	291	36
118	2002	292	36
118	2003	285	36
118	2004	294	36
118	2005	296	36
118	2006	290	36
118	2007	281	36
118	2008	283	36
118	2009	293	36
118	2010	291	36
118	2011	281	36
118	2012	303	36
118	2013	284	36
118	2014	289	36
118	2015	278	36
122	1979	311	19
122	1980	278	19
122	1981	285	19
122	1982	270	19
122	1983	270	19
122	1984	279	19
122	1985	280	19
122	1986	276	19
122	1987	274	19
122	1989	262	19
122	1990	278	19
122	1991	281	19
122	1992	309	19
122	1993	262	19
122	1994	274	19
122	1995	274	19
122	1996	303	19
122	1997	274	19
122	1998	274	19
124	1979	305	37
124	1980	294	37
124	1981	298	37
124	1982	290	37
124	1983	290	37
124	1984	275	37
124	1985	295	37
124	1986	274	37
124	1987	269	37
124	1988	277	37
124	1989	289	37
124	1990	270	37
124	1991	285	37
124	1992	271	37
124	1993	270	37
124	1994	272	37
124	1995	281	37
124	1996	283	37
124	1997	283	37
124	1998	273	37
124	1999	274	37
124	2000	303	37
124	2001	281	37
124	2002	275	37
124	2003	283	37
124	2004	283	37
124	2005	288	37
124	2006	288	37
124	2007	287	37
124	2008	281	37
124	2009	279	37
124	2010	278	37
124	2011	277	37
124	2012	298	37
124	2013	285	37
124	2014	293	37
124	2015	281	37
140	1980	295	23
140	1981	299	23
140	1982	274	23
140	1992	259	23
140	1993	245	23
140	1994	263	23
140	1995	278	23
140	1996	244	23
140	1997	270	23
140	1998	274	23
140	1999	282	23
140	2000	261	23
140	2001	293	23
140	2002	276	23
140	2003	283	23
140	2004	291	23
140	2005	296	23
140	2006	298	23
140	2007	281	23
140	2008	287	23
140	2009	293	23
140	2010	297	23
140	2011	293	23
142	1980	307	29
142	1981	307	29
142	1982	288	29
142	1983	278	29
142	1984	298	29
142	1985	291	29
142	1986	290	29
142	1987	295	29
142	1988	283	29
142	1989	288	29
142	1991	298	29
142	1992	264	29
142	1993	282	29
142	1994	289	29
142	1995	300	29
142	1996	298	29
142	1997	304	29
142	1998	290	29
142	1999	293	29
142	2000	303	29
142	2001	303	29
142	2002	300	29
142	2003	293	29
142	2004	290	29
142	2005	298	29
142	2006	298	29
142	2007	276	29
142	2008	300	29
142	2009	301	29
144	1979	279	34
144	1980	270	34
144	1981	273	34
144	1982	279	34
144	1983	283	34
144	1984	285	34
144	1985	282	34
144	1986	285	34
144	1987	285	34
144	1988	282	34
144	1989	282	34
144	1990	253	34
144	1991	281	34
144	1992	275	34
144	1995	314	34
144	1996	304	34
144	1997	309	34
144	1998	293	34
144	1999	309	34
144	2000	299	34
144	2001	308	34
144	2002	296	34
144	2003	296	34
144	2004	293	34
144	2005	310	34
144	2006	306	34
144	2007	293	34
144	2008	305	34
144	2010	298	34
144	2011	298	34
144	2012	314	34
144	2013	296	34
144	2014	293	34
144	2015	282	34
148	1982	282	34
148	1983	285	34
148	1984	292	34
148	1985	283	34
148	1986	280	34
148	1987	291	34
148	1988	287	34
148	1989	283	34
148	1990	280	34
148	1991	285	34
148	1992	298	34
148	1993	301	34
148	1994	298	34
148	1995	309	34
148	1996	303	34
148	1997	300	34
148	1998	291	34
148	1999	304	34
148	2000	306	34
148	2001	310	34
148	2002	309	34
148	2003	295	34
148	2004	298	34
148	2005	300	34
148	2006	313	34
148	2007	299	34
148	2008	296	34
148	2009	299	34
148	2010	297	34
148	2011	295	34
148	2012	311	34
148	2013	288	34
148	2014	286	34
148	2015	285	34
152	1979	298	37
152	1980	310	37
152	1981	303	37
152	1982	298	37
152	1983	312	37
152	1984	309	37
152	1985	266	37
152	1986	293	37
152	1987	307	37
152	1988	290	37
152	1989	294	37
152	1990	276	37
152	1991	317	37
152	1992	295	37
152	1993	279	37
152	1994	284	37
152	1995	281	37
152	1996	276	37
152	1997	307	37
152	1998	292	37
152	1999	287	37
152	2000	277	37
152	2001	301	37
152	2002	280	37
152	2003	287	37
152	2004	279	37
152	2005	299	37
152	2006	296	37
152	2007	289	37
152	2008	285	37
152	2009	292	37
152	2010	295	37
152	2011	291	37
152	2012	314	37
152	2013	300	37
152	2014	304	37
152	2015	310	37
157	1979	305	23
157	1980	296	23
157	1981	288	23
157	1982	293	23
157	1983	298	23
157	1986	286	23
157	1987	294	23
157	1988	290	23
157	1989	285	23
157	1990	291	23
157	1991	298	23
157	1992	296	23
157	1993	288	23
157	1994	283	23
157	1995	288	23
157	1996	288	23
157	1997	287	23
157	1998	294	23
157	1999	302	23
157	2000	291	23
157	2001	257	23
157	2002	271	23
157	2003	296	23
162	1979	287	19
162	1980	289	19
162	1981	292	19
162	1982	281	19
162	1983	288	19
162	1984	292	19
162	1985	300	19
162	1986	292	19
162	1987	299	19
162	1988	289	19
162	1989	286	19
162	1990	284	19
162	1991	290	19
162	1992	285	19
162	1993	288	19
162	1994	290	19
162	1995	302	19
162	1996	291	19
162	1997	287	19
164	1979	292	37
164	1980	294	37
164	1981	296	37
164	1982	288	37
164	1983	285	37
164	1984	295	37
164	1985	298	37
164	1986	274	37
164	1987	284	37
164	1988	278	37
164	1989	272	37
164	1990	282	37
164	1991	293	37
164	1992	278	37
164	1993	285	37
164	1994	291	37
164	1995	293	37
164	1996	287	37
164	1997	289	37
164	1998	285	37
164	1999	289	37
164	2000	285	37
164	2001	285	37
164	2002	283	37
164	2003	279	37
164	2004	285	37
164	2005	287	37
164	2006	293	37
164	2007	293	37
164	2008	295	37
164	2009	296	37
164	2010	306	37
164	2011	300	37
164	2012	317	37
164	2013	297	37
164	2014	303	37
164	2015	304	37
167	1979	265	21
167	1980	271	21
167	1981	261	21
167	1982	260	21
167	1983	271	21
167	1984	316	21
167	1985	291	21
167	1986	281	21
167	1987	295	21
167	1988	288	21
167	1989	301	21
167	1990	292	21
167	1991	291	21
167	1992	288	21
167	1993	281	21
167	1994	266	21
167	1995	298	21
167	1996	299	21
167	1997	303	21
167	1999	276	21
167	2000	303	21
174	1983	301	18
174	1984	298	18
174	1985	299	18
174	1986	278	18
174	1987	287	18
174	1988	276	18
174	1989	280	18
174	1990	274	18
174	1991	300	18
174	1992	293	18
174	1993	284	18
174	1994	270	18
174	1995	302	18
174	1996	279	18
174	1997	288	18
174	1998	286	18
174	1999	280	18
174	2000	274	18
178	1991	301	25
178	1992	292	25
178	1993	285	25
178	1994	287	25
178	1995	294	25
178	1996	296	25
178	1997	292	25
178	1998	290	25
178	1999	298	25
178	2000	300	25
178	2001	302	25
178	2002	296	25
178	2003	289	25
178	2004	297	25
178	2005	294	25
178	2006	298	25
178	2007	299	25
178	2008	290	25
178	2009	291	25
178	2010	296	25
178	2011	298	25
178	2012	321	25
178	2013	297	25
178	2014	299	25
178	2015	306	25
184	1979	260	30
184	1980	315	30
184	1984	294	30
184	1985	304	30
184	1986	282	30
184	1987	261	30
184	1988	296	30
184	1989	300	30
184	1990	290	30
184	1992	302	30
184	1993	283	30
184	1997	299	30
184	1998	274	30
184	1999	299	30
184	2000	275	30
184	2001	283	30
184	2002	263	30
184	2003	267	30
184	2004	272	30
184	2005	288	30
184	2006	287	30
184	2007	267	30
184	2008	263	30
184	2009	275	30
184	2010	271	30
184	2011	283	30
184	2012	293	30
184	2013	269	30
184	2014	281	30
184	2015	283	30
186	1979	259	24
186	1980	263	24
186	1981	262	24
186	1982	263	24
186	1983	261	24
186	1984	270	24
186	1985	260	24
186	1986	264	24
186	1987	287	24
186	1988	288	24
186	1989	290	24
186	1990	286	24
186	1991	290	24
186	1992	275	24
186	1993	280	24
186	1995	287	24
186	1996	291	24
186	1997	298	24
186	1998	287	24
186	1999	287	24
186	2000	288	24
186	2001	293	24
186	2002	298	24
186	2003	287	24
188	1979	282	36
188	1980	279	36
188	1981	275	36
188	1982	280	36
188	1983	283	36
188	1984	285	36
188	1985	288	36
188	1986	290	36
188	1987	292	36
188	1988	289	36
188	1989	278	36
188	1990	267	36
188	1991	270	36
188	1992	273	36
188	1993	271	36
188	1994	273	36
188	1995	275	36
188	1996	279	36
188	1997	279	36
188	1998	276	36
188	1999	283	36
188	2000	293	36
188	2001	295	36
188	2002	293	36
188	2003	295	36
188	2004	294	36
188	2005	291	36
188	2006	298	36
188	2007	286	36
188	2008	293	36
188	2009	303	36
188	2010	301	36
188	2012	310	36
188	2013	294	36
188	2014	279	36
188	2015	291	36
191	1979	273	21
191	1980	288	21
191	1981	292	21
191	1982	296	21
191	1983	283	21
191	1984	283	21
191	1985	289	21
191	1986	266	21
191	1987	292	21
191	1988	298	21
191	1989	285	21
191	1990	276	21
191	1991	299	21
191	1992	289	21
191	1993	279	21
191	1994	273	21
191	1995	289	21
191	1996	279	21
191	1997	278	21
191	1998	288	21
191	1999	280	21
194	1979	295	20
194	1980	295	20
194	1981	298	20
194	1982	303	20
194	1983	301	20
194	1984	300	20
194	1985	308	20
194	1986	290	20
194	1987	304	20
194	1988	297	20
194	1989	295	20
194	1990	304	20
194	1991	310	20
194	1992	301	20
194	1994	294	20
194	1995	310	20
194	1996	301	20
194	1997	304	20
194	1998	293	20
194	1999	302	20
195	1979	290	16
195	1980	278	16
195	1981	290	16
195	1982	289	16
195	1983	297	16
195	1984	306	16
195	1985	300	16
195	1986	294	16
195	1987	285	16
195	1988	285	16
195	1989	310	16
195	1990	280	16
195	1991	306	16
195	1992	292	16
195	1993	281	16
195	1994	287	16
199	1979	268	37
199	1980	265	37
199	1981	262	37
199	1982	270	37
199	1983	291	37
199	1984	283	37
199	1985	270	37
199	1986	293	37
199	1987	284	37
199	1988	296	37
199	1989	274	37
199	1990	272	37
199	1991	298	37
199	1992	289	37
199	1993	283	37
199	1994	287	37
199	1995	308	37
199	1996	294	37
199	1997	296	37
199	1998	298	37
199	1999	302	37
199	2000	294	37
199	2001	295	37
199	2002	304	37
199	2003	297	37
199	2004	302	37
199	2005	318	37
199	2006	312	37
199	2007	293	37
199	2008	300	37
199	2009	289	37
199	2010	300	37
199	2011	296	37
199	2012	313	37
199	2013	291	37
199	2014	297	37
199	2015	299	37
202	1979	301	29
202	1980	296	29
202	1981	300	29
202	1982	299	29
202	1983	301	29
202	1984	298	29
202	1985	307	29
202	1986	285	29
202	1987	309	29
202	1988	291	29
202	1989	283	29
202	1990	280	29
202	1991	293	29
202	1992	303	29
202	1993	277	29
202	1994	268	29
202	1995	309	29
202	1998	293	29
202	1999	299	29
202	2000	288	29
202	2007	286	29
202	2008	296	29
202	2009	269	29
202	2010	297	29
202	2011	291	29
202	2012	312	29
202	2013	285	29
202	2014	291	29
202	2015	295	29
208	1979	267	21
208	1980	271	21
208	1981	269	21
208	1982	268	21
208	1983	259	21
208	1984	263	21
208	1985	274	21
208	1986	276	21
208	1987	287	21
208	1988	274	21
208	1989	285	21
208	1990	275	21
208	1991	279	21
208	1992	269	21
208	1993	300	21
208	1994	291	21
208	1995	285	21
208	1996	305	21
208	1997	310	21
208	1998	287	21
208	1999	301	21
213	1979	280	36
213	1980	310	36
213	1981	302	36
213	1982	256	36
213	1983	300	36
213	1984	295	36
213	1985	295	36
213	1986	282	36
213	1987	305	36
213	1988	288	36
213	1989	290	36
213	1990	288	36
213	1991	293	36
213	1992	293	36
213	1993	282	36
213	1994	291	36
213	1995	288	36
213	1997	282	36
213	1998	285	36
213	1999	288	36
213	2000	281	36
213	2001	288	36
213	2002	288	36
213	2003	275	36
213	2004	288	36
213	2005	299	36
213	2006	291	36
213	2007	292	36
213	2008	293	36
213	2009	296	36
213	2010	289	36
213	2011	297	36
213	2012	295	36
213	2013	293	36
213	2014	288	36
213	2015	292	36
217	1979	291	20
217	1980	300	20
217	1981	292	20
217	1982	288	20
217	1983	283	20
217	1984	288	20
217	1985	300	20
217	1986	294	20
217	1987	293	20
217	1988	291	20
217	1989	288	20
217	1990	291	20
217	1991	310	20
217	1992	295	20
217	1993	290	20
217	1994	291	20
217	1995	293	20
217	1996	291	20
217	1997	286	20
217	1998	284	20
218	1982	290	21
218	1983	305	21
218	1984	309	21
218	1985	273	21
218	1986	264	21
218	1987	288	21
218	1988	283	21
218	1989	274	21
218	1990	276	21
218	1991	303	21
218	1992	287	21
218	1993	291	21
218	1994	298	21
218	1995	287	21
218	1996	298	21
218	1997	283	21
218	1998	285	21
218	1999	282	21
218	2000	295	21
218	2001	305	21
218	2002	101	21
221	1979	270	21
221	1980	266	21
221	1981	270	21
221	1982	280	21
221	1983	269	21
221	1984	265	21
221	1985	266	21
221	1986	273	21
221	1987	270	21
221	1988	265	21
221	1989	270	21
221	1990	268	21
221	1991	270	21
221	1992	298	21
221	1993	278	21
221	1994	283	21
221	1995	281	21
221	1996	291	21
221	1997	301	21
221	1998	293	21
221	1999	284	21
223	1979	280	36
223	1980	254	36
223	1982	313	36
223	1983	280	36
223	1984	289	36
223	1985	290	36
223	1986	271	36
223	1987	278	36
223	1988	276	36
223	1989	272	36
223	1990	269	36
223	1991	283	36
223	1992	277	36
223	1993	268	36
223	1994	288	36
223	1995	283	36
223	1996	293	36
223	1997	295	36
223	1998	286	36
223	1999	301	36
223	2000	296	36
223	2001	302	36
223	2002	287	36
223	2003	282	36
223	2004	286	36
223	2005	291	36
223	2006	295	36
223	2007	276	36
223	2008	282	36
223	2009	289	36
223	2010	292	36
223	2011	290	36
223	2012	298	36
223	2013	285	36
223	2014	290	36
223	2015	295	36
232	1980	288	35
232	1981	295	35
232	1982	292	35
232	1983	295	35
232	1984	308	35
232	1985	305	35
232	1986	300	35
232	1987	310	35
232	1988	304	35
232	1989	310	35
232	1990	300	35
232	1991	293	35
232	1992	305	35
232	1993	303	35
232	1994	302	35
232	1995	307	35
232	1996	310	35
232	1997	304	35
232	1998	306	35
232	1999	305	35
232	2000	306	35
232	2001	300	35
232	2002	302	35
232	2003	307	35
232	2004	309	35
232	2005	308	35
232	2006	314	35
232	2007	301	35
232	2008	302	35
232	2009	300	35
232	2011	305	35
232	2012	317	35
232	2013	307	35
232	2014	303	35
232	2015	306	35
236	1979	304	21
236	1980	300	21
236	1981	303	21
236	1982	312	21
236	1983	300	21
236	1984	291	21
236	1985	297	21
236	1986	290	21
236	1987	292	21
236	1988	284	21
236	1989	286	21
236	1990	290	21
236	1991	301	21
236	1992	295	21
236	1993	293	21
236	1994	293	21
236	1995	299	21
236	1996	294	21
236	1997	295	21
236	1998	297	21
236	1999	296	21
238	1979	286	27
238	1980	301	27
238	1982	301	27
238	1983	298	27
238	1984	284	27
238	1985	283	27
238	1988	279	27
238	1990	271	27
238	1993	297	27
238	1994	280	27
238	1995	298	27
238	1996	295	27
238	1997	301	27
238	1998	279	27
238	1999	299	27
238	2001	290	27
238	2002	292	27
238	2003	286	27
238	2004	297	27
238	2008	262	27
238	2009	264	27
238	2010	287	27
238	2011	274	27
238	2012	294	27
238	2013	294	27
238	2014	283	27
238	2015	272	27
239	1980	304	18
239	1986	289	18
239	1990	304	18
239	1991	310	18
239	1992	293	18
239	1993	299	18
239	1994	297	18
239	1995	302	18
239	1996	297	18
239	1997	301	18
239	1998	295	18
239	1999	300	18
239	2000	309	18
239	2001	309	18
239	2002	298	18
239	2003	293	18
239	2004	294	18
239	2005	303	18
240	1979	290	29
240	1980	296	29
240	1981	290	29
240	1985	279	29
240	1988	256	29
240	1989	294	29
240	1991	281	29
240	1992	298	29
240	1993	288	29
240	1994	289	29
240	1995	280	29
240	1996	296	29
240	1998	270	29
240	1999	299	29
240	2000	297	29
240	2001	278	29
240	2002	299	29
240	2003	287	29
240	2004	290	29
240	2005	281	29
240	2006	303	29
240	2007	293	29
240	2008	295	29
240	2009	278	29
240	2010	292	29
240	2012	303	29
240	2013	296	29
240	2014	297	29
240	2015	296	29
241	1979	285	17
241	1980	310	17
241	1981	275	17
241	1982	285	17
241	1983	276	17
241	1984	276	17
241	1985	274	17
241	1986	275	17
241	1987	310	17
241	1988	280	17
241	1989	264	17
241	1990	290	17
241	1991	290	17
241	1992	268	17
241	1993	284	17
241	1994	262	17
241	1995	273	17
244	1979	272	33
244	1980	266	33
244	1981	273	33
244	1982	275	33
244	1983	271	33
244	1984	277	33
244	1985	279	33
244	1986	273	33
244	1987	280	33
244	1988	275	33
244	1989	279	33
244	1990	285	33
244	1991	283	33
244	1992	281	33
244	1993	285	33
244	1994	285	33
244	1995	290	33
244	1996	301	33
244	1998	276	33
244	1999	270	33
244	2000	294	33
244	2001	296	33
244	2002	302	33
244	2003	288	33
244	2004	303	33
244	2005	295	33
244	2006	300	33
244	2007	295	33
244	2008	300	33
244	2009	296	33
244	2010	298	33
244	2012	321	33
244	2013	271	33
252	1979	290	27
252	1980	307	27
252	1984	301	27
252	1985	295	27
252	1989	291	27
252	1991	305	27
252	1992	299	27
252	1993	291	27
252	1994	296	27
252	1995	303	27
252	1996	301	27
252	1997	289	27
252	1998	301	27
252	1999	301	27
252	2000	308	27
252	2001	313	27
252	2002	307	27
252	2003	310	27
252	2004	289	27
252	2005	306	27
252	2006	316	27
252	2007	295	27
252	2008	299	27
252	2009	306	27
252	2010	300	27
252	2011	307	27
252	2012	325	27
254	1979	294	17
254	1980	283	17
254	1981	288	17
254	1982	277	17
254	1983	290	17
254	1984	302	17
254	1985	295	17
254	1986	288	17
254	1987	297	17
254	1988	288	17
254	1989	285	17
254	1990	295	17
254	1991	301	17
254	1992	278	17
254	1993	282	17
254	1994	293	17
254	1995	287	17
258	1979	302	20
258	1980	283	20
258	1981	291	20
258	1982	286	20
258	1983	291	20
258	1984	289	20
258	1985	293	20
258	1986	289	20
258	1987	288	20
258	1988	282	20
258	1991	289	20
258	1992	300	20
258	1993	289	20
258	1994	287	20
258	1995	288	20
258	1996	295	20
258	1997	295	20
258	1999	294	20
258	2000	271	20
258	2001	293	20
259	1979	298	19
259	1980	293	19
259	1981	294	19
259	1982	276	19
259	1983	305	19
259	1984	290	19
259	1985	298	19
259	1987	300	19
259	1988	291	19
259	1991	292	19
259	1992	287	19
259	1993	275	19
259	1994	283	19
259	1995	292	19
259	1996	293	19
259	1997	293	19
259	1998	283	19
259	1999	291	19
259	2000	290	19
260	1987	282	16
260	1988	263	16
260	1989	244	16
260	1990	288	16
260	1991	267	16
260	1992	256	16
260	1993	268	16
260	1994	281	16
260	1996	293	16
260	1997	274	16
260	1998	268	16
260	1999	284	16
260	2000	273	16
260	2001	271	16
260	2002	282	16
260	2003	291	16
263	1979	280	32
263	1980	293	32
263	1981	285	32
263	1982	287	32
263	1983	295	32
263	1984	295	32
263	1985	293	32
263	1986	276	32
263	1987	296	32
263	1988	284	32
263	1989	287	32
263	1992	300	32
263	1993	294	32
263	1995	290	32
263	1997	293	32
263	1998	330	32
263	1999	303	32
263	2000	301	32
263	2001	287	32
263	2002	285	32
263	2004	279	32
263	2005	292	32
263	2006	292	32
263	2007	267	32
263	2008	277	32
263	2009	293	32
263	2010	295	32
263	2011	282	32
263	2012	312	32
263	2013	291	32
263	2014	299	32
263	2015	295	32
265	1979	291	29
265	1980	277	29
265	1981	284	29
265	1982	288	29
265	1983	291	29
265	1984	290	29
265	1985	303	29
265	1986	303	29
265	1987	283	29
265	1988	299	29
265	1989	290	29
265	1990	290	29
265	1991	306	29
265	1992	271	29
265	1993	271	29
265	1994	288	29
265	1995	306	29
265	1996	292	29
265	1997	306	29
265	1998	301	29
265	1999	301	29
265	2000	302	29
265	2001	303	29
265	2002	288	29
265	2003	275	29
265	2004	288	29
265	2006	303	29
265	2007	276	29
265	2008	276	29
269	1979	302	16
269	1980	309	16
269	1981	311	16
269	1982	306	16
269	1983	305	16
269	1984	304	16
269	1985	294	16
269	1986	288	16
269	1987	293	16
269	1988	290	16
269	1989	305	16
269	1990	268	16
269	1991	282	16
269	1992	281	16
269	1993	285	16
269	1994	293	16
274	1990	288	25
274	1992	293	25
274	1993	295	25
274	1994	288	25
274	1995	299	25
274	1996	291	25
274	1997	301	25
274	1998	293	25
274	1999	297	25
274	2000	295	25
274	2001	307	25
274	2002	315	25
274	2003	299	25
274	2004	296	25
274	2005	299	25
274	2006	310	25
274	2007	289	25
274	2008	291	25
274	2009	297	25
274	2010	294	25
274	2011	303	25
274	2012	306	25
274	2013	291	25
274	2014	304	25
274	2015	294	25
276	1979	283	34
276	1980	286	34
276	1981	283	34
276	1982	287	34
276	1983	278	34
276	1984	295	34
276	1985	300	34
276	1986	279	34
276	1987	288	34
276	1988	287	34
276	1989	291	34
276	1990	283	34
276	1991	311	34
276	1993	281	34
276	1994	272	34
276	1995	276	34
276	1996	280	34
276	1997	288	34
276	1998	288	34
276	1999	290	34
276	2000	293	34
276	2001	297	34
276	2002	299	34
276	2003	278	34
276	2004	290	34
276	2005	285	34
276	2006	283	34
276	2007	288	34
276	2008	267	34
276	2009	278	34
276	2010	297	34
276	2011	292	34
276	2012	288	34
276	2013	272	34
280	1979	284	32
280	1981	290	32
280	1983	296	32
280	1984	282	32
280	1985	286	32
280	1986	276	32
280	1987	283	32
280	1988	282	32
280	1989	284	32
280	1990	275	32
280	1991	297	32
280	1992	274	32
280	1993	263	32
280	1994	282	32
280	1995	279	32
280	1996	278	32
280	1997	290	32
280	1998	295	32
280	1999	275	32
280	2000	296	32
280	2001	282	32
280	2002	291	32
280	2003	286	32
280	2004	273	32
280	2005	295	32
280	2006	293	32
280	2007	276	32
280	2008	283	32
280	2009	282	32
280	2010	293	32
280	2011	281	32
280	2012	300	32
283	1979	282	16
283	1980	280	16
283	1981	286	16
283	1982	254	16
283	1983	281	16
283	1984	282	16
283	1985	282	16
283	1986	270	16
283	1987	280	16
283	1988	269	16
283	1989	275	16
283	1990	270	16
283	1991	303	16
283	1992	276	16
283	1993	268	16
283	2014	293	16
291	1979	286	37
291	1980	290	37
291	1981	301	37
291	1982	295	37
291	1983	297	37
291	1984	293	37
291	1985	310	37
291	1986	298	37
291	1987	299	37
291	1988	301	37
291	1989	290	37
291	1990	304	37
291	1991	304	37
291	1992	297	37
291	1993	285	37
291	1994	290	37
291	1995	296	37
291	1996	301	37
291	1997	303	37
291	1998	297	37
291	1999	298	37
291	2000	289	37
291	2001	301	37
291	2002	295	37
291	2003	296	37
291	2004	291	37
291	2005	284	37
291	2006	303	37
291	2007	285	37
291	2008	297	37
291	2009	300	37
291	2010	301	37
291	2011	301	37
291	2012	315	37
291	2013	299	37
291	2014	300	37
291	2015	309	37
300	1979	289	28
300	1980	302	28
300	1981	290	28
300	1982	295	28
300	1983	302	28
300	1984	304	28
300	1985	293	28
300	1986	291	28
300	1987	306	28
300	1988	301	28
300	1989	288	28
300	1990	301	28
300	1991	304	28
300	1992	295	28
300	1993	283	28
300	1994	293	28
300	1995	280	28
300	1996	289	28
300	1999	294	28
300	2000	293	28
300	2001	321	28
300	2002	304	28
300	2003	287	28
300	2004	290	28
300	2005	285	28
300	2006	296	28
300	2007	286	28
300	2008	290	28
303	1979	287	36
303	1980	274	36
303	1981	290	36
303	1982	283	36
303	1984	288	36
303	1985	275	36
303	1986	280	36
303	1987	290	36
303	1988	285	36
303	1989	271	36
303	1990	299	36
303	1991	272	36
303	1992	273	36
303	1993	271	36
303	1994	274	36
303	1995	267	36
303	1996	267	36
303	1997	288	36
303	1998	251	36
303	1999	255	36
303	2000	260	36
303	2001	276	36
303	2002	266	36
303	2003	282	36
303	2004	290	36
303	2005	272	36
303	2006	293	36
303	2007	258	36
303	2008	272	36
303	2009	269	36
303	2010	285	36
303	2011	269	36
303	2012	297	36
303	2013	280	36
303	2014	291	36
303	2015	281	36
304	1979	295	37
304	1980	302	37
304	1981	306	37
304	1982	294	37
304	1983	296	37
304	1984	304	37
304	1985	300	37
304	1986	278	37
304	1987	291	37
304	1988	289	37
304	1989	296	37
304	1990	294	37
304	1991	286	37
304	1992	284	37
304	1993	290	37
304	1994	289	37
304	1995	302	37
304	1996	284	37
304	1997	299	37
304	1998	287	37
304	1999	299	37
304	2000	295	37
304	2001	300	37
304	2002	292	37
304	2003	294	37
304	2004	297	37
304	2005	299	37
304	2006	301	37
304	2007	292	37
304	2008	296	37
304	2009	297	37
304	2010	296	37
304	2011	296	37
304	2012	318	37
304	2013	296	37
304	2014	308	37
304	2015	295	37
307	1979	280	24
307	1980	290	24
307	1981	290	24
307	1982	292	24
307	1983	286	24
307	1984	286	24
307	1985	292	24
307	1987	275	24
307	1988	280	24
307	1989	292	24
307	1990	289	24
307	1991	292	24
307	1993	272	24
307	1994	279	24
307	1995	289	24
307	1996	281	24
307	1997	292	24
307	1998	272	24
307	1999	286	24
307	2000	274	24
307	2001	277	24
307	2002	273	24
307	2003	276	24
307	2004	280	24
308	1989	269	25
308	1990	262	25
308	1993	286	25
308	1994	289	25
308	1995	300	25
308	1996	297	25
308	1997	300	25
308	1998	296	25
308	1999	312	25
308	2000	307	25
308	2001	311	25
308	2002	305	25
308	2003	290	25
308	2004	301	25
308	2005	304	25
308	2006	309	25
308	2007	303	25
308	2008	303	25
308	2009	298	25
308	2010	295	25
308	2011	284	25
308	2012	302	25
308	2013	303	25
308	2014	305	25
308	2015	307	25
309	1979	280	16
309	1980	273	16
309	1981	278	16
309	1982	273	16
309	1983	282	16
309	1984	278	16
309	1985	276	16
309	1986	274	16
309	1987	276	16
309	1988	267	16
309	1989	266	16
309	1990	285	16
309	1991	283	16
309	1992	287	16
309	1993	280	16
309	1994	280	16
312	1987	276	15
312	1988	260	15
312	1995	309	15
312	1999	319	15
312	2001	255	15
312	2006	291	15
312	2007	277	15
312	2008	278	15
312	2009	287	15
312	2010	288	15
312	2011	275	15
312	2012	325	15
312	2013	286	15
312	2014	258	15
312	2015	287	15
316	1979	291	22
316	1980	288	22
316	1981	265	22
316	1982	279	22
316	1983	272	22
316	1984	276	22
316	1985	269	22
316	1986	268	22
316	1987	277	22
316	1988	262	22
316	1989	251	22
316	1990	265	22
316	1991	283	22
316	1992	255	22
316	1993	256	22
316	1994	260	22
316	1995	264	22
316	1996	271	22
316	1997	255	22
316	1998	262	22
316	1999	258	22
316	2000	272	22
317	1979	294	32
317	1980	295	32
317	1981	295	32
317	1986	266	32
317	1987	300	32
317	1989	251	32
317	1990	260	32
317	1991	287	32
317	1992	265	32
317	1993	283	32
317	1994	288	32
317	1995	287	32
317	1996	288	32
317	1997	277	32
317	1998	284	32
317	1999	295	32
317	2000	277	32
317	2001	283	32
317	2002	299	32
317	2003	285	32
317	2004	293	32
317	2005	303	32
317	2006	291	32
317	2007	288	32
317	2008	286	32
317	2009	294	32
317	2010	291	32
317	2011	276	32
317	2012	294	32
317	2013	288	32
317	2014	273	32
317	2015	298	32
320	1984	287	32
320	1985	290	32
320	1986	268	32
320	1987	291	32
320	1988	282	32
320	1989	288	32
320	1990	283	32
320	1991	303	32
320	1992	278	32
320	1993	284	32
320	1994	296	32
320	1995	295	32
320	1996	299	32
320	1997	309	32
320	1998	292	32
320	1999	299	32
320	2000	293	32
320	2001	302	32
320	2002	290	32
320	2003	283	32
320	2004	298	32
320	2005	296	32
320	2006	297	32
320	2007	292	32
320	2008	299	32
320	2009	285	32
320	2010	293	32
320	2011	289	32
320	2012	321	32
320	2013	294	32
320	2014	287	32
320	2015	300	32
325	1979	283	17
325	1980	302	17
325	1981	300	17
325	1982	292	17
325	1983	280	17
325	1984	288	17
325	1985	303	17
325	1986	276	17
325	1987	290	17
325	1988	278	17
325	1989	289	17
325	1990	271	17
325	1991	287	17
325	1992	289	17
325	1993	271	17
325	1997	290	17
325	1998	293	17
327	1979	291	27
327	1980	291	27
327	1981	303	27
327	1982	296	27
327	1983	302	27
327	1984	300	27
327	1985	319	27
327	1986	316	27
327	1987	290	27
327	1994	293	27
327	1995	299	27
327	1998	297	27
327	1999	307	27
327	2000	300	27
327	2001	309	27
327	2002	303	27
327	2003	300	27
327	2004	304	27
327	2005	310	27
327	2006	304	27
327	2007	291	27
327	2008	308	27
327	2009	304	27
327	2010	302	27
327	2011	290	27
327	2012	321	27
327	2013	303	27
332	1979	289	18
332	1980	282	18
332	1981	290	18
332	1986	290	18
332	1987	292	18
332	1988	290	18
332	1989	290	18
332	1990	288	18
332	1991	296	18
332	1992	295	18
332	1993	292	18
332	1994	291	18
332	1995	297	18
332	1996	293	18
332	1997	292	18
332	1998	295	18
332	1999	296	18
332	2000	293	18
334	1981	300	17
334	1982	303	17
334	1983	305	17
334	1984	298	17
334	1985	306	17
334	1986	288	17
334	1987	296	17
334	1988	317	17
334	1989	296	17
334	1991	293	17
334	1992	284	17
334	1993	286	17
334	1994	291	17
334	1995	293	17
334	1996	291	17
334	1997	286	17
334	1998	273	17
336	1979	271	30
336	1980	314	30
336	1981	304	30
336	1982	309	30
336	1983	281	30
336	1984	280	30
336	1985	303	30
336	1986	283	30
336	1987	306	30
336	1988	309	30
336	1989	322	30
336	1990	303	30
336	1991	285	30
336	1992	278	30
336	1993	293	30
336	1994	282	30
336	1995	303	30
336	1996	301	30
336	1997	287	30
336	1998	316	30
336	1999	310	30
336	2000	317	30
336	2001	327	30
336	2002	269	30
336	2003	311	30
336	2004	317	30
336	2005	329	30
336	2006	331	30
336	2007	299	30
336	2008	295	30
337	1979	270	36
337	1980	269	36
337	1981	266	36
337	1982	256	36
337	1983	272	36
337	1984	273	36
337	1985	259	36
337	1986	257	36
337	1987	276	36
337	1988	261	36
337	1989	276	36
337	1990	269	36
337	1991	274	36
337	1992	286	36
337	1993	275	36
337	1994	285	36
337	1995	279	36
337	1996	282	36
337	1997	285	36
337	1998	287	36
337	1999	287	36
337	2000	287	36
337	2001	289	36
337	2002	290	36
337	2003	273	36
337	2004	297	36
337	2006	297	36
337	2007	282	36
337	2008	272	36
337	2009	299	36
337	2010	291	36
337	2011	300	36
337	2012	301	36
337	2013	279	36
337	2014	292	36
337	2015	289	36
346	1992	303	22
346	1993	281	22
346	1994	270	22
346	1995	325	22
346	1996	298	22
346	1997	295	22
346	1998	292	22
346	1999	307	22
346	2000	296	22
346	2001	296	22
346	2002	305	22
346	2003	300	22
346	2004	309	22
346	2005	311	22
346	2006	311	22
346	2007	306	22
346	2008	308	22
346	2009	274	22
346	2010	309	22
346	2011	312	22
346	2012	319	22
346	2013	307	22
360	1980	293	28
360	1981	293	28
360	1982	298	28
360	1983	317	28
360	1984	290	28
360	1985	296	28
360	1986	270	28
360	1987	299	28
360	1988	316	28
360	1989	290	28
360	1990	299	28
360	1991	299	28
360	1992	295	28
360	1993	285	28
360	1994	286	28
360	1995	297	28
360	1996	282	28
360	1997	274	28
360	1998	287	28
360	1999	286	28
360	2000	297	28
360	2001	304	28
360	2002	282	28
360	2003	287	28
360	2004	294	28
360	2005	292	28
360	2006	298	28
360	2007	279	28
362	1979	293	37
362	1980	302	37
362	1981	299	37
362	1982	298	37
362	1983	287	37
362	1984	303	37
362	1985	308	37
362	1986	283	37
362	1987	303	37
362	1988	291	37
362	1989	297	37
362	1990	293	37
362	1991	299	37
362	1992	294	37
362	1993	290	37
362	1994	287	37
362	1995	296	37
362	1996	293	37
362	1997	279	37
362	1998	276	37
362	1999	271	37
362	2000	288	37
362	2001	275	37
362	2002	276	37
362	2003	282	37
362	2004	291	37
362	2005	279	37
362	2006	295	37
362	2007	297	37
362	2008	305	37
362	2009	304	37
362	2010	301	37
362	2011	304	37
362	2012	322	37
362	2013	300	37
362	2014	277	37
362	2015	306	37
364	1984	307	19
364	1996	290	19
364	1997	275	19
364	1998	281	19
364	1999	296	19
364	2000	259	19
364	2001	298	19
364	2002	292	19
364	2003	278	19
364	2004	303	19
364	2005	316	19
364	2006	307	19
364	2007	281	19
364	2008	281	19
364	2009	300	19
364	2010	301	19
364	2011	285	19
364	2012	315	19
364	2013	299	19
367	1979	293	26
367	1980	281	26
367	1981	283	26
367	1982	267	26
367	1983	269	26
367	1984	296	26
367	1985	295	26
367	1986	303	26
367	1987	285	26
367	1988	279	26
367	1989	269	26
367	1990	287	26
367	1991	286	26
367	1992	272	26
367	1993	274	26
367	1994	274	26
367	1996	273	26
367	1999	290	26
367	2002	283	26
367	2003	299	26
367	2004	288	26
367	2005	292	26
367	2006	298	26
367	2007	293	26
367	2008	295	26
367	2009	307	26
368	1979	286	15
368	1980	299	15
368	1981	298	15
368	1982	290	15
368	1983	303	15
368	1984	301	15
368	1985	307	15
368	1986	280	15
368	1987	301	15
368	1988	295	15
368	1989	286	15
368	1990	299	15
368	1991	291	15
368	1992	296	15
368	1993	277	15
370	1979	275	37
370	1980	276	37
370	1981	277	37
370	1982	280	37
370	1983	304	37
370	1984	294	37
370	1985	308	37
370	1986	292	37
370	1987	305	37
370	1988	293	37
370	1989	298	37
370	1990	304	37
370	1991	305	37
370	1992	301	37
370	1993	291	37
370	1994	293	37
370	1995	304	37
370	1996	297	37
370	1997	296	37
370	1998	289	37
370	1999	304	37
370	2000	292	37
370	2001	303	37
370	2002	294	37
370	2003	296	37
370	2004	299	37
370	2005	300	37
370	2006	303	37
370	2007	292	37
370	2008	288	37
370	2009	289	37
370	2010	286	37
370	2011	293	37
370	2012	281	37
370	2013	292	37
370	2014	283	37
370	2015	295	37
373	1979	279	31
373	1980	299	31
373	1981	286	31
373	1982	293	31
373	1983	282	31
373	1984	277	31
373	1985	291	31
373	1986	289	31
373	1987	285	31
373	1988	275	31
373	1989	291	31
373	1990	288	31
373	1991	298	31
373	1992	288	31
373	1993	290	31
373	1994	299	31
373	1995	320	31
373	1996	299	31
373	1997	307	31
373	1998	287	31
373	1999	305	31
373	2000	302	31
373	2001	315	31
373	2002	307	31
373	2003	312	31
373	2004	314	31
373	2005	306	31
373	2006	308	31
373	2007	304	31
373	2008	290	31
373	2009	295	31
377	1979	275	29
377	1980	295	29
377	1981	285	29
377	1982	290	29
377	1983	270	29
377	1984	290	29
377	1985	270	29
377	1986	262	29
377	1987	300	29
377	1988	255	29
377	1989	270	29
377	1990	275	29
377	1991	299	29
377	1992	277	29
377	1993	280	29
377	1994	273	29
377	1996	288	29
377	1997	298	29
377	1998	280	29
377	1999	276	29
377	2000	271	29
377	2001	285	29
377	2002	289	29
377	2003	284	29
377	2004	291	29
377	2005	287	29
377	2006	289	29
377	2007	285	29
377	2008	290	29
380	1979	283	21
380	1980	293	21
380	1981	293	21
380	1982	294	21
380	1983	285	21
380	1984	290	21
380	1985	285	21
380	1986	288	21
380	1987	310	21
380	1988	275	21
380	1989	290	21
380	1990	282	21
380	1991	296	21
380	1992	276	21
380	1993	283	21
380	1994	278	21
380	1995	293	21
380	1996	289	21
380	1997	271	21
380	1998	293	21
380	1999	293	21
381	1979	288	19
381	1980	292	19
381	1981	281	19
381	1982	285	19
381	1983	274	19
381	1984	289	19
381	1985	289	19
381	1986	287	19
381	1987	291	19
381	1988	287	19
381	1989	275	19
381	1992	288	19
381	1993	292	19
381	1994	280	19
381	1995	297	19
381	1996	293	19
381	1997	297	19
381	1998	291	19
381	1999	289	19
386	1979	287	37
386	1980	303	37
386	1981	309	37
386	1982	288	37
386	1983	305	37
386	1984	294	37
386	1985	315	37
386	1986	285	37
386	1987	292	37
386	1988	299	37
386	1989	301	37
386	1990	299	37
386	1991	311	37
386	1992	288	37
386	1993	284	37
386	1994	287	37
386	1995	309	37
386	1996	295	37
386	1997	277	37
386	1998	290	37
386	1999	289	37
386	2000	283	37
386	2001	309	37
386	2002	298	37
386	2003	294	37
386	2004	298	37
386	2005	298	37
386	2006	289	37
386	2007	289	37
386	2008	287	37
386	2009	290	37
386	2010	297	37
386	2011	297	37
386	2012	330	37
386	2013	299	37
386	2014	304	37
386	2015	296	37
388	1979	293	26
388	1980	303	26
388	1981	295	26
388	1982	294	26
388	1983	296	26
388	1984	307	26
388	1985	308	26
388	1986	287	26
388	1987	303	26
388	1989	295	26
388	1990	304	26
388	1991	301	26
388	1992	293	26
388	1993	283	26
388	1994	278	26
388	1995	293	26
388	1996	288	26
388	1997	291	26
388	1998	286	26
388	1999	301	26
388	2000	304	26
388	2001	297	26
388	2002	296	26
388	2003	299	26
388	2004	293	26
388	2005	297	26
395	1991	291	21
395	1992	293	21
395	1993	279	21
395	1994	291	21
395	1995	290	21
395	1996	295	21
395	1997	298	21
395	1998	291	21
395	1999	282	21
395	2000	327	21
395	2001	312	21
395	2002	293	21
395	2003	287	21
395	2004	293	21
395	2005	303	21
395	2006	301	21
395	2007	293	21
395	2008	274	21
395	2009	288	21
395	2010	273	21
395	2011	273	21
399	1979	270	18
399	1980	274	18
399	1981	278	18
399	1982	276	18
399	1983	277	18
399	1984	281	18
399	1985	303	18
399	1986	270	18
399	1987	281	18
399	1988	270	18
399	1989	271	18
399	1990	273	18
399	1991	286	18
399	1992	270	18
399	1993	279	18
399	1994	283	18
399	1995	291	18
399	1996	287	18
401	1987	285	27
401	1988	277	27
401	1991	288	27
401	1992	279	27
401	1993	274	27
401	1994	287	27
401	1995	275	27
401	1996	293	27
401	1997	293	27
401	1998	292	27
401	1999	291	27
401	2000	271	27
401	2001	270	27
401	2002	284	27
401	2003	270	27
401	2004	269	27
401	2005	293	27
401	2006	298	27
401	2007	270	27
401	2008	278	27
401	2009	274	27
401	2010	273	27
401	2011	272	27
401	2012	305	27
401	2013	304	27
401	2014	284	27
401	2015	279	27
402	1979	292	34
402	1980	305	34
402	1981	300	34
402	1982	300	34
402	1983	295	34
402	1984	301	34
402	1985	304	34
402	1986	281	34
402	1987	288	34
402	1988	288	34
402	1989	295	34
402	1990	292	34
402	1991	301	34
402	1992	287	34
402	1993	275	34
402	1994	290	34
402	1995	293	34
402	1996	281	34
402	1997	288	34
402	1998	288	34
402	1999	293	34
402	2000	293	34
402	2001	296	34
402	2002	292	34
402	2003	295	34
402	2004	290	34
402	2005	293	34
402	2006	289	34
402	2007	298	34
402	2008	281	34
402	2009	283	34
402	2010	302	34
402	2011	283	34
402	2012	302	34
405	1979	265	19
405	1980	283	19
405	1997	311	19
405	1998	299	19
405	1999	300	19
405	2000	297	19
405	2001	307	19
405	2003	304	19
405	2004	295	19
405	2005	304	19
405	2006	319	19
405	2007	293	19
405	2008	301	19
405	2009	304	19
405	2010	303	19
405	2011	303	19
405	2012	328	19
405	2013	283	19
405	2014	303	19
411	1979	315	34
411	1980	310	34
411	1981	302	34
411	1982	294	34
411	1983	283	34
411	1984	290	34
411	1985	298	34
411	1986	301	34
411	1987	320	34
411	1988	310	34
411	1989	301	34
411	1990	285	34
411	1992	288	34
411	1993	285	34
411	1994	273	34
411	1995	288	34
411	1996	294	34
411	1997	293	34
411	1998	302	34
411	1999	289	34
411	2000	285	34
411	2001	279	34
411	2002	274	34
411	2003	272	34
411	2004	275	34
411	2005	283	34
411	2006	274	34
411	2007	279	34
411	2008	274	34
411	2009	278	34
411	2010	272	34
411	2012	283	34
411	2013	268	34
411	2014	259	34
415	1994	296	22
415	1995	318	22
415	1996	303	22
415	1997	312	22
415	1998	304	22
415	1999	312	22
415	2000	309	22
415	2001	327	22
415	2002	306	22
415	2003	292	22
415	2004	309	22
415	2005	300	22
415	2006	295	22
415	2007	294	22
415	2008	310	22
415	2009	312	22
415	2010	302	22
415	2011	306	22
415	2012	316	22
415	2013	318	22
415	2014	310	22
415	2015	298	22
416	1979	287	16
416	1980	263	16
416	1982	275	16
416	1983	270	16
416	1984	280	16
416	1986	265	16
416	1987	290	16
416	1988	282	16
416	1989	270	16
416	1991	299	16
416	1992	288	16
416	1993	273	16
416	1994	274	16
416	1995	263	16
416	1996	283	16
416	1997	274	16
426	1979	285	26
426	1981	261	26
426	1982	272	26
426	1984	308	26
426	1985	323	26
426	1986	305	26
426	1990	315	26
426	1991	309	26
426	1992	283	26
426	1993	285	26
426	1995	293	26
426	1996	303	26
426	1997	288	26
426	1998	291	26
426	1999	295	26
426	2000	293	26
426	2001	298	26
426	2002	293	26
426	2003	285	26
426	2004	297	26
426	2005	298	26
426	2006	293	26
426	2007	297	26
426	2009	293	26
426	2010	271	26
426	2011	287	26
427	1979	293	36
427	1980	296	36
427	1981	295	36
427	1982	295	36
427	1983	287	36
427	1984	298	36
427	1985	293	36
427	1986	283	36
427	1987	301	36
427	1988	282	36
427	1989	289	36
427	1990	291	36
427	1991	292	36
427	1992	287	36
427	1993	288	36
427	1994	291	36
427	1995	283	36
427	1996	289	36
427	1997	276	36
427	1998	278	36
427	1999	289	36
427	2000	287	36
427	2001	303	36
427	2002	268	36
427	2003	289	36
427	2004	294	36
427	2005	297	36
427	2006	301	36
427	2007	290	36
427	2008	275	36
427	2009	292	36
427	2010	290	36
427	2012	291	36
427	2013	281	36
427	2014	276	36
427	2015	277	36
431	1979	284	16
431	1980	288	16
431	1981	293	16
431	1982	300	16
431	1983	291	16
431	1984	299	16
431	1985	295	16
431	1986	283	16
431	1987	291	16
431	1988	285	16
431	1989	294	16
431	1990	287	16
431	1991	310	16
431	1992	278	16
431	1993	279	16
431	1994	281	16
435	1980	297	35
435	1981	308	35
435	1982	305	35
435	1983	299	35
435	1984	303	35
435	1985	303	35
435	1986	285	35
435	1987	291	35
435	1988	293	35
435	1989	292	35
435	1990	279	35
435	1991	299	35
435	1993	261	35
435	1994	265	35
435	1995	303	35
435	1996	295	35
435	1997	307	35
435	1998	295	35
435	1999	305	35
435	2000	308	35
435	2001	314	35
435	2002	299	35
435	2003	299	35
435	2004	292	35
435	2005	334	35
435	2006	310	35
435	2007	303	35
435	2008	287	35
435	2009	297	35
435	2010	295	35
435	2011	311	35
435	2012	298	35
435	2013	288	35
435	2014	286	35
435	2015	292	35
440	1979	311	37
440	1980	307	37
440	1981	303	37
440	1982	310	37
440	1983	309	37
440	1984	309	37
440	1985	312	37
440	1986	301	37
440	1987	310	37
440	1988	297	37
440	1989	297	37
440	1990	300	37
440	1991	310	37
440	1992	300	37
440	1993	298	37
440	1994	295	37
440	1995	305	37
440	1996	297	37
440	1997	294	37
440	1998	294	37
440	1999	301	37
440	2000	301	37
440	2001	306	37
440	2002	299	37
440	2003	302	37
440	2004	300	37
440	2005	300	37
440	2006	315	37
440	2007	300	37
440	2008	301	37
440	2009	301	37
440	2010	305	37
440	2011	307	37
440	2012	324	37
440	2013	315	37
440	2014	307	37
440	2015	308	37
441	1979	245	21
441	1980	297	21
441	1981	266	21
441	1982	275	21
441	1983	268	21
441	1984	291	21
441	1985	288	21
441	1986	254	21
441	1988	292	21
441	1989	279	21
441	1990	288	21
441	1991	290	21
441	1992	287	21
441	1993	263	21
441	1994	274	21
441	1995	294	21
441	1996	277	21
441	1997	270	21
441	1998	273	21
441	1999	284	21
441	2000	284	21
442	1979	326	22
442	1980	325	22
442	1981	318	22
442	1982	323	22
442	1983	320	22
442	1984	321	22
442	1985	332	22
442	1986	310	22
442	1987	314	22
442	1988	310	22
442	1989	312	22
442	1990	312	22
442	1991	305	22
442	1992	305	22
442	1993	306	22
442	1994	301	22
442	1995	302	22
442	1996	298	22
442	1997	305	22
442	1998	309	22
442	1999	311	22
442	2000	305	22
444	1979	288	24
444	1980	276	24
444	1981	282	24
444	1982	283	24
444	1983	284	24
444	1984	290	24
444	1985	288	24
444	1986	272	24
444	1987	282	24
444	1988	277	24
444	1989	264	24
444	1990	278	24
444	1991	300	24
444	1992	293	24
444	1993	281	24
444	1994	285	24
444	1995	302	24
444	1996	289	24
444	1997	290	24
444	1998	291	24
444	1999	295	24
444	2000	287	24
444	2001	301	24
444	2002	291	24
447	1979	278	35
447	1980	289	35
447	1981	270	35
447	1982	252	35
447	1983	270	35
447	1984	270	35
447	1985	272	35
447	1986	282	35
447	1987	302	35
447	1988	280	35
447	1989	293	35
447	1990	285	35
447	1991	282	35
447	1993	290	35
447	1994	271	35
447	1995	310	35
447	1996	291	35
447	1997	291	35
447	1998	306	35
447	1999	295	35
447	2000	306	35
447	2001	293	35
447	2002	291	35
447	2003	291	35
447	2004	288	35
447	2005	278	35
447	2006	264	35
447	2007	263	35
447	2009	270	35
447	2010	301	35
447	2011	301	35
447	2012	305	35
447	2013	313	35
447	2014	304	35
447	2015	303	35
450	1979	296	36
450	1980	293	36
450	1981	299	36
450	1982	288	36
450	1983	286	36
450	1984	294	36
450	1985	292	36
450	1986	281	36
450	1987	306	36
450	1988	294	36
450	1989	298	36
450	1990	292	36
450	1991	301	36
450	1992	281	36
450	1993	297	36
450	1994	299	36
450	1995	277	36
450	1996	291	36
450	1997	303	36
450	1998	296	36
450	1999	285	36
450	2000	299	36
450	2001	301	36
450	2002	296	36
450	2003	306	36
450	2004	303	36
450	2005	301	36
450	2006	305	36
450	2007	281	36
450	2008	288	36
450	2009	277	36
450	2010	285	36
450	2012	303	36
450	2013	284	36
450	2014	276	36
450	2015	299	36
454	1979	308	22
454	1980	304	22
454	1981	296	22
454	1982	291	22
454	1983	300	22
454	1984	304	22
454	1985	312	22
454	1986	294	22
454	1987	300	22
454	1988	291	22
454	1989	298	22
454	1990	300	22
454	1991	293	22
454	1992	292	22
454	1993	283	22
454	1994	285	22
454	1995	295	22
454	1996	298	22
454	1997	288	22
454	1998	293	22
454	1999	301	22
454	2000	295	22
455	1990	321	18
455	1991	314	18
455	1992	304	18
455	1993	286	18
455	1994	296	18
455	1995	310	18
455	1996	306	18
455	1997	303	18
455	1998	300	18
455	1999	303	18
455	2000	301	18
455	2001	326	18
455	2002	305	18
455	2003	312	18
455	2004	305	18
455	2006	321	18
455	2007	299	18
455	2008	305	18
460	1993	280	20
460	1994	290	20
460	1995	310	20
460	1996	293	20
460	1997	295	20
460	1998	283	20
460	1999	300	20
460	2000	289	20
460	2001	302	20
460	2002	293	20
460	2003	297	20
460	2005	294	20
460	2006	295	20
460	2007	288	20
460	2008	284	20
460	2011	297	20
460	2012	298	20
460	2013	290	20
460	2014	286	20
460	2015	278	20
461	1979	280	33
461	1980	281	33
461	1981	285	33
461	1982	275	33
461	1983	282	33
461	1984	290	33
461	1985	280	33
461	1986	288	33
461	1988	280	33
461	1989	288	33
461	1991	312	33
461	1992	298	33
461	1993	293	33
461	1994	285	33
461	1995	298	33
461	1996	286	33
461	1997	301	33
461	1998	298	33
461	1999	292	33
461	2000	291	33
461	2001	283	33
461	2002	303	33
461	2003	293	33
461	2004	301	33
461	2005	268	33
461	2006	298	33
461	2008	291	33
461	2009	288	33
461	2010	289	33
461	2011	289	33
461	2012	322	33
461	2014	304	33
461	2015	298	33
465	1979	312	28
465	1980	305	28
465	1981	308	28
465	1982	310	28
465	1983	312	28
465	1984	310	28
465	1985	305	28
465	1986	307	28
465	1987	311	28
465	1988	298	28
465	1989	313	28
465	1990	323	28
465	1991	309	28
465	1992	306	28
465	1994	291	28
465	1995	303	28
465	1996	299	28
465	1997	286	28
465	1998	301	28
465	1999	302	28
465	2000	309	28
465	2001	311	28
465	2002	300	28
465	2003	291	28
465	2004	297	28
465	2005	301	28
465	2006	332	28
465	2007	298	28
467	1979	281	29
467	1980	298	29
467	1981	281	29
467	1982	296	29
467	1983	296	29
467	1984	297	29
467	1985	292	29
467	1986	281	29
467	1987	300	29
467	1988	296	29
467	1989	277	29
467	1990	283	29
467	1991	296	29
467	1993	277	29
467	1994	271	29
467	1995	279	29
467	1996	281	29
467	1997	282	29
467	1998	281	29
467	1999	289	29
467	2000	280	29
467	2001	292	29
467	2002	280	29
467	2003	283	29
467	2004	290	29
467	2005	283	29
467	2006	289	29
467	2007	269	29
467	2008	277	29
469	1984	300	32
469	1985	306	32
469	1986	298	32
469	1987	308	32
469	1988	292	32
469	1989	288	32
469	1990	294	32
469	1991	305	32
469	1992	297	32
469	1993	282	32
469	1994	296	32
469	1995	302	32
469	1996	286	32
469	1997	297	32
469	1998	293	32
469	1999	300	32
469	2000	297	32
469	2001	302	32
469	2002	296	32
469	2003	297	32
469	2004	298	32
469	2005	301	32
469	2006	306	32
469	2007	289	32
469	2008	289	32
469	2009	296	32
469	2010	295	32
469	2011	301	32
469	2012	320	32
469	2013	291	32
469	2014	294	32
469	2015	301	32
472	1980	295	19
472	1981	278	19
472	1982	271	19
472	1983	263	19
472	1984	294	19
472	1985	293	19
472	1987	277	19
472	1988	269	19
472	1989	266	19
472	1990	259	19
472	1991	267	19
472	1992	269	19
472	1993	289	19
472	1994	285	19
472	1995	285	19
472	1996	279	19
472	1997	292	19
472	1998	287	19
472	1999	293	19
473	1979	283	17
473	1980	297	17
473	1981	295	17
473	1982	299	17
473	1983	296	17
473	1989	296	17
473	1990	291	17
473	1991	275	17
473	1992	274	17
473	1993	266	17
473	1994	276	17
473	1995	278	17
473	1996	270	17
473	1997	265	17
473	1998	285	17
473	1999	288	17
473	2000	281	17
475	1979	282	30
475	1980	294	30
475	1981	271	30
475	1982	289	30
475	1983	273	30
475	1984	303	30
475	1985	299	30
475	1986	278	30
475	1987	289	30
475	1988	275	30
475	1989	265	30
475	1990	305	30
475	1991	285	30
475	1992	255	30
475	1993	274	30
475	1994	256	30
475	1995	282	30
475	1996	271	30
475	1997	269	30
475	1998	264	30
475	1999	289	30
475	2000	253	30
475	2001	270	30
475	2002	270	30
475	2003	293	30
475	2004	277	30
475	2005	282	30
475	2006	292	30
475	2007	279	30
475	2008	259	30
476	1979	290	19
476	1980	290	19
476	1981	296	19
476	1982	288	19
476	1983	290	19
476	1984	297	19
476	1985	295	19
476	1986	288	19
476	1987	297	19
476	1988	291	19
476	1989	288	19
476	1990	287	19
476	1991	298	19
476	1992	281	19
476	1993	273	19
476	1994	285	19
476	1995	296	19
476	1996	290	19
476	1997	293	19
478	1979	295	22
478	1980	289	22
478	1981	280	22
478	1982	276	22
478	1983	259	22
478	1984	285	22
478	1985	273	22
478	1986	274	22
478	1987	293	22
478	1988	288	22
478	1989	289	22
478	1990	279	22
478	1991	290	22
478	1992	289	22
478	1993	271	22
478	1994	280	22
478	1995	278	22
478	1996	294	22
478	1997	287	22
478	1998	285	22
478	1999	283	22
478	2000	272	22
480	1979	280	34
480	1980	276	34
480	1981	294	34
480	1982	267	34
480	1983	280	34
480	1984	288	34
480	1985	286	34
480	1986	267	34
480	1987	282	34
480	1988	277	34
480	1989	276	34
480	1990	267	34
480	1991	277	34
480	1992	268	34
480	1993	281	34
480	1994	287	34
480	1995	301	34
480	1996	292	34
480	1997	292	34
480	1998	300	34
480	1999	301	34
480	2000	291	34
480	2001	306	34
480	2002	296	34
480	2003	292	34
480	2004	299	34
480	2005	303	34
480	2007	277	34
480	2010	303	34
480	2011	304	34
480	2012	323	34
480	2013	301	34
480	2014	302	34
480	2015	309	34
481	1979	299	31
481	1980	292	31
481	1981	291	31
481	1982	289	31
481	1983	287	31
481	1984	290	31
481	1985	309	31
481	1986	300	31
481	1987	307	31
481	1988	294	31
481	1989	293	31
481	1990	295	31
481	1991	301	31
481	1992	293	31
481	1993	291	31
481	1994	297	31
481	1995	305	31
481	1996	297	31
481	1997	298	31
481	1998	291	31
481	1999	298	31
481	2000	297	31
481	2001	303	31
481	2002	292	31
481	2003	296	31
481	2004	295	31
481	2005	297	31
481	2006	296	31
481	2007	298	31
481	2008	300	31
481	2009	297	31
483	1979	295	23
483	1980	293	23
483	1981	287	23
483	1982	289	23
483	1983	280	23
483	1984	294	23
483	1985	301	23
483	1986	270	23
483	1988	275	23
483	1989	284	23
483	1990	276	23
483	1991	291	23
483	1992	280	23
483	1993	274	23
483	1994	290	23
483	1995	299	23
483	1996	288	23
483	1997	288	23
483	1998	286	23
483	1999	301	23
483	2000	289	23
483	2001	296	23
483	2002	293	23
484	1979	270	18
484	1980	279	18
484	1981	272	18
484	1982	272	18
484	1983	273	18
484	1984	290	18
484	1985	296	18
484	1986	291	18
484	1987	289	18
484	1988	285	18
484	1989	288	18
484	1990	276	18
484	1991	290	18
484	1992	287	18
484	1993	286	18
484	1994	277	18
484	1995	283	18
484	2012	309	18
486	1979	292	33
486	1981	300	33
486	1982	287	33
486	1983	293	33
486	1984	301	33
486	1985	282	33
486	1986	295	33
486	1987	292	33
486	1988	292	33
486	1989	303	33
486	1990	287	33
486	1991	310	33
486	1992	294	33
486	1993	277	33
486	1994	284	33
486	1995	301	33
486	1996	289	33
486	1998	287	33
486	1999	301	33
486	2000	292	33
486	2001	331	33
486	2002	296	33
486	2003	304	33
486	2004	293	33
486	2005	297	33
486	2006	300	33
486	2007	288	33
486	2008	285	33
486	2009	300	33
486	2010	290	33
486	2011	300	33
486	2012	311	33
486	2013	298	33
488	1979	284	16
488	1980	297	16
488	1981	297	16
488	1982	295	16
488	1983	283	16
488	1984	303	16
488	1985	300	16
488	1986	283	16
488	1987	302	16
488	1989	282	16
488	1992	268	16
488	1993	281	16
488	1996	276	16
488	1997	281	16
488	1998	293	16
488	2000	298	16
494	1984	301	26
494	1985	303	26
494	1990	300	26
494	1991	288	26
494	1992	292	26
494	1993	289	26
494	1994	289	26
494	1995	296	26
494	1996	290	26
494	1997	293	26
494	1998	285	26
494	1999	291	26
494	2000	291	26
494	2001	293	26
494	2002	293	26
494	2003	293	26
494	2004	298	26
494	2005	309	26
494	2006	306	26
494	2007	294	26
494	2008	283	26
494	2009	285	26
494	2011	300	26
494	2012	319	26
494	2014	290	26
494	2015	279	26
495	1979	280	34
495	1981	267	34
495	1982	300	34
495	1983	291	34
495	1984	304	34
495	1985	306	34
495	1986	290	34
495	1989	289	34
495	1990	289	34
495	1991	288	34
495	1992	283	34
495	1993	297	34
495	1994	288	34
495	1995	300	34
495	1996	291	34
495	1997	295	34
495	1998	297	34
495	1999	294	34
495	2000	294	34
495	2001	308	34
495	2002	298	34
495	2003	303	34
495	2004	297	34
495	2005	303	34
495	2006	302	34
495	2007	285	34
495	2008	278	34
495	2009	303	34
495	2010	303	34
495	2011	306	34
495	2012	301	34
495	2013	291	34
495	2014	297	34
495	2015	307	34
496	1979	299	19
496	1980	300	19
496	1981	298	19
496	1982	313	19
496	1983	307	19
496	1984	308	19
496	1985	308	19
496	1986	291	19
496	1987	307	19
496	1988	293	19
496	1989	297	19
496	1990	302	19
496	1991	283	19
496	1992	279	19
496	1993	270	19
496	1994	275	19
496	1995	290	19
496	1996	266	19
496	1997	265	19
498	1979	288	33
498	1980	284	33
498	1981	290	33
498	1982	287	33
498	1983	282	33
498	1984	291	33
498	1985	280	33
498	1986	278	33
498	1987	285	33
498	1988	287	33
498	1989	296	33
498	1990	297	33
498	1991	302	33
498	1992	301	33
498	1993	292	33
498	1994	295	33
498	1995	305	33
498	1996	304	33
498	1997	302	33
498	1998	300	33
498	1999	303	33
498	2000	303	33
498	2001	309	33
498	2002	287	33
498	2003	308	33
498	2004	307	33
498	2005	304	33
498	2006	304	33
498	2007	296	33
498	2008	303	33
498	2009	305	33
498	2010	303	33
498	2011	294	33
502	1980	303	35
502	1981	272	35
502	1982	283	35
502	1983	285	35
502	1984	318	35
502	1985	276	35
502	1986	245	35
502	1987	280	35
502	1988	252	35
502	1989	280	35
502	1990	284	35
502	1991	268	35
502	1992	268	35
502	1993	266	35
502	1994	276	35
502	1995	276	35
502	1996	298	35
502	1997	278	35
502	1998	278	35
502	1999	283	35
502	2000	271	35
502	2001	314	35
502	2002	275	35
502	2003	271	35
502	2004	270	35
502	2005	283	35
502	2006	267	35
502	2007	260	35
502	2008	271	35
502	2009	275	35
502	2010	268	35
502	2012	277	35
502	2013	282	35
502	2014	282	35
502	2015	284	35
511	1986	298	29
511	1987	305	29
511	1989	310	29
511	1990	298	29
511	1991	314	29
511	1992	306	29
511	1993	286	29
511	1994	294	29
511	1995	306	29
511	1996	297	29
511	1997	306	29
511	1998	289	29
511	1999	300	29
511	2000	291	29
511	2001	303	29
511	2002	295	29
511	2003	290	29
511	2004	298	29
511	2005	298	29
511	2006	313	29
511	2007	294	29
511	2008	297	29
511	2009	298	29
511	2010	300	29
511	2011	304	29
511	2012	321	29
511	2013	293	29
511	2014	296	29
511	2015	298	29
514	1979	285	21
514	1980	300	21
514	1981	295	21
514	1982	299	21
514	1983	305	21
514	1984	290	21
514	1985	298	21
514	1986	300	21
514	1988	274	21
514	1989	292	21
514	1990	275	21
514	1991	272	21
514	1992	275	21
514	1993	278	21
514	1994	292	21
514	1995	283	21
514	1996	279	21
514	1997	277	21
514	1998	291	21
514	1999	293	21
514	2000	278	21
515	1979	271	31
515	1980	288	31
515	1981	283	31
515	1982	271	31
515	1983	268	31
515	1984	278	31
515	1985	266	31
515	1986	273	31
515	1987	284	31
515	1988	274	31
515	1990	245	31
515	1991	283	31
515	1992	261	31
515	1993	253	31
515	1994	263	31
515	1995	269	31
515	1996	271	31
515	1997	273	31
515	1998	256	31
515	1999	273	31
515	2000	248	31
515	2001	258	31
515	2002	263	31
515	2003	244	31
515	2004	273	31
515	2005	283	31
515	2006	291	31
515	2007	271	31
515	2008	273	31
515	2009	275	31
515	2010	273	31
516	1979	272	20
516	1980	288	20
516	1981	282	20
516	1982	273	20
516	1983	268	20
516	1984	273	20
516	1985	265	20
516	1986	271	20
516	1987	282	20
516	1988	269	20
516	1991	283	20
516	1992	261	20
516	1993	253	20
516	1994	263	20
516	1995	271	20
516	1996	271	20
516	1997	272	20
516	1998	256	20
516	1999	272	20
516	2000	248	20
518	1979	291	22
518	1980	293	22
518	1981	296	22
518	1982	305	22
518	1983	285	22
518	1984	298	22
518	1985	300	22
518	1986	290	22
518	1987	289	22
518	1988	289	22
518	1989	293	22
518	1990	286	22
518	1991	299	22
518	1992	292	22
518	1993	277	22
518	1994	285	22
518	1995	299	22
518	1996	280	22
518	1997	283	22
518	1998	288	22
518	1999	302	22
518	2000	289	22
519	1979	305	21
519	1980	303	21
519	1981	298	21
519	1982	298	21
519	1983	307	21
519	1984	308	21
519	1985	314	21
519	1986	288	21
519	1987	304	21
519	1988	293	21
519	1989	297	21
519	1990	289	21
519	1991	309	21
519	1992	295	21
519	1993	299	21
519	1994	288	21
519	1995	306	21
519	1996	290	21
519	1997	308	21
519	1998	295	21
519	1999	303	21
522	1979	290	37
522	1980	305	37
522	1981	297	37
522	1982	309	37
522	1983	306	37
522	1984	312	37
522	1985	311	37
522	1986	295	37
522	1987	304	37
522	1988	293	37
522	1989	306	37
522	1990	292	37
522	1991	311	37
522	1992	302	37
522	1993	287	37
522	1994	296	37
522	1995	314	37
522	1996	295	37
522	1997	301	37
522	1998	299	37
522	1999	306	37
522	2000	300	37
522	2001	308	37
522	2002	293	37
522	2003	304	37
522	2004	297	37
522	2005	298	37
522	2006	298	37
522	2007	298	37
522	2008	291	37
522	2009	301	37
522	2010	300	37
522	2011	298	37
522	2012	301	37
522	2013	288	37
522	2014	286	37
522	2015	298	37
527	1979	280	27
527	1980	276	27
527	1981	274	27
527	1982	280	27
527	1983	250	27
527	1984	260	27
527	1985	277	27
527	1986	275	27
527	1987	276	27
527	1988	283	27
527	1989	270	27
527	1990	275	27
527	1991	261	27
527	1992	277	27
527	1993	274	27
527	1994	278	27
527	1995	271	27
527	1996	288	27
527	1997	293	27
527	1998	274	27
527	1999	288	27
527	2000	277	27
527	2001	277	27
527	2002	291	27
527	2003	278	27
527	2004	274	27
527	2005	283	27
529	1979	254	30
529	1980	254	30
529	1981	285	30
529	1982	288	30
529	1983	284	30
529	1984	286	30
529	1985	300	30
529	1986	288	30
529	1987	289	30
529	1988	288	30
529	1989	286	30
529	1990	284	30
529	1991	301	30
529	1992	289	30
529	1993	283	30
529	1994	274	30
529	1995	278	30
529	1996	324	30
529	1997	293	30
529	1998	293	30
529	1999	292	30
529	2000	271	30
529	2001	283	30
529	2003	289	30
529	2004	282	30
529	2005	274	30
529	2006	288	30
529	2007	301	30
529	2008	285	30
529	2009	301	30
531	1979	291	31
531	1980	290	31
531	1981	286	31
531	1982	288	31
531	1983	283	31
531	1984	288	31
531	1985	284	31
531	1986	269	31
531	1987	288	31
531	1988	288	31
531	1989	286	31
531	1990	278	31
531	1991	302	31
531	1992	278	31
531	1993	268	31
531	1994	284	31
531	1995	289	31
531	1996	280	31
531	1997	291	31
531	1998	289	31
531	1999	279	31
531	2000	292	31
531	2001	292	31
531	2002	283	31
531	2003	287	31
531	2004	298	31
531	2005	284	31
531	2006	297	31
531	2007	276	31
531	2008	280	31
531	2009	292	31
532	1979	282	37
532	1980	298	37
532	1981	287	37
532	1982	303	37
532	1983	288	37
532	1984	295	37
532	1985	280	37
532	1986	280	37
532	1987	286	37
532	1988	285	37
532	1989	284	37
532	1990	282	37
532	1991	294	37
532	1992	290	37
532	1993	283	37
532	1994	284	37
532	1995	288	37
532	1996	285	37
532	1997	291	37
532	1998	290	37
532	1999	285	37
532	2000	281	37
532	2001	280	37
532	2002	288	37
532	2003	271	37
532	2004	274	37
532	2005	288	37
532	2006	274	37
532	2007	276	37
532	2008	285	37
532	2009	278	37
532	2010	298	37
532	2011	299	37
532	2012	312	37
532	2013	283	37
532	2014	289	37
532	2015	297	37
534	1979	275	21
534	1980	293	21
534	1981	285	21
534	1982	283	21
534	1984	295	21
534	1985	298	21
534	1986	277	21
534	1987	286	21
534	1988	284	21
534	1989	285	21
534	1990	288	21
534	1991	308	21
534	1992	302	21
534	1993	276	21
534	1994	288	21
534	1995	286	21
534	1996	291	21
534	1997	302	21
534	1998	290	21
534	1999	296	21
534	2000	297	21
543	1979	275	28
543	1980	280	28
543	1981	273	28
543	1982	274	28
543	1983	271	28
543	1984	276	28
543	1985	279	28
543	1986	279	28
543	1987	283	28
543	1988	278	28
543	1990	253	28
543	1991	270	28
543	1992	278	28
543	1993	253	28
543	1994	275	28
543	1995	274	28
543	1996	253	28
543	1997	275	28
543	1998	275	28
543	1999	280	28
543	2000	263	28
543	2001	275	28
543	2002	289	28
543	2003	287	28
543	2004	282	28
543	2005	291	28
543	2006	275	28
543	2007	267	28
550	1979	295	27
550	1980	297	27
550	1981	301	27
550	1982	287	27
550	1983	282	27
550	1984	285	27
550	1985	289	27
550	1986	282	27
550	1987	284	27
550	1988	289	27
550	1989	268	27
550	1990	303	27
550	1991	297	27
550	1992	292	27
550	1993	307	27
550	1994	304	27
550	1995	291	27
550	1996	286	27
550	1997	297	27
550	1998	301	27
550	1999	287	27
550	2000	293	27
550	2001	304	27
550	2002	288	27
550	2003	306	27
550	2005	306	27
550	2006	286	27
551	1979	284	20
551	1980	306	20
551	1981	290	20
551	1982	270	20
551	1983	271	20
551	1984	295	20
551	1985	299	20
551	1986	288	20
551	1987	310	20
551	1988	284	20
551	1989	284	20
551	1990	272	20
551	1991	290	20
551	1992	278	20
551	1993	280	20
551	1994	278	20
551	1995	281	20
551	1996	289	20
551	1997	285	20
551	1998	279	20
552	1979	273	22
552	1980	291	22
552	1981	295	22
552	1982	290	22
552	1983	296	22
552	1984	308	22
552	1985	307	22
552	1986	289	22
552	1988	296	22
552	1989	287	22
552	1990	288	22
552	1992	303	22
552	1993	297	22
552	1994	289	22
552	1995	315	22
552	1996	293	22
552	1997	296	22
552	1998	293	22
552	1999	304	22
552	2000	295	22
552	2001	300	22
552	2002	294	22
553	1979	267	21
553	1980	285	21
553	1981	283	21
553	1982	275	21
553	1983	270	21
553	1984	276	21
553	1985	310	21
553	1986	270	21
553	1987	273	21
553	1988	265	21
553	1989	291	21
553	1990	266	21
553	1991	306	21
553	1992	256	21
553	1993	257	21
553	1994	267	21
553	1995	265	21
553	1996	267	21
553	1997	260	21
553	1998	258	21
553	1999	256	21
557	1979	301	20
557	1980	298	20
557	1981	301	20
557	1982	282	20
557	1983	310	20
557	1984	308	20
557	1985	308	20
557	1986	306	20
557	1987	304	20
557	1988	293	20
557	1989	293	20
557	1990	298	20
557	1991	297	20
557	1992	291	20
557	1993	288	20
557	1994	293	20
557	1995	291	20
557	1996	295	20
557	1997	295	20
557	1998	285	20
558	1979	293	18
558	1980	297	18
558	1981	292	18
558	1982	285	18
558	1983	300	18
558	1984	289	18
558	1985	305	18
558	1986	295	18
558	1987	302	18
558	1988	288	18
558	1989	279	18
558	1990	288	18
558	1991	288	18
558	1992	298	18
558	1993	285	18
558	1994	288	18
558	1995	293	18
558	1996	293	18
561	1979	280	22
561	1980	268	22
561	1981	280	22
561	1982	288	22
561	1983	278	22
561	1984	280	22
561	1985	286	22
561	1986	278	22
561	1987	280	22
561	1988	276	22
561	1989	293	22
561	1990	267	22
561	1991	299	22
561	1992	281	22
561	1993	275	22
561	1994	277	22
561	1995	277	22
561	1996	277	22
561	1997	287	22
561	1998	279	22
561	1999	285	22
561	2000	263	22
563	1979	307	27
563	1980	300	27
563	1981	298	27
563	1982	292	27
563	1983	283	27
563	1984	297	27
563	1985	314	27
563	1986	299	27
563	1987	310	27
563	1988	292	27
563	1989	306	27
563	1990	295	27
563	1991	288	27
563	1992	293	27
563	1993	286	27
563	1994	293	27
563	1995	303	27
563	1996	309	27
563	1997	304	27
563	1998	302	27
563	1999	303	27
563	2000	288	27
563	2001	297	27
563	2002	284	27
563	2003	312	27
563	2004	286	27
563	2005	303	27
565	1979	279	15
565	1980	289	15
565	1981	271	15
565	1982	293	15
565	1983	277	15
565	1984	287	15
565	1985	250	15
565	1986	276	15
565	1987	298	15
565	1988	283	15
565	1989	280	15
565	1990	277	15
565	1991	298	15
565	1992	288	15
565	1993	281	15
568	1979	272	27
568	1980	289	27
568	1981	274	27
568	1982	276	27
568	1983	283	27
568	1984	284	27
568	1985	293	27
568	1986	266	27
568	1987	279	27
568	1988	269	27
568	1989	293	27
568	1990	275	27
568	1991	273	27
568	1992	299	27
568	1993	275	27
568	1994	284	27
568	1995	299	27
568	1996	282	27
568	1997	298	27
568	1998	296	27
568	1999	293	27
568	2000	277	27
568	2001	129	27
568	2002	281	27
568	2003	287	27
568	2004	291	27
568	2005	279	27
569	1979	298	32
569	1984	287	32
569	1985	295	32
569	1986	270	32
569	1987	285	32
569	1988	274	32
569	1989	262	32
569	1990	273	32
569	1991	301	32
569	1992	269	32
569	1993	264	32
569	1995	297	32
569	1996	278	32
569	1997	278	32
569	1998	276	32
569	1999	291	32
569	2000	278	32
569	2001	277	32
569	2002	276	32
569	2003	271	32
569	2004	277	32
569	2005	278	32
569	2006	292	32
569	2007	265	32
569	2008	268	32
569	2009	282	32
569	2010	284	32
569	2011	274	32
569	2012	325	32
569	2013	283	32
569	2014	289	32
569	2015	284	32
574	1979	294	30
574	1980	296	30
574	1981	295	30
574	1982	294	30
574	1983	292	30
574	1984	293	30
574	1985	294	30
574	1986	291	30
574	1987	292	30
574	1988	293	30
574	1989	298	30
574	1990	292	30
574	1991	287	30
574	1992	276	30
574	1993	274	30
574	1994	276	30
574	1995	278	30
574	1996	280	30
574	1997	281	30
574	1998	285	30
574	1999	276	30
574	2000	283	30
574	2001	289	30
574	2002	283	30
574	2003	279	30
574	2004	288	30
574	2005	288	30
574	2006	291	30
574	2007	286	30
574	2008	283	30
576	1979	295	23
576	1980	290	23
576	1982	273	23
576	1983	291	23
576	1984	283	23
576	1985	285	23
576	1986	283	23
576	1987	280	23
576	1988	288	23
576	1989	263	23
576	1990	298	23
576	1991	293	23
576	1992	290	23
576	1993	280	23
576	1994	276	23
576	1995	280	23
576	1996	280	23
576	1997	284	23
576	1998	288	23
576	1999	288	23
576	2000	285	23
576	2001	319	23
576	2002	290	23
580	1979	310	23
580	1980	304	23
580	1981	300	23
580	1982	308	23
580	1983	308	23
580	1984	315	23
580	1985	314	23
580	1986	287	23
580	1987	309	23
580	1988	292	23
580	1989	295	23
580	1990	298	23
580	1991	315	23
580	1992	303	23
580	1993	282	23
580	1994	295	23
580	1995	301	23
580	1996	301	23
580	1997	310	23
580	1998	294	23
580	1999	302	23
580	2000	290	23
580	2001	304	23
584	1980	284	36
584	1981	271	36
584	1982	266	36
584	1983	261	36
584	1984	285	36
584	1985	279	36
584	1986	266	36
584	1987	279	36
584	1988	266	36
584	1989	261	36
584	1990	262	36
584	1991	280	36
584	1992	272	36
584	1993	267	36
584	1994	264	36
584	1995	268	36
584	1996	269	36
584	1997	272	36
584	1998	270	36
584	1999	278	36
584	2000	272	36
584	2001	272	36
584	2002	278	36
584	2003	280	36
584	2004	274	36
584	2005	277	36
584	2006	278	36
584	2007	265	36
584	2008	275	36
584	2009	272	36
584	2010	283	36
584	2011	285	36
584	2012	294	36
584	2013	270	36
584	2014	262	36
584	2015	275	36
586	1979	282	25
586	1980	303	25
586	1981	300	25
586	1982	297	25
586	1983	288	25
586	1984	298	25
586	1985	298	25
586	1986	285	25
586	1987	296	25
586	1988	258	25
586	1989	258	25
586	1990	280	25
586	2002	293	25
586	2003	272	25
586	2004	283	25
586	2005	283	25
586	2006	287	25
586	2007	269	25
586	2008	286	25
586	2009	281	25
586	2010	258	25
586	2011	283	25
586	2012	302	25
586	2013	265	25
586	2014	283	25
587	1979	286	23
587	1981	263	23
587	1982	278	23
587	1983	280	23
587	1984	287	23
587	1985	289	23
587	1986	276	23
587	1987	296	23
587	1988	293	23
587	1989	288	23
587	1990	274	23
587	1991	301	23
587	1992	291	23
587	1993	283	23
587	1994	280	23
587	1995	301	23
587	1996	285	23
587	1997	278	23
587	1998	280	23
587	1999	298	23
587	2000	293	23
587	2001	294	23
587	2002	294	23
588	1980	297	25
588	1981	295	25
588	1982	299	25
588	1983	279	25
588	1986	281	25
588	1987	290	25
588	1990	306	25
588	1991	291	25
588	1994	297	25
588	1995	289	25
588	1996	300	25
588	1997	299	25
588	1999	283	25
588	2000	289	25
588	2001	284	25
588	2004	293	25
588	2006	291	25
588	2008	283	25
588	2009	291	25
588	2010	294	25
588	2011	294	25
588	2012	301	25
588	2013	294	25
588	2014	295	25
588	2015	297	25
595	1979	285	18
595	1980	285	18
595	1981	291	18
595	1982	281	18
595	1983	258	18
595	1984	298	18
595	1985	287	18
595	1986	261	18
595	1987	293	18
595	1988	285	18
595	1989	285	18
595	1990	283	18
595	1991	299	18
595	1992	270	18
595	1993	267	18
595	1994	281	18
595	1995	311	18
595	1996	286	18
596	1989	280	27
596	1990	285	27
596	1991	302	27
596	1992	270	27
596	1993	255	27
596	1994	271	27
596	1995	268	27
596	1996	275	27
596	1997	273	27
596	1998	267	27
596	1999	284	27
596	2000	261	27
596	2001	269	27
596	2002	276	27
596	2003	279	27
596	2004	277	27
596	2005	281	27
596	2006	288	27
596	2007	261	27
596	2008	259	27
596	2009	259	27
596	2010	268	27
596	2011	290	27
596	2012	298	27
596	2013	282	27
596	2014	265	27
596	2015	278	27
598	1979	299	32
598	1980	294	32
598	1981	296	32
598	1982	291	32
598	1983	285	32
598	1984	300	32
598	1985	303	32
598	1986	301	32
598	1987	298	32
598	1988	283	32
598	1989	294	32
598	1991	278	32
598	1992	274	32
598	1993	278	32
598	1994	275	32
598	1995	283	32
598	1996	245	32
598	1997	278	32
598	1998	288	32
598	1999	285	32
598	2000	269	32
598	2001	298	32
598	2002	283	32
598	2003	283	32
598	2004	298	32
598	2005	300	32
598	2006	268	32
598	2007	288	32
598	2009	287	32
598	2012	318	32
598	2013	287	32
598	2014	286	32
604	1988	293	27
604	1989	291	27
604	1990	295	27
604	1991	305	27
604	1992	295	27
604	1993	278	27
604	1994	291	27
604	1995	302	27
604	1996	281	27
604	1997	287	27
604	1998	277	27
604	1999	287	27
604	2000	284	27
604	2001	301	27
604	2002	296	27
604	2003	283	27
604	2004	297	27
604	2005	287	27
604	2006	294	27
604	2007	281	27
604	2008	297	27
604	2009	296	27
604	2011	294	27
604	2012	300	27
604	2013	281	27
604	2014	280	27
604	2015	271	27
606	1985	311	31
606	1986	318	31
606	1987	311	31
606	1988	304	31
606	1989	290	31
606	1990	285	31
606	1991	289	31
606	1992	273	31
606	1993	268	31
606	1994	283	31
606	1995	281	31
606	1996	284	31
606	1997	300	31
606	1998	268	31
606	1999	296	31
606	2000	293	31
606	2001	292	31
606	2002	268	31
606	2003	293	31
606	2004	288	31
606	2005	298	31
606	2006	295	31
606	2007	293	31
606	2008	283	31
606	2009	286	31
606	2010	295	31
606	2011	298	31
606	2012	316	31
606	2013	280	31
606	2014	287	31
606	2015	306	31
610	1980	285	18
610	1981	285	18
610	1982	280	18
610	1983	285	18
610	1984	291	18
610	1985	301	18
610	1986	271	18
610	1987	303	18
610	1988	289	18
610	1989	289	18
610	1990	284	18
610	1991	295	18
610	1992	289	18
610	1993	246	18
610	1994	295	18
610	1995	330	18
610	1996	288	18
610	1997	303	18
616	1984	284	32
616	1985	295	32
616	1986	268	32
616	1987	288	32
616	1988	277	32
616	1989	286	32
616	1990	277	32
616	1991	268	32
616	1992	293	32
616	1993	277	32
616	1994	289	32
616	1995	307	32
616	1996	290	32
616	1997	305	32
616	1998	282	32
616	1999	298	32
616	2000	292	32
616	2001	296	32
616	2002	295	32
616	2003	302	32
616	2004	295	32
616	2005	298	32
616	2006	298	32
616	2007	283	32
616	2008	297	32
616	2009	301	32
616	2010	294	32
616	2011	300	32
616	2012	301	32
616	2013	295	32
616	2014	290	32
616	2015	299	32
619	1980	285	19
619	1981	303	19
619	1982	290	19
619	1983	310	19
619	1984	270	19
619	1985	285	19
619	1986	285	19
619	1987	291	19
619	1988	288	19
619	1989	300	19
619	1990	300	19
619	1992	283	19
619	1993	283	19
619	1994	270	19
619	1995	283	19
619	1996	280	19
619	1997	267	19
619	1998	283	19
619	1999	293	19
622	1979	286	15
622	1980	296	15
622	1981	301	15
622	1982	300	15
622	1983	289	15
622	1984	308	15
622	1985	300	15
622	1986	285	15
622	1987	290	15
622	1988	306	15
622	1989	298	15
622	1990	274	15
622	1991	311	15
622	1992	295	15
622	1993	282	15
628	1979	286	21
628	1980	297	21
628	1981	289	21
628	1982	299	21
628	1983	289	21
628	1984	294	21
628	1985	302	21
628	1986	299	21
628	1987	306	21
628	1988	289	21
628	1989	298	21
628	1990	307	21
628	1991	307	21
628	1992	300	21
628	1993	304	21
628	1994	303	21
628	1995	317	21
628	1996	307	21
628	1997	310	21
628	1998	313	21
628	1999	299	21
633	1979	284	24
633	1980	298	24
633	1981	302	24
633	1982	296	24
633	1983	298	24
633	1984	304	24
633	1985	300	24
633	1986	282	24
633	1987	295	24
633	1988	290	24
633	1989	292	24
633	1990	298	24
633	1991	301	24
633	1992	290	24
633	1993	283	24
633	1994	287	24
633	1995	287	24
633	1996	291	24
633	1997	277	24
633	1998	288	24
633	1999	297	24
633	2000	279	24
633	2001	301	24
633	2002	291	24
637	1981	312	17
637	1982	312	17
637	1983	311	17
637	1984	324	17
637	1985	326	17
637	1986	311	17
637	1987	315	17
637	1988	311	17
637	1989	323	17
637	1990	314	17
637	1991	311	17
637	1992	312	17
637	1993	305	17
637	1994	293	17
637	1995	301	17
637	1996	288	17
637	1997	310	17
638	1979	286	36
638	1980	282	36
638	1981	280	36
638	1982	290	36
638	1983	280	36
638	1984	279	36
638	1985	293	36
638	1986	284	36
638	1987	288	36
638	1988	279	36
638	1989	278	36
638	1990	281	36
638	1991	288	36
638	1992	291	36
638	1993	288	36
638	1994	277	36
638	1995	285	36
638	1996	287	36
638	1997	284	36
638	1998	273	36
638	1999	270	36
638	2000	279	36
638	2001	274	36
638	2002	273	36
638	2003	283	36
638	2004	279	36
638	2005	290	36
638	2006	292	36
638	2007	271	36
638	2008	273	36
638	2009	275	36
638	2010	277	36
638	2012	312	36
638	2013	297	36
638	2014	300	36
638	2015	300	36
639	1980	297	20
639	1981	292	20
639	1982	293	20
639	1983	288	20
639	1984	298	20
639	1985	286	20
639	1986	280	20
639	1987	294	20
639	1988	283	20
639	1989	290	20
639	1990	289	20
639	1991	304	20
639	1992	299	20
639	1993	282	20
639	1994	295	20
639	1995	316	20
639	1996	299	20
639	1997	311	20
639	1998	298	20
639	1999	304	20
640	1980	278	36
640	1981	274	36
640	1982	275	36
640	1983	279	36
640	1984	299	36
640	1985	280	36
640	1986	269	36
640	1987	297	36
640	1988	286	36
640	1989	265	36
640	1990	271	36
640	1991	297	36
640	1992	277	36
640	1993	277	36
640	1994	292	36
640	1995	296	36
640	1996	286	36
640	1997	298	36
640	1998	292	36
640	1999	297	36
640	2000	292	36
640	2001	312	36
640	2002	298	36
640	2003	296	36
640	2004	293	36
640	2005	296	36
640	2006	312	36
640	2007	283	36
640	2008	286	36
640	2009	298	36
640	2010	301	36
640	2011	300	36
640	2012	299	36
640	2013	297	36
640	2014	289	36
640	2015	297	36
649	1979	275	19
649	1980	284	19
649	1981	288	19
649	1982	287	19
649	1983	278	19
649	1984	286	19
649	1985	282	19
649	1986	272	19
649	1987	281	19
649	1988	274	19
649	1989	296	19
649	1990	290	19
649	1991	302	19
649	1992	291	19
649	1993	285	19
649	1994	287	19
649	1995	288	19
649	1996	292	19
649	1997	286	19
651	1984	280	17
651	1985	313	17
651	1986	287	17
651	1987	294	17
651	1988	294	17
651	1989	295	17
651	1990	303	17
651	1991	301	17
651	1992	302	17
651	1993	287	17
651	1994	295	17
651	1995	309	17
651	1996	302	17
651	1997	309	17
651	1998	297	17
651	1999	298	17
651	2000	297	17
654	1979	281	21
654	1980	302	21
654	1981	295	21
654	1982	290	21
654	1983	290	21
654	1984	298	21
654	1985	304	21
654	1986	284	21
654	1987	302	21
654	1988	310	21
654	1989	318	21
654	1990	302	21
654	1991	283	21
654	1992	297	21
654	1993	301	21
654	1994	297	21
654	1995	293	21
654	1996	301	21
654	1997	303	21
654	1998	293	21
654	1999	301	21
656	1979	286	35
656	1980	287	35
656	1981	279	35
656	1982	287	35
656	1983	299	35
656	1984	289	35
656	1985	287	35
656	1986	303	35
656	1988	305	35
656	1990	280	35
656	1991	288	35
656	1992	281	35
656	1993	291	35
656	1994	276	35
656	1995	309	35
656	1996	293	35
656	1997	301	35
656	1998	303	35
656	1999	298	35
656	2000	283	35
656	2001	293	35
656	2002	263	35
656	2003	305	35
656	2004	309	35
656	2005	298	35
656	2006	293	35
656	2007	283	35
656	2008	283	35
656	2009	298	35
656	2010	285	35
656	2011	298	35
656	2012	298	35
656	2013	268	35
656	2014	285	35
656	2015	285	35
662	1979	315	34
662	1980	306	34
662	1981	309	34
662	1982	318	34
662	1983	264	34
662	1984	314	34
662	1985	314	34
662	1986	280	34
662	1987	301	34
662	1989	314	34
662	1990	307	34
662	1991	319	34
662	1992	309	34
662	1993	288	34
662	1994	291	34
662	1995	308	34
662	1997	316	34
662	1998	290	34
662	1999	314	34
662	2000	306	34
662	2001	320	34
662	2002	314	34
662	2003	297	34
662	2004	308	34
662	2005	341	34
662	2006	324	34
662	2007	292	34
662	2008	297	34
662	2009	310	34
662	2010	305	34
662	2011	324	34
662	2012	320	34
662	2014	311	34
662	2015	302	34
669	1979	286	36
669	1981	303	36
669	1982	297	36
669	1983	300	36
669	1984	310	36
669	1985	301	36
669	1986	292	36
669	1987	307	36
669	1988	296	36
669	1989	296	36
669	1990	300	36
669	1991	286	36
669	1992	304	36
669	1993	278	36
669	1994	289	36
669	1995	295	36
669	1996	281	36
669	1997	305	36
669	1998	288	36
669	1999	296	36
669	2000	297	36
669	2001	299	36
669	2002	297	36
669	2003	285	36
669	2004	293	36
669	2005	295	36
669	2006	293	36
669	2007	284	36
669	2008	291	36
669	2009	298	36
669	2010	294	36
669	2011	303	36
669	2012	302	36
669	2013	295	36
669	2014	298	36
669	2015	299	36
670	1980	290	21
670	1981	291	21
670	1982	285	21
670	1983	284	21
670	1984	288	21
670	1985	288	21
670	1986	284	21
670	1987	290	21
670	1988	295	21
670	1989	290	21
670	1990	280	21
670	1991	292	21
670	1992	283	21
670	1993	278	21
670	1994	273	21
670	1995	281	21
670	1996	286	21
670	1997	292	21
670	1998	276	21
670	1999	282	21
670	2000	274	21
671	1979	277	36
671	1980	282	36
671	1981	292	36
671	1982	288	36
671	1983	285	36
671	1984	290	36
671	1985	291	36
671	1986	295	36
671	1987	289	36
671	1988	290	36
671	1989	273	36
671	1990	280	36
671	1991	293	36
671	1992	283	36
671	1993	276	36
671	1994	288	36
671	1995	303	36
671	1996	294	36
671	1997	298	36
671	1998	288	36
671	1999	296	36
671	2000	293	36
671	2001	299	36
671	2002	292	36
671	2003	296	36
671	2004	293	36
671	2005	296	36
671	2006	308	36
671	2007	287	36
671	2008	298	36
671	2009	294	36
671	2010	298	36
671	2011	297	36
671	2012	313	36
671	2013	292	36
671	2014	288	36
677	1986	291	27
677	1987	295	27
677	1988	289	27
677	1989	278	27
677	1990	282	27
677	1991	308	27
677	1992	293	27
677	1993	292	27
677	1994	286	27
677	1995	304	27
677	1996	295	27
677	1997	288	27
677	1998	289	27
677	1999	288	27
677	2000	295	27
677	2001	302	27
677	2002	292	27
677	2003	287	27
677	2004	293	27
677	2005	299	27
677	2006	299	27
677	2007	278	27
677	2008	292	27
677	2009	290	27
677	2010	295	27
677	2012	295	27
677	2013	280	27
679	1979	308	31
679	1980	305	31
679	1981	305	31
679	1982	316	31
679	1983	315	31
679	1984	315	31
679	1985	306	31
679	1986	290	31
679	1987	301	31
679	1988	293	31
679	1989	304	31
679	1990	293	31
679	1991	311	31
679	1992	309	31
679	1993	291	31
679	1994	298	31
679	1995	312	31
679	1996	299	31
679	1997	310	31
679	1998	301	31
679	1999	303	31
679	2000	302	31
679	2001	303	31
679	2002	300	31
679	2003	306	31
679	2004	297	31
679	2005	303	31
679	2006	313	31
679	2007	294	31
679	2008	295	31
679	2009	296	31
680	1979	289	27
680	1990	295	27
680	1991	314	27
680	1992	298	27
680	1993	285	27
680	1994	263	27
680	1995	314	27
680	1996	298	27
680	1997	306	27
680	1998	294	27
680	1999	299	27
680	2000	289	27
680	2001	298	27
680	2002	287	27
680	2003	285	27
680	2004	293	27
680	2005	295	27
680	2006	293	27
680	2007	293	27
680	2008	292	27
680	2009	294	27
680	2010	296	27
680	2011	299	27
680	2012	333	27
680	2013	307	27
680	2014	312	27
680	2015	301	27
683	1979	276	23
683	1980	292	23
683	1981	277	23
683	1982	263	23
683	1983	263	23
683	1984	290	23
683	1985	266	23
683	1986	257	23
683	1987	277	23
683	1988	267	23
683	1989	281	23
683	1990	272	23
683	1991	267	23
683	1992	277	23
683	1993	247	23
683	1994	261	23
683	1995	275	23
683	1996	263	23
683	1997	273	23
683	1998	283	23
683	1999	270	23
683	2000	262	23
683	2001	272	23
696	1979	289	18
696	1980	300	18
696	1981	297	18
696	1982	295	18
696	1983	294	18
696	1984	299	18
696	1985	303	18
696	1986	286	18
696	1987	306	18
696	1988	292	18
696	1989	314	18
696	1990	307	18
696	1991	303	18
696	1992	293	18
696	1993	292	18
696	1994	293	18
696	1995	312	18
696	1996	290	18
697	1986	295	30
697	1987	307	30
697	1988	288	30
697	1989	291	30
697	1990	290	30
697	1991	307	30
697	1992	298	30
697	1993	279	30
697	1994	295	30
697	1995	313	30
697	1996	301	30
697	1997	307	30
697	1998	290	30
697	1999	300	30
697	2000	297	30
697	2001	304	30
697	2002	291	30
697	2003	308	30
697	2004	299	30
697	2005	301	30
697	2006	309	30
697	2007	293	30
697	2008	301	30
697	2009	300	30
697	2010	304	30
697	2011	303	30
697	2012	316	30
697	2013	304	30
697	2014	304	30
697	2015	299	30
702	1980	289	16
702	1981	288	16
702	1982	289	16
702	1984	302	16
702	1985	300	16
702	1986	293	16
702	1987	298	16
702	1988	296	16
702	1989	291	16
702	1990	283	16
702	1991	308	16
702	1992	276	16
702	1993	273	16
702	1994	283	16
702	1996	288	16
702	1997	274	16
708	1979	286	25
708	1980	295	25
708	1981	297	25
708	1982	293	25
708	1983	288	25
708	1984	293	25
708	1985	293	25
708	1986	284	25
708	1987	290	25
708	1988	291	25
708	1989	297	25
708	1990	288	25
708	1991	303	25
708	1992	296	25
708	1993	291	25
708	1994	289	25
708	1995	301	25
708	1996	287	25
708	1997	297	25
708	1998	286	25
708	1999	288	25
708	2000	285	25
708	2001	309	25
708	2002	276	25
708	2003	297	25
717	1979	261	28
717	1980	266	28
717	1981	276	28
717	1982	281	28
717	1983	288	28
717	1984	291	28
717	1985	296	28
717	1986	294	28
717	1987	301	28
717	1988	299	28
717	1989	289	28
717	1990	297	28
717	1991	294	28
717	1992	289	28
717	1993	292	28
717	1994	291	28
717	1995	302	28
717	1996	300	28
717	1997	302	28
717	1998	293	28
717	1999	296	28
717	2000	299	28
717	2001	298	28
717	2002	298	28
717	2003	301	28
717	2004	302	28
717	2005	304	28
717	2006	306	28
732	1979	289	21
732	1980	292	21
732	1987	298	21
732	1988	298	21
732	1990	288	21
732	1991	309	21
732	1992	283	21
732	1993	253	21
732	1994	263	21
732	1995	307	21
732	1996	267	21
732	1997	270	21
732	1998	293	21
732	1999	285	21
732	2000	288	21
732	2001	267	21
732	2002	288	21
732	2003	283	21
732	2004	276	21
732	2005	285	21
732	2006	292	21
733	1979	319	33
733	1980	305	33
733	1981	305	33
733	1983	303	33
733	1984	300	33
733	1985	328	33
733	1986	288	33
733	1987	312	33
733	1988	295	33
733	1989	305	33
733	1990	297	33
733	1993	293	33
733	1994	291	33
733	1995	303	33
733	1996	285	33
733	1997	295	33
733	1998	283	33
733	1999	287	33
733	2000	278	33
733	2001	291	33
733	2002	277	33
733	2003	281	33
733	2004	283	33
733	2005	287	33
733	2006	286	33
733	2007	284	33
733	2008	276	33
733	2009	275	33
733	2010	271	33
733	2012	295	33
733	2013	280	33
733	2014	292	33
733	2015	287	33
737	1979	276	18
737	1980	276	18
737	1981	284	18
737	1982	283	18
737	1983	271	18
737	1984	279	18
737	1985	277	18
737	1986	264	18
737	1987	266	18
737	1988	259	18
737	1989	265	18
737	1990	278	18
737	1991	287	18
737	1992	291	18
737	1993	275	18
737	1994	263	18
737	1995	277	18
737	1996	278	18
739	1979	299	15
739	1980	304	15
739	1981	316	15
739	1982	324	15
739	1983	279	15
739	1984	330	15
739	1985	293	15
739	1986	299	15
739	1987	298	15
739	1988	288	15
739	1989	290	15
739	1990	295	15
739	1991	294	15
739	1992	293	15
739	1993	289	15
743	1979	282	15
743	1980	286	15
743	1981	290	15
743	1982	286	15
743	1983	283	15
743	1984	289	15
743	1985	291	15
743	1986	284	15
743	1987	288	15
743	1988	285	15
743	1989	287	15
743	1990	283	15
743	1991	291	15
743	1992	280	15
743	1993	281	15
746	1980	258	18
746	1981	279	18
746	1982	262	18
746	1983	276	18
746	1984	291	18
746	1985	273	18
746	1986	250	18
746	1987	295	18
746	1988	288	18
746	1989	265	18
746	1990	289	18
746	1991	306	18
746	1992	257	18
746	1993	267	18
746	1994	266	18
746	1996	272	18
746	1997	275	18
746	1998	302	18
748	1981	276	15
748	1991	312	15
748	1998	290	15
748	1999	303	15
748	2000	293	15
748	2002	294	15
748	2006	286	15
748	2008	297	15
748	2009	301	15
748	2010	304	15
748	2011	299	15
748	2012	317	15
748	2013	294	15
748	2014	302	15
748	2015	293	15
750	1979	273	20
750	1980	277	20
750	1981	287	20
750	1982	285	20
750	1983	260	20
750	1984	290	20
750	1985	294	20
750	1986	265	20
750	1987	295	20
750	1988	285	20
750	1990	276	20
750	1991	312	20
750	1992	307	20
750	1993	284	20
750	1994	290	20
750	1995	315	20
750	1996	299	20
750	1997	310	20
750	1998	297	20
750	1999	302	20
753	1979	285	28
753	1980	295	28
753	1981	288	28
753	1982	297	28
753	1983	285	28
753	1984	313	28
753	1985	294	28
753	1986	280	28
753	1987	289	28
753	1988	285	28
753	1989	285	28
753	1990	280	28
753	1991	285	28
753	1992	275	28
753	1993	270	28
753	1994	271	28
753	1995	279	28
753	1996	285	28
753	1997	283	28
753	1998	287	28
753	1999	287	28
753	2000	288	28
753	2001	296	28
753	2002	292	28
753	2003	287	28
753	2004	289	28
753	2005	281	28
753	2006	283	28
756	1979	293	22
756	1980	295	22
756	1981	297	22
756	1982	262	22
756	1983	299	22
756	1984	306	22
756	1985	289	22
756	1986	281	22
756	1987	292	22
756	1988	279	22
756	1989	285	22
756	1990	296	22
756	1991	305	22
756	1992	294	22
756	1993	289	22
756	1994	293	22
756	1995	300	22
756	1996	299	22
756	1997	296	22
756	1998	292	22
756	1999	293	22
756	2000	294	22
758	1979	287	15
758	1980	295	15
758	1981	293	15
758	1982	289	15
758	1983	286	15
758	1984	285	15
758	1985	285	15
758	1986	282	15
758	1987	295	15
758	1988	288	15
758	1989	293	15
758	1990	291	15
758	1991	285	15
758	1992	290	15
758	1993	288	15
761	1979	283	37
761	1980	293	37
761	1981	286	37
761	1982	285	37
761	1983	286	37
761	1984	290	37
761	1985	288	37
761	1986	272	37
761	1987	285	37
761	1988	286	37
761	1989	284	37
761	1990	278	37
761	1991	281	37
761	1992	299	37
761	1993	288	37
761	1994	292	37
761	1995	280	37
761	1996	285	37
761	1997	298	37
761	1998	287	37
761	1999	294	37
761	2000	298	37
761	2001	304	37
761	2002	297	37
761	2003	299	37
761	2004	290	37
761	2005	296	37
761	2006	299	37
761	2007	294	37
761	2008	297	37
761	2009	298	37
761	2010	297	37
761	2011	299	37
761	2012	302	37
761	2013	295	37
761	2014	296	37
761	2015	297	37
764	1980	284	16
764	1981	283	16
764	1982	307	16
764	1983	295	16
764	1984	283	16
764	1985	305	16
764	1986	269	16
764	1987	288	16
764	1988	277	16
764	1989	297	16
764	1991	293	16
764	1992	262	16
764	1993	263	16
764	1994	262	16
764	1995	272	16
764	1996	271	16
765	1979	272	37
765	1980	294	37
765	1981	296	37
765	1982	298	37
765	1983	287	37
765	1984	290	37
765	1985	296	37
765	1986	271	37
765	1987	287	37
765	1988	280	37
765	1989	295	37
765	1990	307	37
765	1991	288	37
765	1992	291	37
765	1993	281	37
765	1994	288	37
765	1995	299	37
765	1996	292	37
765	1997	273	37
765	1998	283	37
765	1999	289	37
765	2000	286	37
765	2001	292	37
765	2002	284	37
765	2003	294	37
765	2004	295	37
765	2005	297	37
765	2006	314	37
765	2007	291	37
765	2008	300	37
765	2009	303	37
765	2010	296	37
765	2011	297	37
765	2012	310	37
765	2013	288	37
765	2014	292	37
765	2015	298	37
766	1979	285	36
766	1981	296	36
766	1982	281	36
766	1983	293	36
766	1984	288	36
766	1985	296	36
766	1986	287	36
766	1987	318	36
766	1988	317	36
766	1989	322	36
766	1990	320	36
766	1991	321	36
766	1992	304	36
766	1993	309	36
766	1994	296	36
766	1995	315	36
766	1996	293	36
766	1997	268	36
766	1998	283	36
766	1999	285	36
766	2000	281	36
766	2001	277	36
766	2002	273	36
766	2003	288	36
766	2004	293	36
766	2005	287	36
766	2006	283	36
766	2007	279	36
766	2008	275	36
766	2009	272	36
766	2010	278	36
766	2011	275	36
766	2012	289	36
766	2013	284	36
766	2014	273	36
766	2015	284	36
771	1981	282	26
771	1982	279	26
771	1983	286	26
771	1984	275	26
771	1985	295	26
771	1986	278	26
771	1987	286	26
771	1988	285	26
771	1989	284	26
771	1990	288	26
771	1991	289	26
771	1992	283	26
771	1993	281	26
771	1994	283	26
771	1995	285	26
771	1996	283	26
771	1997	283	26
771	1998	280	26
771	1999	283	26
771	2000	281	26
771	2001	283	26
771	2002	279	26
771	2003	281	26
771	2004	283	26
771	2005	285	26
771	2006	288	26
773	1981	296	18
773	1982	297	18
773	1983	272	18
773	1984	299	18
773	1986	261	18
773	1987	282	18
773	1988	288	18
773	1989	287	18
773	1990	286	18
773	1991	313	18
773	1992	296	18
773	1993	288	18
773	1994	293	18
773	1995	314	18
773	1996	298	18
773	1997	298	18
773	1998	293	18
773	1999	300	18
777	1980	288	17
777	1981	285	17
777	1982	274	17
777	1983	284	17
777	1984	286	17
777	1985	266	17
777	1986	257	17
777	1987	279	17
777	1988	269	17
777	1989	279	17
777	1990	271	17
777	1991	302	17
777	1992	275	17
777	1993	267	17
777	1994	273	17
777	1995	280	17
777	1996	277	17
778	1979	287	18
778	1980	301	18
778	1981	290	18
778	1982	298	18
778	1983	300	18
778	1984	305	18
778	1985	310	18
778	1986	284	18
778	1987	304	18
778	1988	288	18
778	1989	297	18
778	1990	298	18
778	1991	310	18
778	1992	307	18
778	1993	290	18
778	1994	290	18
778	1995	309	18
778	1996	297	18
784	1979	260	33
784	1980	260	33
784	1981	277	33
784	1982	280	33
784	1983	269	33
784	1984	250	33
784	1985	244	33
784	1988	261	33
784	1990	318	33
784	1991	293	33
784	1992	299	33
784	1994	275	33
784	1995	278	33
784	1996	268	33
784	1997	288	33
784	1998	285	33
784	1999	288	33
784	2000	283	33
784	2001	300	33
784	2002	298	33
784	2003	306	33
784	2004	299	33
784	2005	307	33
784	2006	309	33
784	2007	303	33
784	2008	295	33
784	2009	300	33
784	2010	298	33
784	2011	302	33
784	2012	317	33
784	2013	305	33
784	2014	296	33
784	2015	301	33
785	1979	259	19
785	1980	293	19
785	1981	286	19
785	1982	289	19
785	1983	292	19
785	1984	300	19
785	1985	290	19
785	1986	285	19
785	1987	295	19
785	1989	298	19
785	1990	308	19
785	1991	292	19
785	1992	291	19
785	1993	285	19
785	1994	273	19
785	1995	306	19
785	1996	287	19
785	1997	276	19
785	1998	262	19
788	1987	278	19
788	1991	283	19
788	1993	265	19
788	1994	277	19
788	1995	288	19
788	1998	309	19
788	1999	276	19
788	2000	282	19
788	2002	271	19
788	2003	275	19
788	2005	288	19
788	2006	283	19
788	2007	282	19
788	2008	271	19
788	2010	270	19
788	2012	301	19
788	2013	272	19
788	2014	268	19
788	2015	271	19
789	1979	290	26
789	1980	306	26
789	1981	297	26
789	1982	298	26
789	1983	305	26
789	1984	302	26
789	1985	314	26
789	1986	275	26
789	1987	289	26
789	1988	265	26
789	1989	268	26
789	1990	281	26
789	1991	263	26
789	1992	273	26
789	1993	267	26
789	1994	283	26
789	1995	283	26
789	1996	282	26
789	1997	279	26
789	1998	274	26
789	1999	285	26
789	2000	290	26
789	2001	289	26
789	2002	281	26
789	2003	281	26
789	2004	280	26
790	1979	282	16
790	1980	289	16
790	1981	281	16
790	1982	297	16
790	1987	283	16
790	1988	280	16
790	1992	268	16
790	1996	266	16
790	1997	274	16
790	2000	266	16
790	2007	250	16
790	2008	266	16
790	2009	255	16
790	2013	269	16
790	2014	289	16
790	2015	261	16
793	1979	248	27
793	1980	260	27
793	1981	261	27
793	1984	266	27
793	1985	258	27
793	1986	247	27
793	1987	267	27
793	1988	256	27
793	1989	256	27
793	1990	272	27
793	1991	274	27
793	1992	275	27
793	1994	283	27
793	1995	263	27
793	1997	266	27
793	2000	258	27
793	2001	278	27
793	2002	263	27
793	2003	271	27
793	2004	266	27
793	2005	281	27
793	2006	283	27
793	2007	258	27
793	2008	256	27
793	2009	262	27
793	2011	272	27
793	2014	288	27
797	1979	269	33
797	1980	289	33
797	1981	284	33
797	1982	289	33
797	1983	298	33
797	1984	284	33
797	1985	289	33
797	1986	263	33
797	1987	291	33
797	1988	288	33
797	1989	270	33
797	1990	288	33
797	1991	299	33
797	1992	290	33
797	1993	288	33
797	1994	288	33
797	1995	301	33
797	1996	292	33
797	1997	298	33
797	1998	289	33
797	1999	308	33
797	2000	306	33
797	2001	308	33
797	2002	303	33
797	2003	290	33
797	2004	297	33
797	2005	298	33
797	2006	311	33
797	2007	290	33
797	2009	293	33
797	2010	296	33
797	2011	300	33
797	2012	300	33
799	1979	284	35
799	1980	297	35
799	1981	303	35
799	1982	307	35
799	1983	303	35
799	1985	311	35
799	1986	295	35
799	1987	310	35
799	1988	300	35
799	1989	296	35
799	1990	307	35
799	1992	302	35
799	1993	300	35
799	1994	298	35
799	1995	312	35
799	1996	297	35
799	1997	304	35
799	1998	298	35
799	1999	302	35
799	2000	297	35
799	2001	312	35
799	2002	306	35
799	2003	305	35
799	2004	301	35
799	2005	311	35
799	2006	315	35
799	2007	302	35
799	2008	302	35
799	2009	297	35
799	2010	300	35
799	2011	304	35
799	2012	327	35
799	2013	316	35
799	2014	309	35
799	2015	299	35
800	1979	290	36
800	1980	280	36
800	1981	288	36
800	1982	290	36
800	1983	264	36
800	1984	298	36
800	1985	289	36
800	1986	280	36
800	1987	290	36
800	1988	280	36
800	1989	282	36
800	1990	287	36
800	1992	292	36
800	1993	282	36
800	1994	292	36
800	1995	309	36
800	1996	295	36
800	1997	303	36
800	1998	297	36
800	1999	300	36
800	2000	296	36
800	2001	304	36
800	2002	296	36
800	2003	294	36
800	2004	297	36
800	2005	301	36
800	2006	311	36
800	2007	297	36
800	2008	295	36
800	2009	299	36
800	2010	297	36
800	2011	300	36
800	2012	312	36
800	2013	296	36
800	2014	297	36
800	2015	299	36
806	1979	298	26
806	1980	297	26
806	1981	299	26
806	1982	301	26
806	1983	306	26
806	1984	307	26
806	1985	302	26
806	1986	298	26
806	1987	315	26
806	1988	291	26
806	1990	291	26
806	1996	293	26
806	1997	283	26
806	1998	288	26
806	1999	295	26
806	2000	298	26
806	2001	295	26
806	2002	283	26
806	2003	287	26
806	2004	285	26
806	2005	293	26
806	2006	295	26
806	2007	282	26
806	2008	285	26
806	2009	291	26
806	2010	288	26
807	1981	284	35
807	1982	284	35
807	1983	278	35
807	1984	291	35
807	1985	273	35
807	1986	293	35
807	1987	286	35
807	1988	282	35
807	1989	277	35
807	1990	271	35
807	1991	286	35
807	1992	270	35
807	1993	274	35
807	1994	283	35
807	1995	294	35
807	1996	275	35
807	1997	271	35
807	1998	279	35
807	1999	281	35
807	2000	289	35
807	2001	284	35
807	2002	274	35
807	2003	283	35
807	2004	295	35
807	2005	296	35
807	2006	292	35
807	2007	282	35
807	2008	284	35
807	2009	281	35
807	2010	285	35
807	2011	277	35
807	2012	312	35
807	2013	285	35
807	2014	269	35
807	2015	293	35
810	1979	293	37
810	1980	301	37
810	1981	298	37
810	1982	299	37
810	1983	280	37
810	1984	306	37
810	1985	305	37
810	1986	288	37
810	1987	302	37
810	1988	303	37
810	1989	288	37
810	1990	299	37
810	1991	288	37
810	1992	302	37
810	1993	293	37
810	1994	288	37
810	1995	293	37
810	1996	293	37
810	1997	291	37
810	1998	295	37
810	1999	308	37
810	2000	307	37
810	2001	301	37
810	2002	291	37
810	2003	284	37
810	2004	290	37
810	2005	291	37
810	2006	297	37
810	2007	281	37
810	2008	282	37
810	2009	292	37
810	2010	282	37
810	2011	294	37
810	2012	315	37
810	2013	307	37
810	2014	285	37
810	2015	294	37
825	1979	314	15
825	1980	305	15
825	1981	307	15
825	1982	304	15
825	1983	310	15
825	1990	304	15
825	1991	290	15
825	1992	298	15
825	1993	300	15
825	1994	298	15
825	1995	291	15
825	1996	300	15
825	1997	319	15
825	1998	267	15
825	1999	299	15
831	1979	314	22
831	1980	304	22
831	1981	305	22
831	1982	306	22
831	1983	309	22
831	1984	313	22
831	1985	316	22
831	1988	282	22
831	1989	286	22
831	1990	303	22
831	1991	284	22
831	1992	299	22
831	1993	290	22
831	1994	291	22
831	1995	287	22
831	1996	292	22
831	1997	299	22
831	1998	288	22
831	1999	298	22
831	2000	293	22
831	2001	302	22
831	2002	292	22
833	1979	302	20
833	1980	305	20
833	1981	290	20
833	1982	289	20
833	1983	295	20
833	1984	291	20
833	1985	270	20
833	1986	296	20
833	1987	280	20
833	1988	272	20
833	1989	296	20
833	1990	289	20
833	1991	296	20
833	1992	287	20
833	1993	278	20
833	1994	302	20
833	1995	302	20
833	1996	300	20
833	1997	281	20
833	1998	268	20
839	1979	280	23
839	1980	290	23
839	1981	293	23
839	1982	291	23
839	1983	300	23
839	1984	288	23
839	1985	305	23
839	1986	279	23
839	1988	278	23
839	1989	304	23
839	1990	274	23
839	1991	295	23
839	1992	282	23
839	1993	270	23
839	1994	268	23
839	1995	270	23
839	1996	289	23
839	1997	296	23
839	1998	288	23
839	1999	288	23
839	2000	290	23
839	2001	290	23
839	2002	280	23
840	1979	282	37
840	1980	300	37
840	1981	302	37
840	1982	299	37
840	1983	302	37
840	1984	302	37
840	1985	306	37
840	1986	285	37
840	1987	295	37
840	1988	290	37
840	1989	295	37
840	1990	312	37
840	1991	304	37
840	1992	291	37
840	1993	298	37
840	1994	295	37
840	1995	306	37
840	1996	291	37
840	1997	301	37
840	1998	292	37
840	1999	300	37
840	2000	299	37
840	2001	304	37
840	2002	286	37
840	2003	296	37
840	2004	294	37
840	2005	299	37
840	2006	307	37
840	2007	288	37
840	2008	286	37
840	2009	294	37
840	2010	295	37
840	2011	298	37
840	2012	305	37
840	2013	293	37
840	2014	299	37
840	2015	295	37
841	1979	270	32
841	1980	283	32
841	1981	280	32
841	1982	270	32
841	1983	260	32
841	1984	278	32
841	1985	290	32
841	1986	259	32
841	1987	274	32
841	1988	270	32
841	1989	265	32
841	1990	275	32
841	1991	297	32
841	1992	278	32
841	1993	270	32
841	1994	283	32
841	1995	281	32
841	1996	278	32
841	1997	274	32
841	1998	288	32
841	1999	279	32
841	2000	278	32
841	2001	280	32
841	2002	268	32
841	2003	283	32
841	2004	280	32
841	2005	289	32
841	2006	293	32
841	2007	268	32
841	2008	268	32
841	2009	283	32
841	2010	282	32
846	1979	273	18
846	1980	280	18
846	1981	283	18
846	1982	284	18
846	1983	287	18
846	1984	287	18
846	1985	293	18
846	1986	293	18
846	1987	282	18
846	1988	281	18
846	1989	265	18
846	1990	280	18
846	1991	304	18
846	1992	294	18
846	1993	278	18
846	1994	283	18
846	1995	303	18
846	1996	301	18
847	1979	300	29
847	1980	292	29
847	1981	300	29
847	1982	307	29
847	1983	277	29
847	1984	297	29
847	1985	284	29
847	1986	311	29
847	1987	310	29
847	1989	291	29
847	1992	309	29
847	1995	306	29
847	1996	309	29
847	1997	320	29
847	1998	307	29
847	1999	288	29
847	2000	314	29
847	2001	309	29
847	2002	307	29
847	2003	305	29
847	2004	309	29
847	2005	310	29
847	2006	306	29
847	2007	296	29
847	2008	290	29
847	2009	299	29
847	2010	316	29
847	2013	309	29
847	2014	303	29
855	1979	285	37
855	1980	286	37
855	1981	290	37
855	1982	286	37
855	1983	288	37
855	1984	308	37
855	1985	298	37
855	1986	287	37
855	1987	288	37
855	1988	289	37
855	1989	301	37
855	1990	297	37
855	1991	314	37
855	1992	305	37
855	1993	303	37
855	1994	297	37
855	1995	288	37
855	1996	286	37
855	1997	276	37
855	1998	285	37
855	1999	278	37
855	2000	282	37
855	2001	296	37
855	2002	287	37
855	2003	287	37
855	2004	285	37
855	2005	290	37
855	2006	286	37
855	2007	269	37
855	2008	269	37
855	2009	288	37
855	2010	281	37
855	2011	296	37
855	2012	294	37
855	2013	288	37
855	2014	290	37
855	2015	291	37
857	1979	271	26
857	1980	279	26
857	1981	273	26
857	1982	300	26
857	1983	272	26
857	1984	278	26
857	1985	284	26
857	1986	276	26
857	1987	287	26
857	1988	270	26
857	1989	280	26
857	1990	260	26
857	1991	281	26
857	1992	293	26
857	1993	265	26
857	1994	289	26
857	1995	293	26
857	1996	287	26
857	1998	287	26
857	2000	288	26
857	2001	309	26
857	2003	288	26
857	2004	281	26
857	2005	292	26
857	2006	294	26
857	2007	291	26
860	1979	300	36
860	1980	305	36
860	1981	295	36
860	1982	291	36
860	1983	289	36
860	1984	290	36
860	1985	292	36
860	1986	257	36
860	1987	282	36
860	1988	270	36
860	1989	278	36
860	1990	280	36
860	1991	288	36
860	1992	276	36
860	1993	283	36
860	1994	285	36
860	1995	283	36
860	1996	291	36
860	1997	301	36
860	1998	302	36
860	1999	301	36
860	2000	300	36
860	2001	299	36
860	2002	283	36
860	2003	275	36
860	2004	276	36
860	2005	278	36
860	2006	287	36
860	2007	283	36
860	2008	275	36
860	2009	278	36
860	2011	283	36
860	2012	326	36
860	2013	283	36
860	2014	278	36
860	2015	294	36
862	1980	304	16
862	1981	303	16
862	1982	304	16
862	1983	282	16
862	1984	291	16
862	1985	303	16
862	1986	273	16
862	1987	280	16
862	1988	288	16
862	1989	284	16
862	1990	293	16
862	1991	293	16
862	1992	296	16
862	1993	282	16
862	1994	299	16
862	1995	291	16
867	1979	321	36
867	1981	288	36
867	1982	294	36
867	1983	281	36
867	1984	273	36
867	1985	284	36
867	1986	269	36
867	1987	300	36
867	1988	305	36
867	1989	305	36
867	1990	306	36
867	1991	303	36
867	1992	303	36
867	1993	287	36
867	1994	306	36
867	1995	303	36
867	1996	312	36
867	1997	323	36
867	1998	303	36
867	1999	300	36
867	2000	303	36
867	2001	319	36
867	2002	323	36
867	2003	314	36
867	2004	289	36
867	2005	293	36
867	2006	293	36
867	2007	288	36
867	2008	286	36
867	2009	293	36
867	2010	271	36
867	2011	303	36
867	2012	314	36
867	2013	276	36
867	2014	283	36
867	2015	288	36
868	1979	298	23
868	1980	271	23
868	1981	281	23
868	1982	283	23
868	1983	291	23
868	1984	278	23
868	1985	282	23
868	1986	292	23
868	1987	293	23
868	1988	296	23
868	1989	286	23
868	1990	283	23
868	1991	296	23
868	1992	285	23
868	1993	271	23
868	1994	279	23
868	1995	296	23
868	1996	297	23
868	1997	292	23
868	1998	285	23
868	1999	290	23
868	2000	288	23
868	2001	293	23
872	1981	295	19
872	1987	279	19
872	1988	255	19
872	1994	285	19
872	1996	278	19
872	1997	273	19
872	1998	276	19
872	1999	286	19
872	2000	319	19
872	2001	303	19
872	2002	261	19
872	2003	267	19
872	2004	277	19
872	2005	279	19
872	2006	301	19
872	2007	272	19
872	2008	288	19
872	2009	253	19
872	2010	301	19
875	1981	290	18
875	1982	298	18
875	1983	295	18
875	1984	288	18
875	1985	290	18
875	1986	280	18
875	1987	292	18
875	1988	291	18
875	1989	291	18
875	1990	285	18
875	1991	316	18
875	1992	297	18
875	1993	282	18
875	1994	280	18
875	1995	283	18
875	1996	291	18
875	1997	293	18
875	1998	291	18
876	1991	308	15
876	1992	306	15
876	1993	298	15
876	1994	294	15
876	1995	305	15
876	1996	290	15
876	1997	295	15
876	1998	284	15
876	1999	299	15
876	2000	294	15
876	2001	305	15
876	2002	296	15
876	2003	298	15
876	2004	291	15
876	2005	292	15
877	1979	264	15
877	1980	288	15
877	1981	266	15
877	1982	256	15
877	1984	288	15
877	1985	285	15
877	1986	271	15
877	1987	274	15
877	1988	269	15
877	1989	277	15
877	1990	278	15
877	1993	270	15
877	1996	284	15
877	1997	267	15
877	1999	277	15
880	1979	287	26
880	1980	291	26
880	1981	294	26
880	1982	274	26
880	1983	288	26
880	1984	292	26
880	1985	282	26
880	1986	273	26
880	1987	285	26
880	1988	287	26
880	1989	294	26
880	1990	288	26
880	1992	284	26
880	1993	284	26
880	1994	292	26
880	1995	309	26
880	1996	301	26
880	1997	301	26
880	1998	290	26
880	1999	302	26
880	2000	294	26
880	2001	302	26
880	2002	295	26
880	2003	285	26
880	2005	291	26
880	2006	307	26
882	1979	295	17
882	1980	297	17
882	1981	293	17
882	1982	294	17
882	1983	293	17
882	1984	286	17
882	1985	296	17
882	1986	291	17
882	1987	297	17
882	1988	284	17
882	1989	309	17
882	1990	299	17
882	1991	303	17
882	1992	296	17
882	1993	293	17
882	1994	273	17
882	1995	294	17
883	1980	300	28
883	1981	290	28
883	1982	287	28
883	1983	299	28
883	1984	288	28
883	1985	306	28
883	1986	275	28
883	1989	303	28
883	1991	306	28
883	1992	308	28
883	1993	290	28
883	1995	304	28
883	1996	301	28
883	1998	303	28
883	1999	298	28
883	2000	295	28
883	2001	302	28
883	2002	293	28
883	2003	302	28
883	2004	296	28
883	2005	300	28
883	2007	288	28
883	2008	282	28
883	2009	305	28
883	2010	305	28
883	2011	306	28
883	2012	314	28
883	2013	284	28
887	1980	291	21
887	1981	270	21
887	1983	263	21
887	1984	278	21
887	1985	280	21
887	1986	297	21
887	1987	285	21
887	1988	295	21
887	1989	316	21
887	1990	268	21
887	1991	275	21
887	1992	285	21
887	1993	276	21
887	1994	298	21
887	1995	301	21
887	1996	298	21
887	1997	288	21
887	1998	285	21
887	1999	288	21
887	2000	283	21
887	2001	278	21
888	1979	295	16
888	1980	294	16
888	1981	289	16
888	1982	279	16
888	1983	286	16
888	1984	280	16
888	1985	274	16
888	1986	276	16
888	1989	264	16
888	1990	264	16
888	1991	264	16
888	1992	288	16
888	1993	284	16
888	1994	281	16
888	1995	276	16
888	2015	307	16
889	1980	278	18
889	1981	274	18
889	1982	276	18
889	1983	277	18
889	1984	285	18
889	1985	286	18
889	1986	273	18
889	1987	291	18
889	1988	290	18
889	1989	283	18
889	1990	280	18
889	1991	290	18
889	1992	278	18
889	1993	267	18
889	1994	278	18
889	1995	281	18
889	1996	291	18
889	2015	296	18
890	1979	298	19
890	1980	288	19
890	1981	301	19
890	1982	282	19
890	1983	296	19
890	1984	297	19
890	1985	292	19
890	1986	280	19
890	1988	285	19
890	1989	286	19
890	1990	276	19
890	1991	289	19
890	1992	289	19
890	1993	279	19
890	1994	283	19
890	1995	285	19
890	1996	289	19
890	1997	274	19
890	1998	280	19
895	1979	299	18
895	1980	281	18
895	1981	295	18
895	1982	302	18
895	1983	300	18
895	1984	299	18
895	1985	304	18
895	1986	295	18
895	1987	301	18
895	1988	300	18
895	1989	289	18
895	1990	296	18
895	1991	285	18
895	1992	287	18
895	1993	287	18
895	1994	291	18
895	1995	276	18
895	1996	281	18
897	1979	299	35
897	1980	286	35
897	1981	285	35
897	1982	273	35
897	1983	286	35
897	1984	300	35
897	1985	284	35
897	1986	294	35
897	1987	280	35
897	1988	275	35
897	1989	296	35
897	1990	292	35
897	1991	297	35
897	1992	289	35
897	1993	305	35
897	1994	298	35
897	1995	297	35
897	1996	302	35
897	1997	294	35
897	1998	309	35
897	1999	317	35
897	2000	314	35
897	2001	319	35
897	2002	296	35
897	2003	297	35
897	2004	299	35
897	2005	301	35
897	2006	304	35
897	2007	297	35
897	2008	305	35
897	2009	293	35
897	2010	298	35
897	2011	301	35
897	2012	331	35
897	2013	309	35
899	1979	291	32
899	1980	295	32
899	1981	290	32
899	1982	285	32
899	1983	297	32
899	1984	293	32
899	1985	270	32
899	1986	260	32
899	1987	281	32
899	1988	281	32
899	1989	267	32
899	1990	275	32
899	1992	270	32
899	1993	292	32
899	1994	290	32
899	1995	306	32
899	1997	286	32
899	1998	290	32
899	2000	290	32
899	2001	271	32
899	2002	285	32
899	2003	272	32
899	2005	291	32
899	2006	283	32
899	2007	288	32
899	2008	272	32
899	2009	296	32
899	2010	266	32
899	2011	292	32
899	2012	300	32
899	2014	275	32
899	2015	274	32
900	1979	292	23
900	1980	294	23
900	1981	293	23
900	1982	286	23
900	1984	310	23
900	1985	287	23
900	1987	283	23
900	1988	275	23
900	1989	280	23
900	1990	280	23
900	1991	324	23
900	1992	283	23
900	1994	296	23
900	1996	274	23
900	1997	293	23
900	1999	285	23
900	2000	274	23
900	2001	293	23
900	2002	283	23
900	2003	275	23
900	2004	274	23
900	2005	267	23
900	2006	293	23
904	1986	272	21
904	1988	277	21
904	1994	293	21
904	1997	274	21
904	1999	276	21
904	2000	272	21
904	2001	273	21
904	2002	291	21
904	2003	293	21
904	2004	296	21
904	2005	294	21
904	2006	288	21
904	2007	283	21
904	2008	282	21
904	2009	274	21
904	2010	283	21
904	2011	297	21
904	2012	322	21
904	2013	300	21
904	2014	289	21
904	2015	294	21
906	1979	294	23
906	1980	306	23
906	1981	306	23
906	1982	308	23
906	1983	306	23
906	1984	303	23
906	1985	312	23
906	1986	289	23
906	1987	310	23
906	1988	290	23
906	1989	291	23
906	1990	274	23
906	1991	310	23
906	1992	293	23
906	1993	279	23
906	1994	291	23
906	1995	300	23
906	1996	293	23
906	1997	297	23
906	1998	288	23
906	1999	303	23
906	2000	293	23
906	2001	306	23
907	1980	282	29
907	1981	298	29
907	1982	304	29
907	1983	291	29
907	1984	297	29
907	1985	276	29
907	1986	272	29
907	1987	288	29
907	1988	279	29
907	1989	286	29
907	1990	282	29
907	1991	295	29
907	1992	278	29
907	1993	274	29
907	1994	287	29
907	1995	283	29
907	1996	272	29
907	1997	285	29
907	1998	288	29
907	1999	295	29
907	2000	288	29
907	2001	300	29
907	2002	279	29
907	2003	292	29
907	2004	285	29
907	2005	292	29
907	2006	309	29
907	2007	290	29
907	2008	294	29
909	1979	288	37
909	1980	290	37
909	1981	285	37
909	1982	287	37
909	1983	280	37
909	1984	298	37
909	1985	303	37
909	1986	298	37
909	1987	310	37
909	1988	312	37
909	1989	306	37
909	1990	308	37
909	1991	293	37
909	1992	287	37
909	1993	289	37
909	1994	290	37
909	1995	296	37
909	1996	290	37
909	1997	285	37
909	1998	288	37
909	1999	293	37
909	2000	291	37
909	2001	293	37
909	2002	294	37
909	2003	295	37
909	2004	300	37
909	2005	301	37
909	2006	297	37
909	2007	288	37
909	2008	289	37
909	2009	282	37
909	2010	287	37
909	2011	298	37
909	2012	301	37
909	2013	295	37
909	2014	292	37
909	2015	296	37
910	1988	307	21
910	1989	301	21
910	1990	292	21
910	1991	288	21
910	1992	300	21
910	1993	283	21
910	1994	300	21
910	1996	283	21
910	1997	288	21
910	2000	288	21
910	2001	320	21
910	2002	288	21
910	2003	295	21
910	2004	270	21
910	2005	281	21
910	2006	297	21
910	2008	273	21
910	2009	285	21
910	2010	320	21
910	2011	295	21
910	2012	307	21
911	1979	309	22
911	1980	302	22
911	1981	300	22
911	1982	297	22
911	1983	299	22
911	1984	297	22
911	1985	301	22
911	1986	298	22
911	1987	294	22
911	1988	297	22
911	1989	298	22
911	1990	291	22
911	1991	285	22
911	1992	275	22
911	1993	283	22
911	1994	282	22
911	1995	276	22
911	1996	281	22
911	1997	283	22
911	1998	288	22
911	1999	287	22
911	2002	274	22
920	1979	296	20
920	1980	293	20
920	1981	309	20
920	1982	311	20
920	1983	307	20
920	1984	313	20
920	1985	316	20
920	1986	303	20
920	1987	310	20
920	1988	310	20
920	1989	308	20
920	1990	310	20
920	1991	306	20
920	1992	304	20
920	1993	287	20
920	1994	292	20
920	1995	305	20
920	1996	308	20
920	1997	303	20
920	1998	312	20
922	1979	281	21
922	1981	284	21
922	1982	284	21
922	1983	296	21
922	1984	296	21
922	1985	294	21
922	1986	272	21
922	1987	288	21
922	1988	288	21
922	1989	284	21
922	1990	300	21
922	1991	290	21
922	1992	299	21
922	1993	273	21
922	1994	290	21
922	1995	289	21
922	1996	285	21
922	1997	291	21
922	1998	287	21
922	1999	290	21
922	2000	286	21
926	1979	305	37
926	1980	312	37
926	1981	300	37
926	1982	310	37
926	1983	312	37
926	1984	307	37
926	1985	312	37
926	1986	296	37
926	1987	314	37
926	1988	305	37
926	1989	312	37
926	1990	315	37
926	1991	316	37
926	1992	315	37
926	1993	311	37
926	1994	299	37
926	1995	317	37
926	1996	300	37
926	1997	311	37
926	1998	297	37
926	1999	299	37
926	2000	297	37
926	2001	319	37
926	2002	296	37
926	2003	291	37
926	2004	301	37
926	2005	303	37
926	2006	303	37
926	2007	306	37
926	2008	308	37
926	2009	307	37
926	2010	307	37
926	2011	302	37
926	2012	320	37
926	2013	299	37
926	2014	302	37
926	2015	301	37
928	1980	312	30
928	1981	304	30
928	1982	315	30
928	1984	308	30
928	1985	315	30
928	1988	288	30
928	1990	308	30
928	1992	300	30
928	1993	296	30
928	1994	286	30
928	1995	301	30
928	1996	307	30
928	1997	291	30
928	1999	304	30
928	2000	305	30
928	2001	310	30
928	2002	293	30
928	2003	305	30
928	2004	283	30
928	2005	324	30
928	2006	315	30
928	2007	290	30
928	2008	304	30
928	2009	288	30
928	2010	299	30
928	2011	298	30
928	2012	324	30
928	2013	308	30
928	2014	298	30
928	2015	302	30
930	1979	282	25
930	1980	299	25
930	1981	297	25
930	1982	291	25
930	1983	299	25
930	1984	297	25
930	1985	305	25
930	1986	282	25
930	1987	279	25
930	1988	286	25
930	1989	298	25
930	1990	302	25
930	1991	305	25
930	1992	275	25
930	1993	280	25
930	1994	291	25
930	1995	293	25
930	1996	287	25
930	1997	273	25
930	1998	266	25
930	1999	293	25
930	2000	289	25
930	2001	291	25
930	2002	278	25
930	2003	319	25
931	1979	272	29
931	1980	303	29
931	1981	273	29
931	1982	292	29
931	1983	304	29
931	1984	301	29
931	1985	283	29
931	1986	286	29
931	1987	290	29
931	1988	284	29
931	1989	280	29
931	1990	271	29
931	1991	295	29
931	1992	293	29
931	1993	276	29
931	1994	284	29
931	1995	295	29
931	1996	295	29
931	1997	279	29
931	1998	279	29
931	1999	296	29
931	2000	285	29
931	2001	298	29
931	2002	281	29
931	2003	296	29
931	2004	291	29
931	2005	284	29
931	2006	295	29
931	2007	283	29
932	1979	277	21
932	1980	312	21
932	1982	309	21
932	1983	281	21
932	1984	276	21
932	1985	280	21
932	1986	258	21
932	1987	278	21
932	1988	258	21
932	1989	298	21
932	1990	293	21
932	1991	290	21
932	1992	285	21
932	1993	266	21
932	1994	286	21
932	1995	277	21
932	1996	299	21
932	1997	277	21
932	1998	296	21
932	1999	271	21
932	2000	283	21
933	1979	277	19
933	1980	283	19
933	1981	273	19
933	1982	279	19
933	1983	302	19
933	1984	281	19
933	1985	288	19
933	1986	287	19
933	1987	288	19
933	1988	271	19
933	1989	273	19
933	1990	277	19
933	1991	290	19
933	1992	279	19
933	1993	291	19
933	1994	285	19
933	1995	298	19
933	1996	283	19
933	1997	285	19
938	1979	289	37
938	1980	293	37
938	1981	291	37
938	1982	290	37
938	1983	288	37
938	1984	298	37
938	1985	279	37
938	1986	274	37
938	1987	281	37
938	1988	283	37
938	1989	287	37
938	1990	292	37
938	1991	298	37
938	1992	303	37
938	1993	291	37
938	1994	297	37
938	1995	307	37
938	1996	301	37
938	1997	284	37
938	1998	300	37
938	1999	288	37
938	2000	293	37
938	2001	281	37
938	2002	298	37
938	2003	293	37
938	2004	298	37
938	2005	305	37
938	2006	313	37
938	2007	286	37
938	2008	285	37
938	2009	287	37
938	2010	268	37
938	2011	282	37
938	2012	289	37
938	2013	308	37
938	2014	275	37
938	2015	282	37
939	1979	301	21
939	1980	298	21
939	1982	289	21
939	1983	293	21
939	1984	294	21
939	1985	273	21
939	1986	292	21
939	1987	311	21
939	1988	271	21
939	1989	282	21
939	1990	277	21
939	1991	285	21
939	1992	300	21
939	1993	274	21
939	1994	273	21
939	1995	270	21
939	1996	285	21
939	1997	277	21
939	1998	271	21
939	1999	284	21
939	2000	266	21
941	1990	298	17
941	1993	294	17
941	1994	281	17
941	1995	296	17
941	1996	292	17
941	1997	294	17
941	1998	293	17
941	1999	299	17
941	2000	289	17
941	2002	277	17
941	2003	296	17
941	2004	291	17
941	2005	294	17
941	2006	301	17
941	2007	296	17
941	2008	295	17
941	2009	288	17
942	1979	286	19
942	1980	290	19
942	1981	295	19
942	1982	302	19
942	1983	291	19
942	1984	296	19
942	1985	293	19
942	1986	285	19
942	1987	304	19
942	1988	289	19
942	1989	291	19
942	1990	300	19
942	1993	283	19
942	1994	293	19
942	1995	304	19
942	1996	297	19
942	1997	306	19
942	1998	295	19
942	1999	300	19
951	1979	280	35
951	1980	288	35
951	1981	293	35
951	1982	296	35
951	1983	294	35
951	1984	301	35
951	1985	298	35
951	1986	284	35
951	1987	296	35
951	1988	291	35
951	1989	300	35
951	1990	287	35
951	1991	309	35
951	1992	295	35
951	1993	291	35
951	1994	289	35
951	1995	298	35
951	1996	301	35
951	1997	302	35
951	1998	290	35
951	1999	289	35
951	2000	299	35
951	2001	294	35
951	2002	297	35
951	2003	306	35
951	2004	297	35
951	2005	295	35
951	2006	300	35
951	2007	274	35
951	2008	285	35
951	2009	277	35
951	2010	287	35
951	2011	279	35
951	2012	297	35
951	2013	300	35
956	1979	298	19
956	1980	298	19
956	1981	298	19
956	1982	295	19
956	1983	283	19
956	1984	303	19
956	1985	294	19
956	1986	292	19
956	1987	299	19
956	1988	297	19
956	1989	280	19
956	1990	288	19
956	1991	291	19
956	1992	289	19
956	1993	294	19
956	1994	281	19
956	1995	288	19
956	1996	290	19
956	1997	291	19
957	1986	285	25
957	1987	305	25
957	1988	297	25
957	1989	297	25
957	1990	303	25
957	1991	293	25
957	1992	297	25
957	1993	286	25
957	1994	290	25
957	1995	300	25
957	1996	290	25
957	1997	301	25
957	1998	292	25
957	1999	301	25
957	2000	293	25
957	2001	308	25
957	2003	306	25
957	2004	300	25
957	2005	295	25
957	2006	308	25
957	2007	306	25
957	2008	302	25
957	2009	291	25
957	2010	293	25
957	2011	303	25
961	1980	270	35
961	1981	293	35
961	1982	279	35
961	1983	281	35
961	1984	286	35
961	1985	296	35
961	1987	298	35
961	1988	286	35
961	1989	286	35
961	1990	293	35
961	1991	292	35
961	1992	290	35
961	1993	295	35
961	1994	292	35
961	1995	298	35
961	1996	302	35
961	1997	300	35
961	1998	293	35
961	1999	301	35
961	2000	303	35
961	2001	280	35
961	2002	299	35
961	2003	298	35
961	2004	298	35
961	2005	303	35
961	2006	302	35
961	2007	302	35
961	2008	301	35
961	2009	300	35
961	2010	307	35
961	2011	301	35
961	2012	304	35
961	2013	295	35
961	2014	293	35
961	2015	300	35
963	1983	282	15
963	1984	282	15
963	1985	295	15
963	1986	272	15
963	1987	288	15
963	1989	273	15
963	1992	275	15
963	1995	300	15
963	1997	289	15
963	1998	292	15
963	1999	293	15
963	2000	262	15
963	2001	284	15
963	2003	289	15
963	2004	287	15
966	1979	311	17
966	1980	307	17
966	1981	300	17
966	1982	294	17
966	1983	305	17
966	1984	316	17
966	1985	309	17
966	1986	298	17
966	1987	307	17
966	1988	295	17
966	1989	311	17
966	1990	319	17
966	1991	308	17
966	1992	306	17
966	1994	299	17
966	1997	312	17
966	1999	316	17
967	1979	268	23
967	1981	269	23
967	1984	295	23
967	1985	271	23
967	1986	270	23
967	1987	283	23
967	1988	284	23
967	1989	279	23
967	1990	289	23
967	1991	285	23
967	1992	272	23
967	1993	267	23
967	1994	293	23
967	1995	298	23
967	1996	262	23
967	1997	274	23
967	1999	264	23
967	2000	263	23
967	2002	276	23
967	2003	274	23
967	2004	272	23
967	2005	272	23
967	2006	287	23
969	1979	311	37
969	1980	310	37
969	1981	320	37
969	1982	305	37
969	1983	290	37
969	1984	309	37
969	1985	288	37
969	1986	309	37
969	1987	300	37
969	1988	310	37
969	1989	312	37
969	1990	312	37
969	1991	297	37
969	1992	293	37
969	1993	289	37
969	1994	289	37
969	1995	301	37
969	1996	291	37
969	1997	283	37
969	1998	288	37
969	1999	282	37
969	2000	283	37
969	2001	274	37
969	2002	288	37
969	2003	304	37
969	2004	282	37
969	2005	301	37
969	2006	306	37
969	2007	302	37
969	2008	294	37
969	2009	295	37
969	2010	293	37
969	2011	274	37
969	2012	302	37
969	2013	286	37
969	2014	282	37
969	2015	282	37
970	1981	299	23
970	1982	299	23
970	1983	302	23
970	1984	292	23
970	1985	311	23
970	1986	273	23
970	1987	284	23
970	1988	307	23
970	1989	286	23
970	1990	278	23
970	1991	298	23
970	1992	303	23
970	1993	306	23
970	1994	295	23
970	1995	299	23
970	1996	289	23
970	1997	293	23
970	1998	289	23
970	1999	290	23
970	2000	290	23
970	2001	286	23
970	2002	288	23
970	2004	271	23
975	1979	307	37
975	1980	306	37
975	1981	299	37
975	1982	304	37
975	1983	302	37
975	1984	310	37
975	1985	313	37
975	1986	294	37
975	1987	304	37
975	1988	297	37
975	1989	290	37
975	1990	300	37
975	1991	314	37
975	1992	303	37
975	1993	297	37
975	1994	301	37
975	1995	298	37
975	1996	300	37
975	1997	300	37
975	1998	293	37
975	1999	296	37
975	2000	291	37
975	2001	293	37
975	2002	291	37
975	2003	293	37
975	2004	293	37
975	2005	296	37
975	2006	311	37
975	2007	295	37
975	2008	293	37
975	2009	291	37
975	2010	291	37
975	2011	292	37
975	2012	313	37
975	2013	297	37
975	2014	291	37
975	2015	294	37
976	1979	293	34
976	1980	299	34
976	1981	295	34
976	1982	303	34
976	1983	303	34
976	1984	290	34
976	1985	277	34
976	1986	274	34
976	1987	307	34
976	1988	288	34
976	1989	289	34
976	1990	311	34
976	1991	289	34
976	1992	303	34
976	1993	279	34
976	1994	291	34
976	1995	315	34
976	1996	296	34
976	1997	313	34
976	1998	308	34
976	1999	289	34
976	2000	294	34
976	2001	309	34
976	2002	293	34
976	2003	282	34
976	2004	297	34
976	2005	296	34
976	2006	294	34
976	2007	292	34
976	2008	291	34
976	2009	299	34
976	2010	300	34
976	2011	293	34
976	2012	324	34
977	1979	297	37
977	1980	311	37
977	1981	305	37
977	1982	312	37
977	1983	299	37
977	1984	280	37
977	1985	280	37
977	1986	260	37
977	1987	284	37
977	1988	281	37
977	1989	299	37
977	1990	255	37
977	1991	306	37
977	1992	305	37
977	1993	307	37
977	1994	315	37
977	1995	308	37
977	1996	305	37
977	1997	316	37
977	1998	305	37
977	1999	300	37
977	2000	308	37
977	2001	301	37
977	2002	319	37
977	2003	295	37
977	2004	301	37
977	2005	282	37
977	2006	309	37
977	2007	287	37
977	2008	300	37
977	2009	288	37
977	2010	302	37
977	2011	302	37
977	2012	304	37
977	2013	303	37
977	2014	302	37
977	2015	299	37
979	1979	303	18
979	1980	301	18
979	1981	305	18
979	1982	292	18
979	1983	302	18
979	1984	298	18
979	1985	310	18
979	1986	306	18
979	1987	311	18
979	1988	305	18
979	1989	301	18
979	1990	300	18
979	1992	276	18
979	1993	302	18
979	1994	297	18
979	1995	323	18
979	1996	305	18
979	1998	303	18
985	1979	270	31
985	1980	279	31
985	1981	281	31
985	1982	277	31
985	1983	270	31
985	1984	291	31
985	1985	277	31
985	1986	268	31
985	1987	271	31
985	1988	276	31
985	1989	278	31
985	1990	271	31
985	1991	281	31
985	1992	275	31
985	1993	262	31
985	1994	283	31
985	1995	294	31
985	1996	281	31
985	1997	279	31
985	1998	287	31
985	1999	292	31
985	2000	277	31
985	2001	281	31
985	2002	288	31
985	2003	281	31
985	2004	268	31
985	2005	295	31
985	2006	276	31
985	2007	301	31
985	2008	309	31
985	2009	267	31
997	1979	291	15
997	1980	307	15
997	1981	291	15
997	1982	294	15
997	1983	303	15
997	1984	288	15
997	1985	300	15
997	1986	284	15
997	1987	302	15
997	1988	289	15
997	1989	284	15
997	1990	290	15
997	1991	294	15
997	1992	297	15
997	1993	286	15
1002	1979	280	28
1002	1980	284	28
1002	1981	287	28
1002	1982	281	28
1002	1983	286	28
1002	1984	288	28
1002	1985	283	28
1002	1986	285	28
1002	1987	293	28
1002	1988	290	28
1002	1989	282	28
1002	1990	278	28
1002	1991	278	28
1002	1992	280	28
1002	1993	275	28
1002	1994	278	28
1002	1995	283	28
1002	1996	286	28
1002	1997	291	28
1002	1998	285	28
1002	1999	287	28
1002	2000	285	28
1002	2001	289	28
1002	2002	292	28
1002	2005	298	28
1002	2006	297	28
1002	2007	289	28
1002	2008	291	28
1007	1980	290	19
1007	1981	273	19
1007	1982	280	19
1007	1983	290	19
1007	1984	280	19
1007	1985	277	19
1007	1986	296	19
1007	1987	290	19
1007	1988	275	19
1007	1989	280	19
1007	1990	285	19
1007	1991	293	19
1007	1992	276	19
1007	1993	288	19
1007	1994	298	19
1007	1995	297	19
1007	1996	299	19
1007	1997	283	19
1007	1998	284	19
1008	1981	303	19
1008	1982	292	19
1008	1983	295	19
1008	1984	299	19
1008	1985	282	19
1008	1986	262	19
1008	1987	282	19
1008	1988	295	19
1008	1989	308	19
1008	1990	276	19
1008	1991	293	19
1008	1992	296	19
1008	1993	298	19
1008	1994	272	19
1008	1995	300	19
1008	1996	287	19
1008	1997	286	19
1008	1998	276	19
1008	1999	288	19
1009	1982	293	27
1009	1983	289	27
1009	1984	308	27
1009	1986	295	27
1009	1987	290	27
1009	1988	287	27
1009	1989	288	27
1009	1990	282	27
1009	1991	293	27
1009	1992	288	27
1009	1993	268	27
1009	1994	293	27
1009	1995	278	27
1009	1996	293	27
1009	1997	293	27
1009	1998	287	27
1009	1999	279	27
1009	2000	301	27
1009	2001	300	27
1009	2002	290	27
1009	2003	289	27
1009	2004	293	27
1009	2005	291	27
1009	2006	298	27
1009	2007	289	27
1009	2008	298	27
1009	2009	273	27
1016	1979	279	25
1016	1980	292	25
1016	1981	290	25
1016	1982	290	25
1016	1983	292	25
1016	1984	284	25
1016	1985	288	25
1016	1986	282	25
1016	1987	290	25
1016	1988	269	25
1016	1989	295	25
1016	1990	280	25
1016	1993	297	25
1016	1995	300	25
1016	1997	278	25
1016	1998	287	25
1016	1999	284	25
1016	2000	281	25
1016	2001	283	25
1016	2002	285	25
1016	2003	284	25
1016	2005	287	25
1016	2006	283	25
1016	2007	276	25
1016	2008	289	25
1021	1979	320	33
1021	1980	287	33
1021	1981	296	33
1021	1982	324	33
1021	1983	320	33
1021	1984	309	33
1021	1985	326	33
1021	1986	304	33
1021	1987	298	33
1021	1988	304	33
1021	1989	306	33
1021	1990	296	33
1021	1991	310	33
1021	1992	298	33
1021	1993	289	33
1021	1994	290	33
1021	1995	307	33
1021	1996	291	33
1021	1997	296	33
1021	1998	286	33
1021	1999	291	33
1021	2000	301	33
1021	2001	298	33
1021	2002	294	33
1021	2003	298	33
1021	2004	294	33
1021	2005	306	33
1021	2006	302	33
1021	2007	289	33
1021	2008	287	33
1021	2009	297	33
1021	2010	294	33
1021	2011	295	33
1032	1979	309	20
1032	1980	313	20
1032	1981	309	20
1032	1982	294	20
1032	1983	284	20
1032	1984	304	20
1032	1985	269	20
1032	1986	310	20
1032	1987	280	20
1032	1988	307	20
1032	1989	312	20
1032	1990	281	20
1032	1991	282	20
1032	1992	271	20
1032	1993	284	20
1032	1994	271	20
1032	1995	279	20
1032	1996	314	20
1032	1997	296	20
1032	1998	304	20
1034	1979	293	21
1034	1980	288	21
1034	1981	290	21
1034	1982	301	21
1034	1983	303	21
1034	1984	301	21
1034	1985	302	21
1034	1986	293	21
1034	1987	304	21
1034	1988	296	21
1034	1989	307	21
1034	1990	311	21
1034	1991	314	21
1034	1992	299	21
1034	1993	295	21
1034	1994	296	21
1034	1995	311	21
1034	1996	291	21
1034	1997	297	21
1034	1998	283	21
1034	1999	329	21
1042	1988	288	28
1042	1989	279	28
1042	1990	280	28
1042	1991	301	28
1042	1992	283	28
1042	1993	268	28
1042	1994	260	28
1042	1995	304	28
1042	1996	305	28
1042	1997	305	28
1042	1998	285	28
1042	1999	313	28
1042	2000	305	28
1042	2001	305	28
1042	2002	312	28
1042	2003	306	28
1042	2004	307	28
1042	2005	293	28
1042	2006	290	28
1042	2007	293	28
1042	2008	280	28
1042	2009	280	28
1042	2010	274	28
1042	2011	300	28
1042	2012	308	28
1042	2013	308	28
1042	2014	297	28
1042	2015	301	28
1046	1984	298	28
1046	1986	259	28
1046	1987	294	28
1046	1988	292	28
1046	1989	280	28
1046	1990	285	28
1046	1991	302	28
1046	1992	297	28
1046	1995	314	28
1046	1997	317	28
1046	1998	293	28
1046	1999	298	28
1046	2000	303	28
1046	2001	306	28
1046	2002	300	28
1046	2003	282	28
1046	2004	282	28
1046	2005	302	28
1046	2006	301	28
1046	2007	288	28
1046	2008	277	28
1046	2009	294	28
1046	2010	296	28
1046	2011	292	28
1046	2012	301	28
1046	2013	296	28
1046	2014	281	28
1046	2015	303	28
1048	1980	296	32
1048	1982	289	32
1048	1983	297	32
1048	1985	298	32
1048	1986	286	32
1048	1987	292	32
1048	1988	288	32
1048	1989	291	32
1048	1990	288	32
1048	1992	299	32
1048	1994	289	32
1048	1995	291	32
1048	1996	292	32
1048	1997	292	32
1048	1998	286	32
1048	1999	282	32
1048	2000	270	32
1048	2001	289	32
1048	2002	289	32
1048	2003	286	32
1048	2004	280	32
1048	2005	292	32
1048	2006	297	32
1048	2007	279	32
1048	2008	283	32
1048	2009	290	32
1048	2010	281	32
1048	2011	294	32
1048	2012	297	32
1048	2013	288	32
1048	2014	280	32
1048	2015	301	32
1050	1979	293	21
1050	1980	297	21
1050	1981	273	21
1050	1982	294	21
1050	1983	271	21
1050	1984	278	21
1050	1985	277	21
1050	1986	272	21
1050	1987	275	21
1050	1988	270	21
1050	1989	285	21
1050	1990	280	21
1050	1991	281	21
1050	1992	274	21
1050	1993	278	21
1050	1994	283	21
1050	1995	280	21
1050	1996	283	21
1050	1997	280	21
1050	1998	279	21
1050	1999	275	21
1062	1980	298	19
1062	1981	290	19
1062	1982	285	19
1062	1983	300	19
1062	1984	299	19
1062	1985	315	19
1062	1986	280	19
1062	1987	291	19
1062	1988	287	19
1062	1989	292	19
1062	1990	285	19
1062	1991	307	19
1062	1992	293	19
1062	1993	283	19
1062	1994	294	19
1062	1995	294	19
1062	1996	283	19
1062	1997	286	19
1062	1998	286	19
1069	1979	272	16
1069	1980	289	16
1069	1981	279	16
1069	1982	277	16
1069	1983	283	16
1069	1984	293	16
1069	1985	294	16
1069	1986	268	16
1069	1987	269	16
1069	1988	287	16
1069	1989	277	16
1069	1990	270	16
1069	1991	284	16
1069	1992	285	16
1069	1993	284	16
1069	1994	288	16
1070	1984	300	31
1070	1985	297	31
1070	1986	294	31
1070	1987	314	31
1070	1988	306	31
1070	1989	301	31
1070	1990	290	31
1070	1991	298	31
1070	1992	298	31
1070	1994	285	31
1070	1995	293	31
1070	1996	293	31
1070	1997	293	31
1070	1998	294	31
1070	1999	288	31
1070	2000	291	31
1070	2001	303	31
1070	2002	296	31
1070	2003	288	31
1070	2004	279	31
1070	2005	303	31
1070	2006	293	31
1070	2007	301	31
1070	2008	300	31
1070	2009	295	31
1070	2010	293	31
1070	2011	296	31
1070	2012	312	31
1070	2013	297	31
1070	2014	298	31
1070	2015	294	31
1071	1980	289	31
1071	1981	292	31
1071	1982	295	31
1071	1983	285	31
1071	1984	288	31
1071	1985	293	31
1071	1986	280	31
1071	1987	290	31
1071	1988	285	31
1071	1989	278	31
1071	1990	277	31
1071	1991	272	31
1071	1992	291	31
1071	1993	274	31
1071	1994	283	31
1071	1995	274	31
1071	1996	277	31
1071	1997	274	31
1071	1998	278	31
1071	1999	281	31
1071	2000	274	31
1071	2001	285	31
1071	2002	274	31
1071	2003	288	31
1071	2004	285	31
1071	2005	288	31
1071	2006	290	31
1071	2007	282	31
1071	2008	289	31
1071	2009	285	31
1071	2010	283	31
1072	1979	282	37
1072	1980	291	37
1072	1981	293	37
1072	1982	280	37
1072	1983	295	37
1072	1984	291	37
1072	1985	301	37
1072	1986	278	37
1072	1987	292	37
1072	1988	292	37
1072	1989	293	37
1072	1990	291	37
1072	1991	307	37
1072	1992	296	37
1072	1993	288	37
1072	1994	291	37
1072	1995	307	37
1072	1996	291	37
1072	1997	295	37
1072	1998	288	37
1072	1999	301	37
1072	2000	296	37
1072	2001	298	37
1072	2002	288	37
1072	2003	303	37
1072	2004	292	37
1072	2005	289	37
1072	2006	291	37
1072	2007	282	37
1072	2008	275	37
1072	2009	284	37
1072	2010	292	37
1072	2011	297	37
1072	2012	301	37
1072	2013	284	37
1072	2014	282	37
1072	2015	292	37
1074	1979	280	32
1074	1980	280	32
1074	1981	276	32
1074	1982	281	32
1074	1983	279	32
1074	1984	278	32
1074	1985	281	32
1074	1986	281	32
1074	1987	289	32
1074	1988	290	32
1074	1989	275	32
1074	1990	274	32
1074	1991	285	32
1074	1992	275	32
1074	1993	275	32
1074	1994	271	32
1074	1995	274	32
1074	1996	286	32
1074	1997	298	32
1074	1998	283	32
1074	1999	287	32
1074	2000	288	32
1074	2001	300	32
1074	2002	298	32
1074	2003	297	32
1074	2004	287	32
1074	2005	312	32
1074	2006	276	32
1074	2007	283	32
1074	2008	276	32
1074	2009	278	32
1074	2010	288	32
1076	1979	282	37
1076	1980	303	37
1076	1981	300	37
1076	1982	309	37
1076	1983	302	37
1076	1984	312	37
1076	1985	314	37
1076	1986	281	37
1076	1987	307	37
1076	1988	296	37
1076	1989	302	37
1076	1990	306	37
1076	1991	313	37
1076	1992	305	37
1076	1993	298	37
1076	1994	297	37
1076	1995	302	37
1076	1996	303	37
1076	1997	309	37
1076	1998	297	37
1076	1999	302	37
1076	2000	302	37
1076	2001	307	37
1076	2002	292	37
1076	2003	305	37
1076	2004	307	37
1076	2005	302	37
1076	2006	318	37
1076	2007	303	37
1076	2008	300	37
1076	2009	299	37
1076	2010	298	37
1076	2011	302	37
1076	2012	326	37
1076	2013	311	37
1076	2014	304	37
1076	2015	300	37
1077	1979	308	36
1077	1980	301	36
1077	1981	302	36
1077	1982	307	36
1077	1983	308	36
1077	1984	304	36
1077	1986	299	36
1077	1987	306	36
1077	1988	301	36
1077	1989	307	36
1077	1990	295	36
1077	1991	314	36
1077	1992	302	36
1077	1993	292	36
1077	1994	296	36
1077	1995	316	36
1077	1996	299	36
1077	1997	306	36
1077	1998	299	36
1077	1999	298	36
1077	2000	304	36
1077	2001	308	36
1077	2002	296	36
1077	2003	303	36
1077	2004	297	36
1077	2005	302	36
1077	2006	315	36
1077	2007	297	36
1077	2008	293	36
1077	2009	300	36
1077	2010	300	36
1077	2011	299	36
1077	2012	311	36
1077	2013	299	36
1077	2014	293	36
1077	2015	298	36
1078	1979	278	29
1078	1980	298	29
1078	1981	288	29
1078	1982	291	29
1078	1983	282	29
1078	1985	284	29
1078	1986	282	29
1078	1987	280	29
1078	1988	278	29
1078	1989	286	29
1078	1992	266	29
1078	1997	272	29
1078	1998	274	29
1078	1999	270	29
1078	2000	265	29
1078	2001	270	29
1078	2002	272	29
1078	2003	292	29
1078	2004	290	29
1078	2005	286	29
1078	2006	276	29
1078	2007	262	29
1078	2008	264	29
1078	2009	295	29
1078	2010	292	29
1078	2011	291	29
1078	2013	279	29
1078	2014	263	29
1078	2015	273	29
1083	1979	287	35
1083	1980	297	35
1083	1981	292	35
1083	1982	292	35
1083	1983	291	35
1083	1984	297	35
1083	1985	292	35
1083	1986	281	35
1083	1987	292	35
1083	1988	289	35
1083	1989	293	35
1083	1990	286	35
1083	1991	300	35
1083	1992	286	35
1083	1993	286	35
1083	1994	288	35
1083	1995	289	35
1083	1996	286	35
1083	1997	292	35
1083	1998	287	35
1083	1999	295	35
1083	2000	285	35
1083	2001	284	35
1083	2002	287	35
1083	2003	284	35
1083	2004	285	35
1083	2005	290	35
1083	2006	294	35
1083	2007	287	35
1083	2008	284	35
1083	2009	285	35
1083	2010	281	35
1083	2011	287	35
1083	2012	299	35
1083	2013	291	35
1086	1980	289	19
1086	1981	292	19
1086	1982	300	19
1086	1983	296	19
1086	1984	306	19
1086	1985	308	19
1086	1986	296	19
1086	1987	305	19
1086	1989	280	19
1086	1990	275	19
1086	1991	291	19
1086	1992	293	19
1086	1993	297	19
1086	1994	295	19
1086	1995	298	19
1086	1996	295	19
1086	1997	295	19
1086	1998	297	19
1086	1999	297	19
1089	1979	263	20
1089	1980	273	20
1089	1981	261	20
1089	1982	263	20
1089	1983	273	20
1089	1984	278	20
1089	1985	263	20
1089	1986	263	20
1089	1987	293	20
1089	1988	283	20
1089	1989	263	20
1089	1990	283	20
1089	1991	274	20
1089	1992	274	20
1089	1993	273	20
1089	1994	273	20
1089	1995	283	20
1089	1996	270	20
1089	1997	281	20
1089	1998	285	20
1090	1985	246	15
1090	1986	255	15
1090	1987	256	15
1090	1988	261	15
1090	1989	254	15
1090	1990	244	15
1090	1991	284	15
1090	1992	275	15
1090	1993	271	15
1090	1994	268	15
1090	1995	270	15
1090	1996	273	15
1090	1997	273	15
1090	1998	268	15
1090	1999	270	15
1092	1979	309	16
1092	1980	293	16
1092	1981	289	16
1092	1982	304	16
1092	1983	300	16
1092	1984	289	16
1092	1985	298	16
1092	1986	300	16
1092	1987	298	16
1092	1988	289	16
1092	1989	291	16
1092	1990	288	16
1092	1991	298	16
1092	1992	293	16
1092	1993	283	16
1092	1994	293	16
1097	1979	281	37
1097	1980	286	37
1097	1981	295	37
1097	1982	274	37
1097	1983	270	37
1097	1984	289	37
1097	1985	274	37
1097	1986	275	37
1097	1987	277	37
1097	1988	272	37
1097	1989	288	37
1097	1990	274	37
1097	1991	288	37
1097	1992	297	37
1097	1993	263	37
1097	1994	277	37
1097	1995	300	37
1097	1996	272	37
1097	1997	281	37
1097	1998	283	37
1097	1999	298	37
1097	2000	273	37
1097	2001	281	37
1097	2002	284	37
1097	2003	281	37
1097	2004	283	37
1097	2005	291	37
1097	2006	309	37
1097	2007	281	37
1097	2008	266	37
1097	2009	290	37
1097	2010	290	37
1097	2011	290	37
1097	2012	292	37
1097	2013	280	37
1097	2014	269	37
1097	2015	279	37
1104	1980	301	16
1104	1982	296	16
1104	1983	272	16
1104	1984	299	16
1104	1985	288	16
1104	1986	286	16
1104	1990	295	16
1104	1992	288	16
1104	1993	283	16
1104	1994	293	16
1104	1995	301	16
1104	1996	288	16
1104	1997	291	16
1104	1998	295	16
1104	1999	298	16
1104	2000	295	16
1107	1980	301	32
1107	1981	289	32
1107	1982	301	32
1107	1983	282	32
1107	1984	295	32
1107	1986	262	32
1107	1987	285	32
1107	1989	321	32
1107	1990	269	32
1107	1992	288	32
1107	1993	283	32
1107	1994	292	32
1107	1995	293	32
1107	1997	277	32
1107	1998	278	32
1107	1999	281	32
1107	2000	287	32
1107	2001	288	32
1107	2002	282	32
1107	2003	284	32
1107	2004	278	32
1107	2005	281	32
1107	2006	287	32
1107	2007	271	32
1107	2008	279	32
1107	2009	283	32
1107	2010	296	32
1107	2011	287	32
1107	2012	312	32
1107	2013	287	32
1107	2014	285	32
1107	2015	283	32
1108	1980	302	27
1108	1982	297	27
1108	1983	296	27
1108	1984	310	27
1108	1986	275	27
1108	1987	270	27
1108	1988	296	27
1108	1989	288	27
1108	1990	280	27
1108	1991	275	27
1108	1992	278	27
1108	1993	271	27
1108	1994	278	27
1108	1995	273	27
1108	1996	268	27
1108	1997	281	27
1108	1998	258	27
1108	1999	281	27
1108	2000	281	27
1108	2001	296	27
1108	2002	287	27
1108	2003	282	27
1108	2004	295	27
1108	2005	274	27
1108	2006	295	27
1108	2007	263	27
1108	2008	274	27
1111	1979	259	37
1111	1980	270	37
1111	1981	261	37
1111	1982	253	37
1111	1983	256	37
1111	1984	267	37
1111	1985	261	37
1111	1986	258	37
1111	1987	263	37
1111	1988	262	37
1111	1989	250	37
1111	1990	257	37
1111	1991	265	37
1111	1992	267	37
1111	1993	264	37
1111	1994	264	37
1111	1995	271	37
1111	1996	274	37
1111	1997	272	37
1111	1998	273	37
1111	1999	275	37
1111	2000	257	37
1111	2001	284	37
1111	2002	277	37
1111	2003	287	37
1111	2004	289	37
1111	2005	287	37
1111	2006	293	37
1111	2007	287	37
1111	2008	284	37
1111	2009	274	37
1111	2010	276	37
1111	2011	279	37
1111	2012	306	37
1111	2013	282	37
1111	2014	274	37
1111	2015	274	37
1112	1979	301	16
1112	1980	299	16
1112	1981	284	16
1112	1982	288	16
1112	1983	300	16
1112	1984	299	16
1112	1985	302	16
1112	1986	305	16
1112	1987	295	16
1112	1988	280	16
1112	1989	309	16
1112	1990	307	16
1112	1991	310	16
1112	1992	307	16
1112	1993	296	16
1112	1994	295	16
1117	1979	290	21
1117	1980	297	21
1117	1981	300	21
1117	1982	305	21
1117	1983	309	21
1117	1984	287	21
1117	1985	305	21
1117	1986	286	21
1117	1987	302	21
1117	1988	294	21
1117	1989	287	21
1117	1991	307	21
1117	1992	283	21
1117	1993	280	21
1117	1994	297	21
1117	1995	303	21
1117	1996	287	21
1117	1997	298	21
1117	1998	293	21
1117	1999	294	21
1117	2000	281	21
1118	1979	305	20
1118	1980	312	20
1118	1981	312	20
1118	1982	291	20
1118	1983	286	20
1118	1984	296	20
1118	1985	300	20
1118	1986	291	20
1118	1987	305	20
1118	1988	280	20
1118	1989	270	20
1118	1990	262	20
1118	1991	269	20
1118	1992	286	20
1118	1993	258	20
1118	1994	298	20
1118	1995	312	20
1118	1996	262	20
1118	1997	283	20
1118	1998	285	20
1119	1979	311	29
1119	1980	303	29
1119	1981	302	29
1119	1982	307	29
1119	1983	309	29
1119	1984	305	29
1119	1985	310	29
1119	1986	282	29
1119	1987	311	29
1119	1988	303	29
1119	1989	310	29
1119	1990	288	29
1119	1991	310	29
1119	1992	301	29
1119	1993	288	29
1119	1994	295	29
1119	1995	301	29
1119	1996	293	29
1119	1999	313	29
1119	2000	309	29
1119	2001	322	29
1119	2002	306	29
1119	2003	293	29
1119	2006	291	29
1119	2007	275	29
1119	2008	280	29
1119	2009	301	29
1119	2010	292	29
1119	2011	298	29
1121	1985	282	28
1121	1986	272	28
1121	1987	280	28
1121	1988	284	28
1121	1989	281	28
1121	1990	263	28
1121	1991	280	28
1121	1992	274	28
1121	1993	268	28
1121	1994	282	28
1121	1995	293	28
1121	1996	286	28
1121	1997	275	28
1121	1998	283	28
1121	1999	296	28
1121	2000	297	28
1121	2001	286	28
1121	2002	290	28
1121	2003	289	28
1121	2004	288	28
1121	2005	296	28
1121	2006	299	28
1121	2007	273	28
1121	2008	281	28
1121	2009	285	28
1121	2010	277	28
1121	2011	282	28
1121	2012	316	28
1122	1979	286	21
1122	1980	291	21
1122	1981	285	21
1122	1982	290	21
1122	1983	295	21
1122	1984	294	21
1122	1985	300	21
1122	1986	284	21
1122	1987	302	21
1122	1988	302	21
1122	1989	302	21
1122	1990	295	21
1122	1991	298	21
1122	1992	267	21
1122	1993	275	21
1122	1994	286	21
1122	1995	294	21
1122	1997	293	21
1122	1998	283	21
1122	1999	296	21
1122	2000	279	21
1124	1979	299	24
1124	1980	299	24
1124	1981	302	24
1124	1982	279	24
1124	1983	298	24
1124	1984	290	24
1124	1985	298	24
1124	1986	290	24
1124	1987	298	24
1124	1988	290	24
1124	1989	284	24
1124	1990	281	24
1124	1991	288	24
1124	1993	293	24
1124	1994	329	24
1124	1996	305	24
1124	1997	287	24
1124	1998	283	24
1124	1999	273	24
1124	2000	328	24
1124	2001	293	24
1124	2003	285	24
1124	2004	291	24
1124	2005	283	24
1127	1979	285	37
1127	1980	295	37
1127	1981	290	37
1127	1982	300	37
1127	1983	307	37
1127	1984	300	37
1127	1985	308	37
1127	1986	287	37
1127	1987	303	37
1127	1988	294	37
1127	1989	298	37
1127	1990	289	37
1127	1991	291	37
1127	1992	294	37
1127	1993	284	37
1127	1994	291	37
1127	1995	302	37
1127	1996	295	37
1127	1997	314	37
1127	1998	290	37
1127	1999	295	37
1127	2000	299	37
1127	2001	301	37
1127	2002	297	37
1127	2003	305	37
1127	2004	299	37
1127	2005	298	37
1127	2006	308	37
1127	2007	295	37
1127	2008	295	37
1127	2009	295	37
1127	2010	297	37
1127	2011	301	37
1127	2012	324	37
1127	2013	297	37
1127	2014	302	37
1127	2015	301	37
1129	1980	305	36
1129	1981	300	36
1129	1982	301	36
1129	1983	306	36
1129	1984	300	36
1129	1985	295	36
1129	1986	296	36
1129	1987	303	36
1129	1988	295	36
1129	1989	313	36
1129	1990	314	36
1129	1991	307	36
1129	1992	303	36
1129	1993	274	36
1129	1994	287	36
1129	1995	314	36
1129	1996	290	36
1129	1997	305	36
1129	1998	297	36
1129	1999	304	36
1129	2000	294	36
1129	2001	313	36
1129	2002	300	36
1129	2003	296	36
1129	2004	296	36
1129	2005	292	36
1129	2006	317	36
1129	2007	287	36
1129	2008	290	36
1129	2009	292	36
1129	2010	293	36
1129	2011	301	36
1129	2012	299	36
1129	2013	297	36
1129	2014	294	36
1129	2015	296	36
1131	1979	319	15
1131	1980	296	15
1131	1981	294	15
1131	1982	286	15
1131	1983	292	15
1131	1984	299	15
1131	1985	307	15
1131	1986	267	15
1131	1987	310	15
1131	1989	320	15
1131	1990	294	15
1131	1992	305	15
1131	2000	312	15
1131	2010	308	15
1131	2011	324	15
1136	1979	286	31
1136	1980	293	31
1136	1981	295	31
1136	1982	286	31
1136	1983	277	31
1136	1984	280	31
1136	1985	275	31
1136	1986	272	31
1136	1987	293	31
1136	1988	291	31
1136	1989	292	31
1136	1990	283	31
1136	1991	286	31
1136	1992	296	31
1136	1993	271	31
1136	1994	280	31
1136	1995	285	31
1136	1996	288	31
1136	1997	273	31
1136	1998	275	31
1136	1999	280	31
1136	2000	290	31
1136	2001	273	31
1136	2002	273	31
1136	2003	273	31
1136	2004	289	31
1136	2005	288	31
1136	2006	291	31
1136	2007	274	31
1136	2014	304	31
1136	2015	310	31
1139	1979	317	16
1139	1980	309	16
1139	1981	307	16
1139	1982	308	16
1139	1983	295	16
1139	1984	303	16
1139	1985	308	16
1139	1987	310	16
1139	1989	300	16
1139	1990	295	16
1139	1993	256	16
1139	1994	276	16
1139	1995	293	16
1139	1996	287	16
1139	1997	286	16
1139	1998	275	16
1141	1980	263	20
1141	1981	258	20
1141	1982	263	20
1141	1983	265	20
1141	1984	263	20
1141	1985	271	20
1141	1986	267	20
1141	1987	290	20
1141	1988	281	20
1141	1989	266	20
1141	1990	300	20
1141	1991	292	20
1141	1992	304	20
1141	1993	281	20
1141	1994	296	20
1141	1995	295	20
1141	1996	295	20
1141	1997	297	20
1141	1998	288	20
1141	1999	300	20
1144	1979	299	36
1144	1980	302	36
1144	1981	305	36
1144	1982	309	36
1144	1983	306	36
1144	1984	310	36
1144	1985	307	36
1144	1986	295	36
1144	1987	306	36
1144	1988	299	36
1144	1989	295	36
1144	1991	308	36
1144	1992	303	36
1144	1993	284	36
1144	1994	300	36
1144	1995	311	36
1144	1996	299	36
1144	1997	309	36
1144	1998	296	36
1144	1999	302	36
1144	2000	295	36
1144	2001	307	36
1144	2002	296	36
1144	2003	287	36
1144	2004	295	36
1144	2005	298	36
1144	2006	314	36
1144	2007	286	36
1144	2008	285	36
1144	2009	294	36
1144	2010	294	36
1144	2011	298	36
1144	2012	319	36
1144	2013	298	36
1144	2014	295	36
1144	2015	296	36
1152	1980	284	17
1152	1981	317	17
1152	1982	312	17
1152	1983	319	17
1152	1984	288	17
1152	1985	307	17
1152	1986	269	17
1152	1988	307	17
1152	1989	284	17
1152	1990	292	17
1152	1995	299	17
1152	1996	293	17
1152	1998	283	17
1152	1999	293	17
1152	2000	293	17
1152	2001	299	17
1152	2002	298	17
1153	1979	282	21
1153	1980	283	21
1153	1981	274	21
1153	1982	277	21
1153	1983	279	21
1153	1984	286	21
1153	1985	277	21
1153	1986	270	21
1153	1987	288	21
1153	1988	265	21
1153	1989	255	21
1153	1990	270	21
1153	1991	290	21
1153	1992	258	21
1153	1993	263	21
1153	1994	274	21
1153	1995	298	21
1153	1996	283	21
1153	1997	286	21
1153	1998	274	21
1153	1999	288	21
1165	1979	306	34
1165	1980	282	34
1165	1981	281	34
1165	1983	284	34
1165	1984	279	34
1165	1985	284	34
1165	1986	279	34
1165	1989	275	34
1165	1990	270	34
1165	1991	293	34
1165	1992	293	34
1165	1993	283	34
1165	1994	283	34
1165	1995	283	34
1165	1996	288	34
1165	1997	293	34
1165	1998	288	34
1165	1999	274	34
1165	2000	283	34
1165	2001	274	34
1165	2002	285	34
1165	2003	283	34
1165	2004	293	34
1165	2005	293	34
1165	2006	274	34
1165	2007	268	34
1165	2008	274	34
1165	2009	271	34
1165	2010	274	34
1165	2011	281	34
1165	2012	323	34
1165	2013	286	34
1165	2014	285	34
1165	2015	298	34
1166	1986	283	27
1166	1987	295	27
1166	1988	300	27
1166	1989	291	27
1166	1990	280	27
1166	1991	287	27
1166	1992	285	27
1166	1993	298	27
1166	1994	301	27
1166	1995	303	27
1166	1996	298	27
1166	1997	301	27
1166	1998	285	27
1166	1999	293	27
1166	2000	288	27
1166	2001	294	27
1166	2002	293	27
1166	2004	301	27
1166	2005	299	27
1166	2007	296	27
1166	2008	309	27
1166	2010	297	27
1166	2011	303	27
1166	2012	319	27
1166	2013	299	27
1166	2014	312	27
1166	2015	295	27
1172	1979	283	20
1172	1980	280	20
1172	1981	286	20
1172	1983	297	20
1172	1984	282	20
1172	1985	281	20
1172	1986	284	20
1172	1988	284	20
1172	1989	288	20
1172	1990	278	20
1172	1991	288	20
1172	1992	301	20
1172	1993	270	20
1172	1994	278	20
1172	1995	293	20
1172	1996	292	20
1172	1997	278	20
1172	1998	274	20
1172	1999	283	20
1172	2000	291	20
1176	1980	286	19
1176	1981	279	19
1176	1982	288	19
1176	1983	275	19
1176	1984	292	19
1176	1985	278	19
1176	1986	276	19
1176	1987	284	19
1176	1988	297	19
1176	1992	281	19
1176	1993	258	19
1176	1995	268	19
1176	1996	278	19
1176	1997	263	19
1176	1998	263	19
1176	1999	268	19
1176	2000	265	19
1176	2001	273	19
1176	2002	275	19
1177	1983	269	19
1177	1984	285	19
1177	1985	279	19
1177	1986	272	19
1177	1987	284	19
1177	1988	269	19
1177	1989	286	19
1177	1990	277	19
1177	1991	275	19
1177	1992	264	19
1177	1993	265	19
1177	1994	268	19
1177	1995	273	19
1177	1996	280	19
1177	1997	276	19
1177	1998	277	19
1177	1999	285	19
1177	2000	309	19
1177	2001	291	19
1178	1984	306	32
1178	1985	303	32
1178	1986	293	32
1178	1987	295	32
1178	1988	293	32
1178	1989	302	32
1178	1990	301	32
1178	1991	300	32
1178	1992	301	32
1178	1993	305	32
1178	1994	298	32
1178	1995	313	32
1178	1996	302	32
1178	1997	301	32
1178	1998	309	32
1178	1999	311	32
1178	2000	307	32
1178	2001	317	32
1178	2002	308	32
1178	2003	302	32
1178	2004	300	32
1178	2005	295	32
1178	2006	300	32
1178	2007	286	32
1178	2008	297	32
1178	2009	298	32
1178	2010	303	32
1178	2011	303	32
1178	2012	302	32
1178	2013	291	32
1178	2014	296	32
1178	2015	297	32
1182	1987	282	28
1182	1988	263	28
1182	1989	290	28
1182	1990	293	28
1182	1991	305	28
1182	1992	270	28
1182	1993	282	28
1182	1994	293	28
1182	1995	307	28
1182	1997	311	28
1182	1998	291	28
1182	1999	302	28
1182	2000	291	28
1182	2001	309	28
1182	2002	278	28
1182	2003	304	28
1182	2004	298	28
1182	2005	301	28
1182	2006	304	28
1182	2007	298	28
1182	2008	298	28
1182	2009	289	28
1182	2010	303	28
1182	2011	295	28
1182	2012	307	28
1182	2013	298	28
1182	2014	306	28
1182	2015	300	28
1184	1979	280	16
1184	1980	303	16
1184	1981	293	16
1184	1982	302	16
1184	1983	277	16
1184	1984	284	16
1184	1986	296	16
1184	1987	306	16
1184	1988	291	16
1184	1989	289	16
1184	1990	295	16
1184	1991	304	16
1184	1992	301	16
1184	1994	287	16
1184	1995	305	16
1184	1996	292	16
1185	1979	292	18
1185	1980	293	18
1185	1981	304	18
1185	1982	300	18
1185	1983	306	18
1185	1984	310	18
1185	1985	310	18
1185	1986	299	18
1185	1987	289	18
1185	1988	281	18
1185	1989	281	18
1185	1990	279	18
1185	1991	294	18
1185	1992	288	18
1185	1993	273	18
1185	1994	281	18
1185	1995	282	18
1185	1996	284	18
1187	1979	282	34
1187	1980	290	34
1187	1981	291	34
1187	1982	269	34
1187	1983	301	34
1187	1984	284	34
1187	1986	257	34
1187	1987	290	34
1187	1988	269	34
1187	1990	271	34
1187	1991	295	34
1187	1992	295	34
1187	1993	292	34
1187	1994	279	34
1187	1995	306	34
1187	1996	295	34
1187	1997	294	34
1187	1998	283	34
1187	1999	298	34
1187	2000	294	34
1187	2001	304	34
1187	2002	296	34
1187	2003	286	34
1187	2004	295	34
1187	2005	296	34
1187	2006	309	34
1187	2007	288	34
1187	2008	297	34
1187	2009	298	34
1187	2010	296	34
1187	2011	304	34
1187	2013	292	34
1187	2014	301	34
1187	2015	295	34
1190	1979	271	19
1190	1980	279	19
1190	1982	296	19
1190	1984	290	19
1190	1985	272	19
1190	1987	287	19
1190	1988	260	19
1190	1990	284	19
1190	1992	297	19
1190	1995	285	19
1190	1997	274	19
1190	1998	277	19
1190	1999	282	19
1190	2000	278	19
1190	2001	281	19
1190	2002	292	19
1190	2003	286	19
1190	2004	282	19
1190	2005	285	19
1191	1979	272	17
1191	1991	306	17
1191	1992	263	17
1191	1993	275	17
1191	1994	269	17
1191	1995	275	17
1191	1996	291	17
1191	1997	288	17
1191	1998	278	17
1191	1999	291	17
1191	2000	303	17
1191	2001	299	17
1191	2002	294	17
1191	2003	301	17
1191	2004	306	17
1191	2005	308	17
1191	2006	301	17
1195	1979	287	36
1195	1980	301	36
1195	1981	300	36
1195	1982	295	36
1195	1983	282	36
1195	1984	296	36
1195	1985	274	36
1195	1986	277	36
1195	1987	308	36
1195	1988	295	36
1195	1989	293	36
1195	1990	301	36
1195	1991	295	36
1195	1992	275	36
1195	1993	294	36
1195	1994	293	36
1195	1995	316	36
1195	1996	296	36
1195	1997	291	36
1195	1998	294	36
1195	1999	292	36
1195	2000	297	36
1195	2001	297	36
1195	2002	300	36
1195	2003	286	36
1195	2004	296	36
1195	2005	275	36
1195	2006	274	36
1195	2007	271	36
1195	2008	308	36
1195	2009	292	36
1195	2011	306	36
1195	2012	314	36
1195	2013	293	36
1195	2014	309	36
1195	2015	293	36
1197	1979	274	16
1197	1980	308	16
1197	1981	309	16
1197	1982	248	16
1197	1984	278	16
1197	1985	266	16
1197	1986	272	16
1197	1987	288	16
1197	1988	267	16
1197	1989	263	16
1197	1990	270	16
1197	1991	293	16
1197	1992	252	16
1197	1993	272	16
1197	1994	280	16
1197	1995	283	16
1203	1979	282	37
1203	1980	302	37
1203	1981	309	37
1203	1982	289	37
1203	1983	311	37
1203	1984	282	37
1203	1985	304	37
1203	1986	296	37
1203	1987	292	37
1203	1988	273	37
1203	1989	283	37
1203	1990	279	37
1203	1991	295	37
1203	1992	272	37
1203	1993	292	37
1203	1994	287	37
1203	1995	300	37
1203	1996	288	37
1203	1997	283	37
1203	1998	277	37
1203	1999	300	37
1203	2000	292	37
1203	2001	301	37
1203	2002	284	37
1203	2003	272	37
1203	2004	288	37
1203	2005	270	37
1203	2006	285	37
1203	2007	279	37
1203	2008	280	37
1203	2009	283	37
1203	2010	290	37
1203	2011	288	37
1203	2012	302	37
1203	2013	285	37
1203	2014	280	37
1203	2015	284	37
1207	1979	280	36
1207	1980	278	36
1207	1981	274	36
1207	1982	274	36
1207	1983	276	36
1207	1984	276	36
1207	1985	270	36
1207	1986	275	36
1207	1987	270	36
1207	1988	277	36
1207	1989	273	36
1207	1990	270	36
1207	1991	283	36
1207	1992	253	36
1207	1993	268	36
1207	1994	267	36
1207	1995	293	36
1207	1996	283	36
1207	1997	295	36
1207	1998	285	36
1207	1999	281	36
1207	2000	274	36
1207	2001	293	36
1207	2002	291	36
1207	2003	289	36
1207	2004	293	36
1207	2005	280	36
1207	2006	278	36
1207	2007	278	36
1207	2008	281	36
1207	2010	275	36
1207	2011	293	36
1207	2012	314	36
1207	2013	275	36
1207	2014	283	36
1207	2015	289	36
1213	1980	292	19
1213	1981	297	19
1213	1982	297	19
1213	1983	294	19
1213	1984	320	19
1213	1985	321	19
1213	1986	277	19
1213	1987	294	19
1213	1988	290	19
1213	1989	280	19
1213	1990	295	19
1213	1991	283	19
1213	1992	259	19
1213	1993	259	19
1213	1994	270	19
1213	1995	283	19
1213	1996	293	19
1213	1997	272	19
1213	1998	277	19
1217	1979	319	37
1217	1980	291	37
1217	1981	305	37
1217	1982	304	37
1217	1983	265	37
1217	1984	303	37
1217	1985	320	37
1217	1986	312	37
1217	1987	296	37
1217	1988	310	37
1217	1989	319	37
1217	1990	321	37
1217	1991	310	37
1217	1992	317	37
1217	1993	325	37
1217	1994	314	37
1217	1995	320	37
1217	1996	314	37
1217	1997	310	37
1217	1998	317	37
1217	1999	311	37
1217	2000	299	37
1217	2001	321	37
1217	2002	309	37
1217	2003	316	37
1217	2004	306	37
1217	2005	315	37
1217	2006	313	37
1217	2007	318	37
1217	2008	322	37
1217	2009	316	37
1217	2010	301	37
1217	2011	282	37
1217	2012	315	37
1217	2013	303	37
1217	2014	280	37
1217	2015	307	37
1219	1979	307	16
1219	1980	307	16
1219	1981	300	16
1219	1982	308	16
1219	1983	310	16
1219	1984	310	16
1219	1985	312	16
1219	1986	310	16
1219	1987	312	16
1219	1988	301	16
1219	1989	315	16
1219	1990	308	16
1219	1991	309	16
1219	1992	301	16
1219	1993	299	16
1219	1995	306	16
1220	1979	298	18
1220	1980	296	18
1220	1981	290	18
1220	1982	290	18
1220	1983	288	18
1220	1984	294	18
1220	1985	300	18
1220	1986	286	18
1220	1987	298	18
1220	1988	297	18
1220	1989	293	18
1220	1990	296	18
1220	1991	299	18
1220	1992	288	18
1220	1993	294	18
1220	1994	295	18
1220	1995	291	18
1220	1996	289	18
1221	1979	280	21
1221	1980	290	21
1221	1981	295	21
1221	1982	294	21
1221	1983	288	21
1221	1984	299	21
1221	1985	294	21
1221	1986	281	21
1221	1987	292	21
1221	1988	291	21
1221	1989	301	21
1221	1990	288	21
1221	1991	301	21
1221	1992	293	21
1221	1993	278	21
1221	1995	305	21
1221	1996	288	21
1221	1998	288	21
1221	1999	293	21
1221	2001	294	21
1221	2002	292	21
1222	1979	286	22
1222	1980	288	22
1222	1981	306	22
1222	1982	291	22
1222	1983	297	22
1222	1984	291	22
1222	1985	292	22
1222	1988	280	22
1222	1989	287	22
1222	1990	303	22
1222	1991	283	22
1222	1992	299	22
1222	1993	285	22
1222	1994	289	22
1222	1995	285	22
1222	1996	302	22
1222	1997	301	22
1222	1998	288	22
1222	1999	299	22
1222	2000	299	22
1222	2001	300	22
1222	2002	293	22
1226	1979	291	26
1226	1980	286	26
1226	1981	282	26
1226	1982	283	26
1226	1983	275	26
1226	1984	281	26
1226	1985	284	26
1226	1986	273	26
1226	1987	277	26
1226	1988	272	26
1226	1989	260	26
1226	1990	261	26
1226	1991	291	26
1226	1992	277	26
1226	1993	270	26
1226	1994	273	26
1226	1995	277	26
1226	1996	286	26
1226	1997	283	26
1226	1998	283	26
1226	1999	281	26
1226	2000	285	26
1226	2001	291	26
1226	2002	286	26
1226	2003	284	26
1226	2004	283	26
1227	1979	292	16
1227	1980	287	16
1227	1981	293	16
1227	1982	292	16
1227	1983	280	16
1227	1984	279	16
1227	1985	276	16
1227	1986	283	16
1227	1987	306	16
1227	1988	299	16
1227	1989	303	16
1227	1990	305	16
1227	1991	310	16
1227	1992	308	16
1227	1993	286	16
1227	1994	300	16
1232	1979	276	16
1232	1980	284	16
1232	1981	291	16
1232	1982	282	16
1232	1983	294	16
1232	1984	310	16
1232	1985	262	16
1232	1986	271	16
1232	1987	299	16
1232	1988	275	16
1232	1989	276	16
1232	1990	301	16
1232	1991	266	16
1232	1992	286	16
1232	1993	287	16
1232	1994	281	16
1234	1980	290	23
1234	1981	278	23
1234	1983	289	23
1234	1984	283	23
1234	1985	277	23
1234	1986	287	23
1234	1987	278	23
1234	1988	274	23
1234	1990	268	23
1234	1995	263	23
1234	1996	273	23
1234	1998	283	23
1234	2000	292	23
1234	2002	275	23
1234	2003	293	23
1234	2004	277	23
1234	2005	288	23
1234	2007	274	23
1234	2010	283	23
1234	2011	277	23
1234	2013	288	23
1234	2014	287	23
1234	2015	287	23
1235	1979	297	25
1235	1980	289	25
1235	1981	287	25
1235	1982	270	25
1235	1983	273	25
1235	1984	280	25
1235	1985	315	25
1235	1986	276	25
1235	1987	293	25
1235	1988	308	25
1235	1989	319	25
1235	1990	317	25
1235	1991	308	25
1235	1992	298	25
1235	1993	284	25
1235	1994	298	25
1235	1995	314	25
1235	1996	314	25
1235	1997	293	25
1235	1998	283	25
1235	1999	293	25
1235	2000	302	25
1235	2001	319	25
1235	2002	314	25
1235	2003	282	25
1237	1982	291	26
1237	1983	297	26
1237	1984	294	26
1237	1985	291	26
1237	1986	279	26
1237	1987	293	26
1237	1988	290	26
1237	1989	283	26
1237	1990	281	26
1237	1991	298	26
1237	1992	288	26
1237	1993	288	26
1237	1994	273	26
1237	1995	275	26
1237	1996	278	26
1237	1997	278	26
1237	1998	286	26
1237	1999	293	26
1237	2000	280	26
1237	2001	274	26
1237	2002	278	26
1237	2003	285	26
1237	2004	290	26
1237	2005	279	26
1237	2006	298	26
1237	2007	279	26
1239	1982	288	19
1239	1983	257	19
1239	1984	264	19
1239	1985	260	19
1239	1986	254	19
1239	1987	282	19
1239	1988	270	19
1239	1989	274	19
1239	1990	273	19
1239	1991	298	19
1239	1992	282	19
1239	1993	283	19
1239	1994	293	19
1239	1995	301	19
1239	1996	270	19
1239	1997	290	19
1239	1998	288	19
1239	1999	296	19
1239	2000	290	19
1240	1979	293	23
1240	1980	291	23
1240	1981	277	23
1240	1982	268	23
1240	1983	276	23
1240	1984	280	23
1240	1985	291	23
1240	1986	293	23
1240	1987	296	23
1240	1988	285	23
1240	1989	295	23
1240	1990	303	23
1240	1991	304	23
1240	1992	308	23
1240	1993	281	23
1240	1994	285	23
1240	1995	278	23
1240	1996	278	23
1240	1997	274	23
1240	1998	278	23
1240	1999	274	23
1240	2000	280	23
1240	2001	283	23
1241	1979	284	24
1241	1980	293	24
1241	1981	292	24
1241	1982	295	24
1241	1983	303	24
1241	1984	278	24
1241	1985	289	24
1241	1986	289	24
1241	1987	292	24
1241	1988	301	24
1241	1989	293	24
1241	1990	282	24
1241	1991	298	24
1241	1992	299	24
1241	1993	288	24
1241	1994	299	24
1241	1995	293	24
1241	1996	288	24
1241	1997	293	24
1241	1998	293	24
1241	1999	297	24
1241	2000	275	24
1241	2001	300	24
1241	2002	293	24
1244	1980	298	17
1244	1982	284	17
1244	1986	283	17
1244	1987	284	17
1244	1991	305	17
1244	1992	286	17
1244	1993	266	17
1244	1994	281	17
1244	1995	300	17
1244	1996	298	17
1244	1998	290	17
1244	1999	289	17
1244	2000	292	17
1244	2001	308	17
1244	2002	288	17
1244	2003	288	17
1244	2004	291	17
1249	1979	301	23
1249	1980	300	23
1249	1981	302	23
1249	1982	315	23
1249	1983	306	23
1249	1984	309	23
1249	1985	314	23
1249	1986	304	23
1249	1987	317	23
1249	1988	317	23
1249	1989	322	23
1249	1990	314	23
1249	1991	312	23
1249	1992	307	23
1249	1993	294	23
1249	1994	299	23
1249	1995	316	23
1249	1996	300	23
1249	1997	311	23
1249	1998	300	23
1249	1999	304	23
1249	2000	300	23
1249	2003	300	23
1250	1979	284	22
1250	1980	302	22
1250	1981	296	22
1250	1982	292	22
1250	1983	244	22
1250	1984	296	22
1250	1985	300	22
1250	1986	278	22
1250	1989	288	22
1250	1996	265	22
1250	1997	275	22
1250	1998	286	22
1250	1999	279	22
1250	2000	284	22
1250	2001	278	22
1250	2002	281	22
1250	2003	279	22
1250	2004	290	22
1250	2005	280	22
1250	2006	285	22
1250	2007	275	22
1250	2010	284	22
1265	1979	279	35
1265	1980	293	35
1265	1981	288	35
1265	1982	290	35
1265	1983	284	35
1265	1984	282	35
1265	1985	289	35
1265	1986	279	35
1265	1987	287	35
1265	1988	284	35
1265	1989	282	35
1265	1990	280	35
1265	1991	291	35
1265	1992	289	35
1265	1993	264	35
1265	1994	271	35
1265	1995	288	35
1265	1996	273	35
1265	1997	291	35
1265	1998	292	35
1265	1999	291	35
1265	2000	302	35
1265	2001	285	35
1265	2002	279	35
1265	2003	279	35
1265	2004	282	35
1265	2005	294	35
1265	2006	291	35
1265	2007	271	35
1265	2008	268	35
1265	2009	276	35
1265	2010	276	35
1265	2011	294	35
1265	2012	306	35
1265	2013	279	35
1275	1979	294	23
1275	1980	280	23
1275	1981	289	23
1275	1982	276	23
1275	1983	273	23
1275	1984	285	23
1275	1985	291	23
1275	1986	285	23
1275	1987	292	23
1275	1988	291	23
1275	1989	287	23
1275	1990	295	23
1275	1991	301	23
1275	1992	303	23
1275	1993	291	23
1275	1994	298	23
1275	1995	305	23
1275	1996	306	23
1275	1997	307	23
1275	1998	308	23
1275	1999	318	23
1275	2000	303	23
1275	2001	311	23
1276	1979	272	23
1276	1980	260	23
1276	1981	265	23
1276	1982	271	23
1276	1983	274	23
1276	1984	274	23
1276	1985	263	23
1276	1986	256	23
1276	1987	267	23
1276	1988	271	23
1276	1989	265	23
1276	1991	272	23
1276	1992	278	23
1276	1993	276	23
1276	1994	273	23
1276	1996	289	23
1276	1997	271	23
1276	1998	280	23
1276	2003	293	23
1276	2005	293	23
1276	2009	289	23
1276	2010	293	23
1276	2014	302	23
1278	1979	300	26
1278	1980	292	26
1278	1981	278	26
1278	1982	276	26
1278	1983	280	26
1278	1984	302	26
1278	1985	292	26
1278	1986	288	26
1278	1987	290	26
1278	1988	286	26
1278	1990	303	26
1278	1991	303	26
1278	1992	294	26
1278	1993	304	26
1278	1994	300	26
1278	1995	318	26
1278	1996	301	26
1278	1997	306	26
1278	1998	304	26
1278	1999	324	26
1278	2000	306	26
1278	2001	326	26
1278	2002	304	26
1278	2003	308	26
1278	2004	317	26
1278	2005	305	26
1287	1979	277	30
1287	1980	298	30
1287	1986	286	30
1287	1987	295	30
1287	1988	288	30
1287	1989	302	30
1287	1991	305	30
1287	1992	299	30
1287	1993	288	30
1287	1994	293	30
1287	1995	304	30
1287	1996	298	30
1287	1997	298	30
1287	1998	286	30
1287	1999	302	30
1287	2000	297	30
1287	2001	297	30
1287	2002	284	30
1287	2003	283	30
1287	2004	297	30
1287	2006	307	30
1287	2007	298	30
1287	2008	276	30
1287	2009	280	30
1287	2010	285	30
1287	2011	287	30
1287	2012	315	30
1287	2013	298	30
1287	2014	300	30
1287	2015	295	30
1290	1979	297	22
1290	1983	294	22
1290	1985	309	22
1290	1986	282	22
1290	1987	287	22
1290	1992	290	22
1290	1995	274	22
1290	1997	268	22
1290	2000	261	22
1290	2001	265	22
1290	2002	257	22
1290	2004	258	22
1290	2005	272	22
1290	2006	267	22
1290	2007	290	22
1290	2009	276	22
1290	2010	285	22
1290	2011	288	22
1290	2012	305	22
1290	2013	301	22
1290	2014	260	22
1290	2015	268	22
1291	1979	274	22
1291	1980	283	22
1291	1981	248	22
1291	1982	268	22
1291	1983	278	22
1291	1984	268	22
1291	1986	283	22
1291	1987	279	22
1291	1988	263	22
1291	1989	288	22
1291	1990	293	22
1291	1991	288	22
1291	1992	291	22
1291	1993	285	22
1291	1994	281	22
1291	1995	303	22
1291	1996	288	22
1291	1997	276	22
1291	1998	289	22
1291	1999	301	22
1291	2000	292	22
1291	2001	305	22
1298	1979	289	30
1298	1980	298	30
1298	1985	302	30
1298	1986	287	30
1298	1987	289	30
1298	1988	288	30
1298	1989	281	30
1298	1990	287	30
1298	1991	303	30
1298	1992	298	30
1298	1994	298	30
1298	1995	295	30
1298	1996	288	30
1298	1997	312	30
1298	1999	297	30
1298	2000	301	30
1298	2001	307	30
1298	2002	312	30
1298	2003	312	30
1298	2004	318	30
1298	2005	323	30
1298	2006	325	30
1298	2007	314	30
1298	2008	313	30
1298	2009	311	30
1298	2010	288	30
1298	2011	294	30
1298	2012	315	30
1298	2014	310	30
1298	2015	274	30
1304	1984	300	30
1304	1985	290	30
1304	1986	257	30
1304	1987	270	30
1304	1988	268	30
1304	1989	271	30
1304	1990	285	30
1304	1991	295	30
1304	1992	306	30
1304	1993	294	30
1304	1994	295	30
1304	1995	308	30
1304	1996	279	30
1304	1997	304	30
1304	1998	304	30
1304	1999	309	30
1304	2000	292	30
1304	2001	317	30
1304	2002	290	30
1304	2003	309	30
1304	2004	301	30
1304	2005	314	30
1304	2006	317	30
1304	2007	286	30
1304	2008	298	30
1304	2009	284	30
1304	2010	294	30
1304	2011	294	30
1304	2012	324	30
1304	2013	295	30
1307	1979	298	29
1307	1980	258	29
1307	1981	273	29
1307	1982	273	29
1307	1983	269	29
1307	1984	270	29
1307	1985	267	29
1307	1986	268	29
1307	1987	283	29
1307	1988	266	29
1307	1989	263	29
1307	1990	283	29
1307	1991	277	29
1307	1992	268	29
1307	1993	272	29
1307	1994	264	29
1307	1995	263	29
1307	1996	274	29
1307	1997	273	29
1307	1998	271	29
1307	1999	269	29
1307	2000	258	29
1307	2001	271	29
1307	2002	273	29
1307	2003	269	29
1307	2004	271	29
1307	2005	273	29
1307	2007	273	29
1307	2008	278	29
1311	1985	314	20
1311	1986	286	20
1311	1987	316	20
1311	1988	292	20
1311	1989	270	20
1311	1990	295	20
1311	1991	305	20
1311	1992	297	20
1311	1993	261	20
1311	1994	282	20
1311	1995	284	20
1311	1996	267	20
1311	1997	290	20
1311	1998	293	20
1311	1999	293	20
1311	2000	277	20
1311	2001	291	20
1311	2002	273	20
1311	2003	281	20
1311	2004	288	20
1315	1979	278	25
1315	1980	292	25
1315	1981	276	25
1315	1982	290	25
1315	1983	297	25
1315	1984	289	25
1315	1985	293	25
1315	1986	272	25
1315	1987	294	25
1315	1988	284	25
1315	1989	289	25
1315	1990	280	25
1315	1991	289	25
1315	1992	293	25
1315	1993	273	25
1315	1994	294	25
1315	1995	299	25
1315	1996	284	25
1315	1997	291	25
1315	1998	290	25
1315	1999	295	25
1315	2000	291	25
1315	2012	323	25
1315	2013	291	25
1315	2014	285	25
1317	1979	254	18
1317	1980	297	18
1317	1981	260	18
1317	1982	272	18
1317	1983	263	18
1317	1984	284	18
1317	1985	278	18
1317	1986	257	18
1317	1987	281	18
1317	1988	262	18
1317	1989	280	18
1317	1990	274	18
1317	1991	293	18
1317	1992	269	18
1317	1993	262	18
1317	1994	271	18
1317	1995	273	18
1317	1996	283	18
1320	1979	300	17
1320	1980	310	17
1320	1981	304	17
1320	1982	312	17
1320	1983	314	17
1320	1985	327	17
1320	1986	311	17
1320	1987	310	17
1320	1988	315	17
1320	1991	318	17
1320	1992	310	17
1320	1993	308	17
1320	1994	304	17
1320	1996	304	17
1320	1997	305	17
1320	1998	305	17
1320	1999	309	17
1321	1980	287	33
1321	1981	283	33
1321	1982	268	33
1321	1983	270	33
1321	1984	270	33
1321	1985	273	33
1321	1986	259	33
1321	1987	276	33
1321	1988	268	33
1321	1992	275	33
1321	1993	286	33
1321	1994	276	33
1321	1995	277	33
1321	1996	279	33
1321	1997	282	33
1321	1998	283	33
1321	1999	290	33
1321	2000	275	33
1321	2001	294	33
1321	2002	287	33
1321	2003	291	33
1321	2004	293	33
1321	2005	301	33
1321	2006	297	33
1321	2007	278	33
1321	2008	274	33
1321	2009	275	33
1321	2010	287	33
1321	2011	288	33
1321	2012	303	33
1321	2013	294	33
1321	2014	274	33
1321	2015	287	33
1324	1979	288	32
1324	1980	298	32
1324	1981	286	32
1324	1982	289	32
1324	1984	307	32
1324	1985	311	32
1324	1986	290	32
1324	1987	297	32
1324	1988	291	32
1324	1989	292	32
1324	1990	296	32
1324	1991	289	32
1324	1992	280	32
1324	1993	283	32
1324	1994	289	32
1324	1995	291	32
1324	1996	285	32
1324	1997	291	32
1324	1998	291	32
1324	1999	293	32
1324	2000	289	32
1324	2001	292	32
1324	2002	286	32
1324	2003	291	32
1324	2004	294	32
1324	2005	291	32
1324	2006	301	32
1324	2007	288	32
1324	2008	286	32
1324	2010	287	32
1324	2012	307	32
1324	2013	293	32
1326	1979	284	29
1326	1980	296	29
1326	1981	286	29
1326	1982	278	29
1326	1983	296	29
1326	1984	286	29
1326	1985	281	29
1326	1986	273	29
1326	1987	289	29
1326	1988	271	29
1326	1989	276	29
1326	1990	276	29
1326	1991	299	29
1326	1992	294	29
1326	1993	254	29
1326	1994	273	29
1326	1995	280	29
1326	1996	264	29
1326	1997	281	29
1326	1998	274	29
1326	1999	273	29
1326	2000	258	29
1326	2002	281	29
1326	2003	303	29
1326	2004	288	29
1326	2005	275	29
1326	2006	268	29
1326	2007	260	29
1326	2009	284	29
1327	1979	275	19
1327	1980	294	19
1327	1981	287	19
1327	1982	300	19
1327	1983	301	19
1327	1984	301	19
1327	1985	302	19
1327	1986	261	19
1327	1987	283	19
1327	1988	287	19
1327	1989	302	19
1327	1990	270	19
1327	1991	286	19
1327	1992	298	19
1327	1993	294	19
1327	1994	296	19
1327	1995	303	19
1327	1996	291	19
1327	1997	289	19
1328	1979	268	36
1328	1980	299	36
1328	1982	300	36
1328	1983	289	36
1328	1984	288	36
1328	1985	299	36
1328	1986	281	36
1328	1987	289	36
1328	1988	290	36
1328	1989	295	36
1328	1990	287	36
1328	1991	294	36
1328	1992	295	36
1328	1993	277	36
1328	1994	292	36
1328	1995	301	36
1328	1996	289	36
1328	1997	293	36
1328	1998	295	36
1328	1999	301	36
1328	2000	295	36
1328	2001	293	36
1328	2002	294	36
1328	2003	293	36
1328	2004	298	36
1328	2005	303	36
1328	2006	304	36
1328	2007	299	36
1328	2008	290	36
1328	2009	293	36
1328	2010	298	36
1328	2011	291	36
1328	2012	314	36
1328	2013	306	36
1328	2014	304	36
1328	2015	291	36
1333	1979	260	37
1333	1980	268	37
1333	1981	256	37
1333	1982	274	37
1333	1983	286	37
1333	1984	299	37
1333	1985	305	37
1333	1986	268	37
1333	1987	300	37
1333	1988	265	37
1333	1989	294	37
1333	1990	315	37
1333	1991	285	37
1333	1992	294	37
1333	1993	295	37
1333	1994	303	37
1333	1995	298	37
1333	1996	291	37
1333	1997	291	37
1333	1998	288	37
1333	1999	290	37
1333	2000	291	37
1333	2001	270	37
1333	2002	283	37
1333	2003	268	37
1333	2004	272	37
1333	2005	270	37
1333	2006	302	37
1333	2007	266	37
1333	2008	271	37
1333	2009	265	37
1333	2010	269	37
1333	2011	277	37
1333	2012	282	37
1333	2013	279	37
1333	2014	270	37
1333	2015	278	37
1334	1979	260	22
1334	1980	268	22
1334	1981	256	22
1334	1982	274	22
1334	1983	288	22
1334	1984	300	22
1334	1985	305	22
1334	1986	268	22
1334	1987	300	22
1334	1988	265	22
1334	1989	296	22
1334	1990	315	22
1334	1991	288	22
1334	1992	294	22
1334	1993	297	22
1334	1994	303	22
1334	1995	302	22
1334	1996	292	22
1334	1997	293	22
1334	1998	287	22
1334	1999	290	22
1334	2000	294	22
1335	1979	297	37
1335	1980	296	37
1335	1981	272	37
1335	1982	250	37
1335	1983	260	37
1335	1984	265	37
1335	1985	295	37
1335	1986	271	37
1335	1987	290	37
1335	1988	317	37
1335	1989	295	37
1335	1990	310	37
1335	1991	312	37
1335	1992	292	37
1335	1993	304	37
1335	1994	296	37
1335	1995	316	37
1335	1996	303	37
1335	1997	312	37
1335	1998	298	37
1335	1999	314	37
1335	2000	310	37
1335	2001	321	37
1335	2002	308	37
1335	2003	307	37
1335	2004	311	37
1335	2005	328	37
1335	2006	319	37
1335	2007	303	37
1335	2008	305	37
1335	2009	306	37
1335	2010	304	37
1335	2011	302	37
1335	2012	325	37
1335	2013	314	37
1335	2014	308	37
1335	2015	288	37
1340	1979	281	27
1340	1980	308	27
1340	1981	295	27
1340	1982	308	27
1340	1983	305	27
1340	1984	309	27
1340	1985	309	27
1340	1986	294	27
1340	1987	307	27
1340	1988	298	27
1340	1989	304	27
1340	1990	305	27
1340	1991	311	27
1340	1992	307	27
1340	1993	299	27
1340	1994	296	27
1340	1995	306	27
1340	1996	301	27
1340	1997	308	27
1340	1998	298	27
1340	1999	298	27
1340	2000	301	27
1340	2001	311	27
1340	2002	297	27
1340	2003	302	27
1340	2004	303	27
1340	2005	302	27
1342	1979	289	24
1342	1980	290	24
1342	1981	283	24
1342	1982	292	24
1342	1983	288	24
1342	1984	290	24
1342	1985	286	24
1342	1986	293	24
1342	1987	295	24
1342	1988	296	24
1342	1989	308	24
1342	1990	297	24
1342	1991	311	24
1342	1992	305	24
1342	1993	303	24
1342	1994	299	24
1342	1995	307	24
1342	1996	302	24
1342	1997	310	24
1342	1998	307	24
1342	1999	306	24
1342	2000	305	24
1342	2001	312	24
1342	2002	301	24
1347	1982	245	30
1347	1983	282	30
1347	1984	284	30
1347	1985	287	30
1347	1987	292	30
1347	1988	275	30
1347	1989	263	30
1347	1990	278	30
1347	1991	253	30
1347	1992	298	30
1347	1993	253	30
1347	1994	293	30
1347	1995	274	30
1347	1996	278	30
1347	1997	298	30
1347	1998	288	30
1347	1999	298	30
1347	2000	285	30
1347	2001	288	30
1347	2002	297	30
1347	2003	291	30
1347	2004	293	30
1347	2005	286	30
1347	2006	309	30
1347	2007	291	30
1347	2008	268	30
1347	2009	299	30
1347	2010	281	30
1347	2011	299	30
1347	2012	324	30
1350	1979	285	20
1350	1980	281	20
1350	1981	290	20
1350	1982	290	20
1350	1983	280	20
1350	1984	288	20
1350	1985	282	20
1350	1986	285	20
1350	1987	283	20
1350	1988	286	20
1350	1989	280	20
1350	1990	283	20
1350	1991	288	20
1350	1992	285	20
1350	1993	289	20
1350	1994	275	20
1350	1995	293	20
1350	1996	276	20
1350	1997	299	20
1350	1998	280	20
1357	1979	291	31
1357	1980	297	31
1357	1981	291	31
1357	1982	285	31
1357	1983	273	31
1357	1984	298	31
1357	1985	290	31
1357	1986	275	31
1357	1987	288	31
1357	1988	295	31
1357	1989	294	31
1357	1990	290	31
1357	1991	293	31
1357	1992	283	31
1357	1993	285	31
1357	1994	289	31
1357	1995	282	31
1357	1996	276	31
1357	1997	316	31
1357	1998	289	31
1357	1999	277	31
1357	2000	287	31
1357	2001	302	31
1357	2004	300	31
1357	2005	294	31
1357	2006	296	31
1357	2007	280	31
1357	2008	284	31
1357	2009	298	31
1357	2010	302	31
1357	2012	314	31
1358	1979	290	37
1358	1980	305	37
1358	1981	280	37
1358	1982	300	37
1358	1983	300	37
1358	1984	305	37
1358	1985	297	37
1358	1986	288	37
1358	1987	296	37
1358	1988	304	37
1358	1989	285	37
1358	1990	315	37
1358	1991	301	37
1358	1992	309	37
1358	1993	306	37
1358	1994	295	37
1358	1995	306	37
1358	1996	306	37
1358	1997	279	37
1358	1998	302	37
1358	1999	303	37
1358	2000	295	37
1358	2001	314	37
1358	2002	294	37
1358	2003	301	37
1358	2004	301	37
1358	2005	303	37
1358	2006	300	37
1358	2007	288	37
1358	2008	299	37
1358	2009	299	37
1358	2010	285	37
1358	2011	288	37
1358	2012	317	37
1358	2013	306	37
1358	2014	278	37
1358	2015	287	37
1359	1986	288	29
1359	1987	305	29
1359	1988	289	29
1359	1989	302	29
1359	1990	302	29
1359	1991	310	29
1359	1992	303	29
1359	1993	299	29
1359	1994	293	29
1359	1995	304	29
1359	1996	298	29
1359	1998	300	29
1359	1999	299	29
1359	2000	295	29
1359	2001	306	29
1359	2002	292	29
1359	2003	292	29
1359	2004	297	29
1359	2005	293	29
1359	2006	303	29
1359	2007	293	29
1359	2008	289	29
1359	2009	296	29
1359	2010	299	29
1359	2011	301	29
1359	2012	321	29
1359	2013	298	29
1359	2014	292	29
1359	2015	298	29
1360	1981	275	27
1360	1983	279	27
1360	1991	307	27
1360	1992	298	27
1360	1993	289	27
1360	1994	281	27
1360	1995	298	27
1360	1996	297	27
1360	1997	300	27
1360	1998	294	27
1360	1999	300	27
1360	2000	299	27
1360	2001	298	27
1360	2002	289	27
1360	2003	303	27
1360	2004	287	27
1360	2005	301	27
1360	2006	309	27
1360	2007	296	27
1360	2008	292	27
1360	2009	297	27
1360	2010	306	27
1360	2011	297	27
1360	2012	320	27
1360	2013	304	27
1360	2014	286	27
1360	2015	293	27
1361	1979	275	33
1361	1980	288	33
1361	1981	296	33
1361	1982	293	33
1361	1983	292	33
1361	1984	296	33
1361	1985	295	33
1361	1986	278	33
1361	1987	303	33
1361	1988	287	33
1361	1989	291	33
1361	1990	287	33
1361	1991	307	33
1361	1992	300	33
1361	1993	279	33
1361	1994	290	33
1361	1995	290	33
1361	1996	287	33
1361	1997	293	33
1361	1998	289	33
1361	1999	299	33
1361	2000	294	33
1361	2001	296	33
1361	2002	290	33
1361	2003	285	33
1361	2004	297	33
1361	2005	293	33
1361	2006	302	33
1361	2007	281	33
1361	2008	304	33
1361	2009	298	33
1361	2010	296	33
1361	2013	299	33
1365	1979	285	18
1365	1980	291	18
1365	1981	297	18
1365	1982	288	18
1365	1983	292	18
1365	1984	302	18
1365	1985	304	18
1365	1986	307	18
1365	1987	310	18
1365	1988	307	18
1365	1989	309	18
1365	1990	291	18
1365	1991	305	18
1365	1992	293	18
1365	1993	294	18
1365	1994	289	18
1365	1996	307	18
1365	1998	297	18
1372	1979	287	36
1372	1980	301	36
1372	1982	292	36
1372	1983	293	36
1372	1984	294	36
1372	1985	291	36
1372	1986	275	36
1372	1987	291	36
1372	1988	281	36
1372	1989	286	36
1372	1990	285	36
1372	1991	292	36
1372	1992	286	36
1372	1993	271	36
1372	1994	284	36
1372	1995	292	36
1372	1996	284	36
1372	1997	302	36
1372	1998	284	36
1372	1999	288	36
1372	2000	284	36
1372	2001	298	36
1372	2002	276	36
1372	2003	293	36
1372	2004	277	36
1372	2005	294	36
1372	2006	294	36
1372	2007	287	36
1372	2008	269	36
1372	2009	292	36
1372	2010	279	36
1372	2011	290	36
1372	2012	311	36
1372	2013	295	36
1372	2014	286	36
1372	2015	285	36
1381	1979	309	35
1381	1981	303	35
1381	1982	299	35
1381	1983	309	35
1381	1984	315	35
1381	1986	270	35
1381	1987	299	35
1381	1988	306	35
1381	1989	297	35
1381	1990	303	35
1381	1991	307	35
1381	1992	308	35
1381	1993	292	35
1381	1994	293	35
1381	1995	300	35
1381	1996	295	35
1381	1997	293	35
1381	1998	292	35
1381	1999	296	35
1381	2000	288	35
1381	2001	282	35
1381	2002	300	35
1381	2003	283	35
1381	2004	294	35
1381	2005	290	35
1381	2006	296	35
1381	2007	282	35
1381	2008	289	35
1381	2009	279	35
1381	2010	259	35
1381	2011	297	35
1381	2012	301	35
1381	2013	283	35
1381	2014	275	35
1381	2015	297	35
1384	1979	293	20
1384	1981	308	20
1384	1982	304	20
1384	1983	301	20
1384	1984	308	20
1384	1985	322	20
1384	1986	304	20
1384	1987	306	20
1384	1988	288	20
1384	1989	304	20
1384	1990	300	20
1384	1991	304	20
1384	1992	293	20
1384	1994	295	20
1384	1997	304	20
1384	1999	304	20
1384	2004	302	20
1384	2005	302	20
1384	2006	309	20
1384	2007	301	20
1394	1979	325	16
1394	1980	302	16
1394	1981	318	16
1394	1982	315	16
1394	1985	308	16
1394	1986	258	16
1394	1990	263	16
1394	1998	271	16
1394	1999	293	16
1394	2000	273	16
1394	2001	297	16
1394	2002	277	16
1394	2003	293	16
1394	2004	293	16
1394	2005	281	16
1394	2006	303	16
1400	1979	291	16
1400	1980	302	16
1400	1981	294	16
1400	1982	293	16
1400	1985	298	16
1400	1987	302	16
1400	1988	295	16
1400	1989	287	16
1400	1990	290	16
1400	2004	300	16
1400	2005	297	16
1400	2006	314	16
1400	2008	287	16
1400	2009	297	16
1400	2010	299	16
1400	2011	300	16
1402	1979	291	15
1402	1980	296	15
1402	1981	295	15
1402	1982	305	15
1402	1983	296	15
1402	1984	312	15
1402	1985	300	15
1402	1986	303	15
1402	1987	311	15
1402	1988	288	15
1402	1989	317	15
1402	1990	313	15
1402	1991	305	15
1402	1992	305	15
1402	1993	304	15
1403	1979	270	33
1403	1983	280	33
1403	1984	290	33
1403	1985	280	33
1403	1986	279	33
1403	1987	280	33
1403	1988	285	33
1403	1989	283	33
1403	1990	282	33
1403	1992	290	33
1403	1993	288	33
1403	1994	289	33
1403	1995	289	33
1403	1996	286	33
1403	1997	293	33
1403	1998	293	33
1403	1999	288	33
1403	2000	289	33
1403	2001	295	33
1403	2002	298	33
1403	2003	291	33
1403	2004	298	33
1403	2005	305	33
1403	2006	303	33
1403	2007	305	33
1403	2008	303	33
1403	2009	309	33
1403	2010	310	33
1403	2011	305	33
1403	2012	324	33
1403	2013	309	33
1403	2014	306	33
1403	2015	298	33
1404	1979	287	17
1404	1980	292	17
1404	1981	295	17
1404	1982	296	17
1404	1983	296	17
1404	1984	298	17
1404	1985	300	17
1404	1986	285	17
1404	1987	290	17
1404	1988	289	17
1404	1989	286	17
1404	1990	283	17
1404	1996	281	17
1404	2000	283	17
1404	2001	301	17
1404	2002	289	17
1404	2003	293	17
1405	1985	294	15
1405	1986	274	15
1405	1987	270	15
1405	1988	264	15
1405	1989	256	15
1405	1990	260	15
1405	1991	262	15
1405	1992	284	15
1405	1993	279	15
1405	1994	274	15
1405	1995	279	15
1405	1996	281	15
1405	1997	283	15
1405	1998	284	15
1405	1999	282	15
1408	1979	303	21
1408	1980	299	21
1408	1981	301	21
1408	1982	306	21
1408	1983	303	21
1408	1984	301	21
1408	1985	308	21
1408	1986	285	21
1408	1987	301	21
1408	1988	298	21
1408	1989	297	21
1408	1990	306	21
1408	1991	312	21
1408	1992	304	21
1408	1993	299	21
1408	1994	295	21
1408	1995	313	21
1408	1996	299	21
1408	1997	307	21
1408	1998	294	21
1408	1999	310	21
1410	1979	304	22
1410	1980	308	22
1410	1981	291	22
1410	1982	292	22
1410	1983	283	22
1410	1984	301	22
1410	1985	299	22
1410	1986	290	22
1410	1987	293	22
1410	1988	282	22
1410	1989	295	22
1410	1990	305	22
1410	1991	306	22
1410	1992	303	22
1410	1993	291	22
1410	1994	285	22
1410	1995	294	22
1410	1996	290	22
1410	1997	292	22
1410	1998	298	22
1410	1999	300	22
1410	2000	294	22
1411	1979	305	37
1411	1980	302	37
1411	1981	294	37
1411	1982	305	37
1411	1983	306	37
1411	1984	308	37
1411	1985	308	37
1411	1986	287	37
1411	1987	300	37
1411	1988	300	37
1411	1989	308	37
1411	1990	304	37
1411	1991	312	37
1411	1992	298	37
1411	1993	290	37
1411	1994	295	37
1411	1995	309	37
1411	1996	299	37
1411	1997	301	37
1411	1998	300	37
1411	1999	309	37
1411	2000	307	37
1411	2001	314	37
1411	2002	293	37
1411	2003	297	37
1411	2004	298	37
1411	2005	295	37
1411	2006	303	37
1411	2007	291	37
1411	2008	295	37
1411	2009	297	37
1411	2010	296	37
1411	2011	300	37
1411	2012	322	37
1411	2013	299	37
1411	2014	290	37
1411	2015	302	37
1413	1979	298	22
1413	1980	296	22
1413	1981	293	22
1413	1982	281	22
1413	1983	303	22
1413	1984	303	22
1413	1985	295	22
1413	1986	291	22
1413	1987	294	22
1413	1988	304	22
1413	1989	312	22
1413	1990	314	22
1413	1991	313	22
1413	1992	304	22
1413	1993	304	22
1413	1994	301	22
1413	1995	316	22
1413	1996	306	22
1413	1997	312	22
1413	1998	311	22
1413	1999	311	22
1413	2000	311	22
1415	1979	296	37
1415	1980	305	37
1415	1981	290	37
1415	1982	293	37
1415	1983	303	37
1415	1984	303	37
1415	1985	306	37
1415	1986	301	37
1415	1987	304	37
1415	1988	312	37
1415	1989	290	37
1415	1990	278	37
1415	1991	285	37
1415	1992	294	37
1415	1993	281	37
1415	1994	285	37
1415	1995	312	37
1415	1996	275	37
1415	1997	285	37
1415	1998	281	37
1415	1999	295	37
1415	2000	290	37
1415	2001	293	37
1415	2002	293	37
1415	2003	293	37
1415	2004	304	37
1415	2005	287	37
1415	2006	287	37
1415	2007	285	37
1415	2008	278	37
1415	2009	275	37
1415	2010	283	37
1415	2011	270	37
1415	2012	283	37
1415	2013	272	37
1415	2014	263	37
1415	2015	286	37
1421	1979	279	16
1421	1980	287	16
1421	1981	287	16
1421	1982	288	16
1421	1983	314	16
1421	1984	297	16
1421	1985	302	16
1421	1990	310	16
1421	1991	304	16
1421	1993	297	16
1421	1994	288	16
1421	1996	300	16
1421	1997	299	16
1421	1999	295	16
1421	2000	278	16
1421	2006	310	16
1422	1979	288	26
1422	1980	308	26
1422	1981	288	26
1422	1983	303	26
1422	1994	309	26
1422	1995	323	26
1422	1996	303	26
1422	1997	311	26
1422	1998	295	26
1422	1999	315	26
1422	2000	304	26
1422	2001	301	26
1422	2002	301	26
1422	2003	301	26
1422	2004	291	26
1422	2005	304	26
1422	2006	296	26
1422	2007	289	26
1422	2008	284	26
1422	2009	302	26
1422	2010	299	26
1422	2011	303	26
1422	2012	321	26
1422	2013	295	26
1422	2014	305	26
1422	2015	294	26
1423	1979	303	21
1423	1980	299	21
1423	1981	300	21
1423	1982	297	21
1423	1983	297	21
1423	1984	293	21
1423	1985	295	21
1423	1986	297	21
1423	1987	300	21
1423	1988	302	21
1423	1989	287	21
1423	1990	302	21
1423	1991	301	21
1423	1992	286	21
1423	1993	276	21
1423	1994	293	21
1423	1995	299	21
1423	1996	296	21
1423	1997	308	21
1423	1998	292	21
1423	1999	286	21
1427	1979	291	20
1427	1980	299	20
1427	1981	290	20
1427	1982	298	20
1427	1983	277	20
1427	1984	306	20
1427	1985	308	20
1427	1986	302	20
1427	1987	300	20
1427	1988	290	20
1427	1989	292	20
1427	1990	312	20
1427	1991	312	20
1427	1992	306	20
1427	1994	299	20
1427	1995	312	20
1427	1996	303	20
1427	1997	306	20
1427	1998	307	20
1427	1999	306	20
1428	1987	314	19
1428	1988	300	19
1428	1989	306	19
1428	1990	310	19
1428	1991	310	19
1428	1992	300	19
1428	1993	301	19
1428	2003	296	19
1428	2004	299	19
1428	2005	318	19
1428	2006	314	19
1428	2007	302	19
1428	2008	296	19
1428	2009	292	19
1428	2011	300	19
1428	2012	320	19
1428	2013	315	19
1428	2014	306	19
1428	2015	303	19
1430	1979	280	19
1430	1980	292	19
1430	1981	282	19
1430	1982	294	19
1430	1983	296	19
1430	1984	293	19
1430	1985	291	19
1430	1986	285	19
1430	1987	297	19
1430	1988	288	19
1430	1989	289	19
1430	1990	292	19
1430	1991	304	19
1430	1992	290	19
1430	1993	293	19
1430	1994	288	19
1430	1995	303	19
1430	1996	287	19
1430	1997	298	19
1439	1979	307	26
1439	1980	316	26
1439	1981	308	26
1439	1982	312	26
1439	1984	302	26
1439	1985	306	26
1439	1986	282	26
1439	1987	297	26
1439	1988	287	26
1439	1989	289	26
1439	1990	285	26
1439	1991	305	26
1439	1992	306	26
1439	1993	299	26
1439	1994	294	26
1439	1995	308	26
1439	1996	293	26
1439	1997	296	26
1439	1998	295	26
1439	1999	302	26
1439	2000	296	26
1439	2006	324	26
1439	2007	309	26
1439	2008	311	26
1439	2009	316	26
1439	2010	319	26
1440	1980	300	30
1440	1981	260	30
1440	1982	297	30
1440	1984	298	30
1440	1986	292	30
1440	1987	290	30
1440	1992	286	30
1440	1993	281	30
1440	1994	277	30
1440	1995	300	30
1440	1996	278	30
1440	1997	290	30
1440	1998	293	30
1440	1999	304	30
1440	2000	292	30
1440	2001	297	30
1440	2002	287	30
1440	2003	292	30
1440	2004	300	30
1440	2005	301	30
1440	2006	296	30
1440	2007	282	30
1440	2008	273	30
1440	2009	285	30
1440	2010	291	30
1440	2011	298	30
1440	2012	301	30
1440	2013	291	30
1440	2014	292	30
1440	2015	290	30
1442	1979	276	21
1442	1980	300	21
1442	1981	304	21
1442	1982	303	21
1442	1983	292	21
1442	1984	287	21
1442	1985	290	21
1442	1986	288	21
1442	1987	295	21
1442	1988	285	21
1442	1989	281	21
1442	1990	273	21
1442	2004	277	21
1442	2005	266	21
1442	2006	260	21
1442	2007	287	21
1442	2008	273	21
1442	2009	273	21
1442	2010	269	21
1442	2012	287	21
1442	2013	274	21
1445	1979	274	16
1445	1980	283	16
1445	1981	260	16
1445	1982	273	16
1445	1983	276	16
1445	1984	279	16
1445	1985	289	16
1445	1986	283	16
1445	1987	285	16
1445	1988	269	16
1445	1989	255	16
1445	1990	263	16
1445	1991	275	16
1445	1992	295	16
1445	1993	273	16
1445	1994	278	16
1448	1979	284	25
1448	1981	270	25
1448	1982	276	25
1448	1983	268	25
1448	1984	287	25
1448	1985	278	25
1448	1986	275	25
1448	1997	276	25
1448	1999	294	25
1448	2000	293	25
1448	2001	308	25
1448	2002	290	25
1448	2003	281	25
1448	2004	284	25
1448	2005	307	25
1448	2006	292	25
1448	2007	282	25
1448	2008	273	25
1448	2009	283	25
1448	2010	295	25
1448	2011	290	25
1448	2012	313	25
1448	2013	299	25
1448	2014	297	25
1448	2015	299	25
1449	1979	308	16
1449	1980	296	16
1449	1981	287	16
1449	1982	283	16
1449	1983	287	16
1449	1984	295	16
1449	1985	300	16
1449	1986	278	16
1449	1987	297	16
1449	1988	292	16
1449	1989	290	16
1449	1990	301	16
1449	1991	304	16
1449	1992	298	16
1449	1993	297	16
1449	1994	296	16
1457	1979	302	21
1457	1980	309	21
1457	1981	305	21
1457	1982	305	21
1457	1983	300	21
1457	1984	294	21
1457	1985	318	21
1457	1986	281	21
1457	1987	297	21
1457	1988	290	21
1457	1989	300	21
1457	1990	285	21
1457	1991	308	21
1457	1992	286	21
1457	1993	286	21
1457	1994	289	21
1457	1995	284	21
1457	1996	312	21
1457	1997	298	21
1457	2000	291	21
1457	2001	283	21
1465	1979	288	21
1465	1980	291	21
1465	1981	274	21
1465	1982	279	21
1465	1983	275	21
1465	1984	290	21
1465	1985	291	21
1465	1986	282	21
1465	1987	299	21
1465	1988	271	21
1465	1989	293	21
1465	1990	288	21
1465	1991	302	21
1465	1992	273	21
1465	1993	273	21
1465	1995	276	21
1465	1998	272	21
1465	2000	267	21
1465	2001	267	21
1465	2002	275	21
1465	2003	271	21
1466	1979	286	37
1466	1980	303	37
1466	1981	304	37
1466	1982	299	37
1466	1983	301	37
1466	1984	304	37
1466	1985	305	37
1466	1986	293	37
1466	1987	308	37
1466	1988	296	37
1466	1989	295	37
1466	1990	301	37
1466	1991	297	37
1466	1992	294	37
1466	1993	290	37
1466	1994	291	37
1466	1995	303	37
1466	1996	285	37
1466	1997	293	37
1466	1998	293	37
1466	1999	301	37
1466	2000	295	37
1466	2001	299	37
1466	2002	292	37
1466	2003	290	37
1466	2004	293	37
1466	2005	290	37
1466	2006	299	37
1466	2007	286	37
1466	2008	287	37
1466	2009	283	37
1466	2010	287	37
1466	2011	292	37
1466	2012	306	37
1466	2013	294	37
1466	2014	289	37
1466	2015	298	37
1469	1979	297	34
1469	1980	297	34
1469	1981	288	34
1469	1982	284	34
1469	1983	284	34
1469	1984	298	34
1469	1985	290	34
1469	1986	277	34
1469	1987	293	34
1469	1988	277	34
1469	1989	291	34
1469	1990	287	34
1469	1991	287	34
1469	1992	299	34
1469	1993	262	34
1469	1994	274	34
1469	1995	281	34
1469	1996	287	34
1469	1997	273	34
1469	1998	297	34
1469	1999	304	34
1469	2000	290	34
1469	2001	305	34
1469	2002	295	34
1469	2003	301	34
1469	2004	300	34
1469	2005	286	34
1469	2006	301	34
1469	2007	294	34
1469	2008	299	34
1469	2009	300	34
1469	2010	307	34
1469	2011	293	34
1469	2012	298	34
1472	1979	300	28
1472	1980	307	28
1472	1981	291	28
1472	1984	300	28
1472	1985	304	28
1472	1986	304	28
1472	1989	266	28
1472	1990	289	28
1472	1993	275	28
1472	1994	277	28
1472	1996	279	28
1472	1997	274	28
1472	1998	289	28
1472	1999	258	28
1472	2000	284	28
1472	2001	289	28
1472	2002	280	28
1472	2003	289	28
1472	2005	281	28
1472	2006	299	28
1472	2007	293	28
1472	2008	284	28
1472	2009	289	28
1472	2010	290	28
1472	2011	289	28
1472	2012	300	28
1472	2013	288	28
1472	2014	288	28
1475	1979	311	16
1475	1980	314	16
1475	1981	309	16
1475	1982	313	16
1475	1983	311	16
1475	1984	316	16
1475	1985	322	16
1475	1986	312	16
1475	1987	320	16
1475	1988	308	16
1475	1989	326	16
1475	1990	324	16
1475	1991	320	16
1475	1992	308	16
1475	1993	304	16
1475	1994	303	16
1479	1979	275	21
1479	1980	294	21
1479	1981	285	21
1479	1982	291	21
1479	1983	286	21
1479	1984	291	21
1479	1985	292	21
1479	1986	306	21
1479	1987	276	21
1479	1988	284	21
1479	1989	286	21
1479	1990	290	21
1479	1992	290	21
1479	1993	264	21
1479	1994	269	21
1479	1995	287	21
1479	1996	281	21
1479	1997	296	21
1479	1998	298	21
1479	1999	298	21
1479	2000	295	21
1489	1979	278	18
1489	1980	259	18
1489	1981	256	18
1489	1982	256	18
1489	1983	261	18
1489	1984	280	18
1489	1985	275	18
1489	1986	275	18
1489	1987	278	18
1489	1988	270	18
1489	1989	291	18
1489	1990	266	18
1489	1991	297	18
1489	1992	288	18
1489	1993	258	18
1489	1994	276	18
1489	1995	271	18
1489	1996	271	18
1493	1979	275	28
1493	1980	292	28
1493	1981	275	28
1493	1982	278	28
1493	1983	275	28
1493	1984	289	28
1493	1985	281	28
1493	1986	282	28
1493	1987	284	28
1493	1988	292	28
1493	1989	289	28
1493	1990	282	28
1493	1991	282	28
1493	1992	282	28
1493	1993	275	28
1493	1994	275	28
1493	1995	275	28
1493	1996	276	28
1493	1997	280	28
1493	1998	280	28
1493	1999	285	28
1493	2000	280	28
1493	2001	276	28
1493	2002	279	28
1493	2003	279	28
1493	2004	281	28
1493	2005	281	28
1493	2006	281	28
1498	1979	294	36
1498	1980	282	36
1498	1981	274	36
1498	1982	280	36
1498	1983	287	36
1498	1984	307	36
1498	1985	300	36
1498	1986	295	36
1498	1987	306	36
1498	1988	289	36
1498	1989	297	36
1498	1990	300	36
1498	1991	301	36
1498	1992	293	36
1498	1993	281	36
1498	1994	278	36
1498	1995	294	36
1498	1996	276	36
1498	1997	288	36
1498	1998	288	36
1498	1999	299	36
1498	2000	289	36
1498	2001	295	36
1498	2002	283	36
1498	2003	295	36
1498	2004	295	36
1498	2005	307	36
1498	2006	311	36
1498	2007	285	36
1498	2008	284	36
1498	2009	295	36
1498	2010	298	36
1498	2012	316	36
1498	2013	305	36
1498	2014	313	36
1498	2015	303	36
1500	1979	280	15
1500	1980	295	15
1500	1981	286	15
1500	1982	292	15
1500	1983	288	15
1500	1984	292	15
1500	1985	286	15
1500	1986	286	15
1500	1987	282	15
1500	1988	289	15
1500	1989	290	15
1500	1990	286	15
1500	1991	302	15
1500	1992	275	15
1500	1993	281	15
1505	1980	272	18
1505	1981	267	18
1505	1982	290	18
1505	1983	256	18
1505	1984	264	18
1505	1985	285	18
1505	1986	270	18
1505	1988	255	18
1505	1989	244	18
1505	1990	254	18
1505	1991	253	18
1505	1992	260	18
1505	1996	263	18
1505	1997	263	18
1505	1998	258	18
1505	1999	256	18
1505	2000	244	18
1505	2001	261	18
1506	1979	273	21
1506	1980	277	21
1506	1981	272	21
1506	1982	278	21
1506	1983	286	21
1506	1984	281	21
1506	1985	283	21
1506	1986	268	21
1506	1987	285	21
1506	1988	276	21
1506	1989	283	21
1506	1990	290	21
1506	1991	306	21
1506	1992	294	21
1506	1993	281	21
1506	1994	290	21
1506	1995	296	21
1506	1996	289	21
1506	1997	294	21
1506	1998	285	21
1506	1999	289	21
1507	1989	287	25
1507	1990	290	25
1507	1991	302	25
1507	1992	295	25
1507	1993	285	25
1507	1994	293	25
1507	1995	303	25
1507	1996	288	25
1507	1997	296	25
1507	1998	296	25
1507	1999	293	25
1507	2000	291	25
1507	2001	291	25
1507	2002	293	25
1507	2003	298	25
1507	2004	299	25
1507	2005	293	25
1507	2006	295	25
1507	2007	295	25
1507	2008	287	25
1507	2009	288	25
1507	2010	298	25
1507	2011	296	25
1507	2012	316	25
1507	2013	296	25
1510	1979	304	23
1510	1980	290	23
1510	1981	317	23
1510	1982	291	23
1510	1983	288	23
1510	1984	302	23
1510	1985	318	23
1510	1986	284	23
1510	1987	313	23
1510	1988	302	23
1510	1989	315	23
1510	1990	311	23
1510	1991	298	23
1510	1992	296	23
1510	1993	315	23
1510	1994	300	23
1510	1995	272	23
1510	1996	296	23
1510	1997	301	23
1510	1998	302	23
1510	1999	301	23
1510	2000	286	23
1510	2001	302	23
1514	1979	280	32
1514	1980	272	32
1514	1982	284	32
1514	1983	276	32
1514	1984	299	32
1514	1985	282	32
1514	1986	283	32
1514	1987	302	32
1514	1988	290	32
1514	1989	289	32
1514	1994	288	32
1514	1995	314	32
1514	1996	310	32
1514	1997	303	32
1514	1998	288	32
1514	1999	283	32
1514	2000	307	32
1514	2001	307	32
1514	2002	283	32
1514	2003	280	32
1514	2004	284	32
1514	2005	299	32
1514	2006	304	32
1514	2007	299	32
1514	2008	293	32
1514	2009	297	32
1514	2010	306	32
1514	2011	300	32
1514	2012	321	32
1514	2013	301	32
1514	2014	295	32
1514	2015	295	32
1521	1979	297	37
1521	1980	299	37
1521	1981	284	37
1521	1982	299	37
1521	1983	298	37
1521	1984	301	37
1521	1985	310	37
1521	1986	299	37
1521	1987	294	37
1521	1988	289	37
1521	1989	286	37
1521	1990	286	37
1521	1991	316	37
1521	1992	283	37
1521	1993	294	37
1521	1994	284	37
1521	1995	314	37
1521	1996	301	37
1521	1997	295	37
1521	1998	300	37
1521	1999	268	37
1521	2000	301	37
1521	2001	319	37
1521	2002	299	37
1521	2003	304	37
1521	2004	283	37
1521	2005	299	37
1521	2006	301	37
1521	2007	295	37
1521	2008	301	37
1521	2009	298	37
1521	2010	297	37
1521	2011	298	37
1521	2012	313	37
1521	2013	294	37
1521	2014	289	37
1521	2015	297	37
1524	1979	265	33
1524	1980	263	33
1524	1981	257	33
1524	1982	249	33
1524	1984	270	33
1524	1985	273	33
1524	1986	270	33
1524	1987	281	33
1524	1988	277	33
1524	1989	267	33
1524	1990	262	33
1524	1991	261	33
1524	1992	260	33
1524	1993	252	33
1524	1994	259	33
1524	1995	266	33
1524	1996	269	33
1524	1997	266	33
1524	1998	257	33
1524	1999	273	33
1524	2000	266	33
1524	2001	269	33
1524	2002	253	33
1524	2003	265	33
1524	2004	272	33
1524	2005	273	33
1524	2006	265	33
1524	2007	256	33
1524	2008	267	33
1524	2010	267	33
1524	2013	279	33
1524	2014	288	33
1524	2015	273	33
1529	1982	295	31
1529	1983	301	31
1529	1984	318	31
1529	1985	301	31
1529	1986	287	31
1529	1987	296	31
1529	1988	283	31
1529	1989	294	31
1529	1990	289	31
1529	1991	302	31
1529	1992	297	31
1529	1993	278	31
1529	1994	287	31
1529	1995	303	31
1529	1996	279	31
1529	1997	294	31
1529	1998	286	31
1529	1999	300	31
1529	2000	290	31
1529	2001	303	31
1529	2002	281	31
1529	2003	288	31
1529	2004	290	31
1529	2005	284	31
1529	2006	311	31
1529	2007	286	31
1529	2009	277	31
1529	2010	301	31
1529	2011	299	31
1529	2012	323	31
1529	2013	295	31
1532	1979	314	21
1532	1980	310	21
1532	1981	303	21
1532	1982	305	21
1532	1983	303	21
1532	1984	307	21
1532	1985	312	21
1532	1986	303	21
1532	1987	301	21
1532	1988	300	21
1532	1989	307	21
1532	1990	310	21
1532	1991	296	21
1532	1992	300	21
1532	1993	295	21
1532	1994	292	21
1532	1995	293	21
1532	1996	293	21
1532	1997	300	21
1532	1998	298	21
1532	1999	293	21
1533	1979	300	22
1533	1980	296	22
1533	1981	293	22
1533	1982	293	22
1533	1983	300	22
1533	1984	297	22
1533	1985	293	22
1533	1986	280	22
1533	1987	299	22
1533	1988	288	22
1533	1989	296	22
1533	1990	290	22
1533	1991	300	22
1533	1992	299	22
1533	1993	279	22
1533	1994	293	22
1533	1995	298	22
1533	1996	295	22
1533	1997	298	22
1533	1998	298	22
1533	1999	300	22
1533	2000	296	22
1536	1979	288	34
1536	1980	270	34
1536	1981	296	34
1536	1982	288	34
1536	1983	295	34
1536	1984	300	34
1536	1985	298	34
1536	1986	276	34
1536	1988	290	34
1536	1989	303	34
1536	1990	280	34
1536	1991	286	34
1536	1992	293	34
1536	1993	272	34
1536	1994	289	34
1536	1995	295	34
1536	1996	288	34
1536	1997	275	34
1536	1998	268	34
1536	1999	288	34
1536	2000	271	34
1536	2001	283	34
1536	2002	274	34
1536	2003	273	34
1536	2004	281	34
1536	2005	286	34
1536	2006	277	34
1536	2007	268	34
1536	2008	285	34
1536	2009	255	34
1536	2010	275	34
1536	2011	274	34
1536	2014	276	34
1536	2015	281	34
1537	1979	296	33
1537	1980	303	33
1537	1981	281	33
1537	1982	302	33
1537	1983	302	33
1537	1984	311	33
1537	1985	306	33
1537	1986	288	33
1537	1987	300	33
1537	1988	272	33
1537	1989	277	33
1537	1991	285	33
1537	1992	299	33
1537	1993	283	33
1537	1994	291	33
1537	1995	289	33
1537	1996	285	33
1537	1997	280	33
1537	1998	283	33
1537	1999	300	33
1537	2000	291	33
1537	2001	298	33
1537	2002	275	33
1537	2003	275	33
1537	2004	288	33
1537	2005	296	33
1537	2006	294	33
1537	2007	285	33
1537	2008	295	33
1537	2009	289	33
1537	2010	277	33
1537	2011	277	33
1537	2012	312	33
1539	1981	303	33
1539	1982	303	33
1539	1983	316	33
1539	1984	310	33
1539	1985	306	33
1539	1986	292	33
1539	1987	314	33
1539	1988	297	33
1539	1989	328	33
1539	1991	308	33
1539	1992	307	33
1539	1993	299	33
1539	1995	311	33
1539	1996	297	33
1539	1997	310	33
1539	1998	288	33
1539	1999	300	33
1539	2000	303	33
1539	2001	310	33
1539	2002	290	33
1539	2003	285	33
1539	2004	297	33
1539	2005	297	33
1539	2006	308	33
1539	2007	288	33
1539	2008	298	33
1539	2009	297	33
1539	2010	297	33
1539	2011	298	33
1539	2012	303	33
1539	2013	307	33
1539	2014	297	33
1539	2015	301	33
1544	1979	299	37
1544	1980	301	37
1544	1981	263	37
1544	1982	283	37
1544	1983	267	37
1544	1984	303	37
1544	1985	310	37
1544	1986	266	37
1544	1987	284	37
1544	1988	299	37
1544	1989	298	37
1544	1990	287	37
1544	1991	295	37
1544	1992	291	37
1544	1993	261	37
1544	1994	287	37
1544	1995	292	37
1544	1996	278	37
1544	1997	293	37
1544	1998	297	37
1544	1999	292	37
1544	2000	288	37
1544	2001	303	37
1544	2002	294	37
1544	2003	290	37
1544	2004	296	37
1544	2005	299	37
1544	2006	314	37
1544	2007	303	37
1544	2008	308	37
1544	2009	303	37
1544	2010	306	37
1544	2011	297	37
1544	2012	326	37
1544	2013	283	37
1544	2014	283	37
1544	2015	285	37
1545	1986	278	25
1545	1988	317	25
1545	1989	314	25
1545	1990	306	25
1545	1991	310	25
1545	1992	301	25
1545	1993	301	25
1545	1994	295	25
1545	1996	299	25
1545	1998	290	25
1545	1999	291	25
1545	2001	310	25
1545	2003	287	25
1545	2004	304	25
1545	2005	320	25
1545	2006	336	25
1545	2007	298	25
1545	2008	280	25
1545	2009	299	25
1545	2010	282	25
1545	2011	307	25
1545	2012	303	25
1545	2013	314	25
1545	2014	296	25
1545	2015	275	25
1549	1979	298	21
1549	1980	282	21
1549	1982	258	21
1549	1983	290	21
1549	1984	306	21
1549	1985	272	21
1549	1986	284	21
1549	1987	288	21
1549	1988	287	21
1549	1989	290	21
1549	1990	290	21
1549	1991	294	21
1549	1992	301	21
1549	1993	270	21
1549	1994	294	21
1549	1995	319	21
1549	1996	305	21
1549	1997	295	21
1549	1998	292	21
1549	1999	301	21
1549	2015	300	21
1559	1979	311	22
1559	1980	308	22
1559	1981	299	22
1559	1982	305	22
1559	1983	310	22
1559	1984	313	22
1559	1985	308	22
1559	1986	284	22
1559	1987	305	22
1559	1988	294	22
1559	1989	298	22
1559	1990	294	22
1559	1992	298	22
1559	1993	297	22
1559	1994	297	22
1559	1995	313	22
1559	1996	303	22
1559	1997	300	22
1559	1998	303	22
1559	1999	303	22
1559	2000	302	22
1559	2001	308	22
1561	1979	277	23
1561	1980	284	23
1561	1981	282	23
1561	1982	273	23
1561	1983	278	23
1561	1984	282	23
1561	1985	277	23
1561	1986	269	23
1561	1987	281	23
1561	1988	276	23
1561	1989	275	23
1561	1990	274	23
1561	1992	296	23
1561	1993	296	23
1561	1994	297	23
1561	1995	301	23
1561	1997	306	23
1561	1998	293	23
1561	1999	306	23
1561	2001	309	23
1561	2005	316	23
1561	2009	301	23
1561	2011	298	23
1563	1979	307	22
1563	1980	293	22
1563	1981	299	22
1563	1982	296	22
1563	1983	301	22
1563	1984	301	22
1563	1985	311	22
1563	1986	294	22
1563	1987	299	22
1563	1988	290	22
1563	1989	295	22
1563	1990	296	22
1563	1991	306	22
1563	1992	301	22
1563	1993	289	22
1563	1994	288	22
1563	1995	303	22
1563	1996	297	22
1563	1997	306	22
1563	1998	296	22
1563	1999	300	22
1563	2000	290	22
1564	1979	298	21
1564	1980	291	21
1564	1981	299	21
1564	1982	307	21
1564	1983	305	21
1564	1984	319	21
1564	1985	312	21
1564	1986	304	21
1564	1987	305	21
1564	1988	329	21
1564	1989	320	21
1564	1990	295	21
1564	1992	292	21
1564	1993	281	21
1564	1994	263	21
1564	2009	298	21
1564	2010	302	21
1564	2011	274	21
1564	2012	326	21
1564	2013	298	21
1564	2014	316	21
1565	1989	257	16
1565	1990	271	16
1565	1991	280	16
1565	1992	282	16
1565	1993	270	16
1565	1994	276	16
1565	1995	271	16
1565	1996	286	16
1565	1997	278	16
1565	1998	283	16
1565	1999	289	16
1565	2000	274	16
1565	2001	270	16
1565	2002	272	16
1565	2003	290	16
1565	2004	277	16
1566	1989	289	17
1566	1990	289	17
1566	1991	308	17
1566	1992	303	17
1566	1993	279	17
1566	1994	285	17
1566	1995	312	17
1566	1996	293	17
1566	1997	300	17
1566	1998	305	17
1566	1999	303	17
1566	2000	301	17
1566	2001	314	17
1566	2012	318	17
1566	2013	306	17
1566	2014	305	17
1566	2015	307	17
1569	1979	305	15
1569	1980	283	15
1569	1981	290	15
1569	1982	290	15
1569	1984	290	15
1569	1985	295	15
1569	1986	290	15
1569	1987	304	15
1569	1988	302	15
1569	1990	300	15
1569	1991	314	15
1569	1996	307	15
1569	1998	293	15
1569	1999	303	15
1569	2002	301	15
1570	1979	285	17
1570	1980	301	17
1570	1981	281	17
1570	1982	302	17
1570	1983	293	17
1570	1984	285	17
1570	1985	286	17
1570	1986	293	17
1570	1987	292	17
1570	1988	284	17
1570	1989	288	17
1570	1990	276	17
1570	1991	298	17
1570	1992	301	17
1570	1993	273	17
1570	1994	282	17
1570	1995	298	17
1580	1979	307	16
1580	1980	306	16
1580	1981	301	16
1580	1982	303	16
1580	1983	296	16
1580	1984	297	16
1580	1985	305	16
1580	1986	285	16
1580	1987	296	16
1580	1988	292	16
1580	1989	300	16
1580	1990	298	16
1580	1991	301	16
1580	1992	305	16
1580	1993	293	16
1580	1994	293	16
1583	1991	285	16
1583	1992	303	16
1583	1993	289	16
1583	1994	294	16
1583	1995	303	16
1583	1997	296	16
1583	1999	286	16
1583	2000	290	16
1583	2008	280	16
1583	2009	274	16
1583	2010	289	16
1583	2011	279	16
1583	2012	314	16
1583	2013	273	16
1583	2014	276	16
1583	2015	282	16
1584	1979	286	15
1584	1980	301	15
1584	1981	288	15
1584	1982	295	15
1584	1984	300	15
1584	1985	301	15
1584	1986	302	15
1584	1987	304	15
1584	1988	295	15
1584	1989	293	15
1584	1990	316	15
1584	1991	296	15
1584	1992	295	15
1584	1993	286	15
1584	1994	297	15
1585	1986	310	26
1585	1987	310	26
1585	1988	303	26
1585	1989	290	26
1585	1990	299	26
1585	1991	303	26
1585	1992	299	26
1585	1993	289	26
1585	1994	293	26
1585	1995	295	26
1585	1996	293	26
1585	1997	297	26
1585	1998	303	26
1585	1999	287	26
1585	2000	291	26
1585	2001	294	26
1585	2002	295	26
1585	2003	293	26
1585	2004	291	26
1585	2005	288	26
1585	2006	292	26
1585	2007	283	26
1585	2008	288	26
1585	2009	291	26
1585	2010	292	26
1585	2011	297	26
1589	1979	283	34
1589	1980	299	34
1589	1981	292	34
1589	1982	288	34
1589	1983	287	34
1589	1984	278	34
1589	1988	299	34
1589	1989	296	34
1589	1990	283	34
1589	1991	312	34
1589	1992	295	34
1589	1993	302	34
1589	1994	296	34
1589	1995	303	34
1589	1996	299	34
1589	1997	304	34
1589	1998	293	34
1589	1999	303	34
1589	2000	299	34
1589	2001	306	34
1589	2002	300	34
1589	2003	304	34
1589	2004	303	34
1589	2005	298	34
1589	2006	306	34
1589	2007	299	34
1589	2008	289	34
1589	2009	296	34
1589	2010	296	34
1589	2011	300	34
1589	2012	302	34
1589	2013	294	34
1589	2014	298	34
1589	2015	298	34
1591	1979	302	29
1591	1980	303	29
1591	1981	296	29
1591	1982	300	29
1591	1985	309	29
1591	1986	291	29
1591	1987	306	29
1591	1988	299	29
1591	1989	313	29
1591	1990	298	29
1591	1991	307	29
1591	1992	303	29
1591	1993	302	29
1591	1994	291	29
1591	1995	308	29
1591	1996	296	29
1591	1997	306	29
1591	1998	295	29
1591	1999	304	29
1591	2000	292	29
1591	2001	311	29
1591	2002	295	29
1591	2003	309	29
1591	2004	304	29
1591	2005	305	29
1591	2006	286	29
1591	2007	303	29
1591	2008	302	29
1591	2009	303	29
1592	1988	302	21
1592	1989	302	21
1592	1996	297	21
1592	1997	300	21
1592	1999	297	21
1592	2000	298	21
1592	2001	306	21
1592	2002	296	21
1592	2003	303	21
1592	2004	300	21
1592	2005	301	21
1592	2006	317	21
1592	2007	297	21
1592	2008	297	21
1592	2009	302	21
1592	2010	298	21
1592	2011	297	21
1592	2012	311	21
1592	2013	297	21
1592	2014	303	21
1592	2015	299	21
1593	1979	286	18
1593	1980	284	18
1593	1981	265	18
1593	1982	275	18
1593	1983	274	18
1593	1984	275	18
1593	1985	285	18
1593	1986	271	18
1593	1987	276	18
1593	1988	276	18
1593	1989	259	18
1593	1990	271	18
1593	1991	263	18
1593	1992	270	18
1593	1993	258	18
1593	1994	272	18
1593	1995	263	18
1593	1996	267	18
1594	1979	279	34
1594	1980	288	34
1594	1981	283	34
1594	1982	304	34
1594	1983	299	34
1594	1984	283	34
1594	1985	300	34
1594	1986	275	34
1594	1987	290	34
1594	1988	294	34
1594	1989	286	34
1594	1990	295	34
1594	1991	293	34
1594	1992	288	34
1594	1993	286	34
1594	1994	314	34
1594	1995	289	34
1594	1996	285	34
1594	1997	285	34
1594	1998	288	34
1594	1999	270	34
1594	2000	299	34
1594	2001	288	34
1594	2002	296	34
1594	2003	293	34
1594	2004	298	34
1594	2005	326	34
1594	2006	317	34
1594	2007	293	34
1594	2011	317	34
1594	2012	330	34
1594	2013	317	34
1594	2014	305	34
1594	2015	295	34
1597	1979	277	37
1597	1980	295	37
1597	1981	288	37
1597	1982	293	37
1597	1983	295	37
1597	1984	289	37
1597	1985	296	37
1597	1986	278	37
1597	1987	290	37
1597	1988	285	37
1597	1989	294	37
1597	1990	301	37
1597	1991	305	37
1597	1992	301	37
1597	1993	289	37
1597	1994	295	37
1597	1995	309	37
1597	1996	298	37
1597	1997	302	37
1597	1998	295	37
1597	1999	297	37
1597	2000	295	37
1597	2001	301	37
1597	2002	295	37
1597	2003	298	37
1597	2004	299	37
1597	2005	303	37
1597	2006	310	37
1597	2007	294	37
1597	2008	288	37
1597	2009	301	37
1597	2010	298	37
1597	2011	292	37
1597	2012	314	37
1597	2013	297	37
1597	2014	285	37
1597	2015	294	37
1598	1979	295	26
1598	1980	292	26
1598	1981	286	26
1598	1982	272	26
1598	1983	275	26
1598	1984	283	26
1598	1985	271	26
1598	1986	273	26
1598	1987	276	26
1598	1988	264	26
1598	1989	267	26
1598	1991	255	26
1598	1992	262	26
1598	1993	245	26
1598	1994	283	26
1598	1995	283	26
1598	1996	271	26
1598	1997	272	26
1598	1998	265	26
1598	1999	293	26
1598	2000	273	26
1598	2001	272	26
1598	2002	269	26
1598	2003	261	26
1598	2004	283	26
1598	2005	291	26
1600	1979	282	16
1600	1980	298	16
1600	1981	288	16
1600	1982	295	16
1600	1983	306	16
1600	1984	304	16
1600	1985	308	16
1600	1986	302	16
1600	1987	307	16
1600	1988	301	16
1600	1989	309	16
1600	1990	311	16
1600	1991	304	16
1600	1992	306	16
1600	1993	304	16
1600	1994	299	16
1605	1979	295	22
1605	1980	301	22
1605	1981	305	22
1605	1982	306	22
1605	1983	302	22
1605	1984	300	22
1605	1985	295	22
1605	1986	275	22
1605	1987	300	22
1605	1988	280	22
1605	1989	296	22
1605	1990	288	22
1605	1991	292	22
1605	1992	303	22
1605	1993	275	22
1605	1994	287	22
1605	1995	278	22
1605	1996	289	22
1605	1997	293	22
1605	1998	293	22
1605	1999	299	22
1605	2000	296	22
1619	1979	274	37
1619	1980	288	37
1619	1981	277	37
1619	1982	287	37
1619	1983	292	37
1619	1984	275	37
1619	1985	270	37
1619	1986	275	37
1619	1987	290	37
1619	1988	274	37
1619	1989	288	37
1619	1990	285	37
1619	1991	302	37
1619	1992	297	37
1619	1993	285	37
1619	1994	291	37
1619	1995	301	37
1619	1996	290	37
1619	1997	299	37
1619	1998	295	37
1619	1999	302	37
1619	2000	301	37
1619	2001	305	37
1619	2002	299	37
1619	2003	302	37
1619	2004	303	37
1619	2005	302	37
1619	2006	312	37
1619	2007	291	37
1619	2008	298	37
1619	2009	303	37
1619	2010	301	37
1619	2011	301	37
1619	2012	313	37
1619	2013	298	37
1619	2014	306	37
1619	2015	301	37
1620	1979	277	23
1620	1980	290	23
1620	1981	254	23
1620	1982	259	23
1620	1983	288	23
1620	1984	282	23
1620	1985	296	23
1620	1986	269	23
1620	1987	278	23
1620	1988	274	23
1620	1989	268	23
1620	1990	272	23
1620	1991	263	23
1620	1992	259	23
1620	1993	284	23
1620	1994	285	23
1620	1995	276	23
1620	1996	264	23
1620	1997	265	23
1620	1998	270	23
1620	1999	271	23
1620	2000	270	23
1620	2001	303	23
1621	1980	295	28
1621	1981	293	28
1621	1982	290	28
1621	1983	303	28
1621	1984	296	28
1621	1985	304	28
1621	1986	271	28
1621	1987	291	28
1621	1988	288	28
1621	1989	284	28
1621	1990	276	28
1621	1991	298	28
1621	1992	280	28
1621	1993	268	28
1621	1994	271	28
1621	1995	292	28
1621	1996	282	28
1621	1997	295	28
1621	1998	285	28
1621	1999	298	28
1621	2000	286	28
1621	2001	297	28
1621	2002	285	28
1621	2003	279	28
1621	2004	291	28
1621	2005	287	28
1621	2006	293	28
1621	2007	293	28
1623	1979	289	26
1623	1980	290	26
1623	1981	297	26
1623	1982	290	26
1623	1983	298	26
1623	1984	299	26
1623	1985	304	26
1623	1986	288	26
1623	1987	299	26
1623	1988	286	26
1623	1989	290	26
1623	1990	298	26
1623	1992	292	26
1623	1993	284	26
1623	1994	292	26
1623	1995	301	26
1623	1996	292	26
1623	1997	298	26
1623	1998	290	26
1623	1999	285	26
1623	2000	276	26
1623	2002	283	26
1623	2003	290	26
1623	2004	293	26
1623	2005	280	26
1623	2007	298	26
1627	1979	267	15
1627	1980	271	15
1627	1981	288	15
1627	1982	266	15
1627	1983	263	15
1627	1984	279	15
1627	1985	272	15
1627	1986	259	15
1627	1987	280	15
1627	1988	264	15
1627	1989	278	15
1627	1990	275	15
1627	1991	302	15
1627	2014	296	15
1627	2015	303	15
1630	1979	285	16
1630	1980	297	16
1630	1981	292	16
1630	1982	293	16
1630	1983	296	16
1630	1984	287	16
1630	1985	304	16
1630	1986	284	16
1630	1987	299	16
1630	1988	286	16
1630	1989	297	16
1630	1990	303	16
1630	1991	303	16
1630	1992	304	16
1630	1993	302	16
1630	1994	295	16
1631	1982	278	27
1631	1983	255	27
1631	1984	266	27
1631	1985	273	27
1631	1986	273	27
1631	1987	286	27
1631	1988	282	27
1631	1989	292	27
1631	1990	285	27
1631	1991	302	27
1631	1992	278	27
1631	1993	278	27
1631	1994	288	27
1631	1995	287	27
1631	1996	290	27
1631	1997	297	27
1631	1998	296	27
1631	1999	299	27
1631	2000	294	27
1631	2001	300	27
1631	2002	289	27
1631	2003	297	27
1631	2004	296	27
1631	2005	298	27
1631	2006	293	27
1631	2007	288	27
1631	2008	289	27
1634	1994	274	15
1634	1998	269	15
1634	1999	269	15
1634	2000	293	15
1634	2002	278	15
1634	2003	290	15
1634	2004	292	15
1634	2005	297	15
1634	2006	304	15
1634	2007	284	15
1634	2008	273	15
1634	2009	269	15
1634	2010	289	15
1634	2011	292	15
1634	2012	315	15
1642	1979	268	21
1642	1980	315	21
1642	1981	317	21
1642	1982	326	21
1642	1983	302	21
1642	1984	287	21
1642	1985	334	21
1642	1986	310	21
1642	1987	320	21
1642	1988	328	21
1642	1989	290	21
1642	1990	321	21
1642	1991	296	21
1642	1992	306	21
1642	1993	299	21
1642	1994	299	21
1642	1995	299	21
1642	1996	299	21
1642	1997	299	21
1642	1998	299	21
1642	1999	299	21
1643	1979	273	21
1643	1980	283	21
1643	1981	275	21
1643	1982	281	21
1643	1983	279	21
1643	1984	283	21
1643	1985	285	21
1643	1986	279	21
1643	1987	289	21
1643	1988	284	21
1643	1989	285	21
1643	1990	271	21
1643	1991	285	21
1643	1992	291	21
1643	1993	287	21
1643	1994	284	21
1643	1995	284	21
1643	1996	290	21
1643	1997	285	21
1643	1998	288	21
1643	1999	292	21
1644	1979	304	15
1644	1980	308	15
1644	1981	304	15
1644	1982	314	15
1644	1983	312	15
1644	1985	309	15
1644	1986	318	15
1644	1987	315	15
1644	1988	302	15
1644	1989	316	15
1644	1991	320	15
1644	1992	304	15
1644	1993	307	15
1644	1994	289	15
1644	1995	307	15
1646	1983	308	29
1646	1984	301	29
1646	1985	308	29
1646	1986	306	29
1646	1987	300	29
1646	1988	292	29
1646	1989	302	29
1646	1990	302	29
1646	1991	295	29
1646	1992	295	29
1646	1993	297	29
1646	1994	295	29
1646	1995	322	29
1646	1996	292	29
1646	1997	275	29
1646	1998	293	29
1646	1999	300	29
1646	2000	301	29
1646	2001	295	29
1646	2002	291	29
1646	2003	291	29
1646	2004	288	29
1646	2005	296	29
1646	2006	269	29
1646	2007	293	29
1646	2008	292	29
1646	2009	275	29
1646	2010	273	29
1646	2011	293	29
1648	1979	273	30
1648	1980	278	30
1648	1981	281	30
1648	1982	276	30
1648	1983	287	30
1648	1984	283	30
1648	1985	283	30
1648	1986	273	30
1648	1987	279	30
1648	1988	264	30
1648	1989	275	30
1648	1990	273	30
1648	1991	272	30
1648	1992	266	30
1648	1993	260	30
1648	1994	264	30
1648	1995	265	30
1648	1996	264	30
1648	1997	269	30
1648	1998	271	30
1648	1999	277	30
1648	2000	270	30
1648	2001	271	30
1648	2002	270	30
1648	2003	272	30
1648	2004	272	30
1648	2005	275	30
1648	2006	277	30
1648	2007	275	30
1648	2008	277	30
1650	1979	287	18
1650	1980	299	18
1650	1981	293	18
1650	1982	306	18
1650	1983	298	18
1650	1984	301	18
1650	1985	308	18
1650	1986	293	18
1650	1987	306	18
1650	1988	310	18
1650	1989	309	18
1650	1990	312	18
1650	1991	302	18
1650	1992	305	18
1650	1993	288	18
1650	1994	292	18
1650	1995	310	18
1650	1997	284	18
1653	1979	285	33
1653	1980	291	33
1653	1981	283	33
1653	1985	275	33
1653	1986	272	33
1653	1987	288	33
1653	1988	290	33
1653	1989	296	33
1653	1990	294	33
1653	1991	296	33
1653	1992	296	33
1653	1993	253	33
1653	1994	288	33
1653	1995	285	33
1653	1997	291	33
1653	1998	285	33
1653	1999	283	33
1653	2000	276	33
1653	2001	303	33
1653	2002	280	33
1653	2003	273	33
1653	2004	270	33
1653	2005	291	33
1653	2006	297	33
1653	2007	288	33
1653	2008	287	33
1653	2009	296	33
1653	2010	303	33
1653	2011	304	33
1653	2012	318	33
1653	2013	303	33
1653	2014	291	33
1653	2015	298	33
1654	1979	324	16
1654	1980	311	16
1654	1981	304	16
1654	1982	306	16
1654	1983	313	16
1654	1984	310	16
1654	1985	314	16
1654	1986	301	16
1654	1987	310	16
1654	2008	274	16
1654	2009	292	16
1654	2010	279	16
1654	2011	278	16
1654	2012	302	16
1654	2013	285	16
1654	2014	269	16
1664	1979	288	21
1664	1980	288	21
1664	1981	281	21
1664	1982	280	21
1664	1983	284	21
1664	1984	289	21
1664	1985	264	21
1664	1986	270	21
1664	1987	278	21
1664	1988	276	21
1664	1989	287	21
1664	1990	279	21
1664	1991	298	21
1664	1992	296	21
1664	1993	289	21
1664	1994	286	21
1664	1995	307	21
1664	1996	293	21
1664	1997	296	21
1664	1998	293	21
1664	1999	300	21
1665	1987	291	27
1665	1988	263	27
1665	1989	271	27
1665	1990	268	27
1665	1991	283	27
1665	1992	284	27
1665	1993	283	27
1665	1994	283	27
1665	1995	288	27
1665	1996	295	27
1665	1997	284	27
1665	1998	290	27
1665	1999	287	27
1665	2000	287	27
1665	2002	293	27
1665	2003	291	27
1665	2004	283	27
1665	2005	293	27
1665	2006	282	27
1665	2008	275	27
1665	2009	281	27
1665	2010	290	27
1665	2011	290	27
1665	2012	308	27
1665	2013	285	27
1665	2014	292	27
1665	2015	286	27
1666	1980	289	22
1666	1981	283	22
1666	1982	285	22
1666	1983	287	22
1666	1984	292	22
1666	1985	279	22
1666	1986	272	22
1666	1987	282	22
1666	1988	287	22
1666	1989	285	22
1666	1990	279	22
1666	1991	289	22
1666	1992	298	22
1666	1993	291	22
1666	1994	286	22
1666	1995	297	22
1666	1996	283	22
1666	1997	293	22
1666	1998	288	22
1666	1999	287	22
1666	2000	285	22
1666	2001	292	22
1671	1981	306	34
1671	1982	310	34
1671	1984	304	34
1671	1985	308	34
1671	1986	285	34
1671	1987	301	34
1671	1988	292	34
1671	1989	295	34
1671	1990	308	34
1671	1991	301	34
1671	1992	299	34
1671	1993	268	34
1671	1994	281	34
1671	1995	285	34
1671	1996	286	34
1671	1997	277	34
1671	1998	286	34
1671	1999	280	34
1671	2000	273	34
1671	2001	273	34
1671	2002	280	34
1671	2003	293	34
1671	2004	290	34
1671	2005	290	34
1671	2006	297	34
1671	2007	268	34
1671	2008	269	34
1671	2009	284	34
1671	2010	277	34
1671	2011	295	34
1671	2012	283	34
1671	2013	281	34
1671	2014	280	34
1671	2015	286	34
1673	1979	282	22
1673	1980	301	22
1673	1981	283	22
1673	1982	290	22
1673	1983	294	22
1673	1984	281	22
1673	1985	284	22
1673	1986	274	22
1673	1987	293	22
1673	1988	281	22
1673	1989	270	22
1673	1990	265	22
1673	1991	295	22
1673	1992	282	22
1673	1993	273	22
1673	1994	281	22
1673	1995	271	22
1673	1996	276	22
1673	1997	275	22
1673	1998	273	22
1673	1999	272	22
1673	2000	271	22
1674	1979	276	28
1674	1980	290	28
1674	1981	272	28
1674	1982	283	28
1674	1983	275	28
1674	1993	274	28
1674	1994	292	28
1674	1995	282	28
1674	1996	287	28
1674	1997	280	28
1674	1998	287	28
1674	1999	297	28
1674	2000	276	28
1674	2001	302	28
1674	2002	277	28
1674	2003	286	28
1674	2004	292	28
1674	2005	289	28
1674	2006	304	28
1674	2007	283	28
1674	2008	292	28
1674	2009	294	28
1674	2010	286	28
1674	2011	303	28
1674	2012	325	28
1674	2013	289	28
1674	2014	293	28
1674	2015	293	28
1679	1979	297	37
1679	1980	303	37
1679	1981	303	37
1679	1982	305	37
1679	1983	311	37
1679	1984	310	37
1679	1985	305	37
1679	1986	303	37
1679	1987	314	37
1679	1988	304	37
1679	1989	293	37
1679	1990	310	37
1679	1991	312	37
1679	1992	307	37
1679	1993	298	37
1679	1994	291	37
1679	1995	310	37
1679	1996	294	37
1679	1997	303	37
1679	1998	289	37
1679	1999	303	37
1679	2000	300	37
1679	2001	319	37
1679	2002	301	37
1679	2003	303	37
1679	2004	308	37
1679	2005	313	37
1679	2006	314	37
1679	2007	295	37
1679	2008	299	37
1679	2009	302	37
1679	2010	307	37
1679	2011	303	37
1679	2012	325	37
1679	2013	314	37
1679	2014	307	37
1679	2015	303	37
1684	1981	274	17
1684	1984	308	17
1684	1985	295	17
1684	1986	282	17
1684	1987	294	17
1684	1988	275	17
1684	1989	272	17
1684	1990	285	17
1684	1991	282	17
1684	1992	298	17
1684	1993	291	17
1684	1994	289	17
1684	1995	287	17
1684	1996	288	17
1684	1997	298	17
1684	1998	295	17
1684	1999	301	17
1688	1989	302	15
1688	1990	294	15
1688	1991	293	15
1688	1992	283	15
1688	1993	278	15
1688	1994	275	15
1688	1995	282	15
1688	1996	282	15
1688	1997	282	15
1688	1998	279	15
1688	1999	282	15
1688	2000	281	15
1688	2001	283	15
1688	2002	275	15
1688	2003	281	15
1690	1979	295	32
1690	1980	295	32
1690	1981	314	32
1690	1982	305	32
1690	1983	306	32
1690	1984	310	32
1690	1985	311	32
1690	1986	302	32
1690	1987	304	32
1690	1988	293	32
1690	1989	292	32
1690	1990	280	32
1690	1991	289	32
1690	1992	273	32
1690	1993	274	32
1690	1994	288	32
1690	1995	291	32
1690	1996	295	32
1690	1997	282	32
1690	1998	262	32
1690	1999	291	32
1690	2000	285	32
1690	2001	283	32
1690	2002	281	32
1690	2003	293	32
1690	2004	287	32
1690	2005	284	32
1690	2006	287	32
1690	2012	306	32
1690	2013	281	32
1690	2014	283	32
1690	2015	287	32
1697	1979	278	36
1697	1980	300	36
1697	1981	295	36
1697	1982	298	36
1697	1983	297	36
1697	1984	292	36
1697	1985	287	36
1697	1986	284	36
1697	1987	310	36
1697	1988	290	36
1697	1989	298	36
1697	1990	294	36
1697	1991	298	36
1697	1992	285	36
1697	1993	288	36
1697	1994	291	36
1697	1995	294	36
1697	1996	299	36
1697	1997	283	36
1697	1998	270	36
1697	1999	296	36
1697	2000	293	36
1697	2001	306	36
1697	2002	295	36
1697	2003	298	36
1697	2004	297	36
1697	2005	286	36
1697	2006	297	36
1697	2007	298	36
1697	2008	293	36
1697	2009	296	36
1697	2010	287	36
1697	2011	300	36
1697	2012	304	36
1697	2013	290	36
1697	2014	273	36
1708	1983	278	33
1708	1984	307	33
1708	1985	296	33
1708	1986	292	33
1708	1987	297	33
1708	1988	298	33
1708	1989	290	33
1708	1990	282	33
1708	1991	301	33
1708	1992	299	33
1708	1993	297	33
1708	1994	293	33
1708	1995	297	33
1708	1996	295	33
1708	1997	293	33
1708	1998	302	33
1708	1999	293	33
1708	2000	292	33
1708	2001	301	33
1708	2002	293	33
1708	2003	299	33
1708	2004	285	33
1708	2005	297	33
1708	2006	302	33
1708	2007	285	33
1708	2008	264	33
1708	2009	324	33
1708	2010	273	33
1708	2011	280	33
1708	2012	303	33
1708	2013	292	33
1708	2014	273	33
1708	2015	263	33
1709	1985	279	20
1709	1986	290	20
1709	1987	286	20
1709	1988	290	20
1709	1989	275	20
1709	1990	274	20
1709	1991	312	20
1709	1992	315	20
1709	1993	305	20
1709	1994	313	20
1709	1995	307	20
1709	1996	307	20
1709	1997	307	20
1709	1998	301	20
1709	1999	306	20
1709	2000	307	20
1709	2001	307	20
1709	2002	305	20
1709	2003	314	20
1709	2004	309	20
1710	1985	284	31
1710	1986	277	31
1710	1987	290	31
1710	1988	284	31
1710	1989	280	31
1710	1990	274	31
1710	1991	302	31
1710	1992	292	31
1710	1993	300	31
1710	1994	308	31
1710	1995	301	31
1710	1996	288	31
1710	1997	298	31
1710	1998	298	31
1710	1999	298	31
1710	2000	293	31
1710	2001	301	31
1710	2002	297	31
1710	2003	287	31
1710	2004	294	31
1710	2005	279	31
1710	2006	302	31
1710	2007	290	31
1710	2008	286	31
1710	2009	307	31
1710	2010	295	31
1710	2011	298	31
1710	2012	310	31
1710	2013	306	31
1710	2014	301	31
1710	2015	301	31
1712	1995	319	21
1712	1996	307	21
1712	1997	293	21
1712	1998	293	21
1712	1999	303	21
1712	2000	291	21
1712	2001	295	21
1712	2002	294	21
1712	2003	306	21
1712	2004	307	21
1712	2005	303	21
1712	2006	306	21
1712	2007	301	21
1712	2008	306	21
1712	2009	303	21
1712	2010	298	21
1712	2011	298	21
1712	2012	324	21
1712	2013	291	21
1712	2014	296	21
1712	2015	302	21
1713	1979	292	37
1713	1980	286	37
1713	1981	291	37
1713	1982	290	37
1713	1983	291	37
1713	1984	303	37
1713	1985	295	37
1713	1986	298	37
1713	1987	291	37
1713	1988	285	37
1713	1989	288	37
1713	1990	287	37
1713	1991	274	37
1713	1992	286	37
1713	1993	273	37
1713	1994	274	37
1713	1995	273	37
1713	1996	276	37
1713	1997	277	37
1713	1998	275	37
1713	1999	274	37
1713	2000	271	37
1713	2001	280	37
1713	2002	276	37
1713	2003	287	37
1713	2004	283	37
1713	2005	286	37
1713	2006	301	37
1713	2007	274	37
1713	2008	270	37
1713	2009	255	37
1713	2010	260	37
1713	2011	286	37
1713	2012	292	37
1713	2013	280	37
1713	2014	293	37
1713	2015	295	37
1719	1979	297	19
1719	1980	311	19
1719	1981	312	19
1719	1982	319	19
1719	1983	315	19
1719	1984	298	19
1719	1985	292	19
1719	1986	289	19
1719	1987	288	19
1719	1988	277	19
1719	1990	288	19
1719	1992	276	19
1719	1993	265	19
1719	1994	267	19
1719	1996	266	19
1719	1997	271	19
1719	1998	275	19
1719	1999	286	19
1719	2000	261	19
1723	1979	281	36
1723	1980	287	36
1723	1981	288	36
1723	1982	263	36
1723	1983	283	36
1723	1984	287	36
1723	1985	273	36
1723	1987	298	36
1723	1988	285	36
1723	1989	293	36
1723	1990	281	36
1723	1991	283	36
1723	1992	299	36
1723	1993	288	36
1723	1994	283	36
1723	1995	313	36
1723	1996	297	36
1723	1997	307	36
1723	1998	289	36
1723	1999	299	36
1723	2000	293	36
1723	2001	304	36
1723	2002	285	36
1723	2003	297	36
1723	2004	293	36
1723	2005	299	36
1723	2006	312	36
1723	2007	298	36
1723	2008	296	36
1723	2009	288	36
1723	2010	297	36
1723	2011	296	36
1723	2012	307	36
1723	2013	293	36
1723	2014	287	36
1723	2015	282	36
1725	1979	274	21
1725	1980	300	21
1725	1981	279	21
1725	1982	295	21
1725	1983	280	21
1725	1984	285	21
1725	1985	274	21
1725	1986	274	21
1725	1987	280	21
1725	1988	264	21
1725	1989	280	21
1725	1990	271	21
1725	1991	253	21
1725	1992	276	21
1725	1993	286	21
1725	1994	274	21
1725	1995	283	21
1725	1996	270	21
1725	1997	278	21
1725	1998	252	21
1725	1999	262	21
1729	1979	303	16
1729	1980	321	16
1729	1981	311	16
1729	1982	325	16
1729	1983	306	16
1729	1984	316	16
1729	1985	325	16
1729	1986	290	16
1729	1987	318	16
1729	1988	298	16
1729	1989	298	16
1729	1990	294	16
1729	1991	302	16
1729	1992	295	16
1729	1993	270	16
1729	1994	282	16
1737	1979	283	16
1737	1980	292	16
1737	1981	284	16
1737	1982	288	16
1737	1983	295	16
1737	1984	305	16
1737	1985	305	16
1737	1986	287	16
1737	1987	302	16
1737	1988	293	16
1737	1989	298	16
1737	1990	290	16
1737	1991	308	16
1737	1992	298	16
1737	1993	267	16
1737	1994	259	16
1739	1979	307	22
1739	1980	303	22
1739	1981	295	22
1739	1982	303	22
1739	1983	311	22
1739	1984	300	22
1739	1985	279	22
1739	1986	256	22
1739	1987	262	22
1739	1988	256	22
1739	1990	269	22
1739	1991	277	22
1739	1992	281	22
1739	1993	273	22
1739	1994	267	22
1739	1995	276	22
1739	1996	277	22
1739	1997	278	22
1739	1998	280	22
1739	1999	282	22
1739	2000	285	22
1739	2001	287	22
1743	1979	299	15
1743	1980	299	15
1743	1981	285	15
1743	1982	294	15
1743	1983	300	15
1743	1984	303	15
1743	1985	308	15
1743	1986	291	15
1743	1987	300	15
1743	1988	287	15
1743	1989	294	15
1743	1990	298	15
1743	1991	307	15
1743	1992	300	15
1743	1993	282	15
1746	1979	300	15
1746	1980	310	15
1746	1981	315	15
1746	1982	295	15
1746	1983	300	15
1746	1984	320	15
1746	1985	305	15
1746	1986	268	15
1746	1987	302	15
1746	1988	280	15
1746	1989	310	15
1746	1990	320	15
1746	1991	292	15
1746	1992	293	15
1746	1993	303	15
1749	1993	287	22
1749	1995	302	22
1749	1996	287	22
1749	1997	290	22
1749	1998	298	22
1749	1999	305	22
1749	2000	288	22
1749	2001	295	22
1749	2002	292	22
1749	2003	289	22
1749	2004	288	22
1749	2005	279	22
1749	2006	281	22
1749	2007	272	22
1749	2008	278	22
1749	2009	274	22
1749	2010	277	22
1749	2011	307	22
1749	2012	297	22
1749	2013	291	22
1749	2014	281	22
1749	2015	286	22
1752	1986	268	29
1752	1987	290	29
1752	1988	274	29
1752	1990	260	29
1752	1991	303	29
1752	1992	273	29
1752	1993	246	29
1752	1994	278	29
1752	1995	253	29
1752	1996	263	29
1752	1997	262	29
1752	1998	278	29
1752	1999	253	29
1752	2000	267	29
1752	2001	274	29
1752	2002	278	29
1752	2003	274	29
1752	2004	274	29
1752	2005	270	29
1752	2006	253	29
1752	2007	253	29
1752	2008	263	29
1752	2009	253	29
1752	2010	274	29
1752	2011	273	29
1752	2012	303	29
1752	2013	293	29
1752	2014	265	29
1752	2015	274	29
1754	1979	285	34
1754	1980	292	34
1754	1981	295	34
1754	1982	294	34
1754	1983	291	34
1754	1984	298	34
1754	1985	295	34
1754	1986	285	34
1754	1987	292	34
1754	1988	283	34
1754	1989	296	34
1754	1990	292	34
1754	1991	299	34
1754	1992	295	34
1754	1993	295	34
1754	1994	297	34
1754	1995	302	34
1754	1996	302	34
1754	1997	310	34
1754	1998	298	34
1754	1999	302	34
1754	2000	299	34
1754	2001	309	34
1754	2002	296	34
1754	2003	296	34
1754	2004	297	34
1754	2005	294	34
1754	2006	301	34
1754	2007	286	34
1754	2008	283	34
1754	2009	284	34
1754	2010	285	34
1754	2011	290	34
1754	2012	303	34
1756	1979	299	31
1756	1980	300	31
1756	1981	295	31
1756	1982	291	31
1756	1983	290	31
1756	1984	301	31
1756	1985	301	31
1756	1986	290	31
1756	1987	301	31
1756	1988	292	31
1756	1989	291	31
1756	1990	273	31
1756	1991	294	31
1756	1992	294	31
1756	1993	274	31
1756	1994	275	31
1756	1995	284	31
1756	1996	279	31
1756	1997	278	31
1756	1998	281	31
1756	1999	283	31
1756	2000	286	31
1756	2001	290	31
1756	2002	280	31
1756	2003	276	31
1756	2004	286	31
1756	2005	285	31
1756	2006	293	31
1756	2007	279	31
1756	2008	268	31
1756	2009	277	31
1758	1979	275	36
1758	1980	283	36
1758	1981	282	36
1758	1982	280	36
1758	1983	280	36
1758	1984	285	36
1758	1985	277	36
1758	1986	283	36
1758	1987	285	36
1758	1988	287	36
1758	1989	279	36
1758	1990	285	36
1758	1991	268	36
1758	1992	288	36
1758	1993	266	36
1758	1994	290	36
1758	1995	274	36
1758	1996	270	36
1758	1997	278	36
1758	1998	280	36
1758	1999	293	36
1758	2000	283	36
1758	2001	294	36
1758	2002	300	36
1758	2003	293	36
1758	2004	300	36
1758	2005	283	36
1758	2006	302	36
1758	2007	288	36
1758	2008	303	36
1758	2009	314	36
1758	2010	285	36
1758	2011	287	36
1758	2012	306	36
1758	2013	293	36
1758	2015	284	36
1759	1979	308	37
1759	1980	307	37
1759	1981	305	37
1759	1982	311	37
1759	1983	309	37
1759	1984	310	37
1759	1985	309	37
1759	1986	284	37
1759	1987	305	37
1759	1988	296	37
1759	1989	301	37
1759	1990	303	37
1759	1991	317	37
1759	1992	306	37
1759	1993	310	37
1759	1994	299	37
1759	1995	316	37
1759	1996	305	37
1759	1997	304	37
1759	1998	304	37
1759	1999	302	37
1759	2000	301	37
1759	2001	321	37
1759	2002	304	37
1759	2003	309	37
1759	2004	329	37
1759	2005	301	37
1759	2006	322	37
1759	2007	292	37
1759	2008	292	37
1759	2009	305	37
1759	2010	303	37
1759	2011	304	37
1759	2012	327	37
1759	2013	309	37
1759	2014	268	37
1759	2015	301	37
1762	1979	292	36
1762	1980	299	36
1762	1981	297	36
1762	1982	302	36
1762	1983	298	36
1762	1984	301	36
1762	1985	302	36
1762	1986	271	36
1762	1987	298	36
1762	1988	293	36
1762	1989	290	36
1762	1990	296	36
1762	1991	306	36
1762	1992	295	36
1762	1993	287	36
1762	1994	290	36
1762	1995	302	36
1762	1996	290	36
1762	1997	294	36
1762	1998	292	36
1762	1999	304	36
1762	2000	294	36
1762	2001	308	36
1762	2002	296	36
1762	2003	304	36
1762	2004	295	36
1762	2005	298	36
1762	2006	302	36
1762	2007	297	36
1762	2008	283	36
1762	2009	296	36
1762	2010	300	36
1762	2011	297	36
1762	2012	300	36
1762	2013	319	36
1762	2014	309	36
1765	1979	290	19
1765	1980	280	19
1765	1981	298	19
1765	1982	270	19
1765	1984	280	19
1765	1985	260	19
1765	1986	250	19
1765	1987	276	19
1765	1988	270	19
1765	1989	287	19
1765	1991	270	19
1765	1992	258	19
1765	1993	263	19
1765	1994	268	19
1765	1995	283	19
1765	1996	255	19
1765	1997	268	19
1765	1998	268	19
1765	2000	267	19
1768	1979	268	24
1768	1980	274	24
1768	1981	260	24
1768	1982	261	24
1768	1983	269	24
1768	1984	284	24
1768	1985	288	24
1768	1986	264	24
1768	1987	264	24
1768	1988	251	24
1768	1989	251	24
1768	1991	311	24
1768	1992	288	24
1768	1993	275	24
1768	1994	291	24
1768	1996	292	24
1768	1997	301	24
1768	1998	285	24
1768	2000	289	24
1768	2011	293	24
1768	2012	295	24
1768	2013	277	24
1768	2014	288	24
1768	2015	277	24
1771	1979	282	34
1771	1980	274	34
1771	1981	259	34
1771	1982	280	34
1771	1983	271	34
1771	1984	273	34
1771	1985	274	34
1771	1987	272	34
1771	1988	269	34
1771	1989	286	34
1771	1990	258	34
1771	1991	282	34
1771	1992	296	34
1771	1993	258	34
1771	1994	264	34
1771	1995	272	34
1771	1997	253	34
1771	1998	273	34
1771	1999	280	34
1771	2000	274	34
1771	2001	262	34
1771	2002	273	34
1771	2003	249	34
1771	2005	286	34
1771	2006	278	34
1771	2007	286	34
1771	2008	285	34
1771	2009	290	34
1771	2010	286	34
1771	2011	286	34
1771	2012	295	34
1771	2013	287	34
1771	2014	278	34
1771	2015	290	34
1776	1979	299	17
1776	1981	281	17
1776	1982	293	17
1776	1983	299	17
1776	1985	300	17
1776	1986	270	17
1776	1987	298	17
1776	1988	274	17
1776	1989	281	17
1776	1990	294	17
1776	1991	305	17
1776	1992	300	17
1776	1993	283	17
1776	1994	289	17
1776	1995	310	17
1776	1998	296	17
1776	1999	299	17
1782	1979	294	32
1782	1980	282	32
1782	1981	295	32
1782	1982	275	32
1782	1983	284	32
1782	1984	286	32
1782	1985	294	32
1782	1986	264	32
1782	1987	295	32
1782	1988	295	32
1782	1989	286	32
1782	1990	280	32
1782	1991	303	32
1782	1992	274	32
1782	1993	288	32
1782	1994	273	32
1782	1995	293	32
1782	1996	278	32
1782	1997	278	32
1782	1998	289	32
1782	1999	288	32
1782	2000	287	32
1782	2001	293	32
1782	2002	290	32
1782	2003	288	32
1782	2004	291	32
1782	2005	288	32
1782	2006	288	32
1782	2007	284	32
1782	2008	288	32
1782	2009	293	32
1782	2010	293	32
1786	1979	300	22
1786	1980	302	22
1786	1981	304	22
1786	1982	305	22
1786	1983	304	22
1786	1984	318	22
1786	1985	319	22
1786	1986	321	22
1786	1987	321	22
1786	1988	319	22
1786	1989	320	22
1786	1990	308	22
1786	1991	300	22
1786	1992	299	22
1786	1993	296	22
1786	1994	298	22
1786	1995	302	22
1786	1996	301	22
1786	1997	298	22
1786	1998	299	22
1786	1999	296	22
1786	2000	298	22
1787	1979	278	28
1787	1980	268	28
1787	1981	274	28
1787	1982	278	28
1787	1983	275	28
1787	1985	304	28
1787	1986	271	28
1787	1987	271	28
1787	1988	276	28
1787	1991	278	28
1787	1993	259	28
1787	1994	263	28
1787	1995	271	28
1787	1996	269	28
1787	1997	295	28
1787	1998	267	28
1787	1999	264	28
1787	2000	268	28
1787	2001	274	28
1787	2002	274	28
1787	2003	276	28
1787	2004	286	28
1787	2005	287	28
1787	2006	286	28
1787	2007	281	28
1787	2008	282	28
1787	2009	284	28
1787	2010	289	28
1788	1979	284	34
1788	1980	285	34
1788	1981	283	34
1788	1982	283	34
1788	1983	286	34
1788	1984	286	34
1788	1985	288	34
1788	1986	288	34
1788	1987	286	34
1788	1988	284	34
1788	1989	285	34
1788	1990	283	34
1788	1991	292	34
1788	1992	289	34
1788	1993	290	34
1788	1994	292	34
1788	1995	294	34
1788	1996	291	34
1788	1997	292	34
1788	1998	301	34
1788	1999	303	34
1788	2000	300	34
1788	2001	298	34
1788	2002	297	34
1788	2003	297	34
1788	2004	299	34
1788	2005	298	34
1788	2006	298	34
1788	2007	285	34
1788	2008	302	34
1788	2009	265	34
1788	2010	296	34
1788	2011	278	34
1788	2012	308	34
1790	1983	285	33
1790	1984	294	33
1790	1985	294	33
1790	1986	291	33
1790	1987	294	33
1790	1988	291	33
1790	1989	290	33
1790	1990	288	33
1790	1991	300	33
1790	1992	295	33
1790	1993	297	33
1790	1994	293	33
1790	1995	297	33
1790	1996	299	33
1790	1997	302	33
1790	1998	301	33
1790	1999	303	33
1790	2000	302	33
1790	2001	305	33
1790	2002	305	33
1790	2003	301	33
1790	2004	300	33
1790	2005	299	33
1790	2006	301	33
1790	2007	298	33
1790	2008	293	33
1790	2009	291	33
1790	2010	292	33
1790	2011	272	33
1790	2012	291	33
1790	2013	281	33
1790	2014	265	33
1790	2015	292	33
1803	1979	277	36
1803	1980	294	36
1803	1981	288	36
1803	1982	288	36
1803	1983	294	36
1803	1984	298	36
1803	1985	295	36
1803	1986	270	36
1803	1987	291	36
1803	1988	287	36
1803	1989	291	36
1803	1990	290	36
1803	1991	303	36
1803	1992	297	36
1803	1993	281	36
1803	1994	289	36
1803	1995	301	36
1803	1996	294	36
1803	1997	309	36
1803	1998	289	36
1803	1999	304	36
1803	2000	300	36
1803	2001	306	36
1803	2002	296	36
1803	2003	302	36
1803	2004	278	36
1803	2005	302	36
1803	2006	303	36
1803	2007	290	36
1803	2008	295	36
1803	2009	301	36
1803	2010	299	36
1803	2012	298	36
1803	2013	292	36
1803	2014	294	36
1803	2015	299	36
1806	1979	269	21
1806	1980	288	21
1806	1981	282	21
1806	1982	297	21
1806	1983	301	21
1806	1984	304	21
1806	1985	307	21
1806	1986	275	21
1806	1987	282	21
1806	1988	289	21
1806	1989	302	21
1806	1990	281	21
1806	1991	286	21
1806	1992	298	21
1806	1993	278	21
1806	1994	291	21
1806	1995	304	21
1806	1996	291	21
1806	1997	311	21
1806	1998	306	21
1806	1999	303	21
1811	1979	302	36
1811	1980	299	36
1811	1981	290	36
1811	1982	294	36
1811	1983	296	36
1811	1984	297	36
1811	1985	305	36
1811	1986	285	36
1811	1987	298	36
1811	1988	294	36
1811	1989	300	36
1811	1990	300	36
1811	1991	295	36
1811	1992	293	36
1811	1993	284	36
1811	1994	293	36
1811	1995	287	36
1811	1996	286	36
1811	1997	291	36
1811	1998	295	36
1811	1999	288	36
1811	2000	288	36
1811	2001	286	36
1811	2002	292	36
1811	2003	289	36
1811	2004	290	36
1811	2005	288	36
1811	2006	291	36
1811	2007	287	36
1811	2008	282	36
1811	2009	285	36
1811	2010	292	36
1811	2011	283	36
1811	2012	306	36
1811	2013	288	36
1811	2014	283	36
1813	1986	268	17
1813	1987	298	17
1813	1988	303	17
1813	1989	295	17
1813	1990	293	17
1813	1991	310	17
1813	1992	301	17
1813	1993	300	17
1813	1994	297	17
1813	1995	301	17
1813	1996	307	17
1813	1997	309	17
1813	1998	300	17
1813	1999	304	17
1813	2000	304	17
1813	2001	305	17
1813	2002	303	17
1815	1979	269	33
1815	1980	291	33
1815	1981	281	33
1815	1982	277	33
1815	1983	284	33
1815	1984	284	33
1815	1985	280	33
1815	1986	268	33
1815	1987	272	33
1815	1988	274	33
1815	1989	270	33
1815	1990	260	33
1815	1991	281	33
1815	1992	291	33
1815	1993	257	33
1815	1994	261	33
1815	1995	281	33
1815	1996	285	33
1815	1997	297	33
1815	1998	279	33
1815	1999	271	33
1815	2001	282	33
1815	2002	270	33
1815	2005	274	33
1815	2006	263	33
1815	2007	275	33
1815	2009	296	33
1815	2010	298	33
1815	2011	295	33
1815	2012	299	33
1815	2013	288	33
1815	2014	291	33
1815	2015	294	33
1816	1979	299	26
1816	1980	297	26
1816	1981	287	26
1816	1983	279	26
1816	1984	291	26
1816	1985	290	26
1816	1986	273	26
1816	1987	283	26
1816	1988	274	26
1816	1989	284	26
1816	1991	297	26
1816	1992	290	26
1816	1993	284	26
1816	1994	283	26
1816	1995	280	26
1816	1997	293	26
1816	1998	288	26
1816	1999	291	26
1816	2000	287	26
1816	2001	288	26
1816	2002	279	26
1816	2003	276	26
1816	2004	288	26
1816	2005	275	26
1816	2006	287	26
1816	2007	267	26
1821	1979	281	33
1821	1980	305	33
1821	1981	289	33
1821	1982	300	33
1821	1983	302	33
1821	1984	290	33
1821	1985	299	33
1821	1988	289	33
1821	1989	296	33
1821	1990	285	33
1821	1991	317	33
1821	1992	290	33
1821	1994	294	33
1821	1995	294	33
1821	1996	293	33
1821	1997	307	33
1821	1998	295	33
1821	1999	297	33
1821	2000	294	33
1821	2001	295	33
1821	2002	293	33
1821	2003	291	33
1821	2004	295	33
1821	2005	295	33
1821	2006	298	33
1821	2007	283	33
1821	2008	293	33
1821	2010	304	33
1821	2011	301	33
1821	2012	301	33
1821	2013	293	33
1821	2014	291	33
1821	2015	297	33
1822	1979	284	36
1822	1980	282	36
1822	1981	289	36
1822	1982	280	36
1822	1983	286	36
1822	1984	291	36
1822	1985	296	36
1822	1986	290	36
1822	1987	292	36
1822	1988	288	36
1822	1989	293	36
1822	1990	288	36
1822	1992	306	36
1822	1993	302	36
1822	1994	306	36
1822	1995	302	36
1822	1996	278	36
1822	1997	309	36
1822	1998	309	36
1822	1999	305	36
1822	2000	299	36
1822	2001	301	36
1822	2002	284	36
1822	2003	274	36
1822	2004	282	36
1822	2005	274	36
1822	2006	273	36
1822	2007	274	36
1822	2008	279	36
1822	2009	281	36
1822	2010	283	36
1822	2011	285	36
1822	2012	276	36
1822	2013	288	36
1822	2014	275	36
1822	2015	274	36
1827	1979	293	37
1827	1980	301	37
1827	1981	293	37
1827	1982	292	37
1827	1983	301	37
1827	1984	297	37
1827	1985	287	37
1827	1986	285	37
1827	1987	296	37
1827	1988	291	37
1827	1989	291	37
1827	1990	296	37
1827	1991	292	37
1827	1992	284	37
1827	1993	268	37
1827	1994	271	37
1827	1995	289	37
1827	1996	300	37
1827	1997	299	37
1827	1998	291	37
1827	1999	291	37
1827	2000	293	37
1827	2001	285	37
1827	2002	292	37
1827	2003	290	37
1827	2004	299	37
1827	2005	293	37
1827	2006	302	37
1827	2007	284	37
1827	2008	287	37
1827	2009	294	37
1827	2010	287	37
1827	2011	303	37
1827	2012	304	37
1827	2013	287	37
1827	2014	283	37
1827	2015	293	37
1828	1979	319	19
1828	1980	317	19
1828	1981	284	19
1828	1982	297	19
1828	1983	295	19
1828	1984	301	19
1828	1985	302	19
1828	1986	286	19
1828	1987	303	19
1828	1988	293	19
1828	1989	299	19
1828	1990	267	19
1828	1991	294	19
1828	1992	283	19
1828	1993	270	19
1828	1994	283	19
1828	1995	278	19
1828	1996	285	19
1828	1997	267	19
1831	1983	291	32
1831	1984	287	32
1831	1985	297	32
1831	1986	289	32
1831	1987	278	32
1831	1988	276	32
1831	1989	278	32
1831	1990	274	32
1831	1991	308	32
1831	1992	299	32
1831	1993	278	32
1831	1994	287	32
1831	1995	316	32
1831	1996	279	32
1831	1997	306	32
1831	1998	288	32
1831	1999	299	32
1831	2000	293	32
1831	2001	279	32
1831	2002	291	32
1831	2003	292	32
1831	2004	301	32
1831	2005	297	32
1831	2006	279	32
1831	2007	295	32
1831	2008	294	32
1831	2009	295	32
1831	2010	298	32
1831	2011	299	32
1831	2012	320	32
1831	2013	291	32
1831	2014	297	32
1832	1984	284	30
1832	1987	264	30
1832	1988	258	30
1832	1989	254	30
1832	1990	258	30
1832	1991	275	30
1832	1992	288	30
1832	1993	267	30
1832	1994	265	30
1832	1995	278	30
1832	1996	283	30
1832	1997	277	30
1832	1998	271	30
1832	1999	281	30
1832	2000	272	30
1832	2001	264	30
1832	2002	271	30
1832	2003	257	30
1832	2004	278	30
1832	2005	271	30
1832	2006	270	30
1832	2007	261	30
1832	2008	267	30
1832	2009	278	30
1832	2010	275	30
1832	2011	277	30
1832	2012	293	30
1832	2013	277	30
1832	2014	260	30
1832	2015	274	30
1838	1979	293	19
1838	1980	269	19
1838	1981	275	19
1838	1982	283	19
1838	1983	304	19
1838	1984	288	19
1838	1985	293	19
1838	1986	293	19
1838	1987	293	19
1838	1988	267	19
1838	1989	263	19
1838	1990	283	19
1838	1991	303	19
1838	1993	261	19
1838	1994	269	19
1838	1997	270	19
1838	1998	300	19
1838	1999	306	19
1838	2000	277	19
1839	1985	305	31
1839	1986	261	31
1839	1987	293	31
1839	1988	275	31
1839	1989	275	31
1839	1990	278	31
1839	1991	288	31
1839	1992	278	31
1839	1993	276	31
1839	1994	269	31
1839	1995	284	31
1839	1996	278	31
1839	1997	286	31
1839	1998	288	31
1839	1999	289	31
1839	2000	288	31
1839	2001	299	31
1839	2002	297	31
1839	2003	287	31
1839	2004	291	31
1839	2005	288	31
1839	2006	294	31
1839	2007	289	31
1839	2008	288	31
1839	2009	295	31
1839	2010	301	31
1839	2011	292	31
1839	2012	301	31
1839	2013	291	31
1839	2014	281	31
1839	2015	286	31
1840	1979	280	19
1840	1980	287	19
1840	1981	287	19
1840	1982	278	19
1840	1983	280	19
1840	1984	290	19
1840	1985	296	19
1840	1986	275	19
1840	1987	285	19
1840	1988	256	19
1840	1989	248	19
1840	1991	268	19
1840	1992	258	19
1840	1993	245	19
1840	1994	265	19
1840	1995	263	19
1840	1996	259	19
1840	1997	263	19
1840	1998	256	19
1846	1979	275	23
1846	1980	299	23
1846	1981	290	23
1846	1982	299	23
1846	1983	302	23
1846	1984	298	23
1846	1985	301	23
1846	1986	277	23
1846	1987	300	23
1846	1988	288	23
1846	1989	298	23
1846	1990	293	23
1846	1991	310	23
1846	1992	308	23
1846	1993	282	23
1846	1994	281	23
1846	1995	298	23
1846	1996	286	23
1846	1997	281	23
1846	1998	290	23
1846	1999	302	23
1846	2013	291	23
1846	2014	295	23
1847	1979	291	20
1847	1980	286	20
1847	1981	296	20
1847	1982	290	20
1847	1983	295	20
1847	1984	291	20
1847	1985	298	20
1847	1986	294	20
1847	1987	288	20
1847	1988	288	20
1847	1989	290	20
1847	1990	283	20
1847	1991	302	20
1847	1992	292	20
1847	1993	292	20
1847	1994	292	20
1847	1995	281	20
1847	1996	292	20
1847	1997	290	20
1847	1998	287	20
1850	1979	290	23
1850	1980	295	23
1850	1981	310	23
1850	1982	280	23
1850	1983	283	23
1850	1985	282	23
1850	1986	285	23
1850	1987	292	23
1850	1988	280	23
1850	1989	280	23
1850	1991	300	23
1850	1992	300	23
1850	1993	285	23
1850	1994	293	23
1850	1995	297	23
1850	1996	285	23
1850	1997	293	23
1850	1998	275	23
1850	1999	283	23
1850	2000	281	23
1850	2001	274	23
1850	2002	287	23
1850	2003	278	23
1851	1979	281	34
1851	1980	290	34
1851	1981	295	34
1851	1982	300	34
1851	1983	306	34
1851	1984	290	34
1851	1985	282	34
1851	1986	256	34
1851	1987	258	34
1851	1988	268	34
1851	1989	262	34
1851	1990	269	34
1851	1991	265	34
1851	1992	286	34
1851	1993	259	34
1851	1994	253	34
1851	1995	271	34
1851	1996	259	34
1851	1997	283	34
1851	1998	269	34
1851	1999	292	34
1851	2000	291	34
1851	2001	289	34
1851	2002	293	34
1851	2003	285	34
1851	2004	285	34
1851	2005	266	34
1851	2006	285	34
1851	2007	274	34
1851	2008	281	34
1851	2009	276	34
1851	2010	287	34
1851	2011	290	34
1851	2012	302	34
1860	1979	289	21
1860	1980	291	21
1860	1981	276	21
1860	1982	294	21
1860	1983	280	21
1860	1984	287	21
1860	1985	287	21
1860	1986	272	21
1860	1987	289	21
1860	1988	282	21
1860	1989	276	21
1860	1990	280	21
1860	1991	297	21
1860	1992	298	21
1860	1993	286	21
1860	1994	288	21
1860	1995	301	21
1860	1996	311	21
1860	1997	303	21
1860	1998	300	21
1860	1999	299	21
1864	1979	281	32
1864	1980	293	32
1864	1981	297	32
1864	1982	298	32
1864	1983	294	32
1864	1984	294	32
1864	1985	296	32
1864	1986	286	32
1864	1987	295	32
1864	1988	281	32
1864	1989	290	32
1864	1990	298	32
1864	1991	294	32
1864	1992	294	32
1864	1993	283	32
1864	1994	300	32
1864	1995	298	32
1864	1996	290	32
1864	1997	289	32
1864	1998	290	32
1864	1999	284	32
1864	2000	288	32
1864	2001	278	32
1864	2002	292	32
1864	2003	290	32
1864	2004	291	32
1864	2005	281	32
1864	2006	301	32
1864	2007	288	32
1864	2008	283	32
1864	2009	281	32
1864	2010	288	32
1869	1979	263	16
1869	1981	252	16
1869	1982	269	16
1869	1983	266	16
1869	1984	267	16
1869	1985	264	16
1869	1986	250	16
1869	1987	261	16
1869	1988	248	16
1869	1989	271	16
1869	1990	248	16
1869	1991	291	16
1869	1992	256	16
1869	1993	262	16
1869	1994	255	16
1869	1995	253	16
1871	1979	288	25
1871	1980	321	25
1871	1981	306	25
1871	1982	287	25
1871	1983	297	25
1871	1984	310	25
1871	1985	318	25
1871	1986	298	25
1871	1987	321	25
1871	1988	308	25
1871	1989	297	25
1871	1990	315	25
1871	1991	316	25
1871	1993	279	25
1871	1994	291	25
1871	1995	300	25
1871	1996	295	25
1871	1997	292	25
1871	1998	303	25
1871	1999	298	25
1871	2000	301	25
1871	2002	296	25
1871	2003	302	25
1871	2004	310	25
1871	2005	301	25
1872	1979	284	35
1872	1980	311	35
1872	1981	300	35
1872	1982	300	35
1872	1984	281	35
1872	1985	279	35
1872	1986	273	35
1872	1987	302	35
1872	1988	272	35
1872	1989	290	35
1872	1990	275	35
1872	1991	300	35
1872	1992	294	35
1872	1993	275	35
1872	1994	288	35
1872	1995	283	35
1872	1996	285	35
1872	1997	293	35
1872	1998	294	35
1872	1999	296	35
1872	2000	297	35
1872	2001	307	35
1872	2002	294	35
1872	2003	292	35
1872	2004	315	35
1872	2005	301	35
1872	2006	305	35
1872	2007	296	35
1872	2008	286	35
1872	2009	295	35
1872	2010	277	35
1872	2011	296	35
1872	2013	290	35
1872	2014	308	35
1872	2015	307	35
1876	1979	308	36
1876	1980	300	36
1876	1981	302	36
1876	1982	295	36
1876	1983	308	36
1876	1984	314	36
1876	1985	298	36
1876	1986	308	36
1876	1987	316	36
1876	1988	304	36
1876	1989	294	36
1876	1990	314	36
1876	1991	301	36
1876	1992	304	36
1876	1993	299	36
1876	1994	302	36
1876	1995	305	36
1876	1996	314	36
1876	1997	305	36
1876	1998	306	36
1876	1999	310	36
1876	2000	302	36
1876	2001	319	36
1876	2002	302	36
1876	2003	303	36
1876	2004	289	36
1876	2005	309	36
1876	2006	301	36
1876	2007	305	36
1876	2008	302	36
1876	2009	305	36
1876	2010	306	36
1876	2011	301	36
1876	2012	319	36
1876	2013	269	36
1876	2014	293	36
1879	1979	283	16
1879	1980	301	16
1879	1981	293	16
1879	1982	307	16
1879	1983	289	16
1879	1984	299	16
1879	1985	318	16
1879	1986	270	16
1879	1987	288	16
1879	1988	286	16
1879	1989	290	16
1879	1990	270	16
1879	1991	294	16
1879	1992	300	16
1879	1993	298	16
1879	1994	299	16
1880	1979	283	15
1880	1980	300	15
1880	1981	278	15
1880	1982	301	15
1880	1983	300	15
1880	1984	308	15
1880	1985	310	15
1880	1987	307	15
1880	1988	289	15
1880	1989	287	15
1880	1990	301	15
1880	1991	287	15
1880	1992	290	15
1880	1993	293	15
1880	1994	291	15
1885	1989	296	27
1885	1990	302	27
1885	1991	300	27
1885	1992	294	27
1885	1993	266	27
1885	1994	285	27
1885	1995	287	27
1885	1996	284	27
1885	1997	295	27
1885	1998	291	27
1885	1999	286	27
1885	2000	287	27
1885	2001	300	27
1885	2002	287	27
1885	2003	289	27
1885	2004	291	27
1885	2005	285	27
1885	2006	304	27
1885	2007	297	27
1885	2008	293	27
1885	2009	289	27
1885	2010	299	27
1885	2011	312	27
1885	2012	318	27
1885	2013	310	27
1885	2014	300	27
1885	2015	304	27
1887	1990	310	25
1887	1991	291	25
1887	1992	293	25
1887	1993	271	25
1887	1995	298	25
1887	1996	283	25
1887	1997	285	25
1887	1998	283	25
1887	1999	298	25
1887	2000	296	25
1887	2001	313	25
1887	2002	302	25
1887	2003	297	25
1887	2004	311	25
1887	2005	321	25
1887	2006	319	25
1887	2007	311	25
1887	2008	304	25
1887	2009	308	25
1887	2010	306	25
1887	2011	305	25
1887	2012	322	25
1887	2013	314	25
1887	2014	310	25
1887	2015	295	25
1889	1979	295	16
1889	1980	269	16
1889	1981	269	16
1889	1982	269	16
1889	1983	276	16
1889	1984	279	16
1889	1985	301	16
1889	1986	277	16
1889	1987	285	16
1889	1988	287	16
1889	1989	284	16
1889	1990	269	16
1889	1991	292	16
1889	1992	286	16
1889	1993	254	16
1889	1994	265	16
1892	1979	279	24
1892	1980	295	24
1892	1981	292	24
1892	1982	294	24
1892	1983	290	24
1892	1984	293	24
1892	1985	271	24
1892	1986	277	24
1892	1987	299	24
1892	1988	285	24
1892	1989	284	24
1892	1990	285	24
1892	1991	293	24
1892	1992	278	24
1892	1993	295	24
1892	1994	282	24
1892	1996	270	24
1892	1998	273	24
1892	1999	287	24
1892	2001	294	24
1892	2002	278	24
1892	2003	277	24
1892	2004	277	24
1892	2005	305	24
1895	1980	270	16
1895	1981	245	16
1895	1982	283	16
1895	1983	283	16
1895	1984	282	16
1895	1986	278	16
1895	1987	263	16
1895	1988	263	16
1895	1989	250	16
1895	1990	275	16
1895	1991	250	16
1895	1992	252	16
1895	1993	250	16
1895	1994	250	16
1895	1995	262	16
1895	1996	252	16
1903	1981	291	17
1903	1982	285	17
1903	1983	306	17
1903	1984	309	17
1903	1986	302	17
1903	1987	299	17
1903	1988	279	17
1903	1990	289	17
1903	1992	295	17
1903	1998	284	17
1903	1999	294	17
1903	2000	291	17
1903	2002	273	17
1903	2003	282	17
1903	2004	288	17
1903	2005	284	17
1903	2007	288	17
1904	1979	270	21
1904	1980	299	21
1904	1981	290	21
1904	1982	301	21
1904	1983	295	21
1904	1984	299	21
1904	1985	303	21
1904	1986	291	21
1904	1987	299	21
1904	1988	294	21
1904	1989	285	21
1904	1990	279	21
1904	1991	311	21
1904	1992	309	21
1904	1993	267	21
1904	1994	282	21
1904	1995	274	21
1904	1996	274	21
1904	1997	303	21
1904	1998	268	21
1904	1999	284	21
1905	1979	287	34
1905	1980	290	34
1905	1981	265	34
1905	1982	290	34
1905	1984	291	34
1905	1986	264	34
1905	1987	277	34
1905	1988	276	34
1905	1989	267	34
1905	1990	287	34
1905	1991	300	34
1905	1992	277	34
1905	1993	269	34
1905	1994	275	34
1905	1995	281	34
1905	1996	270	34
1905	1997	285	34
1905	1998	276	34
1905	1999	269	34
1905	2000	274	34
1905	2001	287	34
1905	2002	286	34
1905	2003	277	34
1905	2004	275	34
1905	2005	295	34
1905	2006	270	34
1905	2007	268	34
1905	2008	278	34
1905	2009	275	34
1905	2010	270	34
1905	2011	282	34
1905	2012	294	34
1905	2013	286	34
1905	2014	271	34
1906	1987	306	29
1906	1988	295	29
1906	1989	293	29
1906	1990	292	29
1906	1991	303	29
1906	1992	301	29
1906	1993	288	29
1906	1994	288	29
1906	1995	301	29
1906	1996	288	29
1906	1997	300	29
1906	1998	296	29
1906	1999	303	29
1906	2000	297	29
1906	2001	294	29
1906	2002	292	29
1906	2003	298	29
1906	2004	300	29
1906	2005	296	29
1906	2006	298	29
1906	2007	292	29
1906	2008	293	29
1906	2009	299	29
1906	2010	298	29
1906	2011	301	29
1906	2012	306	29
1906	2013	291	29
1906	2014	298	29
1906	2015	293	29
1908	1979	281	31
1908	1981	288	31
1908	1982	274	31
1908	1983	272	31
1908	1984	293	31
1908	1988	288	31
1908	1989	304	31
1908	1990	298	31
1908	1991	280	31
1908	1994	303	31
1908	1995	285	31
1908	1996	288	31
1908	1997	286	31
1908	1998	283	31
1908	1999	272	31
1908	2000	277	31
1908	2001	276	31
1908	2002	289	31
1908	2003	274	31
1908	2004	291	31
1908	2005	285	31
1908	2006	264	31
1908	2007	276	31
1908	2008	286	31
1908	2009	271	31
1908	2010	277	31
1908	2011	275	31
1908	2012	277	31
1908	2013	275	31
1908	2014	274	31
1908	2015	269	31
1910	1986	274	19
1910	1987	277	19
1910	1988	294	19
1910	1992	280	19
1910	1993	274	19
1910	1994	283	19
1910	1995	287	19
1910	1996	291	19
1910	1997	283	19
1910	1998	291	19
1910	1999	296	19
1910	2000	303	19
1910	2001	302	19
1910	2002	296	19
1910	2003	295	19
1910	2004	299	19
1910	2005	300	19
1910	2006	301	19
1910	2007	309	19
1911	1982	287	27
1911	1983	292	27
1911	1984	299	27
1911	1985	299	27
1911	1986	271	27
1911	1987	285	27
1911	1988	286	27
1911	1989	295	27
1911	1990	300	27
1911	1991	304	27
1911	1992	297	27
1911	1993	282	27
1911	1994	292	27
1911	1995	301	27
1911	1996	295	27
1911	1997	310	27
1911	1998	299	27
1911	1999	297	27
1911	2000	299	27
1911	2001	304	27
1911	2002	295	27
1911	2003	304	27
1911	2004	299	27
1911	2005	296	27
1911	2006	310	27
1911	2007	299	27
1911	2008	297	27
1920	1979	284	36
1920	1980	296	36
1920	1981	293	36
1920	1982	302	36
1920	1983	296	36
1920	1984	295	36
1920	1985	309	36
1920	1986	290	36
1920	1987	306	36
1920	1988	301	36
1920	1989	289	36
1920	1990	300	36
1920	1991	283	36
1920	1992	299	36
1920	1993	294	36
1920	1994	284	36
1920	1995	303	36
1920	1996	288	36
1920	1997	299	36
1920	1998	276	36
1920	2000	291	36
1920	2001	271	36
1920	2002	288	36
1920	2003	293	36
1920	2004	290	36
1920	2005	291	36
1920	2006	299	36
1920	2007	278	36
1920	2008	276	36
1920	2009	294	36
1920	2010	298	36
1920	2011	297	36
1920	2012	316	36
1920	2013	283	36
1920	2014	293	36
1920	2015	283	36
1929	1984	296	21
1929	1985	310	21
1929	1986	291	21
1929	1987	313	21
1929	1988	293	21
1929	1989	298	21
1929	1990	286	21
1929	1991	309	21
1929	1994	296	21
1929	1995	295	21
1929	1996	273	21
1929	1997	288	21
1929	1998	304	21
1929	2002	291	21
1929	2003	298	21
1929	2004	289	21
1929	2006	312	21
1929	2007	290	21
1929	2008	286	21
1929	2010	281	21
1929	2011	289	21
1934	1979	316	21
1934	1980	304	21
1934	1981	302	21
1934	1982	294	21
1934	1983	306	21
1934	1984	302	21
1934	1985	312	21
1934	1986	286	21
1934	1987	305	21
1934	1988	295	21
1934	1989	301	21
1934	1990	301	21
1934	1991	312	21
1934	1992	298	21
1934	1993	298	21
1934	1994	296	21
1934	1995	291	21
1934	1996	294	21
1934	1997	301	21
1934	1998	293	21
1934	1999	295	21
1936	1979	312	27
1936	1980	310	27
1936	1981	313	27
1936	1982	310	27
1936	1983	312	27
1936	1984	318	27
1936	1985	316	27
1936	1986	320	27
1936	1987	309	27
1936	1988	303	27
1936	1989	299	27
1936	1990	301	27
1936	1991	294	27
1936	1992	291	27
1936	1998	270	27
1936	1999	262	27
1936	2000	267	27
1936	2002	290	27
1936	2003	273	27
1936	2005	288	27
1936	2006	285	27
1936	2007	290	27
1936	2008	277	27
1936	2009	274	27
1936	2010	281	27
1936	2012	295	27
1936	2013	279	27
1948	1984	296	32
1948	1985	323	32
1948	1986	313	32
1948	1987	312	32
1948	1988	325	32
1948	1989	320	32
1948	1990	321	32
1948	1991	291	32
1948	1992	292	32
1948	1993	278	32
1948	1994	285	32
1948	1995	307	32
1948	1996	296	32
1948	1997	293	32
1948	1998	293	32
1948	1999	311	32
1948	2000	298	32
1948	2001	312	32
1948	2002	298	32
1948	2003	300	32
1948	2004	288	32
1948	2005	293	32
1948	2006	315	32
1948	2007	295	32
1948	2008	279	32
1948	2009	298	32
1948	2010	300	32
1948	2011	309	32
1948	2012	335	32
1948	2013	315	32
1948	2014	307	32
1948	2015	301	32
1949	1979	275	21
1949	1980	281	21
1949	1981	283	21
1949	1982	262	21
1949	1983	299	21
1949	1984	287	21
1949	1985	265	21
1949	1986	263	21
1949	1987	289	21
1949	1988	268	21
1949	1989	269	21
1949	1990	275	21
1949	1991	288	21
1949	1992	283	21
1949	1993	275	21
1949	1994	271	21
1949	1995	283	21
1949	1996	268	21
1949	1997	277	21
1949	1998	276	21
1949	1999	281	21
1953	1981	298	34
1953	1982	295	34
1953	1983	288	34
1953	1984	290	34
1953	1985	312	34
1953	1986	314	34
1953	1987	296	34
1953	1988	287	34
1953	1989	287	34
1953	1990	291	34
1953	1991	286	34
1953	1992	299	34
1953	1993	287	34
1953	1994	296	34
1953	1995	292	34
1953	1996	290	34
1953	1997	290	34
1953	1998	295	34
1953	1999	297	34
1953	2000	293	34
1953	2001	302	34
1953	2002	305	34
1953	2003	289	34
1953	2004	293	34
1953	2005	285	34
1953	2006	291	34
1953	2007	260	34
1953	2009	273	34
1953	2010	291	34
1953	2011	294	34
1953	2012	304	34
1953	2013	313	34
1953	2014	282	34
1953	2015	288	34
1954	1979	281	22
1954	1980	285	22
1954	1981	284	22
1954	1982	285	22
1954	1983	287	22
1954	1984	287	22
1954	1985	291	22
1954	1986	276	22
1954	1987	278	22
1954	1988	270	22
1954	1989	269	22
1954	1990	271	22
1954	1991	278	22
1954	1992	271	22
1954	1993	272	22
1954	1994	271	22
1954	2010	285	22
1954	2011	278	22
1954	2012	304	22
1954	2013	270	22
1954	2014	276	22
1954	2015	288	22
1955	1979	288	32
1955	1980	282	32
1955	1981	275	32
1955	1982	274	32
1955	1983	273	32
1955	1984	292	32
1955	1985	278	32
1955	1986	284	32
1955	1987	298	32
1955	1988	283	32
1955	1989	299	32
1955	1990	266	32
1955	1991	291	32
1955	1992	285	32
1955	1993	271	32
1955	1994	290	32
1955	1995	302	32
1955	1998	298	32
1955	1999	311	32
1955	2000	312	32
1955	2001	307	32
1955	2002	297	32
1955	2003	299	32
1955	2004	309	32
1955	2005	296	32
1955	2006	317	32
1955	2007	298	32
1955	2009	307	32
1955	2012	319	32
1955	2013	308	32
1955	2014	303	32
1955	2015	295	32
1966	1979	280	16
1966	1980	295	16
1966	1981	285	16
1966	1982	283	16
1966	1983	283	16
1966	1984	286	16
1966	1985	276	16
1966	1986	293	16
1966	1987	289	16
1966	1988	274	16
1966	1989	286	16
1966	1990	285	16
1966	1991	273	16
1966	1992	272	16
1966	1993	280	16
1966	1994	277	16
1969	1979	295	37
1969	1980	298	37
1969	1981	296	37
1969	1982	295	37
1969	1983	305	37
1969	1984	305	37
1969	1985	319	37
1969	1986	302	37
1969	1987	260	37
1969	1988	267	37
1969	1989	290	37
1969	1990	282	37
1969	1991	298	37
1969	1992	285	37
1969	1993	289	37
1969	1994	288	37
1969	1995	286	37
1969	1996	290	37
1969	1997	288	37
1969	1998	288	37
1969	1999	291	37
1969	2000	298	37
1969	2001	297	37
1969	2002	293	37
1969	2003	295	37
1969	2004	298	37
1969	2005	298	37
1969	2006	301	37
1969	2007	303	37
1969	2008	301	37
1969	2009	303	37
1969	2010	298	37
1969	2011	304	37
1969	2012	319	37
1969	2013	305	37
1969	2014	304	37
1969	2015	295	37
1970	1979	299	17
1970	1980	288	17
1970	1981	252	17
1970	1982	294	17
1970	1983	288	17
1970	1984	268	17
1970	1985	281	17
1970	1986	267	17
1970	1987	300	17
1970	1989	265	17
1970	1990	291	17
1970	1992	286	17
1970	1994	286	17
1970	1996	271	17
1970	1997	283	17
1970	1998	286	17
1970	1999	281	17
1974	1979	300	37
1974	1980	300	37
1974	1981	300	37
1974	1982	300	37
1974	1983	298	37
1974	1984	307	37
1974	1985	299	37
1974	1986	287	37
1974	1987	299	37
1974	1988	289	37
1974	1989	282	37
1974	1990	290	37
1974	1991	298	37
1974	1992	298	37
1974	1993	283	37
1974	1994	291	37
1974	1995	282	37
1974	1996	286	37
1974	1997	303	37
1974	1998	288	37
1974	1999	299	37
1974	2000	297	37
1974	2001	298	37
1974	2002	294	37
1974	2003	298	37
1974	2004	292	37
1974	2005	302	37
1974	2006	297	37
1974	2007	293	37
1974	2008	283	37
1974	2009	301	37
1974	2010	299	37
1974	2011	303	37
1974	2012	310	37
1974	2013	299	37
1974	2014	296	37
1974	2015	298	37
1975	1979	291	20
1975	1980	297	20
1975	1981	289	20
1975	1982	290	20
1975	1983	294	20
1975	1984	294	20
1975	1985	296	20
1975	1991	263	20
1975	1993	272	20
1975	1996	266	20
1975	2001	271	20
1975	2002	273	20
1975	2007	271	20
1975	2008	282	20
1975	2009	273	20
1975	2010	268	20
1975	2011	277	20
1975	2013	279	20
1975	2014	280	20
1975	2015	277	20
1976	1979	281	21
1976	1980	271	21
1976	1981	284	21
1976	1982	282	21
1976	1983	285	21
1976	1984	285	21
1976	1985	286	21
1976	1986	275	21
1976	1987	285	21
1976	1988	281	21
1976	1989	276	21
1976	1990	276	21
1976	1991	301	21
1976	1992	301	21
1976	1993	285	21
1976	1994	292	21
1976	1995	298	21
1976	1996	297	21
1976	1997	307	21
1976	1998	301	21
1976	1999	296	21
1979	1979	288	19
1979	1980	295	19
1979	1981	295	19
1979	1982	297	19
1979	1983	300	19
1979	1984	286	19
1979	1985	288	19
1979	1988	290	19
1979	1989	276	19
1979	1990	264	19
1979	1991	294	19
1979	1992	297	19
1979	1993	292	19
1979	1994	269	19
1979	1995	303	19
1979	1996	289	19
1979	1997	295	19
1979	1998	298	19
1979	1999	290	19
1980	1979	304	36
1980	1980	300	36
1980	1981	308	36
1980	1982	308	36
1980	1983	305	36
1980	1984	301	36
1980	1985	299	36
1980	1986	295	36
1980	1987	313	36
1980	1989	311	36
1980	1990	319	36
1980	1991	289	36
1980	1992	288	36
1980	1993	279	36
1980	1994	275	36
1980	1995	298	36
1980	1996	275	36
1980	1997	299	36
1980	1998	292	36
1980	1999	297	36
1980	2000	285	36
1980	2001	300	36
1980	2002	293	36
1980	2003	299	36
1980	2004	294	36
1980	2005	291	36
1980	2006	302	36
1980	2007	295	36
1980	2008	288	36
1980	2009	282	36
1980	2010	295	36
1980	2011	290	36
1980	2012	319	36
1980	2013	299	36
1980	2014	298	36
1980	2015	297	36
1981	1979	268	37
1981	1980	280	37
1981	1981	285	37
1981	1982	260	37
1981	1983	267	37
1981	1984	276	37
1981	1985	270	37
1981	1986	271	37
1981	1987	265	37
1981	1988	277	37
1981	1989	246	37
1981	1990	268	37
1981	1991	272	37
1981	1992	278	37
1981	1993	269	37
1981	1994	269	37
1981	1995	263	37
1981	1996	258	37
1981	1997	277	37
1981	1998	257	37
1981	1999	272	37
1981	2000	256	37
1981	2001	268	37
1981	2002	263	37
1981	2003	263	37
1981	2004	269	37
1981	2005	276	37
1981	2006	271	37
1981	2007	274	37
1981	2008	272	37
1981	2009	281	37
1981	2010	271	37
1981	2011	268	37
1981	2012	302	37
1981	2013	283	37
1981	2014	272	37
1981	2015	283	37
1987	1979	291	15
1987	1980	320	15
1987	1981	297	15
1987	1982	293	15
1987	1983	302	15
1987	1984	313	15
1987	1985	319	15
1987	1986	291	15
1987	1987	312	15
1987	1988	304	15
1987	1989	308	15
1987	1990	298	15
1987	1991	300	15
1987	1992	294	15
1987	1993	294	15
1988	1980	301	29
1988	1981	281	29
1988	1982	290	29
1988	1983	285	29
1988	1984	291	29
1988	1985	318	29
1988	1986	292	29
1988	1987	312	29
1988	1988	302	29
1988	1989	303	29
1988	1990	308	29
1988	1991	306	29
1988	1992	298	29
1988	1993	293	29
1988	1994	295	29
1988	1995	297	29
1988	1996	288	29
1988	1997	294	29
1988	1998	290	29
1988	1999	296	29
1988	2000	292	29
1988	2001	296	29
1988	2002	294	29
1988	2003	295	29
1988	2004	296	29
1988	2005	294	29
1988	2006	302	29
1988	2007	300	29
1988	2008	299	29
1989	1979	308	21
1989	1980	305	21
1989	1981	305	21
1989	1982	305	21
1989	1983	312	21
1989	1984	315	21
1989	1985	315	21
1989	1986	305	21
1989	1987	305	21
1989	1988	290	21
1989	1989	305	21
1989	1990	302	21
1989	1991	311	21
1989	1992	303	21
1989	1993	302	21
1989	1994	298	21
1989	1995	302	21
1989	1996	288	21
1989	1997	308	21
1989	1998	301	21
1989	1999	304	21
1997	1979	281	16
1997	1980	275	16
1997	1981	285	16
1997	1982	280	16
1997	1983	275	16
1997	1984	305	16
1997	1985	285	16
1997	1986	282	16
1997	1987	286	16
1997	1988	271	16
1997	1989	255	16
1997	1990	269	16
1997	1991	278	16
1997	1992	264	16
1997	1993	258	16
1997	1994	268	16
2000	1979	269	35
2000	1980	266	35
2000	1981	303	35
2000	1982	289	35
2000	1983	278	35
2000	1984	312	35
2000	1985	295	35
2000	1986	248	35
2000	1987	268	35
2000	1988	278	35
2000	1989	295	35
2000	1990	262	35
2000	1992	253	35
2000	1993	271	35
2000	1994	298	35
2000	1995	294	35
2000	1996	273	35
2000	1997	285	35
2000	1998	244	35
2000	1999	302	35
2000	2000	274	35
2000	2001	298	35
2000	2002	291	35
2000	2003	258	35
2000	2004	299	35
2000	2005	302	35
2000	2006	299	35
2000	2007	293	35
2000	2008	300	35
2000	2010	285	35
2000	2011	287	35
2000	2012	309	35
2000	2013	302	35
2000	2014	300	35
2000	2015	287	35
2001	1979	289	20
2001	1980	298	20
2001	1981	287	20
2001	1982	296	20
2001	1983	280	20
2001	1984	279	20
2001	1985	296	20
2001	1986	276	20
2001	1987	285	20
2001	1988	289	20
2001	1989	284	20
2001	1990	286	20
2001	1991	284	20
2001	1992	294	20
2001	1993	286	20
2001	1994	288	20
2001	1995	301	20
2001	1996	288	20
2001	1997	285	20
2001	1998	288	20
2009	1979	296	37
2009	1980	278	37
2009	1981	284	37
2009	1982	275	37
2009	1983	275	37
2009	1984	275	37
2009	1985	273	37
2009	1986	278	37
2009	1987	290	37
2009	1988	274	37
2009	1989	273	37
2009	1990	273	37
2009	1991	293	37
2009	1992	295	37
2009	1993	293	37
2009	1994	291	37
2009	1995	283	37
2009	1996	280	37
2009	1997	292	37
2009	1998	287	37
2009	1999	295	37
2009	2000	296	37
2009	2001	295	37
2009	2002	292	37
2009	2003	285	37
2009	2004	297	37
2009	2005	283	37
2009	2006	303	37
2009	2007	289	37
2009	2008	285	37
2009	2009	290	37
2009	2010	291	37
2009	2011	288	37
2009	2012	310	37
2009	2013	293	37
2009	2014	287	37
2009	2015	283	37
2020	1979	286	34
2020	1980	297	34
2020	1981	295	34
2020	1982	299	34
2020	1983	291	34
2020	1984	289	34
2020	1985	288	34
2020	1986	287	34
2020	1987	289	34
2020	1988	294	34
2020	1989	293	34
2020	1990	295	34
2020	1991	301	34
2020	1992	299	34
2020	1993	287	34
2020	1994	293	34
2020	1995	286	34
2020	1996	287	34
2020	1997	292	34
2020	1998	294	34
2020	1999	296	34
2020	2000	300	34
2020	2001	293	34
2020	2002	288	34
2020	2003	293	34
2020	2004	289	34
2020	2005	297	34
2020	2006	296	34
2020	2007	302	34
2020	2008	290	34
2020	2009	290	34
2020	2010	293	34
2020	2011	302	34
2020	2012	317	34
2022	1979	302	26
2022	1980	293	26
2022	1981	290	26
2022	1982	292	26
2022	1983	326	26
2022	1984	285	26
2022	1985	298	26
2022	1986	286	26
2022	1987	296	26
2022	1988	280	26
2022	1989	293	26
2022	1990	288	26
2022	1991	308	26
2022	1992	299	26
2022	1993	298	26
2022	1994	291	26
2022	1995	301	26
2022	1996	268	26
2022	1997	293	26
2022	1998	297	26
2022	1999	312	26
2022	2000	299	26
2022	2001	301	26
2022	2002	293	26
2022	2003	302	26
2022	2004	313	26
2023	1980	291	33
2023	1981	290	33
2023	1982	288	33
2023	1983	275	33
2023	1986	274	33
2023	1987	293	33
2023	1988	287	33
2023	1989	292	33
2023	1990	288	33
2023	1991	298	33
2023	1992	290	33
2023	1993	285	33
2023	1994	293	33
2023	1995	296	33
2023	1997	299	33
2023	1998	288	33
2023	1999	295	33
2023	2000	290	33
2023	2001	290	33
2023	2002	289	33
2023	2003	289	33
2023	2004	288	33
2023	2005	288	33
2023	2006	292	33
2023	2007	287	33
2023	2008	282	33
2023	2009	290	33
2023	2010	284	33
2023	2011	293	33
2023	2012	312	33
2023	2013	286	33
2023	2014	289	33
2023	2015	292	33
2024	1979	278	33
2024	1980	294	33
2024	1981	281	33
2024	1982	284	33
2024	1983	286	33
2024	1984	289	33
2024	1985	283	33
2024	1986	285	33
2024	1987	287	33
2024	1988	282	33
2024	1989	296	33
2024	1990	289	33
2024	1991	291	33
2024	1992	304	33
2024	1993	293	33
2024	1994	292	33
2024	1999	285	33
2024	2000	299	33
2024	2001	301	33
2024	2002	296	33
2024	2003	305	33
2024	2004	300	33
2024	2005	291	33
2024	2006	285	33
2024	2007	289	33
2024	2008	282	33
2024	2009	291	33
2024	2010	291	33
2024	2011	291	33
2024	2012	304	33
2024	2013	296	33
2024	2014	293	33
2024	2015	291	33
2027	1979	300	27
2027	1980	303	27
2027	1981	289	27
2027	1982	293	27
2027	1983	297	27
2027	1984	298	27
2027	1985	312	27
2027	1986	309	27
2027	1987	281	27
2027	1988	300	27
2027	1989	296	27
2027	1990	307	27
2027	1992	300	27
2027	1993	300	27
2027	1994	292	27
2027	1995	291	27
2027	1996	288	27
2027	1997	309	27
2027	1998	305	27
2027	1999	294	27
2027	2000	318	27
2027	2001	298	27
2027	2002	289	27
2027	2003	314	27
2027	2004	293	27
2027	2005	299	27
2027	2006	303	27
2029	1979	278	16
2029	1980	294	16
2029	1981	281	16
2029	1982	289	16
2029	1983	303	16
2029	1984	298	16
2029	1985	301	16
2029	1986	325	16
2029	1987	297	16
2029	1988	288	16
2029	1990	297	16
2029	1991	287	16
2029	1992	288	16
2029	1993	268	16
2029	1995	283	16
2029	1999	301	16
2036	1979	294	16
2036	1980	304	16
2036	1981	303	16
2036	1982	309	16
2036	1983	305	16
2036	1984	307	16
2036	1986	305	16
2036	1989	279	16
2036	1992	287	16
2036	1993	320	16
2036	1994	291	16
2036	1995	292	16
2036	1996	289	16
2036	1997	285	16
2036	1998	275	16
2036	1999	288	16
2038	1979	302	37
2038	1980	300	37
2038	1981	294	37
2038	1982	301	37
2038	1983	303	37
2038	1984	302	37
2038	1985	301	37
2038	1986	284	37
2038	1987	301	37
2038	1988	296	37
2038	1989	292	37
2038	1990	293	37
2038	1991	307	37
2038	1992	300	37
2038	1993	303	37
2038	1994	299	37
2038	1995	301	37
2038	1996	296	37
2038	1997	309	37
2038	1998	290	37
2038	1999	303	37
2038	2000	296	37
2038	2001	306	37
2038	2002	293	37
2038	2003	308	37
2038	2004	300	37
2038	2005	299	37
2038	2006	316	37
2038	2007	296	37
2038	2008	292	37
2038	2009	300	37
2038	2010	300	37
2038	2011	304	37
2038	2012	309	37
2038	2013	296	37
2038	2014	300	37
2038	2015	298	37
2049	1979	314	31
2049	1980	315	31
2049	1983	299	31
2049	1984	298	31
2049	1985	313	31
2049	1989	316	31
2049	1990	309	31
2049	1992	291	31
2049	1993	287	31
2049	1994	293	31
2049	1995	283	31
2049	1996	287	31
2049	1997	298	31
2049	1998	288	31
2049	1999	302	31
2049	2000	286	31
2049	2001	285	31
2049	2002	286	31
2049	2003	280	31
2049	2004	288	31
2049	2005	293	31
2049	2006	286	31
2049	2007	280	31
2049	2008	284	31
2049	2009	284	31
2049	2010	283	31
2049	2011	283	31
2049	2012	301	31
2049	2013	293	31
2049	2014	277	31
2049	2015	282	31
2050	1990	289	20
2050	1991	301	20
2050	1992	298	20
2050	1993	301	20
2050	1994	293	20
2050	1995	298	20
2050	1996	293	20
2050	1997	301	20
2050	1998	288	20
2050	1999	297	20
2050	2000	290	20
2050	2001	279	20
2050	2002	315	20
2050	2003	301	20
2050	2004	317	20
2050	2005	288	20
2050	2006	314	20
2050	2007	293	20
2050	2009	293	20
2050	2010	288	20
2051	1985	302	20
2051	1986	301	20
2051	1987	293	20
2051	1988	296	20
2051	1989	302	20
2051	1990	277	20
2051	1991	299	20
2051	1992	299	20
2051	1993	278	20
2051	1994	288	20
2051	1995	306	20
2051	1996	294	20
2051	1997	297	20
2051	1998	294	20
2051	1999	315	20
2051	2000	290	20
2051	2001	304	20
2051	2002	291	20
2051	2003	305	20
2051	2004	298	20
2053	1979	273	32
2053	1980	286	32
2053	1981	287	32
2053	1982	293	32
2053	1983	288	32
2053	1984	294	32
2053	1985	275	32
2053	1986	274	32
2053	1987	285	32
2053	1988	284	32
2053	1989	291	32
2053	1990	287	32
2053	1991	300	32
2053	1992	295	32
2053	1993	286	32
2053	1994	295	32
2053	1995	298	32
2053	1996	287	32
2053	1997	289	32
2053	1998	294	32
2053	1999	300	32
2053	2000	292	32
2053	2001	296	32
2053	2002	294	32
2053	2003	291	32
2053	2004	297	32
2053	2005	295	32
2053	2006	297	32
2053	2007	288	32
2053	2008	287	32
2053	2009	299	32
2053	2010	302	32
2054	1979	275	32
2054	1980	289	32
2054	1981	272	32
2054	1982	292	32
2054	1983	284	32
2054	1984	282	32
2054	1985	273	32
2054	1986	268	32
2054	1987	286	32
2054	1988	280	32
2054	1989	286	32
2054	1990	290	32
2054	1991	287	32
2054	1992	263	32
2054	1993	268	32
2054	1994	291	32
2054	1995	288	32
2054	1996	284	32
2054	1997	303	32
2054	1998	298	32
2054	1999	302	32
2054	2000	283	32
2054	2001	277	32
2054	2002	279	32
2054	2003	273	32
2054	2004	285	32
2054	2005	289	32
2054	2006	288	32
2054	2007	283	32
2054	2008	260	32
2054	2009	271	32
2054	2010	285	32
2055	1979	285	37
2055	1980	293	37
2055	1981	287	37
2055	1982	282	37
2055	1983	278	37
2055	1984	292	37
2055	1985	286	37
2055	1986	275	37
2055	1987	285	37
2055	1988	283	37
2055	1989	292	37
2055	1990	286	37
2055	1991	289	37
2055	1992	288	37
2055	1993	283	37
2055	1994	281	37
2055	1995	286	37
2055	1996	288	37
2055	1997	285	37
2055	1998	288	37
2055	1999	305	37
2055	2000	297	37
2055	2001	297	37
2055	2002	289	37
2055	2003	291	37
2055	2004	297	37
2055	2005	299	37
2055	2006	298	37
2055	2007	288	37
2055	2008	289	37
2055	2009	293	37
2055	2010	298	37
2055	2011	300	37
2055	2012	322	37
2055	2013	300	37
2055	2014	300	37
2055	2015	294	37
2059	1979	274	30
2059	1981	289	30
2059	1982	291	30
2059	1983	292	30
2059	1984	300	30
2059	1985	299	30
2059	1986	277	30
2059	1987	299	30
2059	1988	289	30
2059	1989	287	30
2059	1990	284	30
2059	1991	306	30
2059	1992	277	30
2059	1993	283	30
2059	1994	283	30
2059	1995	297	30
2059	1996	277	30
2059	1997	291	30
2059	1998	277	30
2059	1999	291	30
2059	2000	276	30
2059	2001	287	30
2059	2002	284	30
2059	2003	290	30
2059	2004	284	30
2059	2005	284	30
2059	2006	279	30
2059	2007	274	30
2059	2008	268	30
2059	2009	285	30
2061	1979	285	37
2061	1980	293	37
2061	1981	292	37
2061	1982	282	37
2061	1983	278	37
2061	1984	292	37
2061	1985	287	37
2061	1986	275	37
2061	1987	284	37
2061	1988	285	37
2061	1989	292	37
2061	1990	286	37
2061	1991	291	37
2061	1992	286	37
2061	1993	283	37
2061	1994	282	37
2061	1995	285	37
2061	1996	290	37
2061	1997	284	37
2061	1998	288	37
2061	1999	303	37
2061	2000	298	37
2061	2001	297	37
2061	2002	288	37
2061	2003	292	37
2061	2004	297	37
2061	2005	298	37
2061	2006	299	37
2061	2007	291	37
2061	2008	289	37
2061	2009	292	37
2061	2010	298	37
2061	2011	302	37
2061	2012	320	37
2061	2013	299	37
2061	2014	298	37
2061	2015	299	37
2069	1979	283	37
2069	1980	288	37
2069	1981	283	37
2069	1982	283	37
2069	1983	280	37
2069	1984	300	37
2069	1985	287	37
2069	1986	281	37
2069	1987	273	37
2069	1988	272	37
2069	1989	267	37
2069	1990	271	37
2069	1991	290	37
2069	1992	288	37
2069	1993	290	37
2069	1994	296	37
2069	1995	301	37
2069	1996	295	37
2069	1997	299	37
2069	1998	279	37
2069	1999	299	37
2069	2000	294	37
2069	2001	291	37
2069	2002	289	37
2069	2003	295	37
2069	2004	293	37
2069	2005	285	37
2069	2006	293	37
2069	2007	291	37
2069	2008	279	37
2069	2009	279	37
2069	2010	283	37
2069	2011	297	37
2069	2012	299	37
2069	2013	286	37
2069	2014	287	37
2069	2015	291	37
2075	1979	278	30
2075	1981	291	30
2075	1982	295	30
2075	1983	288	30
2075	1987	298	30
2075	1988	291	30
2075	1992	285	30
2075	1993	267	30
2075	1994	293	30
2075	1995	291	30
2075	1996	288	30
2075	1997	292	30
2075	1998	290	30
2075	1999	285	30
2075	2000	285	30
2075	2001	289	30
2075	2002	291	30
2075	2003	293	30
2075	2004	282	30
2075	2005	290	30
2075	2006	293	30
2075	2007	275	30
2075	2008	280	30
2075	2009	288	30
2075	2010	285	30
2075	2011	290	30
2075	2012	298	30
2075	2013	284	30
2075	2014	288	30
2075	2015	294	30
2077	1979	287	24
2077	1980	288	24
2077	1981	287	24
2077	1982	290	24
2077	1983	292	24
2077	1984	285	24
2077	1985	279	24
2077	1986	275	24
2077	1987	289	24
2077	1988	272	24
2077	1989	284	24
2077	1990	290	24
2077	1991	298	24
2077	1992	303	24
2077	1993	277	24
2077	1994	295	24
2077	1995	300	24
2077	1996	292	24
2077	1997	302	24
2077	1998	298	24
2077	1999	299	24
2077	2000	298	24
2077	2001	301	24
2077	2002	299	24
2080	1979	278	22
2080	1980	283	22
2080	1981	260	22
2080	1982	292	22
2080	1983	298	22
2080	1984	290	22
2080	1985	260	22
2080	1986	266	22
2080	1987	288	22
2080	1988	271	22
2080	1989	285	22
2080	1990	274	22
2080	1991	294	22
2080	1992	280	22
2080	1993	281	22
2080	1994	260	22
2080	1995	288	22
2080	1996	282	22
2080	1997	279	22
2080	1998	290	22
2080	1999	288	22
2080	2000	285	22
2087	1979	280	37
2087	1980	288	37
2087	1981	279	37
2087	1982	295	37
2087	1983	289	37
2087	1984	299	37
2087	1985	293	37
2087	1986	280	37
2087	1987	283	37
2087	1988	287	37
2087	1989	288	37
2087	1990	285	37
2087	1991	274	37
2087	1992	299	37
2087	1993	291	37
2087	1994	296	37
2087	1995	302	37
2087	1996	301	37
2087	1997	309	37
2087	1998	303	37
2087	1999	306	37
2087	2000	300	37
2087	2001	303	37
2087	2002	294	37
2087	2003	297	37
2087	2004	299	37
2087	2005	304	37
2087	2006	306	37
2087	2007	302	37
2087	2008	296	37
2087	2009	305	37
2087	2010	302	37
2087	2011	304	37
2087	2012	320	37
2087	2013	310	37
2087	2014	292	37
2087	2015	298	37
2100	1981	300	17
2100	1982	295	17
2100	1983	290	17
2100	1984	299	17
2100	1985	297	17
2100	1986	300	17
2100	1987	300	17
2100	1988	289	17
2100	1989	290	17
2100	1990	290	17
2100	1991	292	17
2100	1992	283	17
2100	1993	295	17
2100	1994	302	17
2100	1995	275	17
2100	1996	287	17
2100	1997	287	17
2102	1979	281	21
2102	1980	294	21
2102	1981	280	21
2102	1982	293	21
2102	1983	287	21
2102	1984	295	21
2102	1985	282	21
2102	1986	288	21
2102	1987	289	21
2102	1988	286	21
2102	1989	291	21
2102	1990	286	21
2102	1991	295	21
2102	1992	302	21
2102	1993	294	21
2102	1994	288	21
2102	1995	292	21
2102	1996	293	21
2102	1997	299	21
2102	1998	291	21
2102	1999	302	21
2107	1983	297	17
2107	1984	295	17
2107	1985	314	17
2107	1986	322	17
2107	1987	280	17
2107	1988	299	17
2107	1989	258	17
2107	1990	254	17
2107	1991	258	17
2107	1992	256	17
2107	1993	305	17
2107	1994	267	17
2107	1995	283	17
2107	1996	267	17
2107	1997	279	17
2107	1998	267	17
2107	1999	283	17
2111	1979	259	26
2111	1981	260	26
2111	1982	277	26
2111	1983	275	26
2111	1984	285	26
2111	1985	274	26
2111	1986	267	26
2111	1987	282	26
2111	1988	266	26
2111	1989	281	26
2111	1990	272	26
2111	1991	262	26
2111	1992	266	26
2111	1993	258	26
2111	1994	277	26
2111	1995	278	26
2111	1996	270	26
2111	1997	272	26
2111	1998	287	26
2111	1999	314	26
2111	2000	285	26
2111	2001	276	26
2111	2002	277	26
2111	2003	277	26
2111	2004	290	26
2111	2005	295	26
2112	1979	288	31
2112	1980	301	31
2112	1981	292	31
2112	1982	301	31
2112	1985	289	31
2112	1989	290	31
2112	1990	288	31
2112	1991	306	31
2112	1992	293	31
2112	1993	284	31
2112	1994	288	31
2112	1995	293	31
2112	1996	283	31
2112	1997	303	31
2112	1998	295	31
2112	1999	298	31
2112	2000	290	31
2112	2001	295	31
2112	2002	287	31
2112	2003	283	31
2112	2005	288	31
2112	2006	281	31
2112	2007	288	31
2112	2008	289	31
2112	2009	293	31
2112	2010	291	31
2112	2011	293	31
2112	2012	302	31
2112	2013	283	31
2112	2014	302	31
2112	2015	293	31
2120	1979	284	21
2120	1980	286	21
2120	1981	285	21
2120	1982	285	21
2120	1983	289	21
2120	1984	293	21
2120	1985	293	21
2120	1986	284	21
2120	1987	288	21
2120	1988	290	21
2120	1989	288	21
2120	1990	286	21
2120	1991	289	21
2120	1992	289	21
2120	1993	288	21
2120	1994	291	21
2120	1995	290	21
2120	1996	288	21
2120	1997	291	21
2120	1998	292	21
2120	1999	291	21
2122	1982	268	20
2122	1983	280	20
2122	1984	279	20
2122	1985	281	20
2122	1986	284	20
2122	1987	298	20
2122	1988	281	20
2122	1989	280	20
2122	1990	278	20
2122	1991	273	20
2122	1992	279	20
2122	1993	268	20
2122	1994	263	20
2122	1995	294	20
2122	1996	274	20
2122	1997	298	20
2122	1998	280	20
2122	1999	273	20
2122	2000	283	20
2122	2001	294	20
2123	1987	271	23
2123	1989	286	23
2123	1990	300	23
2123	1991	283	23
2123	1992	285	23
2123	1993	276	23
2123	1994	284	23
2123	1995	281	23
2123	1996	270	23
2123	1997	284	23
2123	1998	293	23
2123	2000	290	23
2123	2001	296	23
2123	2002	280	23
2123	2003	277	23
2123	2004	304	23
2123	2005	294	23
2123	2008	271	23
2123	2009	303	23
2123	2010	297	23
2123	2013	291	23
2123	2014	293	23
2123	2015	299	23
2126	1979	298	34
2126	1981	308	34
2126	1982	316	34
2126	1983	310	34
2126	1985	313	34
2126	1986	291	34
2126	1987	308	34
2126	1988	290	34
2126	1989	298	34
2126	1990	306	34
2126	1991	303	34
2126	1992	309	34
2126	1993	284	34
2126	1994	294	34
2126	1995	297	34
2126	1996	295	34
2126	1997	300	34
2126	1998	291	34
2126	1999	295	34
2126	2000	297	34
2126	2001	295	34
2126	2002	289	34
2126	2003	297	34
2126	2004	324	34
2126	2005	296	34
2126	2007	289	34
2126	2008	287	34
2126	2009	301	34
2126	2010	295	34
2126	2011	307	34
2126	2012	329	34
2126	2013	294	34
2126	2014	303	34
2126	2015	305	34
2129	1979	282	20
2129	1980	285	20
2129	1981	280	20
2129	1982	293	20
2129	1983	279	20
2129	1984	296	20
2129	1985	281	20
2129	1986	278	20
2129	1987	303	20
2129	1988	294	20
2129	1989	292	20
2129	1990	288	20
2129	1991	300	20
2129	1992	284	20
2129	1993	280	20
2129	1994	275	20
2129	1995	283	20
2129	1996	285	20
2129	1997	290	20
2129	1998	319	20
2130	1979	272	28
2130	1980	297	28
2130	1981	282	28
2130	1983	261	28
2130	1984	291	28
2130	1985	308	28
2130	1986	273	28
2130	1987	283	28
2130	1988	277	28
2130	1989	270	28
2130	1990	298	28
2130	1991	282	28
2130	1992	294	28
2130	1993	293	28
2130	1994	294	28
2130	1995	274	28
2130	1996	280	28
2130	1997	285	28
2130	1998	284	28
2130	1999	298	28
2130	2000	274	28
2130	2001	267	28
2130	2002	272	28
2130	2003	280	28
2130	2004	280	28
2130	2005	271	28
2130	2006	268	28
2130	2007	272	28
2131	1979	281	17
2131	1980	301	17
2131	1982	289	17
2131	1983	264	17
2131	1984	289	17
2131	1985	289	17
2131	1986	282	17
2131	1987	282	17
2131	1990	269	17
2131	1991	269	17
2131	1992	287	17
2131	1993	280	17
2131	1994	276	17
2131	1995	287	17
2131	1996	287	17
2131	1997	292	17
2131	1998	294	17
2133	1979	267	33
2133	1980	289	33
2133	1981	277	33
2133	1982	272	33
2133	1983	268	33
2133	1984	288	33
2133	1985	288	33
2133	1986	266	33
2133	1987	282	33
2133	1988	270	33
2133	1989	265	33
2133	1990	278	33
2133	1991	281	33
2133	1992	273	33
2133	1993	269	33
2133	1994	273	33
2133	1995	276	33
2133	1996	281	33
2133	1997	287	33
2133	1998	288	33
2133	1999	295	33
2133	2000	285	33
2133	2001	274	33
2133	2002	263	33
2133	2003	285	33
2133	2004	279	33
2133	2005	284	33
2133	2006	286	33
2133	2008	281	33
2133	2009	286	33
2133	2010	283	33
2133	2011	282	33
2133	2012	300	33
2136	1991	281	25
2136	1992	267	25
2136	1993	281	25
2136	1994	269	25
2136	1995	275	25
2136	1996	273	25
2136	1997	280	25
2136	1998	291	25
2136	1999	270	25
2136	2000	293	25
2136	2001	281	25
2136	2002	284	25
2136	2003	293	25
2136	2004	280	25
2136	2005	277	25
2136	2006	279	25
2136	2007	262	25
2136	2008	283	25
2136	2009	281	25
2136	2010	283	25
2136	2011	304	25
2136	2012	301	25
2136	2013	281	25
2136	2014	291	25
2136	2015	299	25
2137	1979	297	28
2137	1980	291	28
2137	1981	295	28
2137	1986	292	28
2137	1987	297	28
2137	1991	291	28
2137	1994	295	28
2137	1995	300	28
2137	1996	297	28
2137	1997	308	28
2137	1998	300	28
2137	1999	296	28
2137	2000	298	28
2137	2001	299	28
2137	2002	299	28
2137	2003	299	28
2137	2004	299	28
2137	2005	298	28
2137	2006	296	28
2137	2007	290	28
2137	2008	288	28
2137	2009	299	28
2137	2010	297	28
2137	2011	300	28
2137	2012	303	28
2137	2013	296	28
2137	2014	295	28
2137	2015	300	28
2138	1980	289	30
2138	1981	284	30
2138	1982	281	30
2138	1983	275	30
2138	1984	282	30
2138	1985	283	30
2138	1986	276	30
2138	1987	291	30
2138	1988	300	30
2138	1989	307	30
2138	1990	296	30
2138	1991	306	30
2138	1994	289	30
2138	1995	312	30
2138	1996	289	30
2138	1997	291	30
2138	1998	299	30
2138	1999	292	30
2138	2000	308	30
2138	2001	302	30
2138	2002	292	30
2138	2003	308	30
2138	2004	295	30
2138	2007	286	30
2138	2010	301	30
2138	2011	302	30
2138	2012	314	30
2138	2013	313	30
2138	2014	297	30
2138	2015	293	30
2139	1979	277	15
2139	1980	293	15
2139	1981	277	15
2139	1982	293	15
2139	1983	289	15
2139	1984	286	15
2139	1985	274	15
2139	1986	254	15
2139	1987	262	15
2139	1988	266	15
2139	1989	267	15
2139	1990	254	15
2139	1991	288	15
2139	1992	287	15
2139	1993	284	15
2140	1979	265	36
2140	1980	278	36
2140	1981	291	36
2140	1982	288	36
2140	1983	284	36
2140	1984	301	36
2140	1985	281	36
2140	1986	267	36
2140	1987	284	36
2140	1988	274	36
2140	1989	282	36
2140	1990	278	36
2140	1991	309	36
2140	1992	282	36
2140	1993	291	36
2140	1994	271	36
2140	1995	278	36
2140	1996	286	36
2140	1998	291	36
2140	1999	298	36
2140	2000	290	36
2140	2001	302	36
2140	2002	294	36
2140	2003	306	36
2140	2004	296	36
2140	2005	295	36
2140	2006	301	36
2140	2007	289	36
2140	2008	285	36
2140	2009	299	36
2140	2010	296	36
2140	2011	306	36
2140	2012	302	36
2140	2013	291	36
2140	2014	288	36
2140	2015	295	36
2153	1979	292	35
2153	1980	296	35
2153	1981	287	35
2153	1982	296	35
2153	1983	297	35
2153	1984	300	35
2153	1985	303	35
2153	1986	289	35
2153	1987	294	35
2153	1988	280	35
2153	1989	288	35
2153	1990	289	35
2153	1992	290	35
2153	1993	279	35
2153	1994	288	35
2153	1995	293	35
2153	1996	301	35
2153	1997	278	35
2153	1998	283	35
2153	1999	299	35
2153	2000	285	35
2153	2001	299	35
2153	2002	288	35
2153	2003	287	35
2153	2004	287	35
2153	2005	294	35
2153	2006	296	35
2153	2007	288	35
2153	2008	287	35
2153	2009	285	35
2153	2011	293	35
2153	2012	304	35
2153	2013	280	35
2153	2014	289	35
2153	2015	296	35
2158	1979	278	16
2158	1980	296	16
2158	1981	277	16
2158	1982	279	16
2158	1983	281	16
2158	1984	293	16
2158	1985	297	16
2158	1986	281	16
2158	1987	280	16
2158	1988	291	16
2158	1989	284	16
2158	1991	294	16
2158	1992	294	16
2158	1993	271	16
2158	1994	282	16
2158	1995	283	16
2162	1979	306	22
2162	1980	295	22
2162	1982	310	22
2162	1983	274	22
2162	1984	298	22
2162	1985	305	22
2162	1986	271	22
2162	1987	300	22
2162	1988	303	22
2162	1989	281	22
2162	1990	284	22
2162	1991	305	22
2162	1992	305	22
2162	1993	274	22
2162	1994	288	22
2162	1995	303	22
2162	1996	277	22
2162	1997	296	22
2162	1998	293	22
2162	1999	298	22
2162	2000	295	22
2162	2001	295	22
2164	1979	279	31
2164	1980	300	31
2164	1981	297	31
2164	1982	294	31
2164	1983	301	31
2164	1984	299	31
2164	1985	297	31
2164	1986	277	31
2164	1987	306	31
2164	1988	289	31
2164	1989	293	31
2164	1990	276	31
2164	1991	309	31
2164	1992	300	31
2164	1993	279	31
2164	1994	293	31
2164	1995	304	31
2164	1996	296	31
2164	1997	310	31
2164	1998	291	31
2164	1999	303	31
2164	2000	291	31
2164	2001	304	31
2164	2002	302	31
2164	2003	303	31
2164	2004	299	31
2164	2005	300	31
2164	2006	309	31
2164	2007	297	31
2164	2008	289	31
2164	2009	303	31
2165	1981	295	32
2165	1982	291	32
2165	1983	293	32
2165	1984	298	32
2165	1985	290	32
2165	1986	287	32
2165	1987	291	32
2165	1988	286	32
2165	1989	283	32
2165	1990	284	32
2165	1991	285	32
2165	1992	283	32
2165	1993	284	32
2165	1994	283	32
2165	1995	282	32
2165	1996	288	32
2165	1997	288	32
2165	1998	284	32
2165	1999	289	32
2165	2000	288	32
2165	2001	286	32
2165	2002	285	32
2165	2005	283	32
2165	2006	284	32
2165	2007	283	32
2165	2008	281	32
2165	2010	281	32
2165	2011	284	32
2165	2012	317	32
2165	2013	291	32
2165	2014	293	32
2165	2015	288	32
2166	1980	302	21
2166	1981	281	21
2166	1983	290	21
2166	1985	325	21
2166	1995	302	21
2166	1996	298	21
2166	1999	304	21
2166	2000	294	21
2166	2001	302	21
2166	2002	293	21
2166	2003	292	21
2166	2004	299	21
2166	2006	301	21
2166	2007	284	21
2166	2008	287	21
2166	2009	294	21
2166	2010	282	21
2166	2011	299	21
2166	2013	288	21
2166	2014	287	21
2166	2015	297	21
2167	1979	257	18
2167	1980	284	18
2167	1981	305	18
2167	1982	295	18
2167	1983	282	18
2167	1984	291	18
2167	1985	288	18
2167	1986	298	18
2167	1987	295	18
2167	1988	280	18
2167	1989	278	18
2167	1991	293	18
2167	1992	290	18
2167	1993	288	18
2167	1994	273	18
2167	1995	296	18
2167	1996	292	18
2167	1997	288	18
2168	1979	277	37
2168	1980	291	37
2168	1981	290	37
2168	1982	265	37
2168	1983	284	37
2168	1984	283	37
2168	1985	261	37
2168	1986	264	37
2168	1987	289	37
2168	1988	261	37
2168	1989	272	37
2168	1990	275	37
2168	1991	306	37
2168	1992	297	37
2168	1993	283	37
2168	1994	289	37
2168	1995	288	37
2168	1996	285	37
2168	1997	290	37
2168	1998	288	37
2168	1999	289	37
2168	2000	282	37
2168	2001	283	37
2168	2002	282	37
2168	2003	281	37
2168	2004	277	37
2168	2005	283	37
2168	2006	287	37
2168	2007	286	37
2168	2008	284	37
2168	2009	282	37
2168	2010	278	37
2168	2011	287	37
2168	2012	297	37
2168	2013	282	37
2168	2014	283	37
2168	2015	298	37
2170	1979	280	36
2170	1980	298	36
2170	1981	284	36
2170	1982	294	36
2170	1983	293	36
2170	1984	300	36
2170	1985	305	36
2170	1986	293	36
2170	1987	298	36
2170	1988	288	36
2170	1989	289	36
2170	1990	289	36
2170	1991	312	36
2170	1992	310	36
2170	1993	297	36
2170	1994	298	36
2170	1995	306	36
2170	1996	300	36
2170	1997	306	36
2170	1998	303	36
2170	1999	307	36
2170	2000	303	36
2170	2001	310	36
2170	2002	308	36
2170	2003	257	36
2170	2004	281	36
2170	2005	298	36
2170	2006	289	36
2170	2007	265	36
2170	2008	268	36
2170	2009	273	36
2170	2010	279	36
2170	2011	287	36
2170	2012	309	36
2170	2013	286	36
2170	2014	288	36
2172	1980	294	27
2172	1981	292	27
2172	1982	301	27
2172	1983	297	27
2172	1984	301	27
2172	1985	300	27
2172	1986	299	27
2172	1987	303	27
2172	1988	293	27
2172	1989	297	27
2172	1995	299	27
2172	1998	292	27
2172	1999	294	27
2172	2000	294	27
2172	2001	292	27
2172	2002	260	27
2172	2004	289	27
2172	2006	306	27
2172	2007	302	27
2172	2008	282	27
2172	2009	305	27
2172	2010	311	27
2172	2011	305	27
2172	2012	295	27
2172	2013	292	27
2172	2014	276	27
2172	2015	291	27
2182	1979	288	37
2182	1980	311	37
2182	1981	305	37
2182	1982	304	37
2182	1983	282	37
2182	1984	287	37
2182	1985	293	37
2182	1986	292	37
2182	1987	291	37
2182	1988	282	37
2182	1989	281	37
2182	1990	289	37
2182	1991	286	37
2182	1992	298	37
2182	1993	297	37
2182	1994	297	37
2182	1995	302	37
2182	1996	286	37
2182	1997	306	37
2182	1998	312	37
2182	1999	304	37
2182	2000	298	37
2182	2001	311	37
2182	2002	314	37
2182	2003	297	37
2182	2004	296	37
2182	2005	298	37
2182	2006	309	37
2182	2007	296	37
2182	2008	287	37
2182	2009	301	37
2182	2010	296	37
2182	2011	314	37
2182	2012	307	37
2182	2013	296	37
2182	2014	289	37
2182	2015	301	37
2186	1979	288	17
2186	1981	275	17
2186	1983	259	17
2186	1984	301	17
2186	1985	309	17
2186	1986	296	17
2186	1987	300	17
2186	1988	296	17
2186	1989	261	17
2186	1995	294	17
2186	1996	274	17
2186	1997	258	17
2186	1998	286	17
2186	2000	269	17
2186	2005	272	17
2186	2010	263	17
2186	2015	269	17
2187	1979	284	32
2187	1980	288	32
2187	1981	290	32
2187	1982	295	32
2187	1983	275	32
2187	1984	291	32
2187	1985	287	32
2187	1986	289	32
2187	1987	286	32
2187	1988	282	32
2187	1989	271	32
2187	1990	272	32
2187	1991	283	32
2187	1992	283	32
2187	1993	283	32
2187	1994	283	32
2187	1995	292	32
2187	1996	283	32
2187	1997	284	32
2187	1998	283	32
2187	1999	288	32
2187	2000	280	32
2187	2001	279	32
2187	2003	282	32
2187	2004	283	32
2187	2005	275	32
2187	2006	289	32
2187	2007	271	32
2187	2008	288	32
2187	2011	287	32
2187	2012	307	32
2187	2015	283	32
2194	1983	253	20
2194	1984	268	20
2194	1985	290	20
2194	1986	285	20
2194	1987	281	20
2194	1988	276	20
2194	1989	267	20
2194	1990	271	20
2194	1991	270	20
2194	1992	266	20
2194	1993	245	20
2194	1995	263	20
2194	1996	262	20
2194	1997	271	20
2194	1998	276	20
2194	1999	261	20
2194	2000	263	20
2194	2001	279	20
2194	2002	279	20
2194	2003	279	20
2199	1979	281	36
2199	1980	292	36
2199	1981	286	36
2199	1982	292	36
2199	1983	289	36
2199	1984	294	36
2199	1985	286	36
2199	1986	269	36
2199	1987	291	36
2199	1988	283	36
2199	1989	288	36
2199	1990	275	36
2199	1991	303	36
2199	1992	294	36
2199	1993	280	36
2199	1994	287	36
2199	1995	290	36
2199	1997	296	36
2199	1998	291	36
2199	1999	297	36
2199	2000	281	36
2199	2001	303	36
2199	2002	292	36
2199	2003	292	36
2199	2004	295	36
2199	2005	291	36
2199	2006	299	36
2199	2007	276	36
2199	2008	285	36
2199	2009	298	36
2199	2010	296	36
2199	2011	300	36
2199	2012	301	36
2199	2013	295	36
2199	2014	301	36
2199	2015	303	36
2203	1979	319	37
2203	1980	282	37
2203	1981	290	37
2203	1982	290	37
2203	1983	291	37
2203	1984	305	37
2203	1985	283	37
2203	1986	282	37
2203	1987	303	37
2203	1988	288	37
2203	1989	274	37
2203	1990	271	37
2203	1991	293	37
2203	1992	285	37
2203	1993	283	37
2203	1994	292	37
2203	1995	299	37
2203	1996	298	37
2203	1997	296	37
2203	1998	289	37
2203	1999	288	37
2203	2000	287	37
2203	2001	294	37
2203	2002	293	37
2203	2003	291	37
2203	2004	291	37
2203	2005	289	37
2203	2006	294	37
2203	2007	293	37
2203	2008	289	37
2203	2009	288	37
2203	2010	291	37
2203	2011	292	37
2203	2012	301	37
2203	2013	300	37
2203	2014	283	37
2203	2015	278	37
2209	1979	284	18
2209	1980	299	18
2209	1981	273	18
2209	1982	287	18
2209	1983	289	18
2209	1984	291	18
2209	1985	290	18
2209	1986	284	18
2209	1987	288	18
2209	1988	297	18
2209	1989	281	18
2209	1990	285	18
2209	1991	290	18
2209	1992	282	18
2209	1993	267	18
2209	1994	274	18
2209	1995	282	18
2209	1996	290	18
2210	1980	283	26
2210	1981	286	26
2210	1982	291	26
2210	1984	292	26
2210	1985	305	26
2210	1986	298	26
2210	1987	301	26
2210	1988	295	26
2210	1989	287	26
2210	1990	297	26
2210	1991	306	26
2210	1992	284	26
2210	1993	288	26
2210	1994	290	26
2210	1995	292	26
2210	1996	310	26
2210	1997	294	26
2210	1998	290	26
2210	1999	287	26
2210	2000	284	26
2210	2001	301	26
2210	2002	293	26
2210	2003	296	26
2210	2004	299	26
2210	2005	292	26
2210	2006	290	26
2216	1979	293	34
2216	1980	298	34
2216	1981	285	34
2216	1982	282	34
2216	1983	289	34
2216	1984	284	34
2216	1985	287	34
2216	1986	273	34
2216	1987	290	34
2216	1988	280	34
2216	1989	281	34
2216	1991	287	34
2216	1992	272	34
2216	1993	270	34
2216	1994	273	34
2216	1995	275	34
2216	1996	276	34
2216	1997	281	34
2216	1998	279	34
2216	1999	290	34
2216	2000	259	34
2216	2001	271	34
2216	2002	269	34
2216	2003	285	34
2216	2004	284	34
2216	2005	286	34
2216	2006	287	34
2216	2007	287	34
2216	2008	283	34
2216	2010	293	34
2216	2011	295	34
2216	2012	302	34
2216	2013	300	34
2216	2015	297	34
2217	1981	282	28
2217	1982	289	28
2217	1983	289	28
2217	1984	285	28
2217	1985	289	28
2217	1986	268	28
2217	1987	284	28
2217	1988	277	28
2217	1989	285	28
2217	1990	274	28
2217	1991	287	28
2217	1992	280	28
2217	1996	274	28
2217	1998	280	28
2217	1999	285	28
2217	2000	274	28
2217	2001	283	28
2217	2002	286	28
2217	2003	273	28
2217	2004	276	28
2217	2005	285	28
2217	2007	270	28
2217	2008	273	28
2217	2009	269	28
2217	2010	283	28
2217	2012	301	28
2217	2013	292	28
2217	2015	297	28
2221	1980	275	21
2221	1986	281	21
2221	1987	307	21
2221	1988	302	21
2221	1989	302	21
2221	1990	296	21
2221	1991	293	21
2221	1992	303	21
2221	1993	292	21
2221	1994	297	21
2221	1995	280	21
2221	1996	263	21
2221	1997	296	21
2221	1998	288	21
2221	1999	289	21
2221	2000	279	21
2221	2001	282	21
2221	2002	291	21
2221	2003	263	21
2221	2004	269	21
2221	2005	298	21
2222	1988	273	17
2222	1992	302	17
2222	1993	292	17
2222	1994	297	17
2222	1995	280	17
2222	1996	299	17
2222	1997	303	17
2222	1998	282	17
2222	1999	305	17
2222	2000	298	17
2222	2001	301	17
2222	2002	291	17
2222	2003	298	17
2222	2004	266	17
2222	2005	298	17
2222	2006	304	17
2222	2007	301	17
2223	1979	257	21
2223	1980	268	21
2223	1981	249	21
2223	1983	259	21
2223	1984	280	21
2223	1985	278	21
2223	1986	273	21
2223	1987	283	21
2223	1988	280	21
2223	1989	272	21
2223	1990	265	21
2223	1991	288	21
2223	1992	275	21
2223	1993	268	21
2223	1994	278	21
2223	1995	281	21
2223	1996	284	21
2223	1997	301	21
2223	1998	283	21
2223	1999	300	21
2223	2000	291	21
2225	1979	284	36
2225	1980	296	36
2225	1981	278	36
2225	1982	290	36
2225	1983	280	36
2225	1984	288	36
2225	1985	284	36
2225	1986	274	36
2225	1987	284	36
2225	1988	290	36
2225	1989	280	36
2225	1990	278	36
2225	1991	312	36
2225	1992	297	36
2225	1993	281	36
2225	1994	295	36
2225	1995	292	36
2225	1996	294	36
2225	1998	287	36
2225	1999	300	36
2225	2000	293	36
2225	2001	285	36
2225	2002	282	36
2225	2003	285	36
2225	2004	296	36
2225	2005	290	36
2225	2006	300	36
2225	2007	282	36
2225	2008	296	36
2225	2009	298	36
2225	2010	287	36
2225	2011	296	36
2225	2012	313	36
2225	2013	292	36
2225	2014	301	36
2225	2015	304	36
2230	1979	281	21
2230	1980	296	21
2230	1981	294	21
2230	1982	296	21
2230	1983	290	21
2230	1984	294	21
2230	1985	302	21
2230	1986	281	21
2230	1987	299	21
2230	1988	294	21
2230	1989	298	21
2230	1990	280	21
2230	1991	305	21
2230	1992	292	21
2230	1993	301	21
2230	1994	292	21
2230	1995	298	21
2230	1996	289	21
2230	1997	293	21
2230	1998	299	21
2230	1999	289	21
2242	1979	294	29
2242	1980	306	29
2242	1981	281	29
2242	1982	294	29
2242	1983	298	29
2242	1984	296	29
2242	1985	293	29
2242	1986	278	29
2242	1987	290	29
2242	1988	288	29
2242	1989	302	29
2242	1990	288	29
2242	1991	301	29
2242	1992	281	29
2242	1993	272	29
2242	1994	278	29
2242	1995	287	29
2242	1996	288	29
2242	1997	285	29
2242	1998	291	29
2242	1999	288	29
2242	2000	293	29
2242	2001	289	29
2242	2002	293	29
2242	2003	283	29
2242	2004	266	29
2242	2005	287	29
2242	2006	288	29
2242	2007	291	29
2245	1979	258	21
2245	1980	273	21
2245	1981	278	21
2245	1982	291	21
2245	1983	283	21
2245	1984	287	21
2245	1985	295	21
2245	1986	295	21
2245	1987	287	21
2245	1988	278	21
2245	1989	283	21
2245	1990	276	21
2245	1991	289	21
2245	1992	277	21
2245	1993	279	21
2245	1994	285	21
2245	1995	283	21
2245	1996	265	21
2245	1997	279	21
2245	1998	291	21
2245	1999	299	21
2250	1979	283	37
2250	1980	297	37
2250	1981	259	37
2250	1982	266	37
2250	1983	262	37
2250	1984	274	37
2250	1985	288	37
2250	1986	284	37
2250	1987	296	37
2250	1988	288	37
2250	1989	291	37
2250	1990	266	37
2250	1991	298	37
2250	1992	265	37
2250	1993	285	37
2250	1994	273	37
2250	1995	279	37
2250	1996	288	37
2250	1997	278	37
2250	1998	291	37
2250	1999	293	37
2250	2000	289	37
2250	2001	285	37
2250	2002	293	37
2250	2003	295	37
2250	2004	299	37
2250	2005	296	37
2250	2006	301	37
2250	2007	291	37
2250	2008	273	37
2250	2009	285	37
2250	2010	305	37
2250	2011	277	37
2250	2012	297	37
2250	2013	292	37
2250	2014	286	37
2250	2015	284	37
2252	1982	288	20
2252	1983	287	20
2252	1984	287	20
2252	1985	290	20
2252	1986	288	20
2252	1987	291	20
2252	1988	287	20
2252	1989	288	20
2252	1990	276	20
2252	1991	288	20
2252	1992	281	20
2252	1993	259	20
2252	1994	275	20
2252	1995	275	20
2252	1996	271	20
2252	1997	268	20
2252	1998	287	20
2252	1999	283	20
2252	2013	291	20
2252	2015	275	20
2253	1979	274	27
2253	1980	286	27
2253	1981	284	27
2253	1982	292	27
2253	1983	297	27
2253	1984	301	27
2253	1985	293	27
2253	1986	274	27
2253	1987	287	27
2253	1988	281	27
2253	1989	285	27
2253	1991	293	27
2253	1992	299	27
2253	1993	298	27
2253	1994	278	27
2253	1995	299	27
2253	1996	298	27
2253	1997	304	27
2253	1998	286	27
2253	1999	294	27
2253	2000	288	27
2253	2001	298	27
2253	2002	289	27
2253	2003	298	27
2253	2004	299	27
2253	2005	292	27
2253	2006	305	27
2254	1981	283	17
2254	1983	295	17
2254	1984	302	17
2254	1985	306	17
2254	1986	302	17
2254	1987	294	17
2254	1988	288	17
2254	1989	321	17
2254	1990	305	17
2254	1991	298	17
2254	1992	303	17
2254	1993	294	17
2254	1994	293	17
2254	1995	290	17
2254	1996	304	17
2254	1997	289	17
2254	1998	285	17
2259	1979	285	23
2259	1980	285	23
2259	1981	280	23
2259	1982	280	23
2259	1983	285	23
2259	1984	286	23
2259	1985	293	23
2259	1986	286	23
2259	1987	288	23
2259	1988	286	23
2259	1989	292	23
2259	1990	280	23
2259	1991	300	23
2259	1992	296	23
2259	1993	284	23
2259	1994	294	23
2259	1995	309	23
2259	1996	282	23
2259	1997	299	23
2259	1998	289	23
2259	1999	293	23
2259	2000	302	23
2259	2001	304	23
2272	1979	287	15
2272	1980	303	15
2272	1981	284	15
2272	1982	297	15
2272	1983	301	15
2272	1984	305	15
2272	1985	305	15
2272	1986	292	15
2272	1987	296	15
2272	1988	288	15
2272	1989	284	15
2272	1990	281	15
2272	1991	291	15
2272	1992	288	15
2272	1993	281	15
2278	1979	291	18
2278	1980	303	18
2278	1981	284	18
2278	1984	289	18
2278	1985	295	18
2278	1986	276	18
2278	1988	288	18
2278	1989	305	18
2278	1990	291	18
2278	1991	311	18
2278	1992	293	18
2278	1993	274	18
2278	1994	283	18
2278	1995	287	18
2278	1996	315	18
2278	1997	295	18
2278	1998	270	18
2278	1999	288	18
2282	1979	273	37
2282	1980	262	37
2282	1981	254	37
2282	1982	283	37
2282	1983	251	37
2282	1984	283	37
2282	1985	303	37
2282	1986	275	37
2282	1987	285	37
2282	1988	275	37
2282	1989	261	37
2282	1990	271	37
2282	1991	272	37
2282	1992	273	37
2282	1993	244	37
2282	1994	285	37
2282	1995	283	37
2282	1996	278	37
2282	1997	293	37
2282	1998	276	37
2282	1999	298	37
2282	2000	291	37
2282	2001	288	37
2282	2002	286	37
2282	2003	297	37
2282	2004	294	37
2282	2005	291	37
2282	2006	292	37
2282	2007	279	37
2282	2008	279	37
2282	2009	301	37
2282	2010	293	37
2282	2011	293	37
2282	2012	316	37
2282	2013	293	37
2282	2014	301	37
2282	2015	295	37
2284	1979	285	24
2284	1980	289	24
2284	1981	280	24
2284	1982	277	24
2284	1983	275	24
2284	1984	287	24
2284	1985	281	24
2284	1986	279	24
2284	1987	284	24
2284	1988	276	24
2284	1989	274	24
2284	1990	277	24
2284	1991	288	24
2284	1992	292	24
2284	1993	289	24
2284	1994	302	24
2284	1995	298	24
2284	1996	294	24
2284	1997	283	24
2284	1998	286	24
2284	1999	290	24
2284	2000	288	24
2284	2001	287	24
2284	2002	284	24
2286	1979	291	35
2286	1980	297	35
2286	1981	290	35
2286	1982	293	35
2286	1983	291	35
2286	1984	301	35
2286	1985	298	35
2286	1986	290	35
2286	1987	298	35
2286	1988	293	35
2286	1989	305	35
2286	1990	294	35
2286	1993	277	35
2286	1994	262	35
2286	1995	280	35
2286	1996	286	35
2286	1997	282	35
2286	1998	286	35
2286	1999	286	35
2286	2000	276	35
2286	2001	287	35
2286	2002	279	35
2286	2003	287	35
2286	2004	285	35
2286	2005	287	35
2286	2006	285	35
2286	2007	283	35
2286	2008	279	35
2286	2009	283	35
2286	2010	278	35
2286	2011	302	35
2286	2012	300	35
2286	2013	295	35
2286	2014	294	35
2286	2015	295	35
2287	1979	283	19
2287	1980	290	19
2287	1981	289	19
2287	1982	289	19
2287	1983	287	19
2287	1984	298	19
2287	1985	289	19
2287	1986	283	19
2287	1987	290	19
2287	1988	286	19
2287	1989	286	19
2287	1990	285	19
2287	1991	293	19
2287	1992	281	19
2287	1993	285	19
2287	1994	287	19
2287	1997	284	19
2287	1998	283	19
2287	1999	280	19
2288	1979	294	28
2288	1980	292	28
2288	1981	299	28
2288	1982	287	28
2288	1983	284	28
2288	1984	299	28
2288	1985	302	28
2288	1986	275	28
2288	1987	290	28
2288	1988	296	28
2288	1989	292	28
2288	1990	294	28
2288	1991	283	28
2288	1992	299	28
2288	1993	295	28
2288	1994	297	28
2288	1995	306	28
2288	1996	297	28
2288	1997	307	28
2288	1998	293	28
2288	1999	299	28
2288	2000	290	28
2288	2001	283	28
2288	2002	283	28
2288	2003	299	28
2288	2004	294	28
2288	2005	280	28
2288	2006	300	28
2294	1979	290	36
2294	1980	294	36
2294	1981	293	36
2294	1982	286	36
2294	1983	287	36
2294	1984	290	36
2294	1985	291	36
2294	1986	285	36
2294	1987	294	36
2294	1988	281	36
2294	1989	290	36
2294	1990	286	36
2294	1991	293	36
2294	1992	297	36
2294	1993	293	36
2294	1994	297	36
2294	1995	309	36
2294	1996	298	36
2294	1997	310	36
2294	1998	325	36
2294	1999	299	36
2294	2000	294	36
2294	2001	299	36
2294	2002	300	36
2294	2003	303	36
2294	2005	307	36
2294	2006	314	36
2294	2007	306	36
2294	2008	299	36
2294	2009	301	36
2294	2010	289	36
2294	2011	304	36
2294	2012	316	36
2294	2013	291	36
2294	2014	283	36
2294	2015	306	36
2295	1979	281	37
2295	1980	288	37
2295	1981	287	37
2295	1982	280	37
2295	1983	276	37
2295	1984	287	37
2295	1985	292	37
2295	1986	274	37
2295	1987	303	37
2295	1988	289	37
2295	1989	286	37
2295	1990	281	37
2295	1991	292	37
2295	1992	287	37
2295	1993	294	37
2295	1994	291	37
2295	1995	297	37
2295	1996	297	37
2295	1997	299	37
2295	1998	282	37
2295	1999	288	37
2295	2000	299	37
2295	2001	290	37
2295	2002	288	37
2295	2003	299	37
2295	2004	285	37
2295	2005	291	37
2295	2006	287	37
2295	2007	288	37
2295	2008	277	37
2295	2009	297	37
2295	2010	282	37
2295	2011	283	37
2295	2012	309	37
2295	2013	286	37
2295	2014	283	37
2295	2015	289	37
2296	1979	270	35
2296	1980	271	35
2296	1981	273	35
2296	1982	269	35
2296	1983	272	35
2296	1984	277	35
2296	1985	267	35
2296	1986	271	35
2296	1987	276	35
2296	1988	274	35
2296	1989	279	35
2296	1990	274	35
2296	1991	297	35
2296	1992	288	35
2296	1993	281	35
2296	1994	286	35
2296	1995	295	35
2296	1996	283	35
2296	1997	298	35
2296	1998	288	35
2296	1999	296	35
2296	2000	281	35
2296	2001	291	35
2296	2002	287	35
2296	2003	291	35
2296	2004	290	35
2296	2005	294	35
2296	2006	291	35
2296	2007	295	35
2296	2008	276	35
2296	2009	297	35
2296	2012	310	35
2296	2013	284	35
2296	2014	280	35
2296	2015	284	35
2302	1979	287	16
2302	1980	307	16
2302	1981	296	16
2302	1982	296	16
2302	1983	302	16
2302	1984	299	16
2302	1985	309	16
2302	1986	286	16
2302	1987	300	16
2302	1988	302	16
2302	1989	299	16
2302	1990	297	16
2302	1991	308	16
2302	1992	301	16
2302	1993	282	16
2302	1994	313	16
2309	1979	269	19
2309	1980	285	19
2309	1981	283	19
2309	1982	285	19
2309	1983	285	19
2309	1984	292	19
2309	1985	294	19
2309	1986	274	19
2309	1987	289	19
2309	1988	294	19
2309	1989	276	19
2309	1990	265	19
2309	1991	276	19
2309	1992	281	19
2309	1993	279	19
2309	1994	268	19
2309	1995	283	19
2309	1996	274	19
2309	1997	309	19
2314	1979	282	21
2314	1980	295	21
2314	1981	281	21
2314	1982	278	21
2314	1983	293	21
2314	1984	287	21
2314	1985	291	21
2314	1986	266	21
2314	1987	292	21
2314	1988	267	21
2314	1989	273	21
2314	1990	276	21
2314	1991	287	21
2314	1992	297	21
2314	1993	290	21
2314	1994	291	21
2314	1995	283	21
2314	1996	293	21
2314	1997	300	21
2314	1998	291	21
2314	1999	296	21
2316	1979	294	37
2316	1980	298	37
2316	1981	299	37
2316	1982	305	37
2316	1983	300	37
2316	1984	316	37
2316	1985	288	37
2316	1986	283	37
2316	1987	288	37
2316	1988	273	37
2316	1989	295	37
2316	1990	283	37
2316	1991	309	37
2316	1992	297	37
2316	1993	288	37
2316	1994	293	37
2316	1995	291	37
2316	1996	285	37
2316	1997	293	37
2316	1998	288	37
2316	1999	301	37
2316	2000	294	37
2316	2001	289	37
2316	2002	285	37
2316	2003	288	37
2316	2004	298	37
2316	2005	295	37
2316	2006	291	37
2316	2007	288	37
2316	2008	284	37
2316	2009	306	37
2316	2010	289	37
2316	2011	297	37
2316	2012	314	37
2316	2013	289	37
2316	2014	293	37
2316	2015	295	37
2318	1979	296	22
2318	1980	318	22
2318	1981	304	22
2318	1982	318	22
2318	1983	305	22
2318	1984	302	22
2318	1985	301	22
2318	1986	290	22
2318	1987	298	22
2318	1988	308	22
2318	1989	306	22
2318	1990	287	22
2318	1991	291	22
2318	1992	297	22
2318	1993	285	22
2318	1994	286	22
2318	1995	283	22
2318	1996	278	22
2318	1997	301	22
2318	1998	292	22
2318	1999	297	22
2318	2000	294	22
2322	1983	295	20
2322	1984	290	20
2322	1985	303	20
2322	1986	277	20
2322	1987	301	20
2322	1988	284	20
2322	1989	292	20
2322	1990	290	20
2322	1992	284	20
2322	1993	280	20
2322	1994	292	20
2322	1995	300	20
2322	1996	293	20
2322	1998	302	20
2322	1999	303	20
2322	2003	258	20
2322	2005	295	20
2322	2008	290	20
2322	2009	288	20
2322	2011	305	20
2323	1979	278	22
2323	1980	289	22
2323	1981	290	22
2323	1982	287	22
2323	1983	304	22
2323	1984	297	22
2323	1985	296	22
2323	1986	275	22
2323	1987	295	22
2323	1988	291	22
2323	1989	289	22
2323	1990	281	22
2323	1991	311	22
2323	1992	277	22
2323	1993	278	22
2323	1994	287	22
2323	1995	293	22
2323	1996	290	22
2323	1997	279	22
2323	1998	285	22
2323	1999	287	22
2323	2000	271	22
2327	1979	297	35
2327	1980	299	35
2327	1981	297	35
2327	1982	291	35
2327	1983	281	35
2327	1984	298	35
2327	1985	304	35
2327	1986	275	35
2327	1987	276	35
2327	1988	275	35
2327	1989	270	35
2327	1990	274	35
2327	1991	293	35
2327	1992	285	35
2327	1993	282	35
2327	1994	281	35
2327	1995	285	35
2327	1996	293	35
2327	1997	298	35
2327	1998	295	35
2327	1999	292	35
2327	2000	293	35
2327	2001	283	35
2327	2002	281	35
2327	2003	282	35
2327	2004	281	35
2327	2005	275	35
2327	2006	274	35
2327	2007	266	35
2327	2008	267	35
2327	2010	269	35
2327	2012	275	35
2327	2013	265	35
2327	2014	264	35
2327	2015	274	35
2328	1979	282	24
2328	1980	283	24
2328	1981	281	24
2328	1982	280	24
2328	1983	278	24
2328	1984	278	24
2328	1985	283	24
2328	1986	278	24
2328	1987	283	24
2328	1988	273	24
2328	1989	283	24
2328	1990	283	24
2328	1992	262	24
2328	1993	261	24
2328	1994	262	24
2328	1995	263	24
2328	1996	261	24
2328	1997	259	24
2328	1998	260	24
2328	1999	258	24
2328	2000	257	24
2328	2001	255	24
2328	2002	254	24
2328	2003	253	24
2334	1985	312	24
2334	1986	294	24
2334	1987	304	24
2334	1988	293	24
2334	1989	290	24
2334	1990	285	24
2334	1991	309	24
2334	1992	291	24
2334	1993	289	24
2334	1994	290	24
2334	1995	300	24
2334	1996	291	24
2334	1997	297	24
2334	1998	291	24
2334	1999	302	24
2334	2000	291	24
2334	2001	297	24
2334	2002	288	24
2334	2003	295	24
2334	2004	293	24
2334	2005	297	24
2334	2006	297	24
2334	2007	290	24
2334	2008	290	24
2349	1979	270	35
2349	1980	284	35
2349	1981	289	35
2349	1982	278	35
2349	1983	281	35
2349	1984	285	35
2349	1985	288	35
2349	1986	267	35
2349	1987	273	35
2349	1988	280	35
2349	1989	273	35
2349	1990	268	35
2349	1991	283	35
2349	1992	274	35
2349	1993	273	35
2349	1995	293	35
2349	1997	301	35
2349	1998	287	35
2349	1999	281	35
2349	2000	288	35
2349	2001	297	35
2349	2002	274	35
2349	2003	269	35
2349	2004	263	35
2349	2005	287	35
2349	2006	287	35
2349	2007	281	35
2349	2008	291	35
2349	2009	301	35
2349	2010	309	35
2349	2011	307	35
2349	2012	303	35
2349	2013	297	35
2349	2014	272	35
2349	2015	294	35
2351	1979	289	37
2351	1980	298	37
2351	1981	300	37
2351	1982	284	37
2351	1983	294	37
2351	1984	306	37
2351	1985	314	37
2351	1986	298	37
2351	1987	307	37
2351	1988	318	37
2351	1989	301	37
2351	1990	312	37
2351	1991	307	37
2351	1992	302	37
2351	1993	300	37
2351	1994	303	37
2351	1995	306	37
2351	1996	292	37
2351	1997	299	37
2351	1998	302	37
2351	1999	306	37
2351	2000	295	37
2351	2001	305	37
2351	2002	299	37
2351	2003	300	37
2351	2004	299	37
2351	2005	302	37
2351	2006	311	37
2351	2007	297	37
2351	2008	295	37
2351	2009	300	37
2351	2010	302	37
2351	2011	300	37
2351	2012	300	37
2351	2013	293	37
2351	2014	289	37
2351	2015	295	37
2355	1979	303	31
2355	1980	301	31
2355	1981	287	31
2355	1982	286	31
2355	1983	290	31
2355	1984	298	31
2355	1985	299	31
2355	1986	301	31
2355	1987	290	31
2355	1988	295	31
2355	1989	306	31
2355	1990	310	31
2355	1991	309	31
2355	1992	309	31
2355	1993	311	31
2355	1994	312	31
2355	1995	318	31
2355	1996	320	31
2355	1997	287	31
2355	1998	314	31
2355	1999	301	31
2355	2000	301	31
2355	2001	305	31
2355	2002	296	31
2355	2003	288	31
2355	2004	300	31
2355	2005	274	31
2355	2006	301	31
2355	2007	294	31
2355	2008	287	31
2355	2009	293	31
2356	1979	286	20
2356	1980	298	20
2356	1981	288	20
2356	1982	293	20
2356	1983	285	20
2356	1984	297	20
2356	1985	300	20
2356	1986	271	20
2356	1987	273	20
2356	1988	271	20
2356	1989	270	20
2356	1990	269	20
2356	1991	295	20
2356	1992	290	20
2356	1994	285	20
2356	1995	292	20
2356	2012	323	20
2356	2013	315	20
2356	2014	310	20
2356	2015	298	20
2357	1979	291	21
2357	1980	300	21
2357	1981	295	21
2357	1982	297	21
2357	1983	316	21
2357	1984	303	21
2357	1985	309	21
2357	1986	295	21
2357	1987	302	21
2357	1988	295	21
2357	1989	294	21
2357	1990	297	21
2357	1991	297	21
2357	1992	292	21
2357	1993	290	21
2357	1994	288	21
2357	1995	293	21
2357	1997	293	21
2357	1999	288	21
2357	2000	290	21
2357	2001	297	21
2359	1979	304	22
2359	1980	301	22
2359	1981	300	22
2359	1982	305	22
2359	1983	308	22
2359	1984	304	22
2359	1985	309	22
2359	1986	294	22
2359	1987	300	22
2359	1988	301	22
2359	1989	314	22
2359	1990	308	22
2359	1991	316	22
2359	1992	309	22
2359	1993	311	22
2359	1994	305	22
2359	1995	314	22
2359	1996	310	22
2359	1997	312	22
2359	1998	293	22
2359	1999	300	22
2359	2000	303	22
2360	1985	293	31
2360	1986	277	31
2360	1987	294	31
2360	1988	289	31
2360	1989	291	31
2360	1990	297	31
2360	1991	308	31
2360	1992	301	31
2360	1993	294	31
2360	1994	294	31
2360	1995	297	31
2360	1996	293	31
2360	1997	309	31
2360	1998	293	31
2360	1999	303	31
2360	2000	293	31
2360	2001	298	31
2360	2002	291	31
2360	2003	300	31
2360	2004	297	31
2360	2005	294	31
2360	2006	315	31
2360	2007	295	31
2360	2008	286	31
2360	2009	302	31
2360	2010	303	31
2360	2011	304	31
2360	2012	307	31
2360	2013	292	31
2360	2014	299	31
2360	2015	298	31
2363	1979	279	22
2363	1980	298	22
2363	1981	282	22
2363	1982	294	22
2363	1984	287	22
2363	1985	300	22
2363	1986	286	22
2363	1987	291	22
2363	1988	289	22
2363	1989	290	22
2363	1990	278	22
2363	1991	302	22
2363	1992	293	22
2363	1993	279	22
2363	1994	280	22
2363	1995	286	22
2363	1996	291	22
2363	1997	282	22
2363	1998	288	22
2363	1999	293	22
2363	2000	293	22
2363	2001	295	22
2364	1979	279	27
2364	1980	280	27
2364	1981	293	27
2364	1982	302	27
2364	1983	300	27
2364	1984	285	27
2364	1985	267	27
2364	1986	283	27
2364	1988	294	27
2364	1989	278	27
2364	1991	273	27
2364	1992	294	27
2364	1993	275	27
2364	1994	278	27
2364	1995	275	27
2364	1996	273	27
2364	1997	276	27
2364	1998	273	27
2364	1999	299	27
2364	2000	274	27
2364	2001	288	27
2364	2002	276	27
2364	2003	274	27
2364	2004	275	27
2364	2005	280	27
2364	2006	295	27
2364	2007	283	27
2366	1979	289	37
2366	1980	297	37
2366	1981	289	37
2366	1982	294	37
2366	1983	296	37
2366	1984	294	37
2366	1985	291	37
2366	1986	286	37
2366	1987	294	37
2366	1988	286	37
2366	1989	293	37
2366	1990	290	37
2366	1991	304	37
2366	1992	297	37
2366	1993	287	37
2366	1994	290	37
2366	1995	300	37
2366	1996	291	37
2366	1997	293	37
2366	1998	292	37
2366	1999	299	37
2366	2000	292	37
2366	2001	297	37
2366	2002	302	37
2366	2003	304	37
2366	2004	303	37
2366	2005	304	37
2366	2006	312	37
2366	2007	300	37
2366	2008	299	37
2366	2009	303	37
2366	2010	304	37
2366	2011	302	37
2366	2012	305	37
2366	2013	303	37
2366	2014	301	37
2366	2015	302	37
2378	1995	318	21
2378	1996	303	21
2378	1997	313	21
2378	1998	286	21
2378	1999	306	21
2378	2000	288	21
2378	2001	308	21
2378	2002	299	21
2378	2003	306	21
2378	2004	316	21
2378	2005	309	21
2378	2006	293	21
2378	2007	277	21
2378	2008	290	21
2378	2009	287	21
2378	2010	304	21
2378	2011	275	21
2378	2012	301	21
2378	2013	278	21
2378	2014	272	21
2378	2015	281	21
2380	1979	305	19
2380	1980	292	19
2380	1982	257	19
2380	1983	273	19
2380	1984	306	19
2380	1985	314	19
2380	1986	284	19
2380	1987	300	19
2380	1988	283	19
2380	1989	288	19
2380	1990	274	19
2380	1991	288	19
2380	1992	293	19
2380	1993	283	19
2380	1994	280	19
2380	1995	283	19
2380	1996	285	19
2380	1997	293	19
2380	1998	288	19
2381	1979	281	23
2381	1980	302	23
2381	1981	295	23
2381	1982	284	23
2381	1983	273	23
2381	1984	300	23
2381	1985	300	23
2381	1986	270	23
2381	1987	290	23
2381	1996	294	23
2381	2001	311	23
2381	2002	299	23
2381	2003	301	23
2381	2004	299	23
2381	2005	290	23
2381	2006	308	23
2381	2007	298	23
2381	2008	297	23
2381	2009	291	23
2381	2010	294	23
2381	2011	304	23
2381	2012	309	23
2381	2013	291	23
2384	1979	288	20
2384	1980	291	20
2384	1981	285	20
2384	1982	279	20
2384	1983	292	20
2384	1984	285	20
2384	1985	302	20
2384	1986	269	20
2384	1987	302	20
2384	1988	291	20
2384	1989	268	20
2384	1990	296	20
2384	1992	294	20
2384	1993	303	20
2384	1994	293	20
2384	1995	316	20
2384	1996	296	20
2384	1997	304	20
2384	1998	298	20
2384	1999	303	20
2385	1979	264	18
2385	1980	291	18
2385	1981	295	18
2385	1982	278	18
2385	1983	286	18
2385	1984	292	18
2385	1985	278	18
2385	1986	279	18
2385	1987	292	18
2385	1988	290	18
2385	1989	273	18
2385	1990	269	18
2385	1991	281	18
2385	1992	282	18
2385	1993	285	18
2385	1994	268	18
2385	2014	294	18
2385	2015	299	18
2389	1987	307	28
2389	1988	297	28
2389	1989	278	28
2389	1991	298	28
2389	1992	296	28
2389	1993	291	28
2389	1994	285	28
2389	1995	301	28
2389	1996	285	28
2389	1997	299	28
2389	1998	295	28
2389	1999	295	28
2389	2000	288	28
2389	2001	301	28
2389	2002	278	28
2389	2003	293	28
2389	2004	305	28
2389	2005	298	28
2389	2006	306	28
2389	2007	267	28
2389	2008	291	28
2389	2009	299	28
2389	2010	292	28
2389	2011	292	28
2389	2012	309	28
2389	2013	297	28
2389	2014	298	28
2389	2015	293	28
2391	1979	284	37
2391	1980	285	37
2391	1981	284	37
2391	1982	281	37
2391	1983	278	37
2391	1984	290	37
2391	1985	294	37
2391	1986	274	37
2391	1987	288	37
2391	1988	285	37
2391	1989	290	37
2391	1990	288	37
2391	1991	282	37
2391	1992	294	37
2391	1993	277	37
2391	1994	277	37
2391	1995	302	37
2391	1996	293	37
2391	1997	308	37
2391	1998	306	37
2391	1999	305	37
2391	2000	297	37
2391	2001	309	37
2391	2002	300	37
2391	2003	295	37
2391	2004	300	37
2391	2005	307	37
2391	2006	314	37
2391	2007	293	37
2391	2008	296	37
2391	2009	296	37
2391	2010	301	37
2391	2011	292	37
2391	2012	325	37
2391	2013	308	37
2391	2014	307	37
2391	2015	302	37
2400	1980	300	21
2400	1981	266	21
2400	1982	271	21
2400	1984	276	21
2400	1985	263	21
2400	1986	256	21
2400	1989	252	21
2400	1992	259	21
2400	1994	265	21
2400	1995	269	21
2400	1996	267	21
2400	1997	295	21
2400	2000	271	21
2400	2001	270	21
2400	2007	261	21
2400	2008	272	21
2400	2009	273	21
2400	2010	264	21
2400	2011	270	21
2400	2012	276	21
2400	2013	262	21
2401	1979	307	26
2401	1980	309	26
2401	1981	290	26
2401	1984	315	26
2401	1985	302	26
2401	1986	290	26
2401	1988	285	26
2401	1990	293	26
2401	1991	293	26
2401	1992	281	26
2401	1993	287	26
2401	1996	287	26
2401	1997	288	26
2401	1998	283	26
2401	2000	291	26
2401	2004	305	26
2401	2005	295	26
2401	2006	293	26
2401	2007	297	26
2401	2008	295	26
2401	2009	293	26
2401	2010	283	26
2401	2011	307	26
2401	2013	290	26
2401	2014	301	26
2401	2015	303	26
2402	1986	294	22
2402	1987	308	22
2402	1988	297	22
2402	1989	297	22
2402	1990	310	22
2402	1991	317	22
2402	1992	298	22
2402	1993	307	22
2402	1994	299	22
2402	1995	273	22
2402	1996	274	22
2402	1997	302	22
2402	1998	288	22
2402	1999	304	22
2402	2000	324	22
2402	2001	292	22
2402	2002	285	22
2402	2003	283	22
2402	2004	288	22
2402	2005	288	22
2402	2006	287	22
2402	2007	283	22
2404	1979	256	30
2404	1982	301	30
2404	1983	300	30
2404	1984	297	30
2404	1986	282	30
2404	1987	292	30
2404	1988	272	30
2404	1989	293	30
2404	1990	290	30
2404	1991	289	30
2404	1993	274	30
2404	1994	286	30
2404	1995	287	30
2404	1996	269	30
2404	1997	302	30
2404	1998	289	30
2404	1999	293	30
2404	2000	287	30
2404	2001	286	30
2404	2003	286	30
2404	2004	295	30
2404	2006	301	30
2404	2007	283	30
2404	2008	281	30
2404	2010	278	30
2404	2011	283	30
2404	2012	307	30
2404	2013	282	30
2404	2014	293	30
2404	2015	294	30
2412	1979	298	19
2412	1980	306	19
2412	1981	310	19
2412	1982	312	19
2412	1983	309	19
2412	1984	307	19
2412	1985	312	19
2412	1986	291	19
2412	1987	307	19
2412	1988	308	19
2412	1989	311	19
2412	1990	306	19
2412	1991	312	19
2412	1993	268	19
2412	1994	274	19
2412	1995	299	19
2412	1996	298	19
2412	1997	270	19
2412	1998	279	19
2415	1979	299	35
2415	1980	298	35
2415	1981	282	35
2415	1982	302	35
2415	1983	299	35
2415	1984	308	35
2415	1985	300	35
2415	1986	297	35
2415	1987	304	35
2415	1988	298	35
2415	1989	290	35
2415	1990	300	35
2415	1991	303	35
2415	1992	302	35
2415	1993	297	35
2415	1994	295	35
2415	1995	298	35
2415	1996	298	35
2415	1997	302	35
2415	1998	297	35
2415	1999	297	35
2415	2000	298	35
2415	2001	295	35
2415	2002	298	35
2415	2003	298	35
2415	2004	297	35
2415	2005	297	35
2415	2006	299	35
2415	2007	287	35
2415	2008	297	35
2415	2009	297	35
2415	2010	298	35
2415	2011	304	35
2415	2013	304	35
2415	2014	321	35
2418	1979	248	21
2418	1980	274	21
2418	1981	270	21
2418	1982	263	21
2418	1983	256	21
2418	1984	282	21
2418	1985	281	21
2418	1986	265	21
2418	1987	281	21
2418	1988	276	21
2418	1989	275	21
2418	1990	257	21
2418	1991	281	21
2418	1992	274	21
2418	1993	281	21
2418	1994	270	21
2418	1995	265	21
2418	1996	266	21
2418	1997	269	21
2418	1998	267	21
2418	1999	275	21
2420	1979	279	33
2420	1980	297	33
2420	1981	297	33
2420	1982	303	33
2420	1983	294	33
2420	1984	305	33
2420	1985	304	33
2420	1986	296	33
2420	1987	304	33
2420	1988	290	33
2420	1989	288	33
2420	1990	291	33
2420	1991	302	33
2420	1992	293	33
2420	1993	280	33
2420	1994	280	33
2420	1995	281	33
2420	1996	291	33
2420	1997	295	33
2420	1998	282	33
2420	1999	286	33
2420	2000	281	33
2420	2001	269	33
2420	2002	280	33
2420	2005	281	33
2420	2007	281	33
2420	2008	287	33
2420	2009	277	33
2420	2010	277	33
2420	2011	293	33
2420	2012	300	33
2420	2013	291	33
2420	2014	293	33
2427	1979	272	15
2427	1980	289	15
2427	1981	276	15
2427	1982	296	15
2427	1983	290	15
2427	1984	296	15
2427	1985	296	15
2427	1986	293	15
2427	1987	295	15
2427	1988	316	15
2427	1989	273	15
2427	1990	273	15
2427	1991	298	15
2427	1992	315	15
2427	1993	305	15
2430	1979	271	36
2430	1980	289	36
2430	1981	280	36
2430	1982	285	36
2430	1983	289	36
2430	1984	289	36
2430	1985	275	36
2430	1986	269	36
2430	1987	290	36
2430	1988	278	36
2430	1989	274	36
2430	1990	270	36
2430	1991	301	36
2430	1992	268	36
2430	1993	248	36
2430	1994	289	36
2430	1995	277	36
2430	1996	270	36
2430	1997	313	36
2430	1998	278	36
2430	1999	284	36
2430	2000	295	36
2430	2001	294	36
2430	2002	292	36
2430	2003	293	36
2430	2004	296	36
2430	2005	298	36
2430	2006	293	36
2430	2007	290	36
2430	2008	281	36
2430	2009	299	36
2430	2010	295	36
2430	2011	299	36
2430	2012	303	36
2430	2013	279	36
2430	2014	291	36
2432	1979	279	30
2432	1980	287	30
2432	1981	295	30
2432	1982	264	30
2432	1983	289	30
2432	1984	268	30
2432	1985	306	30
2432	1986	287	30
2432	1987	282	30
2432	1988	285	30
2432	1989	268	30
2432	1990	281	30
2432	1991	296	30
2432	1992	282	30
2432	1993	254	30
2432	1994	286	30
2432	1995	286	30
2432	1996	288	30
2432	1997	296	30
2432	1998	296	30
2432	1999	302	30
2432	2000	257	30
2432	2001	301	30
2432	2002	282	30
2432	2003	305	30
2432	2004	289	30
2432	2005	295	30
2432	2006	296	30
2432	2007	263	30
2432	2008	246	30
2438	1979	294	36
2438	1980	292	36
2438	1981	303	36
2438	1982	292	36
2438	1983	283	36
2438	1984	296	36
2438	1985	292	36
2438	1986	286	36
2438	1988	269	36
2438	1989	272	36
2438	1990	280	36
2438	1991	300	36
2438	1992	274	36
2438	1993	278	36
2438	1994	277	36
2438	1995	275	36
2438	1996	279	36
2438	1997	281	36
2438	1998	285	36
2438	1999	289	36
2438	2000	287	36
2438	2001	293	36
2438	2002	283	36
2438	2003	281	36
2438	2004	291	36
2438	2005	276	36
2438	2006	301	36
2438	2007	279	36
2438	2008	272	36
2438	2009	289	36
2438	2010	276	36
2438	2011	274	36
2438	2012	303	36
2438	2013	270	36
2438	2014	279	36
2438	2015	281	36
2439	1986	276	27
2439	1987	285	27
2439	1988	276	27
2439	1989	272	27
2439	1990	281	27
2439	1991	253	27
2439	1992	264	27
2439	1993	260	27
2439	1994	255	27
2439	1995	261	27
2439	1996	266	27
2439	1997	262	27
2439	1998	269	27
2439	1999	261	27
2439	2000	252	27
2439	2001	251	27
2439	2002	253	27
2439	2005	245	27
2439	2006	244	27
2439	2008	263	27
2439	2009	262	27
2439	2010	264	27
2439	2011	275	27
2439	2012	297	27
2439	2013	271	27
2439	2014	299	27
2439	2015	286	27
2440	1979	285	16
2440	1980	288	16
2440	1981	292	16
2440	1982	285	16
2440	1983	309	16
2440	1984	310	16
2440	1985	284	16
2440	1987	297	16
2440	1988	304	16
2440	1989	295	16
2440	1991	310	16
2440	1992	295	16
2440	1993	305	16
2440	1994	292	16
2440	1995	302	16
2440	1996	291	16
2442	1979	277	36
2442	1981	291	36
2442	1982	313	36
2442	1983	310	36
2442	1984	296	36
2442	1985	296	36
2442	1986	283	36
2442	1987	295	36
2442	1988	289	36
2442	1989	292	36
2442	1990	295	36
2442	1991	307	36
2442	1992	296	36
2442	1993	287	36
2442	1994	289	36
2442	1995	288	36
2442	1996	285	36
2442	1997	298	36
2442	1998	288	36
2442	1999	295	36
2442	2000	292	36
2442	2001	292	36
2442	2002	286	36
2442	2003	298	36
2442	2004	300	36
2442	2005	299	36
2442	2006	297	36
2442	2007	296	36
2442	2008	286	36
2442	2009	296	36
2442	2010	296	36
2442	2011	300	36
2442	2012	306	36
2442	2013	299	36
2442	2014	300	36
2442	2015	291	36
2443	1979	288	17
2443	1980	293	17
2443	1981	289	17
2443	1982	248	17
2443	1983	292	17
2443	1984	292	17
2443	1985	299	17
2443	1986	293	17
2443	1987	287	17
2443	1988	291	17
2443	1989	284	17
2443	1990	291	17
2443	1992	301	17
2443	1993	295	17
2443	1994	295	17
2443	1995	293	17
2443	1996	292	17
2444	1979	281	29
2444	1980	304	29
2444	1981	300	29
2444	1982	280	29
2444	1983	315	29
2444	1985	305	29
2444	1986	279	29
2444	1987	291	29
2444	1988	290	29
2444	1989	280	29
2444	1990	282	29
2444	1991	297	29
2444	1992	278	29
2444	1993	278	29
2444	1994	285	29
2444	1995	291	29
2444	1997	298	29
2444	1998	279	29
2444	1999	289	29
2444	2000	285	29
2444	2001	288	29
2444	2002	298	29
2444	2003	291	29
2444	2004	285	29
2444	2005	295	29
2444	2006	296	29
2444	2007	295	29
2444	2008	275	29
2444	2013	279	29
2452	1979	277	25
2452	1980	292	25
2452	1981	287	25
2452	1982	289	25
2452	1983	283	25
2452	1984	293	25
2452	1985	286	25
2452	1986	282	25
2452	1987	293	25
2452	1988	285	25
2452	1989	286	25
2452	1990	292	25
2452	1991	299	25
2452	1992	287	25
2452	1993	281	25
2452	1994	279	25
2452	1995	282	25
2452	1996	272	25
2452	1997	279	25
2452	1998	283	25
2452	1999	290	25
2452	2000	286	25
2452	2001	287	25
2452	2002	284	25
2452	2003	281	25
2454	1979	289	21
2454	1980	293	21
2454	1981	289	21
2454	1982	283	21
2454	1983	289	21
2454	1984	289	21
2454	1985	284	21
2454	1986	275	21
2454	1987	286	21
2454	1988	275	21
2454	1989	275	21
2454	1990	284	21
2454	1991	294	21
2454	1992	281	21
2454	1993	285	21
2454	1994	287	21
2454	1995	284	21
2454	1996	289	21
2454	1997	289	21
2454	1998	291	21
2454	1999	296	21
2460	1979	304	37
2460	1980	303	37
2460	1981	302	37
2460	1982	304	37
2460	1983	305	37
2460	1984	305	37
2460	1985	313	37
2460	1986	300	37
2460	1987	301	37
2460	1988	295	37
2460	1989	305	37
2460	1990	304	37
2460	1991	308	37
2460	1992	306	37
2460	1993	291	37
2460	1994	298	37
2460	1995	308	37
2460	1996	300	37
2460	1997	308	37
2460	1998	310	37
2460	1999	305	37
2460	2000	301	37
2460	2001	315	37
2460	2002	305	37
2460	2003	309	37
2460	2004	319	37
2460	2005	305	37
2460	2006	318	37
2460	2007	306	37
2460	2008	304	37
2460	2009	304	37
2460	2010	305	37
2460	2011	305	37
2460	2012	317	37
2460	2013	312	37
2460	2014	306	37
2460	2015	305	37
2462	1987	281	17
2462	1988	281	17
2462	1991	283	17
2462	1992	287	17
2462	1993	282	17
2462	1994	295	17
2462	1995	283	17
2462	1996	291	17
2462	1997	291	17
2462	1998	291	17
2462	1999	293	17
2462	2000	287	17
2462	2001	293	17
2462	2002	265	17
2462	2003	281	17
2462	2004	286	17
2462	2005	289	17
2463	1979	288	17
2463	1980	314	17
2463	1981	284	17
2463	1982	301	17
2463	1983	298	17
2463	1984	297	17
2463	1985	292	17
2463	1986	286	17
2463	1987	290	17
2463	1988	291	17
2463	1989	293	17
2463	1990	285	17
2463	1991	298	17
2463	1992	291	17
2463	1993	301	17
2463	1994	292	17
2463	1995	290	17
2474	1986	263	27
2474	1987	278	27
2474	1988	288	27
2474	1989	285	27
2474	1990	297	27
2474	1991	286	27
2474	1992	285	27
2474	1993	276	27
2474	1994	288	27
2474	1995	308	27
2474	1996	302	27
2474	1997	277	27
2474	1998	275	27
2474	1999	285	27
2474	2002	289	27
2474	2003	299	27
2474	2005	294	27
2474	2006	300	27
2474	2007	289	27
2474	2008	287	27
2474	2009	285	27
2474	2010	299	27
2474	2011	294	27
2474	2012	319	27
2474	2013	294	27
2474	2014	286	27
2474	2015	296	27
2475	1991	279	23
2475	1992	281	23
2475	1993	262	23
2475	1994	264	23
2475	1995	294	23
2475	1996	267	23
2475	1997	266	23
2475	1998	270	23
2475	1999	267	23
2475	2000	271	23
2475	2001	274	23
2475	2002	270	23
2475	2003	273	23
2475	2004	273	23
2475	2005	270	23
2475	2006	272	23
2475	2007	267	23
2475	2008	271	23
2475	2009	263	23
2475	2012	276	23
2475	2013	299	23
2475	2014	306	23
2475	2015	298	23
2476	1979	289	33
2476	1980	293	33
2476	1981	293	33
2476	1982	296	33
2476	1983	296	33
2476	1984	289	33
2476	1985	295	33
2476	1986	284	33
2476	1987	289	33
2476	1988	284	33
2476	1989	282	33
2476	1990	288	33
2476	1991	289	33
2476	1992	286	33
2476	1993	274	33
2476	1994	282	33
2476	1995	295	33
2476	1996	291	33
2476	1997	311	33
2476	1998	294	33
2476	1999	292	33
2476	2000	290	33
2476	2001	293	33
2476	2002	295	33
2476	2003	289	33
2476	2004	296	33
2476	2005	295	33
2476	2006	289	33
2476	2007	282	33
2476	2008	281	33
2476	2009	284	33
2476	2010	276	33
2476	2011	294	33
2477	1979	289	16
2477	1980	304	16
2477	1981	297	16
2477	1982	299	16
2477	1983	297	16
2477	1984	289	16
2477	1985	300	16
2477	1986	280	16
2477	1987	289	16
2477	1988	268	16
2477	1989	269	16
2477	1990	302	16
2477	1991	302	16
2477	1992	296	16
2477	1993	279	16
2477	1994	299	16
2480	1979	292	20
2480	1980	312	20
2480	1981	311	20
2480	1982	295	20
2480	1983	294	20
2480	1984	288	20
2480	1985	298	20
2480	1986	288	20
2480	1987	297	20
2480	1988	272	20
2480	1989	289	20
2480	1990	288	20
2480	1991	293	20
2480	1992	291	20
2480	1993	282	20
2480	1994	274	20
2480	1995	289	20
2480	1996	269	20
2480	1997	293	20
2480	1998	293	20
2485	1979	280	36
2485	1980	297	36
2485	1981	302	36
2485	1982	273	36
2485	1983	276	36
2485	1984	296	36
2485	1985	297	36
2485	1986	285	36
2485	1987	288	36
2485	1988	270	36
2485	1989	281	36
2485	1990	278	36
2485	1991	302	36
2485	1992	272	36
2485	1993	272	36
2485	1994	274	36
2485	1995	282	36
2485	1996	273	36
2485	1997	275	36
2485	1998	275	36
2485	1999	288	36
2485	2000	288	36
2485	2001	280	36
2485	2002	279	36
2485	2003	269	36
2485	2004	283	36
2485	2005	278	36
2485	2006	276	36
2485	2007	263	36
2485	2008	260	36
2485	2009	272	36
2485	2010	264	36
2485	2012	285	36
2485	2013	262	36
2485	2014	288	36
2485	2015	269	36
2488	1979	266	16
2488	1980	273	16
2488	1981	260	16
2488	1982	279	16
2488	1983	271	16
2488	1984	277	16
2488	1985	255	16
2488	1986	266	16
2488	1987	292	16
2488	1988	278	16
2488	1989	279	16
2488	1990	276	16
2488	1992	273	16
2488	1993	268	16
2488	1994	267	16
2488	1995	271	16
2489	1979	295	37
2489	1980	270	37
2489	1981	285	37
2489	1982	265	37
2489	1983	285	37
2489	1984	260	37
2489	1985	306	37
2489	1986	250	37
2489	1987	275	37
2489	1988	280	37
2489	1989	281	37
2489	1990	285	37
2489	1991	307	37
2489	1992	298	37
2489	1993	298	37
2489	1994	293	37
2489	1995	288	37
2489	1996	278	37
2489	1997	288	37
2489	1998	285	37
2489	1999	281	37
2489	2000	284	37
2489	2001	288	37
2489	2002	288	37
2489	2003	293	37
2489	2004	298	37
2489	2005	291	37
2489	2006	305	37
2489	2007	271	37
2489	2008	278	37
2489	2009	274	37
2489	2010	278	37
2489	2011	274	37
2489	2012	305	37
2489	2013	293	37
2489	2014	293	37
2489	2015	293	37
2490	1979	296	20
2490	1981	261	20
2490	1982	283	20
2490	1983	282	20
2490	1984	291	20
2490	1985	293	20
2490	1986	290	20
2490	1987	296	20
2490	1988	286	20
2490	1989	287	20
2490	1990	276	20
2490	1991	253	20
2490	1993	253	20
2490	1994	275	20
2490	1995	289	20
2490	1996	280	20
2490	1997	290	20
2490	1998	285	20
2490	1999	283	20
2490	2000	285	20
2491	1979	277	15
2491	1980	294	15
2491	1981	288	15
2491	1982	277	15
2491	1983	287	15
2491	1984	311	15
2491	1985	285	15
2491	1986	270	15
2491	1987	319	15
2491	1988	292	15
2491	1989	280	15
2491	1990	290	15
2491	1991	291	15
2491	1993	290	15
2491	1994	292	15
2492	1979	270	20
2492	1980	274	20
2492	1981	255	20
2492	1982	262	20
2492	1983	265	20
2492	1984	277	20
2492	1985	261	20
2492	1986	263	20
2492	1987	284	20
2492	1988	264	20
2492	1989	263	20
2492	1990	266	20
2492	1991	268	20
2492	1992	263	20
2492	1993	274	20
2492	1994	268	20
2492	1995	267	20
2492	1996	267	20
2492	1997	270	20
2492	1999	269	20
2496	1979	285	27
2496	1980	261	27
2496	1981	283	27
2496	1982	282	27
2496	1983	287	27
2496	1984	285	27
2496	1985	280	27
2496	1986	285	27
2496	1987	288	27
2496	1988	281	27
2496	1989	288	27
2496	1990	289	27
2496	1991	295	27
2496	1992	280	27
2496	1993	283	27
2496	1994	273	27
2496	1995	284	27
2496	1996	289	27
2496	1997	302	27
2496	1998	285	27
2496	1999	288	27
2496	2000	283	27
2496	2001	291	27
2496	2002	285	27
2496	2003	294	27
2496	2004	285	27
2496	2005	283	27
2504	1979	277	33
2504	1980	300	33
2504	1981	300	33
2504	1982	306	33
2504	1983	305	33
2504	1984	297	33
2504	1985	303	33
2504	1986	290	33
2504	1987	296	33
2504	1988	290	33
2504	1989	300	33
2504	1990	289	33
2504	1991	312	33
2504	1992	297	33
2504	1993	295	33
2504	1994	279	33
2504	1995	296	33
2504	1996	290	33
2504	1997	307	33
2504	1998	286	33
2504	1999	300	33
2504	2000	290	33
2504	2001	292	33
2504	2002	295	33
2504	2003	302	33
2504	2004	295	33
2504	2005	292	33
2504	2006	300	33
2504	2007	285	33
2504	2008	282	33
2504	2009	295	33
2504	2010	294	33
2504	2011	301	33
2507	1979	299	17
2507	1980	303	17
2507	1981	302	17
2507	1982	304	17
2507	1983	307	17
2507	1984	312	17
2507	1985	307	17
2507	1986	304	17
2507	1987	304	17
2507	1988	307	17
2507	1989	305	17
2507	1990	270	17
2507	1991	283	17
2507	1992	286	17
2507	1993	280	17
2507	1995	280	17
2507	1996	278	17
2514	1979	285	36
2514	1980	273	36
2514	1981	280	36
2514	1982	263	36
2514	1983	270	36
2514	1984	275	36
2514	1985	265	36
2514	1986	270	36
2514	1987	260	36
2514	1988	270	36
2514	1989	270	36
2514	1990	266	36
2514	1991	285	36
2514	1992	266	36
2514	1993	270	36
2514	1994	267	36
2514	1995	273	36
2514	1996	270	36
2514	1997	274	36
2514	1998	271	36
2514	1999	291	36
2514	2000	291	36
2514	2001	272	36
2514	2002	288	36
2514	2003	288	36
2514	2004	273	36
2514	2005	278	36
2514	2006	263	36
2514	2007	258	36
2514	2008	270	36
2514	2009	278	36
2514	2010	297	36
2514	2011	291	36
2514	2012	319	36
2514	2014	279	36
2514	2015	273	36
2521	1979	274	28
2521	1980	267	28
2521	1981	265	28
2521	1985	261	28
2521	1986	280	28
2521	1987	290	28
2521	1989	275	28
2521	1990	280	28
2521	1996	269	28
2521	1997	269	28
2521	1998	278	28
2521	1999	274	28
2521	2000	281	28
2521	2001	269	28
2521	2002	276	28
2521	2003	274	28
2521	2004	271	28
2521	2005	276	28
2521	2006	283	28
2521	2007	262	28
2521	2008	263	28
2521	2009	277	28
2521	2010	282	28
2521	2011	271	28
2521	2012	280	28
2521	2013	266	28
2521	2014	278	28
2521	2015	284	28
2525	1979	299	15
2525	1980	302	15
2525	1981	299	15
2525	1982	312	15
2525	1983	305	15
2525	1984	309	15
2525	1985	306	15
2525	1986	295	15
2525	1987	304	15
2525	1988	306	15
2525	1989	294	15
2525	1990	298	15
2525	1991	301	15
2525	1992	300	15
2525	1993	301	15
2526	1979	290	21
2526	1980	299	21
2526	1981	287	21
2526	1982	296	21
2526	1983	293	21
2526	1984	298	21
2526	1985	293	21
2526	1986	283	21
2526	1987	294	21
2526	1988	293	21
2526	1989	291	21
2526	1990	289	21
2526	1991	305	21
2526	1992	288	21
2526	1993	272	21
2526	1994	274	21
2526	1995	289	21
2526	1996	294	21
2526	1997	288	21
2526	1999	274	21
2526	2000	292	21
2528	1979	284	22
2528	1980	285	22
2528	1981	286	22
2528	1982	281	22
2528	1983	248	22
2528	1984	269	22
2528	1985	245	22
2528	1986	260	22
2528	1987	260	22
2528	1988	265	22
2528	1989	260	22
2528	1990	286	22
2528	1991	295	22
2528	1992	298	22
2528	1993	294	22
2528	1994	305	22
2528	1995	314	22
2528	1996	325	22
2528	1997	328	22
2528	1998	335	22
2528	1999	333	22
2528	2000	318	22
2531	1980	294	34
2531	1981	303	34
2531	1983	287	34
2531	1984	287	34
2531	1986	286	34
2531	1987	290	34
2531	1988	276	34
2531	1989	291	34
2531	1990	290	34
2531	1991	290	34
2531	1992	304	34
2531	1993	291	34
2531	1994	293	34
2531	1995	299	34
2531	1996	295	34
2531	1997	298	34
2531	1998	298	34
2531	1999	300	34
2531	2000	294	34
2531	2001	294	34
2531	2002	288	34
2531	2003	297	34
2531	2004	303	34
2531	2005	288	34
2531	2006	298	34
2531	2007	296	34
2531	2008	287	34
2531	2009	297	34
2531	2010	295	34
2531	2011	295	34
2531	2012	313	34
2531	2013	298	34
2531	2014	302	34
2531	2015	297	34
2536	1981	276	35
2536	1982	296	35
2536	1983	251	35
2536	1984	301	35
2536	1985	321	35
2536	1986	312	35
2536	1987	322	35
2536	1988	288	35
2536	1989	290	35
2536	1990	295	35
2536	1991	295	35
2536	1992	296	35
2536	1993	290	35
2536	1994	302	35
2536	1995	302	35
2536	1996	291	35
2536	1997	288	35
2536	1998	293	35
2536	1999	302	35
2536	2000	294	35
2536	2001	301	35
2536	2002	288	35
2536	2003	297	35
2536	2004	297	35
2536	2005	284	35
2536	2006	295	35
2536	2007	272	35
2536	2008	284	35
2536	2009	285	35
2536	2010	296	35
2536	2011	293	35
2536	2012	313	35
2536	2013	293	35
2536	2014	290	35
2536	2015	289	35
2545	1980	303	36
2545	1981	290	36
2545	1982	277	36
2545	1983	296	36
2545	1984	302	36
2545	1985	313	36
2545	1986	297	36
2545	1987	301	36
2545	1988	298	36
2545	1989	300	36
2545	1990	294	36
2545	1991	300	36
2545	1992	305	36
2545	1993	280	36
2545	1994	283	36
2545	1995	286	36
2545	1996	292	36
2545	1997	284	36
2545	1998	297	36
2545	1999	295	36
2545	2000	293	36
2545	2001	287	36
2545	2002	285	36
2545	2003	281	36
2545	2004	277	36
2545	2005	280	36
2545	2006	282	36
2545	2007	284	36
2545	2008	282	36
2545	2009	277	36
2545	2010	276	36
2545	2011	280	36
2545	2012	305	36
2545	2013	290	36
2545	2014	296	36
2545	2015	300	36
2552	1979	291	36
2552	1980	303	36
2552	1981	298	36
2552	1982	300	36
2552	1983	292	36
2552	1984	305	36
2552	1985	308	36
2552	1986	295	36
2552	1987	301	36
2552	1988	286	36
2552	1989	300	36
2552	1990	294	36
2552	1991	307	36
2552	1992	286	36
2552	1993	292	36
2552	1994	289	36
2552	1995	283	36
2552	1996	289	36
2552	1997	305	36
2552	1998	290	36
2552	1999	298	36
2552	2001	274	36
2552	2002	283	36
2552	2003	288	36
2552	2004	292	36
2552	2005	279	36
2552	2006	284	36
2552	2007	269	36
2552	2008	268	36
2552	2009	276	36
2552	2010	276	36
2552	2011	273	36
2552	2012	296	36
2552	2013	281	36
2552	2014	289	36
2552	2015	296	36
2560	1979	303	17
2560	1980	304	17
2560	1981	287	17
2560	1982	297	17
2560	1983	294	17
2560	1984	297	17
2560	1985	312	17
2560	1986	273	17
2560	1987	299	17
2560	1988	289	17
2560	1989	294	17
2560	1990	284	17
2560	1992	293	17
2560	1993	283	17
2560	1994	291	17
2560	1995	298	17
2560	1996	284	17
2561	1979	294	34
2561	1980	299	34
2561	1981	289	34
2561	1982	297	34
2561	1983	304	34
2561	1984	306	34
2561	1985	298	34
2561	1986	290	34
2561	1987	299	34
2561	1988	293	34
2561	1989	292	34
2561	1990	289	34
2561	1991	307	34
2561	1992	301	34
2561	1993	277	34
2561	1994	293	34
2561	1995	299	34
2561	1996	291	34
2561	1997	304	34
2561	1998	300	34
2561	1999	297	34
2561	2000	291	34
2561	2001	296	34
2561	2002	296	34
2561	2003	296	34
2561	2004	294	34
2561	2005	302	34
2561	2006	307	34
2561	2007	292	34
2561	2008	294	34
2561	2009	292	34
2561	2010	288	34
2561	2013	297	34
2561	2014	278	34
2566	1979	283	34
2566	1980	293	34
2566	1981	286	34
2566	1982	278	34
2566	1983	287	34
2566	1984	285	34
2566	1985	290	34
2566	1987	292	34
2566	1988	280	34
2566	1989	299	34
2566	1990	283	34
2566	1991	288	34
2566	1992	286	34
2566	1993	271	34
2566	1994	276	34
2566	1995	289	34
2566	1996	285	34
2566	1997	287	34
2566	1998	283	34
2566	1999	287	34
2566	2000	284	34
2566	2001	299	34
2566	2002	284	34
2566	2003	293	34
2566	2004	293	34
2566	2005	297	34
2566	2006	297	34
2566	2007	276	34
2566	2008	282	34
2566	2010	282	34
2566	2011	293	34
2566	2013	292	34
2566	2014	293	34
2566	2015	299	34
2568	1979	302	30
2568	1980	300	30
2568	1981	294	30
2568	1982	298	30
2568	1983	297	30
2568	1984	299	30
2568	1985	302	30
2568	1986	289	30
2568	1987	299	30
2568	1988	285	30
2568	1989	286	30
2568	1990	288	30
2568	1991	304	30
2568	1992	299	30
2568	1993	289	30
2568	1994	287	30
2568	1995	304	30
2568	1996	280	30
2568	1997	294	30
2568	1999	287	30
2568	2000	288	30
2568	2004	293	30
2568	2005	298	30
2568	2006	306	30
2568	2008	298	30
2568	2009	301	30
2568	2010	293	30
2568	2011	307	30
2568	2013	275	30
2568	2015	278	30
2572	1991	297	25
2572	1992	282	25
2572	1993	283	25
2572	1994	275	25
2572	1995	296	25
2572	1996	275	25
2572	1997	271	25
2572	1998	274	25
2572	1999	271	25
2572	2000	265	25
2572	2001	296	25
2572	2002	293	25
2572	2003	294	25
2572	2004	296	25
2572	2005	275	25
2572	2006	296	25
2572	2007	274	25
2572	2008	282	25
2572	2009	276	25
2572	2010	291	25
2572	2011	271	25
2572	2012	291	25
2572	2013	287	25
2572	2014	274	25
2572	2015	273	25
2573	1981	290	27
2573	1982	293	27
2573	1983	281	27
2573	1984	293	27
2573	1985	299	27
2573	1986	272	27
2573	1987	292	27
2573	1988	283	27
2573	1989	289	27
2573	1990	279	27
2573	1991	299	27
2573	1992	300	27
2573	1993	273	27
2573	1994	290	27
2573	1995	301	27
2573	1996	281	27
2573	1997	279	27
2573	1998	296	27
2573	1999	288	27
2573	2000	280	27
2573	2001	305	27
2573	2002	285	27
2573	2003	291	27
2573	2004	291	27
2573	2005	297	27
2573	2006	303	27
2573	2007	295	27
2574	1984	291	28
2574	1985	288	28
2574	1986	264	28
2574	1987	319	28
2574	1988	302	28
2574	1989	282	28
2574	1990	279	28
2574	1991	304	28
2574	1992	301	28
2574	1993	285	28
2574	1994	275	28
2574	1995	274	28
2574	1996	275	28
2574	1997	276	28
2574	1998	285	28
2574	1999	284	28
2574	2000	285	28
2574	2001	313	28
2574	2002	289	28
2574	2004	277	28
2574	2006	284	28
2574	2008	252	28
2574	2009	252	28
2574	2010	256	28
2574	2012	304	28
2574	2013	275	28
2574	2014	267	28
2574	2015	273	28
2581	1995	295	15
2581	1996	287	15
2581	1997	298	15
2581	1998	301	15
2581	1999	301	15
2581	2000	293	15
2581	2001	314	15
2581	2002	293	15
2581	2003	292	15
2581	2004	295	15
2581	2005	292	15
2581	2006	322	15
2581	2007	303	15
2581	2008	277	15
2581	2009	279	15
2583	1998	276	16
2583	2000	278	16
2583	2001	277	16
2583	2002	277	16
2583	2003	280	16
2583	2004	285	16
2583	2005	286	16
2583	2006	264	16
2583	2007	262	16
2583	2008	270	16
2583	2009	261	16
2583	2010	271	16
2583	2012	288	16
2583	2013	278	16
2583	2014	269	16
2583	2015	284	16
2585	1979	289	27
2585	1980	300	27
2585	1981	291	27
2585	1982	293	27
2585	1983	300	27
2585	1984	301	27
2585	1985	301	27
2585	1986	289	27
2585	1987	299	27
2585	1988	297	27
2585	1989	294	27
2585	1990	294	27
2585	1991	293	27
2585	1992	302	27
2585	1993	279	27
2585	1994	288	27
2585	1995	299	27
2585	1996	286	27
2585	1997	297	27
2585	1998	289	27
2585	1999	292	27
2585	2000	289	27
2585	2001	301	27
2585	2002	292	27
2585	2003	289	27
2585	2004	295	27
2585	2005	293	27
2586	1979	272	21
2586	1980	286	21
2586	1981	275	21
2586	1982	263	21
2586	1983	282	21
2586	1984	285	21
2586	1985	278	21
2586	1986	278	21
2586	1987	277	21
2586	1988	289	21
2586	1989	273	21
2586	1990	268	21
2586	1991	286	21
2586	1992	293	21
2586	1993	268	21
2586	1994	286	21
2586	1995	281	21
2586	1996	266	21
2586	1997	278	21
2586	1998	288	21
2586	1999	267	21
2589	1986	291	28
2589	1987	299	28
2589	1988	292	28
2589	1989	283	28
2589	1990	282	28
2589	1991	280	28
2589	1992	298	28
2589	1993	290	28
2589	1994	292	28
2589	1995	290	28
2589	1996	282	28
2589	1997	283	28
2589	1998	283	28
2589	1999	286	28
2589	2001	291	28
2589	2002	291	28
2589	2004	292	28
2589	2005	290	28
2589	2006	294	28
2589	2007	287	28
2589	2008	280	28
2589	2009	290	28
2589	2010	289	28
2589	2011	286	28
2589	2012	304	28
2589	2013	292	28
2589	2014	294	28
2589	2015	294	28
2596	1979	301	15
2596	1980	315	15
2596	1981	278	15
2596	1982	313	15
2596	1984	295	15
2596	1985	287	15
2596	1986	296	15
2596	1988	274	15
2596	1989	250	15
2596	1990	280	15
2596	1991	284	15
2596	1992	298	15
2596	1994	300	15
2596	1995	287	15
2596	1996	292	15
2597	1981	283	27
2597	1982	284	27
2597	1985	278	27
2597	1987	281	27
2597	1988	269	27
2597	1989	266	27
2597	1990	275	27
2597	1991	255	27
2597	1992	283	27
2597	1993	279	27
2597	1995	298	27
2597	1996	291	27
2597	2001	291	27
2597	2002	288	27
2597	2003	281	27
2597	2004	291	27
2597	2005	288	27
2597	2006	278	27
2597	2007	295	27
2597	2008	293	27
2597	2009	288	27
2597	2010	293	27
2597	2011	300	27
2597	2012	305	27
2597	2013	298	27
2597	2014	285	27
2597	2015	293	27
2599	1991	304	19
2599	1992	301	19
2599	1993	281	19
2599	1994	293	19
2599	1995	301	19
2599	1996	299	19
2599	1997	313	19
2599	1998	299	19
2599	1999	304	19
2599	2000	297	19
2599	2001	303	19
2599	2002	296	19
2599	2003	304	19
2599	2004	301	19
2599	2005	301	19
2599	2006	310	19
2599	2007	299	19
2599	2008	287	19
2599	2009	299	19
2602	1980	285	22
2602	1981	279	22
2602	1983	268	22
2602	1984	273	22
2602	1987	270	22
2602	1988	282	22
2602	1994	278	22
2602	1995	277	22
2602	1996	271	22
2602	1999	288	22
2602	2000	276	22
2602	2001	283	22
2602	2002	262	22
2602	2003	269	22
2602	2004	266	22
2602	2005	258	22
2602	2006	268	22
2602	2007	268	22
2602	2008	275	22
2602	2009	266	22
2602	2010	277	22
2602	2011	278	22
2603	1979	279	20
2603	1980	285	20
2603	1981	282	20
2603	1982	271	20
2603	1983	253	20
2603	1984	267	20
2603	1985	303	20
2603	1986	282	20
2603	1987	284	20
2603	1988	247	20
2603	1989	279	20
2603	1990	266	20
2603	1991	273	20
2603	1992	277	20
2603	1993	279	20
2603	1994	265	20
2603	1995	279	20
2603	1996	299	20
2603	1998	290	20
2603	1999	278	20
2608	1979	283	37
2608	1980	296	37
2608	1981	280	37
2608	1982	298	37
2608	1983	296	37
2608	1984	295	37
2608	1985	303	37
2608	1986	279	37
2608	1987	292	37
2608	1988	290	37
2608	1989	290	37
2608	1990	293	37
2608	1991	306	37
2608	1992	283	37
2608	1993	271	37
2608	1994	283	37
2608	1995	283	37
2608	1996	285	37
2608	1997	292	37
2608	1998	296	37
2608	1999	306	37
2608	2000	292	37
2608	2001	284	37
2608	2002	291	37
2608	2003	293	37
2608	2004	295	37
2608	2005	284	37
2608	2006	291	37
2608	2007	275	37
2608	2008	286	37
2608	2009	288	37
2608	2010	292	37
2608	2011	287	37
2608	2012	302	37
2608	2013	294	37
2608	2014	290	37
2608	2015	290	37
2613	1980	303	36
2613	1981	271	36
2613	1982	280	36
2613	1983	296	36
2613	1984	329	36
2613	1985	318	36
2613	1986	283	36
2613	1987	296	36
2613	1988	283	36
2613	1989	270	36
2613	1990	279	36
2613	1991	291	36
2613	1992	291	36
2613	1993	299	36
2613	1994	262	36
2613	1995	291	36
2613	1996	292	36
2613	1997	290	36
2613	1998	291	36
2613	1999	293	36
2613	2000	288	36
2613	2001	292	36
2613	2002	273	36
2613	2003	281	36
2613	2004	278	36
2613	2005	292	36
2613	2006	292	36
2613	2007	288	36
2613	2008	290	36
2613	2009	273	36
2613	2010	307	36
2613	2011	281	36
2613	2012	319	36
2613	2013	304	36
2613	2014	293	36
2613	2015	267	36
2615	1979	295	37
2615	1980	301	37
2615	1981	289	37
2615	1982	292	37
2615	1983	281	37
2615	1984	300	37
2615	1985	305	37
2615	1986	289	37
2615	1987	309	37
2615	1988	290	37
2615	1989	276	37
2615	1990	270	37
2615	1991	283	37
2615	1992	282	37
2615	1993	285	37
2615	1994	281	37
2615	1995	283	37
2615	1996	283	37
2615	1997	285	37
2615	1998	279	37
2615	1999	263	37
2615	2000	288	37
2615	2001	292	37
2615	2002	291	37
2615	2003	285	37
2615	2004	288	37
2615	2005	291	37
2615	2006	291	37
2615	2007	277	37
2615	2008	278	37
2615	2009	274	37
2615	2010	289	37
2615	2011	269	37
2615	2012	324	37
2615	2013	294	37
2615	2014	284	37
2615	2015	286	37
2621	1979	277	22
2621	1980	295	22
2621	1981	279	22
2621	1982	287	22
2621	1983	288	22
2621	1984	292	22
2621	1985	290	22
2621	1986	273	22
2621	1987	288	22
2621	1988	285	22
2621	1989	291	22
2621	1990	294	22
2621	1991	298	22
2621	1992	292	22
2621	1993	274	22
2621	1994	289	22
2621	1995	290	22
2621	1996	281	22
2621	1997	301	22
2621	1998	290	22
2621	1999	288	22
2621	2000	282	22
2624	1979	274	37
2624	1980	298	37
2624	1981	300	37
2624	1982	283	37
2624	1983	283	37
2624	1984	297	37
2624	1985	296	37
2624	1986	267	37
2624	1987	303	37
2624	1988	298	37
2624	1989	280	37
2624	1990	274	37
2624	1991	289	37
2624	1992	283	37
2624	1993	272	37
2624	1994	273	37
2624	1995	275	37
2624	1996	287	37
2624	1997	291	37
2624	1998	291	37
2624	1999	287	37
2624	2000	286	37
2624	2001	283	37
2624	2002	296	37
2624	2003	270	37
2624	2004	279	37
2624	2005	279	37
2624	2006	294	37
2624	2007	271	37
2624	2008	276	37
2624	2009	280	37
2624	2010	277	37
2624	2011	268	37
2624	2012	299	37
2624	2013	278	37
2624	2014	281	37
2624	2015	290	37
2625	1979	297	20
2625	1980	299	20
2625	1981	299	20
2625	1982	282	20
2625	1983	298	20
2625	1984	311	20
2625	1985	298	20
2625	1986	293	20
2625	1987	287	20
2625	1988	284	20
2625	1989	301	20
2625	1990	302	20
2625	1991	283	20
2625	1992	299	20
2625	1993	272	20
2625	1994	290	20
2625	1995	298	20
2625	1996	277	20
2625	1997	286	20
2625	1998	293	20
2626	1979	278	21
2626	1980	290	21
2626	1981	298	21
2626	1982	299	21
2626	1983	285	21
2626	1984	301	21
2626	1985	288	21
2626	1986	297	21
2626	1987	290	21
2626	1988	294	21
2626	1989	289	21
2626	1990	291	21
2626	1991	301	21
2626	1992	288	21
2626	1993	298	21
2626	1994	287	21
2626	1995	293	21
2626	1996	298	21
2626	1997	293	21
2626	1998	292	21
2626	1999	290	21
2636	1979	267	19
2636	1980	295	19
2636	1981	280	19
2636	1982	270	19
2636	1983	275	19
2636	1984	305	19
2636	1985	292	19
2636	1986	300	19
2636	1987	323	19
2636	1988	310	19
2636	1989	325	19
2636	1990	308	19
2636	1991	332	19
2636	2001	306	19
2636	2002	305	19
2636	2003	303	19
2636	2004	306	19
2636	2005	324	19
2636	2006	298	19
2638	1981	302	22
2638	1983	286	22
2638	1986	281	22
2638	1989	288	22
2638	1990	285	22
2638	1991	302	22
2638	1992	299	22
2638	1993	293	22
2638	1994	295	22
2638	1996	286	22
2638	1997	291	22
2638	1998	292	22
2638	1999	292	22
2638	2000	293	22
2638	2001	309	22
2638	2002	299	22
2638	2006	304	22
2638	2007	309	22
2638	2008	291	22
2638	2010	280	22
2638	2011	295	22
2638	2013	301	22
2639	1979	263	37
2639	1980	290	37
2639	1981	266	37
2639	1982	290	37
2639	1983	292	37
2639	1984	280	37
2639	1985	286	37
2639	1986	262	37
2639	1987	296	37
2639	1988	275	37
2639	1989	279	37
2639	1990	288	37
2639	1991	282	37
2639	1992	271	37
2639	1993	258	37
2639	1994	276	37
2639	1995	268	37
2639	1996	274	37
2639	1997	281	37
2639	1998	271	37
2639	1999	283	37
2639	2000	272	37
2639	2001	288	37
2639	2002	281	37
2639	2003	281	37
2639	2004	288	37
2639	2005	288	37
2639	2006	288	37
2639	2007	275	37
2639	2008	285	37
2639	2009	276	37
2639	2010	288	37
2639	2011	283	37
2639	2012	309	37
2639	2013	291	37
2639	2014	278	37
2639	2015	274	37
2644	1979	297	29
2644	1980	297	29
2644	1981	291	29
2644	1982	300	29
2644	1983	295	29
2644	1984	308	29
2644	1985	304	29
2644	1986	288	29
2644	1987	299	29
2644	1988	290	29
2644	1989	289	29
2644	1990	286	29
2644	1991	304	29
2644	1992	300	29
2644	1993	290	29
2644	1994	289	29
2644	1995	302	29
2644	1996	288	29
2644	1997	297	29
2644	1998	302	29
2644	1999	300	29
2644	2000	295	29
2644	2001	312	29
2644	2002	297	29
2644	2003	293	29
2644	2004	293	29
2644	2005	295	29
2644	2006	314	29
2644	2007	294	29
2647	1979	293	16
2647	1980	304	16
2647	1981	299	16
2647	1982	295	16
2647	1983	297	16
2647	1984	290	16
2647	1985	295	16
2647	1986	278	16
2647	1987	288	16
2647	1988	290	16
2647	1989	280	16
2647	1990	283	16
2647	1991	298	16
2647	1992	284	16
2647	1993	283	16
2647	1994	288	16
2652	1979	295	31
2652	1980	293	31
2652	1981	278	31
2652	1982	292	31
2652	1983	298	31
2652	1984	295	31
2652	1985	304	31
2652	1986	290	31
2652	1987	297	31
2652	1988	280	31
2652	1989	290	31
2652	1990	289	31
2652	1991	305	31
2652	1992	299	31
2652	1993	297	31
2652	1994	290	31
2652	1996	299	31
2652	1997	302	31
2652	1998	300	31
2652	1999	294	31
2652	2000	296	31
2652	2001	298	31
2652	2002	288	31
2652	2003	291	31
2652	2004	293	31
2652	2005	298	31
2652	2006	306	31
2652	2007	300	31
2652	2008	295	31
2652	2009	302	31
2652	2012	316	31
2654	1979	301	21
2654	1980	296	21
2654	1981	293	21
2654	1982	295	21
2654	1983	309	21
2654	1984	300	21
2654	1985	300	21
2654	1986	280	21
2654	1987	302	21
2654	1988	287	21
2654	1989	288	21
2654	1990	292	21
2654	1991	308	21
2654	1992	292	21
2654	1993	278	21
2654	1994	286	21
2654	1995	302	21
2654	1996	290	21
2654	1997	291	21
2654	1998	292	21
2654	1999	301	21
2655	1979	291	35
2655	1980	293	35
2655	1981	283	35
2655	1982	283	35
2655	1983	288	35
2655	1984	295	35
2655	1985	297	35
2655	1986	283	35
2655	1987	292	35
2655	1988	296	35
2655	1989	288	35
2655	1990	275	35
2655	1991	297	35
2655	1992	297	35
2655	1993	294	35
2655	1994	298	35
2655	1995	297	35
2655	1996	297	35
2655	1997	297	35
2655	1998	297	35
2655	1999	297	35
2655	2000	297	35
2655	2003	286	35
2655	2004	280	35
2655	2005	297	35
2655	2006	300	35
2655	2007	294	35
2655	2008	291	35
2655	2009	298	35
2655	2010	298	35
2655	2011	299	35
2655	2012	299	35
2655	2013	292	35
2655	2014	287	35
2655	2015	298	35
2661	1979	294	16
2661	1980	296	16
2661	1981	308	16
2661	1982	294	16
2661	1983	309	16
2661	1984	291	16
2661	1985	299	16
2661	1986	294	16
2661	1987	309	16
2661	1988	294	16
2661	1989	293	16
2661	1990	288	16
2661	1991	312	16
2661	1992	308	16
2661	1993	306	16
2661	1994	305	16
2662	1979	300	28
2662	1980	304	28
2662	1981	285	28
2662	1982	295	28
2662	1983	303	28
2662	1984	302	28
2662	1985	306	28
2662	1986	287	28
2662	1987	294	28
2662	1988	294	28
2662	1989	296	28
2662	1990	295	28
2662	1991	303	28
2662	1992	257	28
2662	1993	283	28
2662	1994	288	28
2662	1995	293	28
2662	1996	291	28
2662	1997	291	28
2662	1998	291	28
2662	1999	289	28
2662	2000	283	28
2662	2001	278	28
2662	2002	291	28
2662	2003	301	28
2662	2004	293	28
2662	2006	291	28
2662	2007	275	28
2667	1979	273	18
2667	1980	276	18
2667	1981	270	18
2667	1982	256	18
2667	1983	263	18
2667	1984	279	18
2667	1985	289	18
2667	1986	292	18
2667	1987	299	18
2667	1988	292	18
2667	1989	293	18
2667	1990	264	18
2667	1991	274	18
2667	1992	276	18
2667	1993	268	18
2667	1994	268	18
2667	1995	267	18
2667	1996	269	18
2670	1979	293	20
2670	1980	296	20
2670	1981	306	20
2670	1982	294	20
2670	1983	310	20
2670	1984	294	20
2670	1985	302	20
2670	1986	292	20
2670	1987	309	20
2670	1988	294	20
2670	1989	288	20
2670	1990	299	20
2670	1991	302	20
2670	1992	306	20
2670	1993	303	20
2670	1994	303	20
2670	1995	302	20
2670	1996	300	20
2670	1997	307	20
2670	1998	306	20
2671	1979	298	36
2671	1980	281	36
2671	1981	285	36
2671	1982	290	36
2671	1983	297	36
2671	1984	296	36
2671	1985	296	36
2671	1986	284	36
2671	1987	298	36
2671	1988	281	36
2671	1989	301	36
2671	1990	296	36
2671	1991	290	36
2671	1992	298	36
2671	1993	276	36
2671	1994	288	36
2671	1995	301	36
2671	1996	280	36
2671	1997	295	36
2671	1998	290	36
2671	1999	291	36
2671	2000	290	36
2671	2001	295	36
2671	2002	291	36
2671	2003	297	36
2671	2004	294	36
2671	2005	290	36
2671	2006	295	36
2671	2007	297	36
2671	2008	293	36
2671	2009	295	36
2671	2010	289	36
2671	2011	277	36
2671	2012	312	36
2671	2013	304	36
2671	2015	296	36
2672	1981	299	34
2672	1982	290	34
2672	1984	289	34
2672	1985	319	34
2672	1986	284	34
2672	1987	293	34
2672	1988	279	34
2672	1989	290	34
2672	1990	296	34
2672	1991	301	34
2672	1992	285	34
2672	1993	278	34
2672	1994	277	34
2672	1995	293	34
2672	1996	270	34
2672	1997	300	34
2672	1998	296	34
2672	1999	304	34
2672	2000	298	34
2672	2001	300	34
2672	2002	294	34
2672	2003	300	34
2672	2004	298	34
2672	2005	298	34
2672	2006	300	34
2672	2007	298	34
2672	2008	288	34
2672	2009	298	34
2672	2010	293	34
2672	2011	298	34
2672	2012	323	34
2672	2013	301	34
2672	2014	297	34
2672	2015	296	34
2674	1979	285	35
2674	1980	302	35
2674	1981	273	35
2674	1982	282	35
2674	1983	300	35
2674	1984	300	35
2674	1985	287	35
2674	1986	283	35
2674	1987	291	35
2674	1988	289	35
2674	1989	293	35
2674	1990	295	35
2674	1992	283	35
2674	1993	272	35
2674	1994	281	35
2674	1995	288	35
2674	1996	283	35
2674	1997	295	35
2674	1998	288	35
2674	1999	299	35
2674	2000	287	35
2674	2001	278	35
2674	2002	277	35
2674	2003	279	35
2674	2004	285	35
2674	2005	295	35
2674	2006	288	35
2674	2007	271	35
2674	2008	278	35
2674	2009	284	35
2674	2010	281	35
2674	2011	295	35
2674	2013	288	35
2674	2014	288	35
2674	2015	278	35
2676	1979	287	17
2676	1980	287	17
2676	1981	291	17
2676	1982	284	17
2676	1983	289	17
2676	1984	302	17
2676	1985	304	17
2676	1986	285	17
2676	1987	291	17
2676	1988	292	17
2676	1989	297	17
2676	1990	288	17
2676	1991	295	17
2676	1992	301	17
2676	1993	303	17
2676	1994	281	17
2676	1995	301	17
2678	1982	254	23
2678	1983	268	23
2678	1984	259	23
2678	1985	265	23
2678	1986	250	23
2678	1987	284	23
2678	1988	282	23
2678	1989	288	23
2678	1990	280	23
2678	1991	272	23
2678	1992	270	23
2678	1993	262	23
2678	1994	268	23
2678	1995	281	23
2678	1996	265	23
2678	1997	284	23
2678	1998	284	23
2678	1999	305	23
2678	2000	274	23
2678	2001	276	23
2678	2002	279	23
2678	2004	290	23
2678	2005	296	23
2690	1979	293	37
2690	1980	298	37
2690	1981	306	37
2690	1982	296	37
2690	1983	309	37
2690	1984	296	37
2690	1985	304	37
2690	1986	292	37
2690	1987	309	37
2690	1988	294	37
2690	1989	288	37
2690	1990	300	37
2690	1991	301	37
2690	1992	310	37
2690	1993	303	37
2690	1994	301	37
2690	1995	301	37
2690	1996	303	37
2690	1997	307	37
2690	1998	309	37
2690	1999	277	37
2690	2000	280	37
2690	2001	278	37
2690	2002	288	37
2690	2003	285	37
2690	2004	280	37
2690	2005	280	37
2690	2006	282	37
2690	2007	280	37
2690	2008	280	37
2690	2009	283	37
2690	2010	280	37
2690	2011	282	37
2690	2012	308	37
2690	2013	280	37
2690	2014	280	37
2690	2015	283	37
2692	1979	285	34
2692	1980	285	34
2692	1981	277	34
2692	1982	274	34
2692	1983	260	34
2692	1984	291	34
2692	1985	265	34
2692	1986	262	34
2692	1988	280	34
2692	1989	286	34
2692	1990	299	34
2692	1991	281	34
2692	1992	289	34
2692	1993	290	34
2692	1994	273	34
2692	1996	286	34
2692	1997	283	34
2692	1998	290	34
2692	1999	286	34
2692	2000	280	34
2692	2001	277	34
2692	2002	287	34
2692	2003	278	34
2692	2004	273	34
2692	2005	293	34
2692	2006	283	34
2692	2007	273	34
2692	2009	278	34
2692	2010	278	34
2692	2011	287	34
2692	2012	306	34
2692	2013	290	34
2692	2014	284	34
2692	2015	287	34
2693	1979	287	37
2693	1980	298	37
2693	1981	297	37
2693	1982	271	37
2693	1983	271	37
2693	1984	281	37
2693	1985	289	37
2693	1986	270	37
2693	1987	288	37
2693	1988	279	37
2693	1989	281	37
2693	1990	270	37
2693	1991	288	37
2693	1992	271	37
2693	1993	272	37
2693	1994	270	37
2693	1995	287	37
2693	1996	279	37
2693	1997	301	37
2693	1998	282	37
2693	1999	281	37
2693	2000	291	37
2693	2001	287	37
2693	2002	281	37
2693	2003	285	37
2693	2004	288	37
2693	2005	285	37
2693	2006	293	37
2693	2007	283	37
2693	2008	281	37
2693	2009	287	37
2693	2010	281	37
2693	2011	288	37
2693	2012	300	37
2693	2013	283	37
2693	2014	291	37
2693	2015	285	37
2696	1979	270	15
2696	1980	278	15
2696	1981	271	15
2696	1982	268	15
2696	1983	290	15
2696	1986	273	15
2696	1987	284	15
2696	1988	278	15
2696	1989	269	15
2696	1990	265	15
2696	1991	274	15
2696	1993	297	15
2696	1994	291	15
2696	1995	289	15
2696	1997	294	15
2698	1979	298	36
2698	1980	306	36
2698	1981	304	36
2698	1982	299	36
2698	1983	310	36
2698	1984	302	36
2698	1985	294	36
2698	1986	295	36
2698	1987	294	36
2698	1988	303	36
2698	1989	291	36
2698	1990	307	36
2698	1991	300	36
2698	1992	292	36
2698	1993	279	36
2698	1994	292	36
2698	1995	300	36
2698	1996	274	36
2698	1997	307	36
2698	1998	286	36
2698	1999	303	36
2698	2000	296	36
2698	2001	319	36
2698	2002	291	36
2698	2003	295	36
2698	2004	284	36
2698	2005	297	36
2698	2007	290	36
2698	2008	273	36
2698	2009	297	36
2698	2010	293	36
2698	2011	300	36
2698	2012	316	36
2698	2013	297	36
2698	2014	301	36
2698	2015	304	36
2703	1984	302	26
2703	1985	301	26
2703	1987	293	26
2703	1988	290	26
2703	1989	285	26
2703	1990	292	26
2703	1991	290	26
2703	1992	289	26
2703	1993	293	26
2703	1994	272	26
2703	1995	293	26
2703	1996	275	26
2703	1997	282	26
2703	1998	294	26
2703	1999	285	26
2703	2000	282	26
2703	2001	271	26
2703	2002	273	26
2703	2003	296	26
2703	2004	290	26
2703	2005	279	26
2703	2006	286	26
2703	2007	291	26
2703	2008	274	26
2703	2009	284	26
2703	2010	276	26
2704	1979	275	16
2704	1980	295	16
2704	1981	289	16
2704	1982	290	16
2704	1983	298	16
2704	1984	290	16
2704	1985	296	16
2704	1986	292	16
2704	1987	295	16
2704	1988	295	16
2704	1989	283	16
2704	1990	294	16
2704	1991	294	16
2704	1992	294	16
2704	1993	281	16
2704	1994	284	16
2707	1980	290	21
2707	1981	288	21
2707	1982	309	21
2707	1983	305	21
2707	1984	295	21
2707	1985	302	21
2707	1986	283	21
2707	1987	296	21
2707	1988	287	21
2707	1989	272	21
2707	1990	293	21
2707	1991	281	21
2707	1992	285	21
2707	1993	273	21
2707	1994	281	21
2707	1995	298	21
2707	1996	281	21
2707	1997	281	21
2707	1998	285	21
2707	1999	294	21
2707	2000	285	21
2712	1979	274	37
2712	1980	295	37
2712	1981	286	37
2712	1982	293	37
2712	1983	297	37
2712	1984	293	37
2712	1985	288	37
2712	1986	287	37
2712	1987	296	37
2712	1988	290	37
2712	1989	286	37
2712	1990	293	37
2712	1991	294	37
2712	1992	293	37
2712	1993	286	37
2712	1994	289	37
2712	1995	287	37
2712	1996	273	37
2712	1997	267	37
2712	1998	268	37
2712	1999	285	37
2712	2000	291	37
2712	2001	305	37
2712	2002	294	37
2712	2003	300	37
2712	2004	285	37
2712	2005	277	37
2712	2006	283	37
2712	2007	295	37
2712	2008	274	37
2712	2009	298	37
2712	2010	281	37
2712	2011	298	37
2712	2012	305	37
2712	2013	305	37
2712	2014	293	37
2712	2015	306	37
2719	1979	301	18
2719	1980	285	18
2719	1981	293	18
2719	1982	295	18
2719	1983	306	18
2719	1984	313	18
2719	1985	304	18
2719	1986	250	18
2719	1987	295	18
2719	1988	298	18
2719	1990	291	18
2719	1991	289	18
2719	1992	285	18
2719	1993	285	18
2719	1994	288	18
2719	1995	288	18
2719	1996	283	18
2719	1997	278	18
2723	1980	298	20
2723	1981	298	20
2723	1982	268	20
2723	1983	278	20
2723	1984	305	20
2723	1985	306	20
2723	1986	297	20
2723	1987	293	20
2723	1988	281	20
2723	1989	290	20
2723	1990	291	20
2723	1991	293	20
2723	1992	293	20
2723	1993	300	20
2723	1994	291	20
2723	1995	295	20
2723	1996	297	20
2723	1997	309	20
2723	1998	293	20
2723	1999	299	20
2733	1979	276	35
2733	1980	282	35
2733	1981	287	35
2733	1982	279	35
2733	1983	281	35
2733	1984	285	35
2733	1985	263	35
2733	1986	278	35
2733	1987	280	35
2733	1988	277	35
2733	1989	277	35
2733	1990	275	35
2733	1991	295	35
2733	1992	300	35
2733	1993	280	35
2733	1994	287	35
2733	1995	300	35
2733	1996	302	35
2733	1997	300	35
2733	1998	298	35
2733	1999	299	35
2733	2000	311	35
2733	2001	298	35
2733	2002	297	35
2733	2005	315	35
2733	2006	310	35
2733	2007	292	35
2733	2008	281	35
2733	2009	306	35
2733	2010	303	35
2733	2011	299	35
2733	2012	324	35
2733	2013	309	35
2733	2014	300	35
2733	2015	297	35
2735	1988	285	18
2735	1992	282	18
2735	1993	303	18
2735	1994	299	18
2735	1995	316	18
2735	1997	300	18
2735	1998	296	18
2735	2003	292	18
2735	2004	302	18
2735	2005	304	18
2735	2006	325	18
2735	2007	301	18
2735	2008	292	18
2735	2009	297	18
2735	2010	300	18
2735	2012	335	18
2735	2014	309	18
2735	2015	294	18
2736	1985	282	30
2736	1986	278	30
2736	1987	291	30
2736	1988	284	30
2736	1989	281	30
2736	1990	281	30
2736	1991	280	30
2736	1992	265	30
2736	1993	281	30
2736	1994	267	30
2736	1995	277	30
2736	1996	279	30
2736	1997	282	30
2736	1998	281	30
2736	1999	300	30
2736	2000	298	30
2736	2001	279	30
2736	2002	284	30
2736	2003	294	30
2736	2004	273	30
2736	2005	282	30
2736	2006	288	30
2736	2007	293	30
2736	2008	295	30
2736	2009	276	30
2736	2010	286	30
2736	2011	293	30
2736	2012	302	30
2736	2013	293	30
2736	2014	284	30
2739	1979	284	34
2739	1980	295	34
2739	1981	280	34
2739	1982	268	34
2739	1983	272	34
2739	1984	283	34
2739	1985	298	34
2739	1986	285	34
2739	1987	290	34
2739	1988	293	34
2739	1989	282	34
2739	1990	275	34
2739	1991	292	34
2739	1992	290	34
2739	1993	286	34
2739	1994	289	34
2739	1995	273	34
2739	1996	283	34
2739	1997	273	34
2739	1998	286	34
2739	1999	268	34
2739	2000	281	34
2739	2001	288	34
2739	2002	288	34
2739	2003	288	34
2739	2004	286	34
2739	2005	288	34
2739	2006	298	34
2739	2007	283	34
2739	2008	283	34
2739	2009	293	34
2739	2010	293	34
2739	2011	283	34
2739	2012	302	34
2742	1980	282	23
2742	1984	289	23
2742	1985	297	23
2742	1986	292	23
2742	1987	290	23
2742	1988	280	23
2742	1989	274	23
2742	1990	274	23
2742	1991	297	23
2742	1992	282	23
2742	1993	277	23
2742	1994	289	23
2742	1995	282	23
2742	1997	263	23
2742	1998	277	23
2742	1999	281	23
2742	2000	279	23
2742	2001	285	23
2742	2002	281	23
2742	2003	277	23
2742	2004	285	23
2742	2005	288	23
2742	2006	299	23
2744	1979	290	21
2744	1980	286	21
2744	1981	283	21
2744	1983	271	21
2744	1984	278	21
2744	1985	273	21
2744	1986	280	21
2744	1987	296	21
2744	1988	285	21
2744	1989	282	21
2744	1990	288	21
2744	1991	283	21
2744	1992	259	21
2744	1993	285	21
2744	1994	267	21
2744	1995	276	21
2744	1996	281	21
2744	1997	275	21
2744	1998	272	21
2744	1999	275	21
2744	2000	261	21
2747	1979	271	17
2747	1980	287	17
2747	1981	259	17
2747	1982	261	17
2747	1984	266	17
2747	1985	267	17
2747	1986	261	17
2747	1987	273	17
2747	1988	266	17
2747	1989	268	17
2747	1990	270	17
2747	1992	295	17
2747	1993	291	17
2747	1994	291	17
2747	1995	285	17
2747	1996	286	17
2747	1997	289	17
2752	1979	292	30
2752	1980	294	30
2752	1981	269	30
2752	1982	298	30
2752	1983	307	30
2752	1984	306	30
2752	1985	271	30
2752	1986	294	30
2752	1987	303	30
2752	1988	288	30
2752	1989	291	30
2752	1991	296	30
2752	1992	289	30
2752	1993	279	30
2752	1994	274	30
2752	1995	276	30
2752	1996	256	30
2752	1997	280	30
2752	1998	280	30
2752	1999	274	30
2752	2000	283	30
2752	2001	291	30
2752	2002	293	30
2752	2003	291	30
2752	2004	293	30
2752	2005	292	30
2752	2006	268	30
2752	2007	258	30
2752	2008	293	30
2752	2009	288	30
2754	1998	289	18
2754	1999	292	18
2754	2000	289	18
2754	2001	288	18
2754	2002	294	18
2754	2003	288	18
2754	2004	292	18
2754	2005	297	18
2754	2006	300	18
2754	2007	297	18
2754	2008	298	18
2754	2009	279	18
2754	2010	277	18
2754	2011	281	18
2754	2012	326	18
2754	2013	291	18
2754	2014	287	18
2754	2015	289	18
2756	1979	286	15
2756	1980	305	15
2756	1981	284	15
2756	1982	302	15
2756	1983	298	15
2756	1984	305	15
2756	1985	292	15
2756	1986	287	15
2756	1987	296	15
2756	1988	286	15
2756	1989	294	15
2756	1990	288	15
2756	1991	306	15
2756	1992	297	15
2756	1993	275	15
2761	1979	279	29
2761	1980	284	29
2761	1981	282	29
2761	1983	286	29
2761	1984	290	29
2761	1985	290	29
2761	1986	284	29
2761	1987	305	29
2761	1988	290	29
2761	1989	289	29
2761	1990	290	29
2761	1991	306	29
2761	1992	293	29
2761	1993	312	29
2761	1994	291	29
2761	1995	309	29
2761	1996	298	29
2761	1997	305	29
2761	1998	291	29
2761	1999	305	29
2761	2000	298	29
2761	2001	310	29
2761	2002	300	29
2761	2003	299	29
2761	2004	308	29
2761	2005	305	29
2761	2006	311	29
2761	2007	295	29
2761	2008	292	29
2762	1981	277	24
2762	1982	285	24
2762	1983	275	24
2762	1984	286	24
2762	1985	286	24
2762	1986	268	24
2762	1987	299	24
2762	1988	291	24
2762	1989	285	24
2762	1990	287	24
2762	1991	305	24
2762	1992	300	24
2762	1993	299	24
2762	1994	297	24
2762	1995	300	24
2762	1996	297	24
2762	1997	308	24
2762	1998	300	24
2762	1999	313	24
2762	2000	295	24
2762	2001	306	24
2762	2002	301	24
2762	2003	297	24
2762	2004	302	24
2763	1979	286	35
2763	1980	292	35
2763	1981	311	35
2763	1982	279	35
2763	1984	292	35
2763	1985	299	35
2763	1986	299	35
2763	1987	287	35
2763	1988	288	35
2763	1989	300	35
2763	1990	291	35
2763	1991	292	35
2763	1992	282	35
2763	1993	284	35
2763	1994	291	35
2763	1995	289	35
2763	1996	284	35
2763	1997	301	35
2763	1998	289	35
2763	1999	301	35
2763	2000	292	35
2763	2001	301	35
2763	2002	284	35
2763	2003	289	35
2763	2004	296	35
2763	2005	291	35
2763	2006	293	35
2763	2007	289	35
2763	2008	286	35
2763	2009	295	35
2763	2010	275	35
2763	2011	293	35
2763	2012	309	35
2763	2014	289	35
2763	2015	286	35
2764	1979	279	35
2764	1980	285	35
2764	1981	280	35
2764	1982	297	35
2764	1983	300	35
2764	1984	285	35
2764	1985	291	35
2764	1986	282	35
2764	1987	289	35
2764	1988	266	35
2764	1989	292	35
2764	1990	282	35
2764	1991	299	35
2764	1992	271	35
2764	1993	282	35
2764	1994	264	35
2764	1995	281	35
2764	1996	278	35
2764	1997	285	35
2764	1998	281	35
2764	1999	293	35
2764	2000	291	35
2764	2001	285	35
2764	2002	291	35
2764	2003	289	35
2764	2004	296	35
2764	2005	282	35
2764	2006	284	35
2764	2007	275	35
2764	2008	274	35
2764	2009	274	35
2764	2010	277	35
2764	2011	276	35
2764	2012	293	35
2764	2013	282	35
2769	1979	260	25
2769	1980	300	25
2769	1981	255	25
2769	1982	282	25
2769	1983	291	25
2769	1984	280	25
2769	1985	263	25
2769	1986	272	25
2769	1987	273	25
2769	1988	273	25
2769	1989	254	25
2769	1990	275	25
2769	1991	288	25
2769	1992	276	25
2769	1993	270	25
2769	1994	282	25
2769	1995	274	25
2769	1996	270	25
2769	1997	283	25
2769	1998	282	25
2769	1999	298	25
2769	2000	292	25
2769	2001	272	25
2769	2002	275	25
2769	2003	295	25
2773	1979	292	36
2773	1980	303	36
2773	1981	300	36
2773	1982	308	36
2773	1983	313	36
2773	1985	300	36
2773	1986	298	36
2773	1987	302	36
2773	1988	298	36
2773	1989	303	36
2773	1990	289	36
2773	1991	308	36
2773	1992	295	36
2773	1993	304	36
2773	1994	290	36
2773	1995	286	36
2773	1996	287	36
2773	1997	293	36
2773	1998	295	36
2773	1999	301	36
2773	2000	294	36
2773	2001	301	36
2773	2002	291	36
2773	2003	293	36
2773	2004	299	36
2773	2005	301	36
2773	2006	301	36
2773	2007	297	36
2773	2008	291	36
2773	2009	291	36
2773	2010	284	36
2773	2011	291	36
2773	2012	307	36
2773	2013	294	36
2773	2014	289	36
2773	2015	298	36
2780	1979	271	20
2780	1980	290	20
2780	1981	276	20
2780	1982	271	20
2780	1983	280	20
2780	1984	295	20
2780	1985	269	20
2780	1986	269	20
2780	1987	290	20
2780	1988	280	20
2780	1989	287	20
2780	1990	283	20
2780	1991	287	20
2780	1993	293	20
2780	1994	290	20
2780	1995	281	20
2780	1996	276	20
2780	1997	284	20
2780	1998	293	20
2780	1999	288	20
2781	1979	288	15
2781	1980	298	15
2781	1981	293	15
2781	1982	296	15
2781	1983	294	15
2781	1985	296	15
2781	1986	280	15
2781	1987	286	15
2781	1988	293	15
2781	1989	291	15
2781	1990	285	15
2781	1991	306	15
2781	1993	292	15
2781	1994	279	15
2781	1997	287	15
2786	1984	299	29
2786	1985	298	29
2786	1986	289	29
2786	1987	297	29
2786	1988	270	29
2786	1990	287	29
2786	1991	277	29
2786	1993	298	29
2786	1995	292	29
2786	1996	278	29
2786	1997	279	29
2786	1998	294	29
2786	1999	299	29
2786	2000	299	29
2786	2001	298	29
2786	2002	289	29
2786	2003	300	29
2786	2004	303	29
2786	2005	306	29
2786	2006	319	29
2786	2007	299	29
2786	2008	286	29
2786	2009	314	29
2786	2010	298	29
2786	2011	312	29
2786	2012	329	29
2786	2013	301	29
2786	2014	321	29
2786	2015	306	29
2793	1988	287	28
2793	1989	290	28
2793	1990	278	28
2793	1991	298	28
2793	1992	300	28
2793	1993	287	28
2793	1994	300	28
2793	1995	299	28
2793	1996	288	28
2793	1997	295	28
2793	1998	290	28
2793	1999	296	28
2793	2000	298	28
2793	2001	295	28
2793	2002	285	28
2793	2003	288	28
2793	2004	294	28
2793	2005	293	28
2793	2006	295	28
2793	2007	288	28
2793	2008	286	28
2793	2009	288	28
2793	2010	289	28
2793	2011	292	28
2793	2012	310	28
2793	2013	283	28
2793	2014	276	28
2793	2015	282	28
2794	1979	281	19
2794	1980	299	19
2794	1981	282	19
2794	1982	292	19
2794	1983	310	19
2794	1984	287	19
2794	1985	298	19
2794	1986	294	19
2794	1987	282	19
2794	1988	276	19
2794	1989	280	19
2794	1990	290	19
2794	1991	295	19
2794	1992	288	19
2794	1993	290	19
2794	1994	275	19
2794	1995	285	19
2794	1996	282	19
2794	1997	303	19
2795	1984	295	15
2795	1985	289	15
2795	1986	270	15
2795	1987	281	15
2795	1988	281	15
2795	1989	279	15
2795	1990	280	15
2795	1991	293	15
2795	1992	283	15
2795	2010	288	15
2795	2011	285	15
2795	2012	307	15
2795	2013	292	15
2795	2014	273	15
2795	2015	274	15
2798	1979	289	22
2798	1980	295	22
2798	1981	284	22
2798	1982	304	22
2798	1983	313	22
2798	1984	299	22
2798	1985	298	22
2798	1986	294	22
2798	1987	301	22
2798	1988	291	22
2798	1989	290	22
2798	1990	282	22
2798	1991	298	22
2798	1992	277	22
2798	1993	293	22
2798	1994	291	22
2798	1995	293	22
2798	1996	283	22
2798	1997	293	22
2798	1998	283	22
2798	1999	290	22
2798	2000	289	22
2801	1980	274	33
2801	1981	276	33
2801	1982	254	33
2801	1983	270	33
2801	1984	275	33
2801	1985	267	33
2801	1986	291	33
2801	1987	285	33
2801	1988	261	33
2801	1989	291	33
2801	1990	267	33
2801	1992	278	33
2801	1994	283	33
2801	1995	259	33
2801	1997	263	33
2801	1998	269	33
2801	1999	288	33
2801	2000	274	33
2801	2001	269	33
2801	2002	270	33
2801	2003	291	33
2801	2004	274	33
2801	2005	295	33
2801	2006	299	33
2801	2007	260	33
2801	2008	270	33
2801	2009	273	33
2801	2010	276	33
2801	2011	301	33
2801	2012	283	33
2801	2013	282	33
2801	2014	300	33
2801	2015	282	33
2805	1984	299	31
2805	1985	298	31
2805	1986	292	31
2805	1987	310	31
2805	1988	294	31
2805	1989	288	31
2805	1990	315	31
2805	1991	316	31
2805	1992	307	31
2805	1993	299	31
2805	1994	278	31
2805	1995	302	31
2805	1996	288	31
2805	1997	302	31
2805	1998	286	31
2805	1999	286	31
2805	2000	273	31
2805	2001	302	31
2805	2002	288	31
2805	2003	310	31
2805	2004	282	31
2805	2005	297	31
2805	2006	316	31
2805	2007	292	31
2805	2009	305	31
2805	2010	301	31
2805	2011	307	31
2805	2012	308	31
2805	2013	302	31
2805	2014	308	31
2805	2015	296	31
2808	1979	284	31
2808	1980	300	31
2808	1981	281	31
2808	1982	301	31
2808	1983	310	31
2808	1984	306	31
2808	1985	306	31
2808	1986	288	31
2808	1987	304	31
2808	1988	289	31
2808	1989	300	31
2808	1990	294	31
2808	1991	317	31
2808	1992	299	31
2808	1993	288	31
2808	1994	294	31
2808	1995	295	31
2808	1996	286	31
2808	1997	301	31
2808	1998	293	31
2808	1999	300	31
2808	2000	295	31
2808	2001	301	31
2808	2002	295	31
2808	2003	302	31
2808	2004	301	31
2808	2005	298	31
2808	2006	304	31
2808	2007	295	31
2808	2008	283	31
2808	2009	305	31
2809	1992	289	17
2809	1995	271	17
2809	1996	264	17
2809	1997	270	17
2809	1998	265	17
2809	1999	273	17
2809	2000	274	17
2809	2001	272	17
2809	2002	272	17
2809	2003	266	17
2809	2004	285	17
2809	2005	296	17
2809	2006	280	17
2809	2007	263	17
2809	2008	268	17
2809	2009	269	17
2809	2010	275	17
2812	1979	276	20
2812	1980	291	20
2812	1981	278	20
2812	1982	279	20
2812	1983	291	20
2812	1984	285	20
2812	1985	294	20
2812	1986	281	20
2812	1987	286	20
2812	1988	272	20
2812	1989	275	20
2812	1990	287	20
2812	1991	285	20
2812	1992	292	20
2812	1993	281	20
2812	1994	284	20
2812	1995	287	20
2812	1996	285	20
2812	1997	287	20
2812	1998	289	20
2813	1979	310	36
2813	1980	303	36
2813	1981	304	36
2813	1982	305	36
2813	1983	310	36
2813	1985	312	36
2813	1986	292	36
2813	1987	297	36
2813	1988	288	36
2813	1989	286	36
2813	1990	300	36
2813	1991	304	36
2813	1992	296	36
2813	1993	284	36
2813	1994	291	36
2813	1995	301	36
2813	1996	288	36
2813	1997	300	36
2813	1998	296	36
2813	1999	297	36
2813	2000	294	36
2813	2001	297	36
2813	2002	287	36
2813	2003	301	36
2813	2004	298	36
2813	2005	299	36
2813	2006	302	36
2813	2007	286	36
2813	2008	280	36
2813	2009	297	36
2813	2010	288	36
2813	2011	277	36
2813	2012	297	36
2813	2013	296	36
2813	2014	279	36
2813	2015	289	36
2819	1979	284	21
2819	1980	291	21
2819	1981	290	21
2819	1982	284	21
2819	1983	300	21
2819	1984	292	21
2819	1985	299	21
2819	1986	277	21
2819	1987	287	21
2819	1988	283	21
2819	1989	289	21
2819	1990	286	21
2819	1991	283	21
2819	1992	286	21
2819	1993	288	21
2819	1994	278	21
2819	1995	290	21
2819	1996	283	21
2819	1997	281	21
2819	1998	289	21
2819	1999	289	21
2820	1979	294	36
2820	1980	287	36
2820	1981	293	36
2820	1982	289	36
2820	1983	298	36
2820	1984	299	36
2820	1985	302	36
2820	1986	288	36
2820	1987	299	36
2820	1988	286	36
2820	1989	301	36
2820	1990	305	36
2820	1991	307	36
2820	1992	302	36
2820	1993	301	36
2820	1994	300	36
2820	1995	308	36
2820	1996	300	36
2820	1997	319	36
2820	1998	315	36
2820	1999	310	36
2820	2000	311	36
2820	2001	315	36
2820	2003	303	36
2820	2004	298	36
2820	2005	304	36
2820	2006	312	36
2820	2007	305	36
2820	2008	294	36
2820	2009	294	36
2820	2010	291	36
2820	2011	298	36
2820	2012	317	36
2820	2013	297	36
2820	2014	293	36
2820	2015	295	36
2826	1979	277	15
2826	1980	291	15
2826	1981	285	15
2826	1982	291	15
2826	1983	295	15
2826	1984	286	15
2826	1985	279	15
2826	1986	276	15
2826	1987	290	15
2826	1988	281	15
2826	1989	289	15
2826	1990	287	15
2826	1991	300	15
2826	1992	298	15
2826	1993	281	15
2828	1979	264	17
2828	1980	287	17
2828	1981	285	17
2828	1982	260	17
2828	1983	294	17
2828	1984	281	17
2828	1985	275	17
2828	1986	264	17
2828	1987	284	17
2828	1988	276	17
2828	1989	272	17
2828	1990	272	17
2828	1991	289	17
2828	1992	253	17
2828	1993	258	17
2828	1994	261	17
2828	1995	281	17
2831	1979	277	34
2831	1980	293	34
2831	1981	282	34
2831	1982	284	34
2831	1983	290	34
2831	1984	290	34
2831	1985	292	34
2831	1986	272	34
2831	1988	283	34
2831	1989	296	34
2831	1990	296	34
2831	1991	307	34
2831	1992	294	34
2831	1993	282	34
2831	1994	285	34
2831	1995	299	34
2831	1996	285	34
2831	1997	301	34
2831	1998	297	34
2831	1999	288	34
2831	2000	293	34
2831	2001	302	34
2831	2002	290	34
2831	2003	284	34
2831	2004	298	34
2831	2005	288	34
2831	2006	295	34
2831	2007	277	34
2831	2008	281	34
2831	2009	291	34
2831	2010	268	34
2831	2011	290	34
2831	2012	281	34
2831	2013	290	34
2833	1979	270	20
2833	1980	281	20
2833	1981	268	20
2833	1982	257	20
2833	1983	286	20
2833	1984	270	20
2833	1985	263	20
2833	1986	265	20
2833	1987	275	20
2833	1988	266	20
2833	1989	265	20
2833	1990	261	20
2833	1991	285	20
2833	1992	285	20
2833	1993	251	20
2833	1994	253	20
2833	1995	261	20
2833	1996	260	20
2833	1997	267	20
2833	1998	262	20
2839	1979	266	20
2839	1980	291	20
2839	1981	288	20
2839	1982	283	20
2839	1983	255	20
2839	1984	290	20
2839	1985	285	20
2839	1986	273	20
2839	1987	274	20
2839	1988	270	20
2839	1989	268	20
2839	1990	278	20
2839	1991	272	20
2839	1992	264	20
2839	1993	261	20
2839	1994	263	20
2839	1995	270	20
2839	1996	265	20
2839	1997	295	20
2839	1998	281	20
2842	1979	289	37
2842	1980	295	37
2842	1981	293	37
2842	1982	292	37
2842	1983	294	37
2842	1984	297	37
2842	1985	302	37
2842	1986	292	37
2842	1987	296	37
2842	1988	289	37
2842	1989	289	37
2842	1990	290	37
2842	1991	307	37
2842	1992	309	37
2842	1993	307	37
2842	1994	302	37
2842	1995	303	37
2842	1996	308	37
2842	1997	300	37
2842	1998	307	37
2842	1999	310	37
2842	2000	307	37
2842	2001	306	37
2842	2002	304	37
2842	2003	316	37
2842	2004	315	37
2842	2005	302	37
2842	2006	304	37
2842	2007	295	37
2842	2008	289	37
2842	2009	302	37
2842	2010	301	37
2842	2011	300	37
2842	2012	318	37
2842	2013	298	37
2842	2014	303	37
2842	2015	298	37
2844	1979	292	15
2844	1980	296	15
2844	1981	290	15
2844	1983	300	15
2844	1984	297	15
2844	1985	310	15
2844	1986	288	15
2844	1987	304	15
2844	1993	288	15
2844	1994	307	15
2844	1996	282	15
2844	1998	286	15
2844	2001	306	15
2844	2002	284	15
2844	2003	303	15
2848	1979	254	22
2848	1980	272	22
2848	1981	265	22
2848	1982	270	22
2848	1983	268	22
2848	1984	275	22
2848	1985	274	22
2848	1986	269	22
2848	1987	278	22
2848	1988	276	22
2848	1989	273	22
2848	1990	271	22
2848	1991	282	22
2848	1992	281	22
2848	1993	290	22
2848	1994	284	22
2848	1995	290	22
2848	1996	286	22
2848	1997	281	22
2848	1998	280	22
2848	1999	275	22
2848	2000	273	22
2849	1979	290	23
2849	1980	300	23
2849	1981	295	23
2849	1983	290	23
2849	1984	304	23
2849	1985	316	23
2849	1986	288	23
2849	1987	305	23
2849	1988	298	23
2849	1989	302	23
2849	1990	296	23
2849	1991	298	23
2849	1992	293	23
2849	1993	265	23
2849	1994	265	23
2849	1995	288	23
2849	1996	267	23
2849	1997	287	23
2849	1998	283	23
2849	1999	293	23
2849	2000	287	23
2849	2014	305	23
2849	2015	295	23
2852	1979	286	37
2852	1980	297	37
2852	1981	300	37
2852	1982	299	37
2852	1983	290	37
2852	1984	306	37
2852	1985	292	37
2852	1986	287	37
2852	1987	292	37
2852	1988	298	37
2852	1989	296	37
2852	1990	294	37
2852	1991	293	37
2852	1992	302	37
2852	1993	298	37
2852	1994	300	37
2852	1995	276	37
2852	1996	281	37
2852	1997	288	37
2852	1998	292	37
2852	1999	292	37
2852	2000	291	37
2852	2001	301	37
2852	2002	293	37
2852	2003	298	37
2852	2004	302	37
2852	2005	287	37
2852	2006	294	37
2852	2007	277	37
2852	2008	275	37
2852	2009	273	37
2852	2010	283	37
2852	2011	288	37
2852	2012	295	37
2852	2013	283	37
2852	2014	297	37
2852	2015	285	37
2853	1979	277	37
2853	1980	292	37
2853	1981	265	37
2853	1982	275	37
2853	1983	270	37
2853	1984	283	37
2853	1985	273	37
2853	1986	271	37
2853	1987	282	37
2853	1988	279	37
2853	1989	284	37
2853	1990	283	37
2853	1991	309	37
2853	1992	303	37
2853	1993	286	37
2853	1994	295	37
2853	1995	299	37
2853	1996	287	37
2853	1997	304	37
2853	1998	297	37
2853	1999	298	37
2853	2000	296	37
2853	2001	301	37
2853	2002	293	37
2853	2003	294	37
2853	2004	297	37
2853	2005	297	37
2853	2006	299	37
2853	2007	291	37
2853	2008	286	37
2853	2009	297	37
2853	2010	283	37
2853	2011	292	37
2853	2012	311	37
2853	2013	290	37
2853	2014	283	37
2853	2015	287	37
2855	1979	296	19
2855	1980	299	19
2855	1982	299	19
2855	1988	298	19
2855	1989	300	19
2855	1990	273	19
2855	1992	288	19
2855	1993	293	19
2855	1994	303	19
2855	1995	283	19
2855	1996	301	19
2855	1997	312	19
2855	1998	298	19
2855	1999	314	19
2855	2000	309	19
2855	2001	305	19
2855	2002	298	19
2855	2003	281	19
2855	2004	305	19
2856	1990	278	26
2856	1991	287	26
2856	1992	283	26
2856	1993	288	26
2856	1994	279	26
2856	1995	278	26
2856	1996	274	26
2856	1997	290	26
2856	1998	286	26
2856	1999	287	26
2856	2000	295	26
2856	2001	295	26
2856	2002	287	26
2856	2003	287	26
2856	2004	302	26
2856	2005	301	26
2856	2006	293	26
2856	2007	295	26
2856	2008	294	26
2856	2009	293	26
2856	2010	282	26
2856	2011	276	26
2856	2012	313	26
2856	2013	288	26
2856	2014	276	26
2856	2015	290	26
2857	1979	274	20
2857	1980	280	20
2857	1981	268	20
2857	1982	290	20
2857	1984	305	20
2857	1987	290	20
2857	1988	280	20
2857	1989	279	20
2857	1990	279	20
2857	1991	278	20
2857	1992	271	20
2857	1993	271	20
2857	1994	271	20
2857	1995	271	20
2857	1996	263	20
2857	1997	274	20
2857	1998	269	20
2857	1999	288	20
2857	2000	254	20
2857	2001	271	20
2861	1979	286	16
2861	1980	290	16
2861	1981	291	16
2861	1982	303	16
2861	1983	295	16
2861	1984	293	16
2861	1985	299	16
2861	1986	287	16
2861	1987	295	16
2861	1988	285	16
2861	1990	286	16
2861	1991	302	16
2861	1993	293	16
2861	1994	289	16
2861	1995	301	16
2861	1996	279	16
2862	1980	307	21
2862	1981	309	21
2862	1982	311	21
2862	1983	301	21
2862	1984	308	21
2862	1985	300	21
2862	1986	295	21
2862	1987	300	21
2862	1988	302	21
2862	1989	291	21
2862	1990	300	21
2862	1991	303	21
2862	1992	293	21
2862	1993	298	21
2862	1994	292	21
2862	1995	296	21
2862	1996	301	21
2862	1997	301	21
2862	1998	287	21
2862	1999	297	21
2862	2000	296	21
2863	1979	276	22
2863	1980	300	22
2863	1981	291	22
2863	1982	301	22
2863	1983	308	22
2863	1984	305	22
2863	1985	302	22
2863	1986	291	22
2863	1987	300	22
2863	1988	294	22
2863	1989	296	22
2863	1990	292	22
2863	1991	309	22
2863	1992	307	22
2863	1993	299	22
2863	1994	305	22
2863	1995	300	22
2863	1996	295	22
2863	1997	312	22
2863	1998	297	22
2863	1999	301	22
2863	2000	301	22
2864	1979	291	26
2864	1980	294	26
2864	1981	289	26
2864	1982	300	26
2864	1983	288	26
2864	1984	284	26
2864	1985	294	26
2864	1986	289	26
2864	1987	304	26
2864	1988	295	26
2864	1989	290	26
2864	1990	296	26
2864	1991	302	26
2864	1992	293	26
2864	1993	291	26
2864	1994	297	26
2864	1995	297	26
2864	1996	281	26
2864	1997	301	26
2864	1998	298	26
2864	1999	300	26
2864	2000	298	26
2864	2001	301	26
2864	2002	282	26
2864	2003	286	26
2864	2004	303	26
2865	1980	285	26
2865	1981	283	26
2865	1982	282	26
2865	1983	270	26
2865	1984	287	26
2865	1985	286	26
2865	1986	264	26
2865	1987	291	26
2865	1988	274	26
2865	1989	281	26
2865	1990	275	26
2865	1991	299	26
2865	1992	283	26
2865	1993	280	26
2865	1994	283	26
2865	1995	284	26
2865	1996	276	26
2865	1997	302	26
2865	1998	292	26
2865	1999	287	26
2865	2000	289	26
2865	2001	288	26
2865	2002	281	26
2865	2003	290	26
2865	2004	293	26
2865	2005	281	26
2867	1980	290	36
2867	1981	269	36
2867	1982	293	36
2867	1983	276	36
2867	1984	290	36
2867	1985	299	36
2867	1986	278	36
2867	1987	270	36
2867	1988	268	36
2867	1989	270	36
2867	1990	269	36
2867	1991	283	36
2867	1992	279	36
2867	1993	266	36
2867	1994	290	36
2867	1995	270	36
2867	1996	264	36
2867	1997	292	36
2867	1998	269	36
2867	1999	297	36
2867	2000	278	36
2867	2001	291	36
2867	2002	291	36
2867	2003	290	36
2867	2004	299	36
2867	2005	293	36
2867	2006	299	36
2867	2007	289	36
2867	2008	281	36
2867	2009	280	36
2867	2010	278	36
2867	2011	296	36
2867	2012	278	36
2867	2013	271	36
2867	2014	282	36
2867	2015	285	36
2869	1979	288	37
2869	1980	286	37
2869	1981	273	37
2869	1982	284	37
2869	1983	288	37
2869	1984	288	37
2869	1985	303	37
2869	1986	289	37
2869	1987	290	37
2869	1988	281	37
2869	1989	284	37
2869	1990	275	37
2869	1991	283	37
2869	1992	276	37
2869	1993	258	37
2869	1994	268	37
2869	1995	275	37
2869	1996	262	37
2869	1997	293	37
2869	1998	274	37
2869	1999	290	37
2869	2000	283	37
2869	2001	289	37
2869	2002	276	37
2869	2003	279	37
2869	2004	292	37
2869	2005	277	37
2869	2006	287	37
2869	2007	270	37
2869	2008	268	37
2869	2009	283	37
2869	2010	277	37
2869	2011	273	37
2869	2012	321	37
2869	2013	283	37
2869	2014	275	37
2869	2015	276	37
2875	1980	281	22
2875	1981	278	22
2875	1982	279	22
2875	1983	295	22
2875	1984	319	22
2875	1985	320	22
2875	1986	300	22
2875	1987	296	22
2875	1988	305	22
2875	1989	285	22
2875	1990	284	22
2875	1991	289	22
2875	1992	292	22
2875	1993	289	22
2875	1994	291	22
2875	1995	292	22
2875	1996	285	22
2875	1997	283	22
2875	1998	291	22
2875	1999	293	22
2875	2000	285	22
2875	2001	288	22
2876	1979	301	22
2876	1980	298	22
2876	1981	295	22
2876	1982	303	22
2876	1983	303	22
2876	1984	302	22
2876	1985	305	22
2876	1986	303	22
2876	1987	303	22
2876	1988	288	22
2876	1989	287	22
2876	1990	290	22
2876	1991	294	22
2876	1992	304	22
2876	1993	280	22
2876	1994	293	22
2876	1995	294	22
2876	1996	275	22
2876	1997	303	22
2876	1998	289	22
2876	1999	293	22
2876	2000	293	22
2878	1980	279	18
2878	1981	258	18
2878	1982	287	18
2878	1983	273	18
2878	1984	286	18
2878	1985	275	18
2878	1986	256	18
2878	1987	279	18
2878	1988	264	18
2878	1989	260	18
2878	1990	294	18
2878	1991	294	18
2878	1992	266	18
2878	1993	250	18
2878	1995	261	18
2878	1997	257	18
2878	1998	282	18
2878	1999	267	18
2879	1979	279	36
2879	1980	292	36
2879	1981	287	36
2879	1982	289	36
2879	1983	281	36
2879	1985	298	36
2879	1986	281	36
2879	1987	287	36
2879	1988	273	36
2879	1989	294	36
2879	1990	292	36
2879	1991	303	36
2879	1992	294	36
2879	1993	270	36
2879	1994	274	36
2879	1995	279	36
2879	1996	276	36
2879	1997	303	36
2879	1998	273	36
2879	1999	290	36
2879	2000	291	36
2879	2001	273	36
2879	2002	278	36
2879	2003	293	36
2879	2004	276	36
2879	2005	285	36
2879	2006	293	36
2879	2007	288	36
2879	2008	291	36
2879	2009	283	36
2879	2010	285	36
2879	2011	281	36
2879	2012	312	36
2879	2013	295	36
2879	2014	298	36
2879	2015	295	36
2880	1984	295	16
2880	1985	297	16
2880	1986	274	16
2880	1987	292	16
2880	1988	271	16
2880	1989	277	16
2880	1990	276	16
2880	1991	303	16
2880	1992	271	16
2880	1993	281	16
2880	1994	290	16
2880	1995	294	16
2880	1996	269	16
2880	1997	290	16
2880	1998	283	16
2880	1999	290	16
2882	1979	284	22
2882	1980	297	22
2882	1981	294	22
2882	1982	296	22
2882	1983	296	22
2882	1984	293	22
2882	1985	309	22
2882	1986	282	22
2882	1987	301	22
2882	1988	277	22
2882	1989	288	22
2882	1990	288	22
2882	1991	303	22
2882	1992	293	22
2882	1993	277	22
2882	1994	271	22
2882	1995	287	22
2882	1996	281	22
2882	1997	306	22
2882	1998	283	22
2882	1999	282	22
2882	2000	282	22
2884	1981	294	19
2884	1982	328	19
2884	1985	310	19
2884	1986	274	19
2884	1987	278	19
2884	1988	264	19
2884	1989	288	19
2884	1990	269	19
2884	1991	288	19
2884	1992	265	19
2884	1993	273	19
2884	1994	293	19
2884	1995	302	19
2884	1996	279	19
2884	1997	302	19
2884	1998	285	19
2884	1999	293	19
2884	2000	285	19
2884	2001	281	19
2886	1979	302	36
2886	1980	293	36
2886	1981	298	36
2886	1982	307	36
2886	1983	319	36
2886	1984	299	36
2886	1985	302	36
2886	1986	281	36
2886	1987	309	36
2886	1988	293	36
2886	1989	300	36
2886	1990	324	36
2886	1991	311	36
2886	1992	290	36
2886	1993	278	36
2886	1994	288	36
2886	1995	298	36
2886	1996	284	36
2886	1997	287	36
2886	1998	294	36
2886	1999	311	36
2886	2000	295	36
2886	2001	302	36
2886	2002	294	36
2886	2003	283	36
2886	2004	305	36
2886	2005	301	36
2886	2006	288	36
2886	2007	295	36
2886	2008	286	36
2886	2010	297	36
2886	2011	305	36
2886	2012	321	36
2886	2013	293	36
2886	2014	302	36
2886	2015	312	36
2887	1979	298	19
2887	1980	300	19
2887	1981	293	19
2887	1982	301	19
2887	1983	303	19
2887	1984	302	19
2887	1985	303	19
2887	1986	286	19
2887	1987	306	19
2887	1988	301	19
2887	1989	294	19
2887	1990	302	19
2887	1991	294	19
2887	1992	297	19
2887	1993	273	19
2887	1994	288	19
2887	1995	291	19
2887	1996	283	19
2887	1997	293	19
2892	1979	259	21
2892	1980	274	21
2892	1981	252	21
2892	1982	261	21
2892	1983	275	21
2892	1984	276	21
2892	1985	270	21
2892	1986	258	21
2892	1987	280	21
2892	1988	271	21
2892	1989	276	21
2892	1990	281	21
2892	1991	262	21
2892	1992	283	21
2892	1993	258	21
2892	1994	273	21
2892	1995	280	21
2892	1996	265	21
2892	1997	265	21
2892	1998	274	21
2892	1999	269	21
2893	1979	285	37
2893	1980	290	37
2893	1981	291	37
2893	1982	282	37
2893	1983	263	37
2893	1984	291	37
2893	1985	297	37
2893	1986	291	37
2893	1987	293	37
2893	1988	290	37
2893	1989	288	37
2893	1990	291	37
2893	1991	296	37
2893	1992	289	37
2893	1993	275	37
2893	1994	286	37
2893	1995	289	37
2893	1996	293	37
2893	1997	294	37
2893	1998	291	37
2893	1999	285	37
2893	2000	277	37
2893	2001	299	37
2893	2002	296	37
2893	2003	278	37
2893	2004	289	37
2893	2005	278	37
2893	2006	293	37
2893	2007	305	37
2893	2008	267	37
2893	2009	291	37
2893	2010	275	37
2893	2011	296	37
2893	2012	308	37
2893	2013	282	37
2893	2014	279	37
2893	2015	284	37
2899	1979	282	36
2899	1980	291	36
2899	1981	285	36
2899	1982	290	36
2899	1983	298	36
2899	1984	294	36
2899	1985	301	36
2899	1986	290	36
2899	1987	292	36
2899	1988	289	36
2899	1989	289	36
2899	1990	290	36
2899	1991	299	36
2899	1992	293	36
2899	1993	284	36
2899	1994	290	36
2899	1995	295	36
2899	1996	283	36
2899	1997	301	36
2899	1998	287	36
2899	1999	298	36
2899	2000	291	36
2899	2001	300	36
2899	2002	289	36
2899	2003	305	36
2899	2004	298	36
2899	2005	297	36
2899	2006	305	36
2899	2007	291	36
2899	2008	282	36
2899	2009	292	36
2899	2010	298	36
2899	2011	298	36
2899	2012	316	36
2899	2013	296	36
2899	2014	305	36
2902	1980	301	20
2902	1981	288	20
2902	1982	285	20
2902	1983	300	20
2902	1984	267	20
2902	1985	305	20
2902	1986	282	20
2902	1987	291	20
2902	1988	273	20
2902	1990	287	20
2902	1991	297	20
2902	1992	269	20
2902	1993	271	20
2902	1994	276	20
2902	1995	283	20
2902	1996	268	20
2902	1997	276	20
2902	1998	260	20
2902	1999	288	20
2902	2000	271	20
2908	1979	282	29
2908	1980	294	29
2908	1981	290	29
2908	1982	292	29
2908	1983	288	29
2908	1984	287	29
2908	1985	287	29
2908	1986	287	29
2908	1987	285	29
2908	1988	285	29
2908	1989	280	29
2908	1990	287	29
2908	1991	297	29
2908	1992	294	29
2908	1993	277	29
2908	1994	267	29
2908	1995	287	29
2908	1996	279	29
2908	1997	289	29
2908	1998	284	29
2908	1999	292	29
2908	2000	289	29
2908	2001	292	29
2908	2002	287	29
2908	2003	293	29
2908	2004	294	29
2908	2005	294	29
2908	2006	290	29
2908	2007	269	29
2909	1979	281	36
2909	1980	281	36
2909	1981	272	36
2909	1982	286	36
2909	1983	281	36
2909	1984	294	36
2909	1985	291	36
2909	1986	282	36
2909	1987	288	36
2909	1988	273	36
2909	1989	267	36
2909	1990	277	36
2909	1991	292	36
2909	1992	275	36
2909	1993	279	36
2909	1994	277	36
2909	1995	282	36
2909	1996	268	36
2909	1997	271	36
2909	1998	266	36
2909	1999	279	36
2909	2000	272	36
2909	2001	279	36
2909	2002	285	36
2909	2003	288	36
2909	2004	291	36
2909	2005	274	36
2909	2006	294	36
2909	2007	274	36
2909	2008	277	36
2909	2010	279	36
2909	2011	276	36
2909	2012	309	36
2909	2013	293	36
2909	2014	292	36
2909	2015	283	36
2912	1979	278	20
2912	1980	272	20
2912	1981	256	20
2912	1982	270	20
2912	1983	275	20
2912	1984	281	20
2912	1985	272	20
2912	1986	270	20
2912	1987	278	20
2912	1988	267	20
2912	1989	262	20
2912	1990	270	20
2912	1991	275	20
2912	1992	270	20
2912	1993	263	20
2912	1994	272	20
2912	1995	269	20
2912	1996	272	20
2912	1997	274	20
2912	1998	273	20
2914	1979	290	29
2914	1980	290	29
2914	1981	294	29
2914	1982	288	29
2914	1983	290	29
2914	1984	288	29
2914	1985	290	29
2914	1986	292	29
2914	1987	296	29
2914	1988	288	29
2914	1989	284	29
2914	1990	276	29
2914	1991	283	29
2914	1992	297	29
2914	1993	268	29
2914	1994	295	29
2914	1995	282	29
2914	1996	260	29
2914	1997	275	29
2914	1998	277	29
2914	1999	289	29
2914	2000	275	29
2914	2002	292	29
2914	2008	278	29
2914	2009	299	29
2914	2012	319	29
2914	2013	291	29
2914	2014	277	29
2914	2015	274	29
2915	1979	287	21
2915	1980	300	21
2915	1981	298	21
2915	1982	290	21
2915	1983	278	21
2915	1984	282	21
2915	1985	295	21
2915	1986	280	21
2915	1987	288	21
2915	1988	282	21
2915	1989	290	21
2915	1990	287	21
2915	1991	301	21
2915	1992	297	21
2915	1993	277	21
2915	1994	299	21
2915	1995	284	21
2915	1996	283	21
2915	1997	302	21
2915	1998	287	21
2915	1999	292	21
2916	1979	297	25
2916	1980	299	25
2916	1981	295	25
2916	1982	298	25
2916	1983	298	25
2916	1984	313	25
2916	1985	302	25
2916	1986	307	25
2916	1987	304	25
2916	1988	298	25
2916	1989	300	25
2916	1990	303	25
2916	1991	304	25
2916	1992	297	25
2916	1993	290	25
2916	1994	293	25
2916	1995	301	25
2916	1996	293	25
2916	1997	302	25
2916	1998	304	25
2916	1999	302	25
2916	2000	300	25
2916	2005	297	25
2916	2011	294	25
2916	2014	293	25
2923	1979	290	37
2923	1980	296	37
2923	1981	295	37
2923	1982	300	37
2923	1983	291	37
2923	1984	296	37
2923	1985	290	37
2923	1986	294	37
2923	1987	314	37
2923	1988	284	37
2923	1989	288	37
2923	1990	285	37
2923	1991	293	37
2923	1992	312	37
2923	1993	289	37
2923	1994	295	37
2923	1995	296	37
2923	1996	291	37
2923	1997	306	37
2923	1998	311	37
2923	1999	314	37
2923	2000	295	37
2923	2001	313	37
2923	2002	303	37
2923	2003	301	37
2923	2004	304	37
2923	2005	307	37
2923	2006	309	37
2923	2007	298	37
2923	2008	278	37
2923	2009	288	37
2923	2010	301	37
2923	2011	305	37
2923	2012	309	37
2923	2013	311	37
2923	2014	297	37
2923	2015	297	37
2928	1979	302	18
2928	1981	288	18
2928	1982	299	18
2928	1983	298	18
2928	1984	301	18
2928	1985	305	18
2928	1986	297	18
2928	1987	299	18
2928	1988	297	18
2928	1989	297	18
2928	1990	292	18
2928	1991	283	18
2928	1992	295	18
2928	1993	288	18
2928	1994	285	18
2928	1995	285	18
2928	1996	283	18
2928	1997	288	18
2930	1979	280	33
2930	1980	281	33
2930	1981	280	33
2930	1982	281	33
2930	1983	280	33
2930	1984	283	33
2930	1985	280	33
2930	1986	281	33
2930	1987	280	33
2930	1988	278	33
2930	1989	280	33
2930	1990	278	33
2930	1991	289	33
2930	1992	288	33
2930	1993	288	33
2930	1994	289	33
2930	1995	290	33
2930	1996	293	33
2930	1997	289	33
2930	1998	290	33
2930	1999	291	33
2930	2000	293	33
2930	2001	294	33
2930	2002	291	33
2930	2003	291	33
2930	2004	293	33
2930	2005	293	33
2930	2006	294	33
2930	2007	293	33
2930	2008	292	33
2930	2009	291	33
2930	2010	290	33
2930	2012	309	33
2932	1980	289	22
2932	1981	289	22
2932	1982	279	22
2932	1983	270	22
2932	1984	287	22
2932	1985	283	22
2932	1986	277	22
2932	1987	288	22
2932	1988	276	22
2932	1989	268	22
2932	1990	280	22
2932	1991	279	22
2932	1992	278	22
2932	1993	279	22
2932	1994	271	22
2932	1995	272	22
2932	1996	260	22
2932	1997	271	22
2932	1998	273	22
2932	1999	301	22
2932	2000	273	22
2932	2001	269	22
2933	1980	300	35
2933	1981	269	35
2933	1982	288	35
2933	1983	288	35
2933	1984	298	35
2933	1985	290	35
2933	1986	287	35
2933	1987	297	35
2933	1988	294	35
2933	1989	296	35
2933	1990	298	35
2933	1991	299	35
2933	1992	289	35
2933	1993	298	35
2933	1994	295	35
2933	1995	307	35
2933	1996	283	35
2933	1997	292	35
2933	1998	294	35
2933	1999	290	35
2933	2000	303	35
2933	2001	301	35
2933	2002	291	35
2933	2003	300	35
2933	2004	302	35
2933	2005	299	35
2933	2006	301	35
2933	2007	298	35
2933	2008	291	35
2933	2009	282	35
2933	2010	289	35
2933	2011	293	35
2933	2012	303	35
2933	2013	289	35
2933	2014	292	35
2937	1979	302	29
2937	1981	299	29
2937	1982	297	29
2937	1990	253	29
2937	1991	274	29
2937	1992	282	29
2937	1993	288	29
2937	1994	270	29
2937	1995	272	29
2937	1996	283	29
2937	1997	286	29
2937	1998	286	29
2937	1999	280	29
2937	2000	278	29
2937	2001	284	29
2937	2002	289	29
2937	2003	276	29
2937	2004	277	29
2937	2005	285	29
2937	2006	285	29
2937	2007	281	29
2937	2008	287	29
2937	2009	289	29
2937	2010	285	29
2937	2011	293	29
2937	2012	303	29
2937	2013	296	29
2937	2014	268	29
2937	2015	285	29
2938	1979	268	16
2938	1980	289	16
2938	1981	274	16
2938	1982	305	16
2938	1983	287	16
2938	1984	282	16
2938	1985	287	16
2938	1986	264	16
2938	1987	284	16
2938	1988	274	16
2938	1989	277	16
2938	1990	249	16
2938	1991	302	16
2938	1992	273	16
2938	1993	281	16
2938	1994	273	16
2939	1982	299	20
2939	1983	297	20
2939	1984	304	20
2939	1985	304	20
2939	1986	293	20
2939	1987	306	20
2939	1988	298	20
2939	1989	295	20
2939	1990	294	20
2939	1991	301	20
2939	1992	298	20
2939	1993	285	20
2939	1994	283	20
2939	1995	298	20
2939	1996	296	20
2939	1997	297	20
2939	1998	281	20
2939	1999	295	20
2939	2000	291	20
2939	2002	285	20
2941	1979	280	29
2941	1980	296	29
2941	1981	286	29
2941	1982	294	29
2941	1983	297	29
2941	1984	282	29
2941	1985	291	29
2941	1986	272	29
2941	1987	288	29
2941	1988	282	29
2941	1989	285	29
2941	1990	284	29
2941	1991	298	29
2941	1992	282	29
2941	1993	283	29
2941	1994	273	29
2941	1995	278	29
2941	1996	278	29
2941	1997	293	29
2941	1998	286	29
2941	1999	291	29
2941	2000	289	29
2941	2001	295	29
2941	2002	287	29
2941	2004	298	29
2941	2005	294	29
2941	2006	298	29
2941	2007	281	29
2941	2008	291	29
2943	1981	283	30
2943	1984	282	30
2943	1985	288	30
2943	1986	285	30
2943	1987	288	30
2943	1988	305	30
2943	1989	296	30
2943	1990	293	30
2943	1991	288	30
2943	1993	286	30
2943	1995	293	30
2943	1997	303	30
2943	1998	291	30
2943	1999	298	30
2943	2000	294	30
2943	2001	293	30
2943	2002	294	30
2943	2003	299	30
2943	2004	299	30
2943	2005	300	30
2943	2006	291	30
2943	2007	297	30
2943	2008	299	30
2943	2009	301	30
2943	2010	296	30
2943	2011	303	30
2943	2012	306	30
2943	2013	297	30
2943	2014	303	30
2943	2015	302	30
2945	1979	279	15
2945	1980	280	15
2945	1981	287	15
2945	1982	264	15
2945	1983	299	15
2945	1984	259	15
2945	1985	290	15
2945	1986	272	15
2945	1987	269	15
2945	1988	264	15
2945	1989	275	15
2945	1990	265	15
2945	1991	273	15
2945	1992	281	15
2945	1993	283	15
2946	1979	265	19
2946	1980	269	19
2946	1981	273	19
2946	1982	279	19
2946	1983	255	19
2946	1984	277	19
2946	1985	265	19
2946	1986	253	19
2946	1987	267	19
2946	1988	267	19
2946	1989	262	19
2946	1990	263	19
2946	1991	253	19
2946	1992	273	19
2946	1993	269	19
2946	1994	276	19
2946	1995	277	19
2946	1996	273	19
2946	1997	271	19
2949	1992	283	18
2949	1998	314	18
2949	2000	319	18
2949	2001	309	18
2949	2002	309	18
2949	2003	283	18
2949	2004	288	18
2949	2005	283	18
2949	2006	288	18
2949	2007	305	18
2949	2008	285	18
2949	2009	288	18
2949	2010	264	18
2949	2011	288	18
2949	2012	301	18
2949	2013	278	18
2949	2014	298	18
2949	2015	264	18
2950	1979	286	20
2950	1982	281	20
2950	1983	288	20
2950	1984	284	20
2950	1985	292	20
2950	1986	287	20
2950	1987	298	20
2950	1988	292	20
2950	1989	285	20
2950	1990	286	20
2950	1991	311	20
2950	1992	302	20
2950	1993	309	20
2950	1994	295	20
2950	1995	295	20
2950	1996	292	20
2950	1997	309	20
2950	1998	294	20
2950	1999	301	20
2950	2000	301	20
2953	1979	262	32
2953	1980	260	32
2953	1982	255	32
2953	1983	261	32
2953	1984	273	32
2953	1985	263	32
2953	1986	268	32
2953	1987	273	32
2953	1988	267	32
2953	1989	269	32
2953	1990	253	32
2953	1991	283	32
2953	1992	277	32
2953	1993	265	32
2953	1994	272	32
2953	1995	279	32
2953	1996	262	32
2953	1997	274	32
2953	1998	269	32
2953	1999	261	32
2953	2000	263	32
2953	2001	261	32
2953	2002	287	32
2953	2003	283	32
2953	2004	269	32
2953	2005	269	32
2953	2006	295	32
2953	2007	269	32
2953	2008	273	32
2953	2009	289	32
2953	2010	289	32
2953	2012	295	32
2954	1979	285	23
2954	1980	295	23
2954	1981	285	23
2954	1982	279	23
2954	1983	282	23
2954	1984	292	23
2954	1985	293	23
2954	1986	285	23
2954	1987	271	23
2954	1988	279	23
2954	1989	279	23
2954	1990	289	23
2954	1991	283	23
2954	1992	283	23
2954	1993	279	23
2954	1994	284	23
2954	1995	282	23
2954	1996	283	23
2954	1997	276	23
2954	1998	276	23
2954	1999	292	23
2954	2000	290	23
2954	2001	287	23
2958	1979	285	37
2958	1980	285	37
2958	1981	287	37
2958	1982	290	37
2958	1983	287	37
2958	1984	295	37
2958	1985	285	37
2958	1986	285	37
2958	1987	291	37
2958	1988	285	37
2958	1989	284	37
2958	1990	285	37
2958	1991	290	37
2958	1992	292	37
2958	1993	293	37
2958	1994	292	37
2958	1995	288	37
2958	1996	291	37
2958	1997	292	37
2958	1998	293	37
2958	1999	295	37
2958	2000	293	37
2958	2001	296	37
2958	2002	292	37
2958	2003	288	37
2958	2004	294	37
2958	2005	293	37
2958	2006	297	37
2958	2007	285	37
2958	2008	281	37
2958	2009	279	37
2958	2010	273	37
2958	2011	272	37
2958	2012	314	37
2958	2013	281	37
2958	2014	274	37
2958	2015	287	37
2959	1979	309	20
2959	1980	292	20
2959	1981	309	20
2959	1986	267	20
2959	1987	281	20
2959	1988	273	20
2959	1989	296	20
2959	1994	266	20
2959	1995	273	20
2959	1997	267	20
2959	2003	306	20
2959	2004	299	20
2959	2006	296	20
2959	2007	289	20
2959	2009	297	20
2959	2010	290	20
2959	2011	288	20
2959	2012	310	20
2959	2013	300	20
2959	2014	314	20
2964	1979	303	19
2964	1980	293	19
2964	1981	300	19
2964	1982	296	19
2964	1983	282	19
2964	1984	294	19
2964	1985	300	19
2964	1986	288	19
2964	1987	284	19
2964	1988	278	19
2964	1989	291	19
2964	1990	292	19
2964	1991	301	19
2964	1992	297	19
2964	1993	305	19
2964	1994	291	19
2964	1995	284	19
2964	1996	275	19
2964	1997	269	19
2966	1979	284	36
2966	1980	298	36
2966	1981	300	36
2966	1982	295	36
2966	1983	304	36
2966	1984	303	36
2966	1985	304	36
2966	1986	302	36
2966	1987	311	36
2966	1988	300	36
2966	1989	280	36
2966	1990	268	36
2966	1992	284	36
2966	1993	273	36
2966	1994	278	36
2966	1995	278	36
2966	1996	274	36
2966	1997	276	36
2966	1998	295	36
2966	1999	286	36
2966	2000	288	36
2966	2001	272	36
2966	2002	292	36
2966	2003	300	36
2966	2004	280	36
2966	2005	295	36
2966	2006	314	36
2966	2007	290	36
2966	2008	283	36
2966	2009	297	36
2966	2010	264	36
2966	2011	297	36
2966	2012	302	36
2966	2013	293	36
2966	2014	304	36
2966	2015	285	36
2971	1979	309	24
2971	1980	289	24
2971	1981	281	24
2971	1982	265	24
2971	1983	300	24
2971	1984	298	24
2971	1985	295	24
2971	1986	272	24
2971	1987	285	24
2971	1988	285	24
2971	1989	270	24
2971	1991	268	24
2971	1993	283	24
2971	1994	271	24
2971	1998	271	24
2971	2005	305	24
2971	2006	297	24
2971	2008	276	24
2971	2009	267	24
2971	2010	279	24
2971	2012	308	24
2971	2013	274	24
2971	2014	268	24
2971	2015	279	24
2972	1979	292	21
2972	1980	295	21
2972	1981	297	21
2972	1982	298	21
2972	1983	292	21
2972	1984	302	21
2972	1985	295	21
2972	1986	279	21
2972	1987	294	21
2972	1988	285	21
2972	1989	288	21
2972	1990	289	21
2972	1991	287	21
2972	1992	292	21
2972	1993	279	21
2972	1994	265	21
2972	1995	277	21
2972	1996	281	21
2972	1997	296	21
2972	1998	291	21
2972	1999	293	21
2976	1980	292	31
2976	1981	290	31
2976	1982	306	31
2976	1983	317	31
2976	1984	292	31
2976	1985	312	31
2976	1986	291	31
2976	1987	324	31
2976	1988	303	31
2976	1989	285	31
2976	1990	295	31
2976	1993	266	31
2976	1994	293	31
2976	1995	292	31
2976	1996	279	31
2976	1997	306	31
2976	1998	299	31
2976	1999	294	31
2976	2000	289	31
2976	2001	302	31
2976	2002	301	31
2976	2003	295	31
2976	2004	304	31
2976	2006	309	31
2976	2007	283	31
2976	2008	288	31
2976	2009	297	31
2976	2010	297	31
2976	2011	297	31
2976	2014	308	31
2976	2015	299	31
2977	1981	301	30
2977	1982	288	30
2977	1983	292	30
2977	1984	282	30
2977	1985	289	30
2977	1986	292	30
2977	1987	290	30
2977	1988	275	30
2977	1989	280	30
2977	1990	278	30
2977	1993	283	30
2977	1994	288	30
2977	1995	288	30
2977	1996	298	30
2977	1997	298	30
2977	1998	303	30
2977	1999	309	30
2977	2000	293	30
2977	2001	303	30
2977	2002	293	30
2977	2003	303	30
2977	2004	309	30
2977	2005	319	30
2977	2006	319	30
2977	2007	309	30
2977	2008	306	30
2977	2010	314	30
2977	2012	329	30
2977	2013	289	30
2977	2014	285	30
2978	1979	278	32
2978	1980	290	32
2978	1981	288	32
2978	1982	290	32
2978	1983	290	32
2978	1984	298	32
2978	1985	296	32
2978	1986	271	32
2978	1987	288	32
2978	1988	291	32
2978	1989	260	32
2978	1990	290	32
2978	1992	278	32
2978	1993	268	32
2978	1995	291	32
2978	1996	276	32
2978	1997	293	32
2978	1998	288	32
2978	1999	292	32
2978	2000	291	32
2978	2001	283	32
2978	2002	287	32
2978	2004	293	32
2978	2005	285	32
2978	2006	297	32
2978	2007	293	32
2978	2008	283	32
2978	2009	271	32
2978	2010	293	32
2978	2011	293	32
2978	2012	330	32
2978	2013	314	32
2980	1979	295	23
2980	1981	300	23
2980	1982	290	23
2980	1984	290	23
2980	1985	272	23
2980	1986	279	23
2980	1987	287	23
2980	1988	280	23
2980	1989	292	23
2980	1990	285	23
2980	1991	302	23
2980	1992	270	23
2980	1993	265	23
2980	1994	268	23
2980	1995	273	23
2980	1996	277	23
2980	1997	281	23
2980	1998	279	23
2980	1999	284	23
2980	2000	269	23
2980	2001	277	23
2980	2002	280	23
2980	2003	282	23
2985	1979	280	22
2985	1980	275	22
2985	1981	289	22
2985	1982	286	22
2985	1983	293	22
2985	1984	296	22
2985	1985	297	22
2985	1986	280	22
2985	1987	294	22
2985	1988	275	22
2985	1989	282	22
2985	1990	278	22
2985	1991	305	22
2985	2006	288	22
2985	2007	287	22
2985	2008	272	22
2985	2010	281	22
2985	2011	272	22
2985	2012	303	22
2985	2013	302	22
2985	2014	304	22
2985	2015	308	22
2986	1979	309	19
2986	1980	301	19
2986	1981	298	19
2986	1982	302	19
2986	1983	294	19
2986	1984	303	19
2986	1985	303	19
2986	1986	302	19
2986	1987	296	19
2986	1988	291	19
2986	1989	290	19
2986	1990	289	19
2986	1991	295	19
2986	1992	284	19
2986	1993	279	19
2986	1994	295	19
2986	1995	290	19
2986	1996	276	19
2986	1997	299	19
2990	1979	285	23
2990	1980	289	23
2990	1981	274	23
2990	1982	290	23
2990	1983	268	23
2990	1984	280	23
2990	1985	277	23
2990	1986	276	23
2990	1987	288	23
2990	1988	280	23
2990	1989	268	23
2990	1990	283	23
2990	1991	286	23
2990	1992	296	23
2990	1993	275	23
2990	1994	277	23
2990	1995	296	23
2990	1996	299	23
2990	1997	306	23
2990	1998	302	23
2990	1999	302	23
2990	2000	307	23
2990	2001	318	23
2992	1979	284	17
2992	1980	286	17
2992	1981	291	17
2992	1982	289	17
2992	1983	287	17
2992	1984	283	17
2992	1985	269	17
2992	1986	275	17
2992	1987	279	17
2992	1988	275	17
2992	1989	260	17
2992	1990	270	17
2992	1991	252	17
2992	1992	293	17
2992	1993	293	17
2992	1994	269	17
2992	1995	288	17
2994	1979	290	23
2994	1980	286	23
2994	1981	279	23
2994	1982	273	23
2994	1983	262	23
2994	1984	287	23
2994	1985	275	23
2994	1986	258	23
2994	1987	285	23
2994	1988	260	23
2994	1989	261	23
2994	1990	259	23
2994	1991	263	23
2994	1992	248	23
2994	1993	278	23
2994	1994	271	23
2994	1995	263	23
2994	1996	271	23
2994	1997	261	23
2994	1998	275	23
2994	1999	281	23
2994	2000	246	23
2994	2001	254	23
2997	1979	287	28
2997	1980	289	28
2997	1981	299	28
2997	1982	303	28
2997	1983	310	28
2997	1984	306	28
2997	1985	276	28
2997	1986	290	28
2997	1987	300	28
2997	1988	293	28
2997	1989	292	28
2997	1990	300	28
2997	1992	295	28
2997	1993	300	28
2997	1994	291	28
2997	1995	296	28
2997	1996	296	28
2997	1997	275	28
2997	1999	290	28
2997	2000	287	28
2997	2001	274	28
2997	2002	295	28
2997	2010	296	28
2997	2011	300	28
2997	2012	317	28
2997	2013	290	28
2997	2014	294	28
2997	2015	291	28
3000	1980	274	20
3000	1982	274	20
3000	1984	302	20
3000	1985	320	20
3000	1986	301	20
3000	1987	307	20
3000	1988	294	20
3000	1990	269	20
3000	1991	263	20
3000	1992	275	20
3000	1993	293	20
3000	1994	287	20
3000	1995	286	20
3000	1999	293	20
3000	2000	295	20
3000	2001	288	20
3000	2002	278	20
3000	2003	263	20
3000	2005	268	20
3000	2006	274	20
3001	1979	281	23
3001	1980	292	23
3001	1981	280	23
3001	1982	292	23
3001	1983	289	23
3001	1984	296	23
3001	1985	285	23
3001	1986	276	23
3001	1987	297	23
3001	1988	285	23
3001	1989	281	23
3001	1990	277	23
3001	1991	297	23
3001	1992	299	23
3001	1993	293	23
3001	1994	285	23
3001	1995	284	23
3001	1996	266	23
3001	1997	287	23
3001	1998	291	23
3001	1999	286	23
3001	2000	284	23
3001	2001	289	23
3003	1989	283	15
3003	1990	287	15
3003	1991	289	15
3003	1992	294	15
3003	1993	259	15
3003	1995	284	15
3003	1996	276	15
3003	1997	291	15
3003	1998	264	15
3003	2000	288	15
3003	2001	296	15
3003	2002	284	15
3003	2003	289	15
3003	2004	293	15
3003	2005	281	15
3007	1979	279	21
3007	1980	288	21
3007	1981	283	21
3007	1984	280	21
3007	1985	272	21
3007	1986	272	21
3007	1988	266	21
3007	1993	284	21
3007	1994	290	21
3007	1995	290	21
3007	1996	271	21
3007	1997	275	21
3007	1998	289	21
3007	1999	292	21
3007	2000	280	21
3007	2001	297	21
3007	2002	280	21
3007	2003	277	21
3007	2004	275	21
3007	2005	280	21
3007	2006	272	21
3014	1979	316	37
3014	1980	299	37
3014	1981	283	37
3014	1982	307	37
3014	1983	267	37
3014	1984	294	37
3014	1985	308	37
3014	1986	303	37
3014	1987	311	37
3014	1988	272	37
3014	1989	298	37
3014	1990	284	37
3014	1991	288	37
3014	1992	265	37
3014	1993	300	37
3014	1994	298	37
3014	1995	285	37
3014	1996	290	37
3014	1997	300	37
3014	1998	296	37
3014	1999	290	37
3014	2000	281	37
3014	2001	286	37
3014	2002	269	37
3014	2003	254	37
3014	2004	282	37
3014	2005	267	37
3014	2006	275	37
3014	2007	276	37
3014	2008	280	37
3014	2009	275	37
3014	2010	259	37
3014	2011	302	37
3014	2012	308	37
3014	2013	311	37
3014	2014	289	37
3014	2015	274	37
3016	1979	284	21
3016	1980	294	21
3016	1981	297	21
3016	1982	292	21
3016	1983	290	21
3016	1984	291	21
3016	1985	287	21
3016	1986	275	21
3016	1987	288	21
3016	1988	287	21
3016	1989	290	21
3016	1990	279	21
3016	1991	291	21
3016	1992	294	21
3016	1993	279	21
3016	1994	285	21
3016	1995	296	21
3016	1996	282	21
3016	1997	302	21
3016	1998	292	21
3016	1999	297	21
3018	1979	276	32
3018	1980	288	32
3018	1981	281	32
3018	1982	287	32
3018	1983	282	32
3018	1984	290	32
3018	1985	285	32
3018	1986	282	32
3018	1987	283	32
3018	1988	277	32
3018	1989	281	32
3018	1993	303	32
3018	1994	297	32
3018	1996	263	32
3018	1997	313	32
3018	1998	296	32
3018	1999	305	32
3018	2000	295	32
3018	2001	305	32
3018	2002	292	32
3018	2003	313	32
3018	2004	310	32
3018	2005	304	32
3018	2006	318	32
3018	2007	298	32
3018	2008	291	32
3018	2009	317	32
3018	2010	295	32
3018	2011	304	32
3018	2012	345	32
3018	2013	314	32
3018	2014	312	32
3019	1980	285	35
3019	1982	305	35
3019	1983	301	35
3019	1984	283	35
3019	1985	290	35
3019	1986	290	35
3019	1987	285	35
3019	1988	273	35
3019	1989	280	35
3019	1990	274	35
3019	1991	278	35
3019	1992	294	35
3019	1993	286	35
3019	1994	296	35
3019	1995	283	35
3019	1996	278	35
3019	1997	292	35
3019	1998	276	35
3019	1999	289	35
3019	2000	287	35
3019	2001	284	35
3019	2002	289	35
3019	2003	274	35
3019	2004	292	35
3019	2005	281	35
3019	2006	283	35
3019	2007	266	35
3019	2008	279	35
3019	2009	287	35
3019	2010	280	35
3019	2011	295	35
3019	2012	306	35
3019	2013	284	35
3019	2014	269	35
3019	2015	273	35
3023	1979	280	36
3023	1980	290	36
3023	1981	293	36
3023	1982	288	36
3023	1983	299	36
3023	1984	285	36
3023	1985	302	36
3023	1986	288	36
3023	1987	292	36
3023	1988	285	36
3023	1989	283	36
3023	1990	286	36
3023	1991	308	36
3023	1992	298	36
3023	1993	286	36
3023	1994	291	36
3023	1995	287	36
3023	1996	273	36
3023	1997	298	36
3023	1998	288	36
3023	1999	301	36
3023	2000	294	36
3023	2001	301	36
3023	2002	290	36
3023	2003	303	36
3023	2004	301	36
3023	2005	297	36
3023	2006	303	36
3023	2007	301	36
3023	2008	286	36
3023	2009	301	36
3023	2010	297	36
3023	2011	298	36
3023	2012	318	36
3023	2013	296	36
3023	2014	302	36
3025	1984	279	29
3025	1985	257	29
3025	1986	267	29
3025	1987	276	29
3025	1988	279	29
3025	1989	290	29
3025	1990	281	29
3025	1992	282	29
3025	1993	288	29
3025	1994	280	29
3025	1995	289	29
3025	1998	275	29
3025	1999	284	29
3025	2000	284	29
3025	2001	268	29
3025	2002	267	29
3025	2003	290	29
3025	2004	271	29
3025	2005	283	29
3025	2006	285	29
3025	2007	261	29
3025	2008	263	29
3025	2009	257	29
3025	2010	270	29
3025	2011	287	29
3025	2012	293	29
3025	2013	287	29
3025	2014	274	29
3025	2015	268	29
3036	1979	280	24
3036	1980	284	24
3036	1981	293	24
3036	1982	292	24
3036	1983	288	24
3036	1984	292	24
3036	1985	292	24
3036	1986	281	24
3036	1987	301	24
3036	1988	290	24
3036	1989	291	24
3036	1990	297	24
3036	1991	303	24
3036	1992	287	24
3036	1993	278	24
3036	1994	295	24
3036	1995	298	24
3036	1996	278	24
3036	1997	306	24
3036	1998	283	24
3036	1999	290	24
3036	2000	290	24
3036	2001	303	24
3036	2002	292	24
3040	1979	285	21
3040	1980	294	21
3040	1981	290	21
3040	1982	297	21
3040	1983	290	21
3040	1984	293	21
3040	1985	288	21
3040	1986	298	21
3040	1987	290	21
3040	1988	290	21
3040	1989	287	21
3040	1990	283	21
3040	1991	303	21
3040	1992	290	21
3040	1993	303	21
3040	1994	290	21
3040	1995	295	21
3040	1996	286	21
3040	1997	287	21
3040	1998	287	21
3040	1999	295	21
3047	1979	298	18
3047	1982	283	18
3047	1983	289	18
3047	1984	281	18
3047	1985	290	18
3047	1986	272	18
3047	1987	284	18
3047	1988	258	18
3047	1989	266	18
3047	1990	272	18
3047	1991	305	18
3047	1992	299	18
3047	1993	293	18
3047	1994	294	18
3047	1995	278	18
3047	1996	268	18
3047	1998	264	18
3047	1999	276	18
3049	1979	326	31
3049	1980	311	31
3049	1981	309	31
3049	1982	315	31
3049	1983	321	31
3049	1984	322	31
3049	1985	324	31
3049	1986	312	31
3049	1987	314	31
3049	1988	310	31
3049	1989	311	31
3049	1990	313	31
3049	1991	306	31
3049	1992	307	31
3049	1993	311	31
3049	1994	309	31
3049	1995	301	31
3049	1996	307	31
3049	1997	306	31
3049	1998	309	31
3049	1999	305	31
3049	2000	308	31
3049	2001	316	31
3049	2002	310	31
3049	2003	311	31
3049	2004	314	31
3049	2005	317	31
3049	2006	320	31
3049	2007	322	31
3049	2008	318	31
3049	2009	319	31
3052	1979	289	35
3052	1980	282	35
3052	1981	288	35
3052	1982	276	35
3052	1983	293	35
3052	1984	289	35
3052	1985	298	35
3052	1986	276	35
3052	1987	292	35
3052	1988	295	35
3052	1990	305	35
3052	1991	250	35
3052	1992	302	35
3052	1993	287	35
3052	1994	294	35
3052	1995	301	35
3052	1996	279	35
3052	1997	274	35
3052	1998	281	35
3052	1999	293	35
3052	2000	285	35
3052	2001	287	35
3052	2002	284	35
3052	2003	301	35
3052	2004	301	35
3052	2005	308	35
3052	2006	299	35
3052	2007	296	35
3052	2008	295	35
3052	2009	299	35
3052	2010	285	35
3052	2011	292	35
3052	2012	310	35
3052	2013	273	35
3052	2014	298	35
3053	1979	287	25
3053	1980	306	25
3053	1981	310	25
3053	1982	318	25
3053	1983	315	25
3053	1984	303	25
3053	1985	303	25
3053	1986	300	25
3053	1987	310	25
3053	1988	280	25
3053	1989	277	25
3053	1990	280	25
3053	1994	280	25
3053	2000	294	25
3053	2001	302	25
3053	2005	298	25
3053	2006	297	25
3053	2007	290	25
3053	2008	286	25
3053	2009	298	25
3053	2011	297	25
3053	2012	321	25
3053	2013	311	25
3053	2014	300	25
3053	2015	295	25
3059	1979	290	22
3059	1980	301	22
3059	1981	296	22
3059	1982	279	22
3059	1983	298	22
3059	1984	298	22
3059	1985	291	22
3059	1986	286	22
3059	1987	293	22
3059	1988	287	22
3059	1989	282	22
3059	1990	280	22
3059	1991	293	22
3059	1992	277	22
3059	1993	273	22
3059	1994	281	22
3059	1995	297	22
3059	1996	287	22
3059	1997	285	22
3059	1998	291	22
3059	1999	291	22
3059	2000	297	22
3063	1979	286	37
3063	1980	280	37
3063	1981	280	37
3063	1982	281	37
3063	1983	280	37
3063	1984	281	37
3063	1985	285	37
3063	1986	285	37
3063	1987	285	37
3063	1988	287	37
3063	1989	280	37
3063	1990	280	37
3063	1991	278	37
3063	1992	281	37
3063	1993	283	37
3063	1994	283	37
3063	1995	285	37
3063	1996	287	37
3063	1997	303	37
3063	1998	297	37
3063	1999	292	37
3063	2000	284	37
3063	2001	306	37
3063	2002	277	37
3063	2003	305	37
3063	2004	297	37
3063	2005	293	37
3063	2006	303	37
3063	2007	279	37
3063	2008	281	37
3063	2009	278	37
3063	2010	272	37
3063	2011	286	37
3063	2012	316	37
3063	2013	284	37
3063	2014	288	37
3063	2015	289	37
3064	1979	293	16
3064	1980	294	16
3064	1981	297	16
3064	1982	292	16
3064	1983	293	16
3064	1984	287	16
3064	1985	290	16
3064	1986	292	16
3064	1987	282	16
3064	1988	265	16
3064	1989	279	16
3064	1990	286	16
3064	1991	292	16
3064	1992	296	16
3064	1993	292	16
3064	1994	294	16
3065	1979	285	34
3065	1980	295	34
3065	1981	288	34
3065	1982	285	34
3065	1983	288	34
3065	1984	295	34
3065	1985	296	34
3065	1986	285	34
3065	1987	290	34
3065	1988	285	34
3065	1989	283	34
3065	1990	285	34
3065	1991	306	34
3065	1992	298	34
3065	1993	281	34
3065	1994	283	34
3065	1995	287	34
3065	1996	282	34
3065	1997	278	34
3065	1998	285	34
3065	1999	290	34
3065	2000	288	34
3065	2001	293	34
3065	2002	284	34
3065	2003	281	34
3065	2004	293	34
3065	2005	295	34
3065	2006	298	34
3065	2007	288	34
3065	2008	285	34
3065	2009	287	34
3065	2012	309	34
3065	2013	289	34
3065	2015	295	34
3067	1980	268	31
3067	1981	314	31
3067	1982	275	31
3067	1983	299	31
3067	1984	307	31
3067	1985	299	31
3067	1986	280	31
3067	1987	290	31
3067	1988	274	31
3067	1989	285	31
3067	1990	287	31
3067	1991	304	31
3067	1992	296	31
3067	1993	305	31
3067	1994	291	31
3067	1995	299	31
3067	1996	284	31
3067	1997	303	31
3067	1998	289	31
3067	1999	296	31
3067	2000	290	31
3067	2001	296	31
3067	2002	290	31
3067	2003	296	31
3067	2004	292	31
3067	2006	303	31
3067	2007	293	31
3067	2008	287	31
3067	2009	294	31
3067	2010	287	31
3067	2011	296	31
3068	1979	281	36
3068	1980	280	36
3068	1981	288	36
3068	1982	294	36
3068	1983	290	36
3068	1984	287	36
3068	1985	295	36
3068	1986	280	36
3068	1987	290	36
3068	1988	270	36
3068	1989	292	36
3068	1991	305	36
3068	1992	282	36
3068	1993	276	36
3068	1994	268	36
3068	1995	277	36
3068	1996	268	36
3068	1997	307	36
3068	1998	282	36
3068	1999	291	36
3068	2000	286	36
3068	2001	275	36
3068	2002	275	36
3068	2003	265	36
3068	2004	267	36
3068	2005	279	36
3068	2006	279	36
3068	2007	278	36
3068	2008	258	36
3068	2009	281	36
3068	2010	284	36
3068	2011	284	36
3068	2012	303	36
3068	2013	297	36
3068	2014	292	36
3068	2015	292	36
3069	1979	288	36
3069	1980	301	36
3069	1981	295	36
3069	1982	298	36
3069	1983	302	36
3069	1984	297	36
3069	1985	299	36
3069	1986	282	36
3069	1987	293	36
3069	1988	285	36
3069	1989	292	36
3069	1990	279	36
3069	1991	306	36
3069	1992	270	36
3069	1994	279	36
3069	1995	285	36
3069	1996	281	36
3069	1997	304	36
3069	1998	295	36
3069	1999	300	36
3069	2000	296	36
3069	2001	289	36
3069	2002	284	36
3069	2003	303	36
3069	2004	287	36
3069	2005	297	36
3069	2006	297	36
3069	2007	288	36
3069	2008	288	36
3069	2009	293	36
3069	2010	304	36
3069	2011	292	36
3069	2012	329	36
3069	2013	288	36
3069	2014	301	36
3069	2015	291	36
3070	1979	290	25
3070	1980	305	25
3070	1981	303	25
3070	1982	297	25
3070	1983	301	25
3070	1984	305	25
3070	1985	298	25
3070	1986	287	25
3070	1987	290	25
3070	1988	283	25
3070	1989	302	25
3070	1990	288	25
3070	1991	298	25
3070	1992	283	25
3070	1993	271	25
3070	1994	296	25
3070	1995	285	25
3070	1996	279	25
3070	1997	303	25
3070	1998	285	25
3070	1999	294	25
3070	2000	289	25
3070	2001	287	25
3070	2002	282	25
3070	2003	281	25
3071	1979	287	30
3071	1980	292	30
3071	1981	289	30
3071	1982	287	30
3071	1983	289	30
3071	1984	301	30
3071	1985	287	30
3071	1986	289	30
3071	1987	294	30
3071	1988	285	30
3071	1989	274	30
3071	1990	270	30
3071	1991	285	30
3071	1992	283	30
3071	1993	278	30
3071	1994	274	30
3071	1995	274	30
3071	1996	283	30
3071	1997	263	30
3071	1998	268	30
3071	1999	270	30
3071	2000	275	30
3071	2001	273	30
3071	2002	272	30
3071	2003	268	30
3071	2004	274	30
3071	2005	276	30
3071	2006	279	30
3071	2007	274	30
3071	2008	268	30
3076	1979	290	36
3076	1980	294	36
3076	1981	293	36
3076	1983	272	36
3076	1984	286	36
3076	1985	295	36
3076	1986	268	36
3076	1987	298	36
3076	1988	275	36
3076	1989	287	36
3076	1990	288	36
3076	1991	300	36
3076	1992	276	36
3076	1993	269	36
3076	1994	281	36
3076	1995	285	36
3076	1996	268	36
3076	1997	285	36
3076	1998	280	36
3076	1999	278	36
3076	2000	282	36
3076	2001	283	36
3076	2002	274	36
3076	2003	271	36
3076	2004	288	36
3076	2005	293	36
3076	2006	288	36
3076	2007	270	36
3076	2008	269	36
3076	2009	288	36
3076	2010	273	36
3076	2011	292	36
3076	2012	297	36
3076	2013	278	36
3076	2014	278	36
3076	2015	282	36
3081	1979	306	22
3081	1980	303	22
3081	1981	302	22
3081	1982	294	22
3081	1983	312	22
3081	1984	300	22
3081	1985	302	22
3081	1986	302	22
3081	1987	293	22
3081	1988	280	22
3081	1989	292	22
3081	1990	298	22
3081	1991	311	22
3081	1992	302	22
3081	1993	299	22
3081	1994	295	22
3081	1995	302	22
3081	1996	290	22
3081	1997	311	22
3081	1999	309	22
3081	2000	309	22
3081	2003	300	22
3082	1994	289	19
3082	1998	291	19
3082	1999	280	19
3082	2000	283	19
3082	2001	283	19
3082	2002	279	19
3082	2003	254	19
3082	2004	274	19
3082	2005	273	19
3082	2006	279	19
3082	2007	273	19
3082	2008	274	19
3082	2009	281	19
3082	2010	280	19
3082	2011	274	19
3082	2012	300	19
3082	2013	284	19
3082	2014	261	19
3082	2015	273	19
3086	1979	300	22
3086	1980	300	22
3086	1981	298	22
3086	1982	301	22
3086	1983	305	22
3086	1984	299	22
3086	1985	301	22
3086	1986	290	22
3086	1987	296	22
3086	1988	291	22
3086	1989	293	22
3086	1990	294	22
3086	1991	308	22
3086	1992	300	22
3086	1993	304	22
3086	1994	291	22
3086	1995	298	22
3086	1996	289	22
3086	1997	300	22
3086	1998	303	22
3086	1999	302	22
3086	2000	294	22
3087	1979	296	27
3087	1980	298	27
3087	1981	296	27
3087	1982	298	27
3087	1983	303	27
3087	1984	300	27
3087	1985	307	27
3087	1986	282	27
3087	1987	290	27
3087	1988	291	27
3087	1989	290	27
3087	1990	296	27
3087	1991	302	27
3087	1992	291	27
3087	1993	286	27
3087	1994	286	27
3087	1995	301	27
3087	1996	275	27
3087	1997	293	27
3087	1998	283	27
3087	1999	283	27
3087	2000	279	27
3087	2001	293	27
3087	2002	275	27
3087	2003	302	27
3087	2004	298	27
3087	2005	293	27
3088	1979	283	28
3088	1980	264	28
3088	1981	273	28
3088	1982	296	28
3088	1983	299	28
3088	1984	290	28
3088	1985	296	28
3088	1986	288	28
3088	1987	288	28
3088	1988	279	28
3088	1989	289	28
3088	1990	294	28
3088	1991	290	28
3088	1992	293	28
3088	1993	303	28
3088	1994	301	28
3088	1995	298	28
3088	1996	282	28
3088	1997	298	28
3088	1998	293	28
3088	1999	296	28
3088	2000	295	28
3088	2001	305	28
3088	2002	294	28
3088	2003	298	28
3088	2004	297	28
3088	2005	283	28
3088	2006	293	28
3091	1979	289	36
3091	1980	291	36
3091	1981	294	36
3091	1982	276	36
3091	1984	285	36
3091	1985	306	36
3091	1986	276	36
3091	1987	272	36
3091	1988	280	36
3091	1989	284	36
3091	1990	295	36
3091	1991	283	36
3091	1992	288	36
3091	1993	288	36
3091	1994	268	36
3091	1995	289	36
3091	1996	288	36
3091	1997	289	36
3091	1998	290	36
3091	1999	286	36
3091	2000	289	36
3091	2001	296	36
3091	2002	288	36
3091	2003	283	36
3091	2004	298	36
3091	2005	303	36
3091	2006	299	36
3091	2007	272	36
3091	2008	267	36
3091	2009	269	36
3091	2010	270	36
3091	2011	290	36
3091	2012	308	36
3091	2013	271	36
3091	2014	303	36
3091	2015	288	36
3092	1979	302	23
3092	1980	306	23
3092	1981	290	23
3092	1982	305	23
3092	1983	314	23
3092	1984	305	23
3092	1985	310	23
3092	1986	298	23
3092	1987	306	23
3092	1988	306	23
3092	1989	305	23
3092	1990	296	23
3092	1991	301	23
3092	1992	306	23
3092	1993	299	23
3092	1994	288	23
3092	1995	279	23
3092	1996	278	23
3092	1997	282	23
3092	1998	315	23
3092	1999	291	23
3092	2000	296	23
3092	2001	304	23
3098	1980	293	15
3098	1981	290	15
3098	1982	287	15
3098	1983	295	15
3098	1984	294	15
3098	1985	300	15
3098	1986	285	15
3098	1987	299	15
3098	1988	290	15
3098	1989	291	15
3098	1990	298	15
3098	1991	300	15
3098	1992	296	15
3098	1993	304	15
3098	1994	302	15
3099	1979	310	37
3099	1980	294	37
3099	1981	295	37
3099	1982	296	37
3099	1983	300	37
3099	1984	290	37
3099	1985	290	37
3099	1986	270	37
3099	1987	293	37
3099	1988	273	37
3099	1989	274	37
3099	1990	273	37
3099	1991	293	37
3099	1992	279	37
3099	1993	267	37
3099	1994	292	37
3099	1995	288	37
3099	1996	272	37
3099	1997	288	37
3099	1998	274	37
3099	1999	279	37
3099	2000	276	37
3099	2001	279	37
3099	2002	278	37
3099	2003	274	37
3099	2004	293	37
3099	2005	285	37
3099	2006	263	37
3099	2007	279	37
3099	2008	285	37
3099	2009	279	37
3099	2010	275	37
3099	2011	278	37
3099	2012	305	37
3099	2013	291	37
3099	2014	268	37
3099	2015	293	37
3100	1979	289	32
3100	1980	260	32
3100	1981	283	32
3100	1982	278	32
3100	1983	279	32
3100	1984	284	32
3100	1985	282	32
3100	1986	282	32
3100	1987	290	32
3100	1988	263	32
3100	1989	271	32
3100	1990	260	32
3100	1991	279	32
3100	1992	271	32
3100	1993	255	32
3100	1994	263	32
3100	1995	275	32
3100	1996	262	32
3100	1997	268	32
3100	1998	263	32
3100	1999	265	32
3100	2000	263	32
3100	2001	261	32
3100	2002	261	32
3100	2003	261	32
3100	2004	265	32
3100	2005	273	32
3100	2006	273	32
3100	2007	257	32
3100	2008	265	32
3100	2013	296	32
3100	2015	284	32
3103	1980	298	29
3103	1981	289	29
3103	1982	298	29
3103	1983	305	29
3103	1984	293	29
3103	1985	298	29
3103	1986	279	29
3103	1987	298	29
3103	1988	298	29
3103	1989	286	29
3103	1990	300	29
3103	1991	310	29
3103	1992	290	29
3103	1993	302	29
3103	1994	295	29
3103	1995	292	29
3103	1996	290	29
3103	1997	298	29
3103	1998	265	29
3103	1999	292	29
3103	2000	287	29
3103	2001	296	29
3103	2002	282	29
3103	2003	291	29
3103	2004	296	29
3103	2005	289	29
3103	2006	268	29
3103	2007	289	29
3103	2008	285	29
3105	1979	274	31
3105	1980	281	31
3105	1981	282	31
3105	1982	289	31
3105	1983	284	31
3105	1984	262	31
3105	1985	296	31
3105	1986	287	31
3105	1987	311	31
3105	1988	304	31
3105	1989	296	31
3105	1990	306	31
3105	1991	304	31
3105	1992	301	31
3105	1993	285	31
3105	1994	277	31
3105	1995	293	31
3105	1996	288	31
3105	1997	309	31
3105	1998	304	31
3105	1999	298	31
3105	2000	289	31
3105	2001	302	31
3105	2002	295	31
3105	2003	302	31
3105	2004	293	31
3105	2005	283	31
3105	2006	285	31
3105	2007	287	31
3105	2008	274	31
3105	2009	266	31
3110	1979	292	37
3110	1980	294	37
3110	1981	290	37
3110	1982	295	37
3110	1983	300	37
3110	1984	308	37
3110	1985	298	37
3110	1986	285	37
3110	1987	288	37
3110	1988	280	37
3110	1989	270	37
3110	1990	285	37
3110	1991	285	37
3110	1992	287	37
3110	1993	285	37
3110	1994	288	37
3110	1995	303	37
3110	1996	302	37
3110	1997	289	37
3110	1998	277	37
3110	1999	283	37
3110	2000	273	37
3110	2001	275	37
3110	2002	293	37
3110	2003	302	37
3110	2004	280	37
3110	2005	315	37
3110	2006	273	37
3110	2007	287	37
3110	2008	288	37
3110	2009	281	37
3110	2010	284	37
3110	2011	275	37
3110	2012	310	37
3110	2013	285	37
3110	2014	288	37
3110	2015	297	37
3114	1979	273	18
3114	1980	279	18
3114	1981	299	18
3114	1982	300	18
3114	1983	299	18
3114	1984	302	18
3114	1985	300	18
3114	1986	303	18
3114	1987	306	18
3114	1988	288	18
3114	1989	301	18
3114	1990	305	18
3114	1991	308	18
3114	1992	273	18
3114	1993	285	18
3114	1994	289	18
3114	1995	288	18
3114	1996	289	18
3119	1979	289	17
3119	1980	293	17
3119	1981	293	17
3119	1982	298	17
3119	1983	298	17
3119	1984	287	17
3119	1985	298	17
3119	1986	283	17
3119	1987	293	17
3119	1988	315	17
3119	1989	313	17
3119	1990	298	17
3119	1991	293	17
3119	1992	307	17
3119	1993	329	17
3119	1994	263	17
3119	1995	264	17
3120	1980	270	36
3120	1981	273	36
3120	1982	278	36
3120	1983	265	36
3120	1984	284	36
3120	1985	273	36
3120	1986	275	36
3120	1987	278	36
3120	1988	273	36
3120	1989	260	36
3120	1990	267	36
3120	1991	245	36
3120	1992	268	36
3120	1993	273	36
3120	1994	272	36
3120	1995	283	36
3120	1996	277	36
3120	1997	282	36
3120	1998	286	36
3120	1999	293	36
3120	2000	298	36
3120	2001	303	36
3120	2002	301	36
3120	2003	299	36
3120	2004	300	36
3120	2005	303	36
3120	2006	308	36
3120	2007	297	36
3120	2008	290	36
3120	2009	297	36
3120	2010	294	36
3120	2011	297	36
3120	2012	316	36
3120	2013	289	36
3120	2014	297	36
3120	2015	300	36
3121	1979	300	21
3121	1981	297	21
3121	1982	307	21
3121	1983	279	21
3121	1984	304	21
3121	1985	303	21
3121	1986	284	21
3121	1987	290	21
3121	1988	287	21
3121	1989	285	21
3121	1990	284	21
3121	1991	283	21
3121	1992	299	21
3121	1993	299	21
3121	1994	297	21
3121	1995	293	21
3121	1996	281	21
3121	1997	275	21
3121	1998	284	21
3121	1999	293	21
3121	2000	288	21
3124	1979	280	32
3124	1980	291	32
3124	1981	268	32
3124	1982	275	32
3124	1983	280	32
3124	1984	270	32
3124	1985	279	32
3124	1986	269	32
3124	1987	281	32
3124	1988	265	32
3124	1989	281	32
3124	1990	273	32
3124	1991	284	32
3124	1992	287	32
3124	1993	268	32
3124	1994	285	32
3124	1995	274	32
3124	1996	263	32
3124	1997	269	32
3124	1998	283	32
3124	1999	284	32
3124	2000	284	32
3124	2001	282	32
3124	2002	272	32
3124	2003	289	32
3124	2004	276	32
3124	2005	277	32
3124	2006	282	32
3124	2007	273	32
3124	2011	280	32
3124	2014	287	32
3124	2015	288	32
3127	1979	308	36
3127	1980	314	36
3127	1981	312	36
3127	1982	309	36
3127	1984	312	36
3127	1985	299	36
3127	1986	298	36
3127	1987	303	36
3127	1988	300	36
3127	1989	295	36
3127	1990	282	36
3127	1991	258	36
3127	1992	280	36
3127	1993	276	36
3127	1994	273	36
3127	1995	271	36
3127	1996	278	36
3127	1997	281	36
3127	1998	283	36
3127	1999	278	36
3127	2000	269	36
3127	2001	291	36
3127	2002	278	36
3127	2003	272	36
3127	2004	288	36
3127	2005	283	36
3127	2006	283	36
3127	2007	281	36
3127	2008	281	36
3127	2009	276	36
3127	2010	274	36
3127	2011	269	36
3127	2012	284	36
3127	2013	275	36
3127	2014	258	36
3127	2015	271	36
3128	1980	300	16
3128	1981	302	16
3128	1982	290	16
3128	1985	300	16
3128	1986	284	16
3128	1987	301	16
3128	1988	273	16
3128	1989	289	16
3128	1990	294	16
3128	1992	288	16
3128	1993	291	16
3128	1994	302	16
3128	1995	297	16
3128	1996	300	16
3128	1997	264	16
3128	1998	301	16
3133	1988	307	26
3133	1989	296	26
3133	1990	294	26
3133	1991	308	26
3133	1992	302	26
3133	1993	305	26
3133	1994	295	26
3133	1995	301	26
3133	1996	292	26
3133	1997	303	26
3133	1998	295	26
3133	1999	302	26
3133	2002	296	26
3133	2003	300	26
3133	2004	297	26
3133	2005	294	26
3133	2006	303	26
3133	2007	302	26
3133	2008	286	26
3133	2009	296	26
3133	2010	299	26
3133	2011	300	26
3133	2012	301	26
3133	2013	297	26
3133	2014	296	26
3133	2015	289	26
3135	1979	284	36
3135	1980	273	36
3135	1981	279	36
3135	1982	300	36
3135	1983	295	36
3135	1984	284	36
3135	1985	294	36
3135	1986	284	36
3135	1987	292	36
3135	1988	265	36
3135	1989	275	36
3135	1991	277	36
3135	1992	299	36
3135	1993	286	36
3135	1994	286	36
3135	1995	293	36
3135	1996	276	36
3135	1997	285	36
3135	1998	285	36
3135	1999	299	36
3135	2000	298	36
3135	2001	299	36
3135	2002	292	36
3135	2003	300	36
3135	2004	296	36
3135	2005	297	36
3135	2006	315	36
3135	2007	289	36
3135	2008	285	36
3135	2009	299	36
3135	2010	299	36
3135	2011	303	36
3135	2012	313	36
3135	2013	312	36
3135	2014	306	36
3135	2015	298	36
3139	1979	289	24
3139	1980	298	24
3139	1981	295	24
3139	1982	300	24
3139	1983	304	24
3139	1984	302	24
3139	1985	303	24
3139	1986	291	24
3139	1987	295	24
3139	1988	292	24
3139	1989	295	24
3139	1990	300	24
3139	1991	304	24
3139	1992	308	24
3139	1993	302	24
3139	1994	289	24
3139	1995	293	24
3139	1996	289	24
3139	1997	300	24
3139	1998	293	24
3139	1999	301	24
3139	2000	296	24
3139	2001	306	24
3139	2002	295	24
3141	1979	276	18
3141	1981	281	18
3141	1982	289	18
3141	1983	293	18
3141	1984	283	18
3141	1985	295	18
3141	1986	275	18
3141	1987	292	18
3141	1988	287	18
3141	1989	288	18
3141	1990	297	18
3141	1991	306	18
3141	1992	295	18
3141	1993	282	18
3141	1994	289	18
3141	1995	296	18
3141	1996	279	18
3141	1997	276	18
3143	1979	263	27
3143	1980	264	27
3143	1981	263	27
3143	1982	260	27
3143	1983	253	27
3143	1984	248	27
3143	1985	251	27
3143	1986	256	27
3143	1987	258	27
3143	1988	256	27
3143	1989	257	27
3143	1990	251	27
3143	1991	295	27
3143	1992	298	27
3143	1993	291	27
3143	1994	288	27
3143	1995	293	27
3143	1996	290	27
3143	1997	285	27
3143	1998	286	27
3143	1999	271	27
3143	2000	268	27
3143	2001	270	27
3143	2002	271	27
3143	2003	263	27
3143	2004	269	27
3143	2005	267	27
3146	1979	297	36
3146	1980	292	36
3146	1981	280	36
3146	1982	280	36
3146	1983	310	36
3146	1985	305	36
3146	1986	266	36
3146	1987	305	36
3146	1988	312	36
3146	1989	260	36
3146	1990	275	36
3146	1991	291	36
3146	1992	280	36
3146	1993	293	36
3146	1994	305	36
3146	1995	298	36
3146	1996	320	36
3146	1997	303	36
3146	1998	293	36
3146	1999	303	36
3146	2000	303	36
3146	2001	295	36
3146	2002	285	36
3146	2003	305	36
3146	2004	303	36
3146	2005	303	36
3146	2006	295	36
3146	2007	279	36
3146	2008	279	36
3146	2009	302	36
3146	2010	288	36
3146	2011	287	36
3146	2012	303	36
3146	2013	289	36
3146	2014	287	36
3146	2015	294	36
3150	1979	310	21
3150	1980	299	21
3150	1981	314	21
3150	1982	308	21
3150	1983	310	21
3150	1984	305	21
3150	1985	311	21
3150	1986	303	21
3150	1987	306	21
3150	1988	304	21
3150	1989	301	21
3150	1990	301	21
3150	1991	312	21
3150	1992	298	21
3150	1993	310	21
3150	1994	291	21
3150	1995	304	21
3150	1996	273	21
3150	1997	311	21
3150	1998	295	21
3150	1999	298	21
3158	1979	265	28
3158	1980	285	28
3158	1981	270	28
3158	1982	270	28
3158	1983	280	28
3158	1984	280	28
3158	1985	270	28
3158	1986	270	28
3158	1987	285	28
3158	1988	275	28
3158	1989	266	28
3158	1990	270	28
3158	1991	281	28
3158	1992	278	28
3158	1993	266	28
3158	1994	268	28
3158	1995	274	28
3158	1996	274	28
3158	1997	275	28
3158	1998	273	28
3158	1999	289	28
3158	2000	288	28
3158	2001	288	28
3158	2002	273	28
3158	2003	278	28
3158	2005	263	28
3158	2006	273	28
3158	2007	258	28
3160	1979	282	15
3160	1980	294	15
3160	1981	283	15
3160	1982	288	15
3160	1984	295	15
3160	1985	283	15
3160	1986	292	15
3160	1987	284	15
3160	1988	288	15
3160	1990	288	15
3160	1991	273	15
3160	1992	296	15
3160	1993	277	15
3160	1995	287	15
3160	1997	303	15
3161	1980	295	27
3161	1981	277	27
3161	1982	283	27
3161	1983	292	27
3161	1984	285	27
3161	1985	272	27
3161	1986	265	27
3161	1987	284	27
3161	1988	288	27
3161	1989	290	27
3161	1990	287	27
3161	1991	301	27
3161	1992	288	27
3161	1993	287	27
3161	1994	289	27
3161	1995	284	27
3161	1996	291	27
3161	1997	292	27
3161	1998	287	27
3161	1999	296	27
3161	2000	288	27
3161	2001	292	27
3161	2002	287	27
3161	2003	283	27
3161	2004	293	27
3161	2005	295	27
3161	2006	300	27
3172	1988	290	23
3172	1992	291	23
3172	1995	298	23
3172	1996	297	23
3172	1997	301	23
3172	1998	293	23
3172	1999	282	23
3172	2000	285	23
3172	2001	288	23
3172	2002	285	23
3172	2003	283	23
3172	2004	289	23
3172	2005	290	23
3172	2006	293	23
3172	2007	291	23
3172	2008	287	23
3172	2009	289	23
3172	2010	299	23
3172	2011	284	23
3172	2012	306	23
3172	2013	293	23
3172	2014	287	23
3172	2015	294	23
3173	1979	307	33
3173	1980	257	33
3173	1981	285	33
3173	1982	270	33
3173	1983	285	33
3173	1984	291	33
3173	1985	288	33
3173	1986	272	33
3173	1987	273	33
3173	1988	279	33
3173	1989	269	33
3173	1990	266	33
3173	1991	263	33
3173	1992	261	33
3173	1993	263	33
3173	1994	262	33
3173	1995	262	33
3173	1996	265	33
3173	1997	264	33
3173	1998	262	33
3173	1999	263	33
3173	2000	264	33
3173	2001	265	33
3173	2002	266	33
3173	2003	268	33
3173	2004	267	33
3173	2005	266	33
3173	2006	269	33
3173	2007	257	33
3173	2008	264	33
3173	2009	265	33
3173	2010	267	33
3173	2011	296	33
3174	1979	289	31
3174	1980	313	31
3174	1981	289	31
3174	1982	299	31
3174	1983	308	31
3174	1984	300	31
3174	1985	309	31
3174	1986	300	31
3174	1987	310	31
3174	1988	310	31
3174	1989	294	31
3174	1990	314	31
3174	1991	306	31
3174	1992	305	31
3174	1993	298	31
3174	1994	296	31
3174	1995	299	31
3174	1996	291	31
3174	1997	307	31
3174	1998	294	31
3174	1999	305	31
3174	2000	301	31
3174	2007	287	31
3174	2008	285	31
3174	2009	273	31
3174	2010	281	31
3174	2011	293	31
3174	2012	307	31
3174	2013	283	31
3174	2014	324	31
3174	2015	295	31
3175	1979	283	15
3175	1980	268	15
3175	1981	282	15
3175	1982	302	15
3175	1984	294	15
3175	1985	270	15
3175	1986	285	15
3175	1987	298	15
3175	1988	285	15
3175	1991	303	15
3175	1993	283	15
3175	1994	274	15
3175	1995	296	15
3175	1996	267	15
3175	1997	291	15
3179	1979	280	37
3179	1980	296	37
3179	1981	270	37
3179	1982	283	37
3179	1983	285	37
3179	1984	270	37
3179	1985	300	37
3179	1986	270	37
3179	1987	280	37
3179	1988	270	37
3179	1989	285	37
3179	1990	285	37
3179	1991	293	37
3179	1992	293	37
3179	1993	289	37
3179	1994	283	37
3179	1995	298	37
3179	1996	274	37
3179	1997	274	37
3179	1998	291	37
3179	1999	268	37
3179	2000	285	37
3179	2001	288	37
3179	2002	281	37
3179	2003	288	37
3179	2004	293	37
3179	2005	281	37
3179	2006	303	37
3179	2007	307	37
3179	2008	291	37
3179	2009	298	37
3179	2010	274	37
3179	2011	298	37
3179	2012	301	37
3179	2013	298	37
3179	2014	314	37
3179	2015	299	37
3180	1979	299	23
3180	1980	299	23
3180	1981	281	23
3180	1982	297	23
3180	1983	295	23
3180	1984	297	23
3180	1985	301	23
3180	1986	289	23
3180	1987	295	23
3180	1988	286	23
3180	1989	284	23
3180	1990	282	23
3180	1991	293	23
3180	1992	292	23
3180	1993	291	23
3180	1994	284	23
3180	1995	293	23
3180	1996	284	23
3180	1997	296	23
3180	1998	286	23
3180	1999	296	23
3180	2000	266	23
3180	2001	281	23
3181	1990	270	25
3181	1991	299	25
3181	1992	293	25
3181	1994	276	25
3181	1995	287	25
3181	1996	290	25
3181	1997	291	25
3181	1998	270	25
3181	1999	283	25
3181	2000	267	25
3181	2001	314	25
3181	2002	278	25
3181	2003	296	25
3181	2004	294	25
3181	2005	282	25
3181	2006	294	25
3181	2007	278	25
3181	2008	291	25
3181	2009	294	25
3181	2010	300	25
3181	2011	283	25
3181	2012	322	25
3181	2013	288	25
3181	2014	295	25
3181	2015	289	25
3186	1979	276	23
3186	1980	299	23
3186	1981	289	23
3186	1982	278	23
3186	1983	268	23
3186	1984	287	23
3186	1985	301	23
3186	1986	278	23
3186	1988	276	23
3186	1989	289	23
3186	1990	275	23
3186	1992	294	23
3186	1993	283	23
3186	1994	283	23
3186	1995	281	23
3186	1996	293	23
3186	1997	291	23
3186	1998	280	23
3186	1999	291	23
3186	2000	275	23
3186	2001	298	23
3186	2002	287	23
3186	2003	285	23
3187	1979	286	37
3187	1980	303	37
3187	1981	291	37
3187	1982	284	37
3187	1983	290	37
3187	1984	289	37
3187	1985	297	37
3187	1986	290	37
3187	1987	294	37
3187	1988	285	37
3187	1989	283	37
3187	1990	280	37
3187	1991	290	37
3187	1992	284	37
3187	1993	285	37
3187	1994	281	37
3187	1995	289	37
3187	1996	272	37
3187	1997	282	37
3187	1998	277	37
3187	1999	290	37
3187	2000	289	37
3187	2001	298	37
3187	2002	288	37
3187	2003	291	37
3187	2004	292	37
3187	2005	289	37
3187	2006	293	37
3187	2007	279	37
3187	2008	282	37
3187	2009	288	37
3187	2010	293	37
3187	2011	304	37
3187	2012	313	37
3187	2013	296	37
3187	2014	299	37
3187	2015	288	37
3191	1979	305	22
3191	1980	300	22
3191	1981	286	22
3191	1982	295	22
3191	1983	306	22
3191	1984	296	22
3191	1985	294	22
3191	1986	290	22
3191	1987	289	22
3191	1988	293	22
3191	1989	295	22
3191	1990	284	22
3191	1991	296	22
3191	1992	289	22
3191	1993	286	22
3191	1994	288	22
3191	1995	283	22
3191	1996	286	22
3191	1997	293	22
3191	1998	291	22
3191	1999	288	22
3191	2000	287	22
3197	1980	299	26
3197	1981	291	26
3197	1982	288	26
3197	1983	281	26
3197	1984	288	26
3197	1985	284	26
3197	1986	283	26
3197	1987	290	26
3197	1988	287	26
3197	1989	289	26
3197	1990	280	26
3197	1991	290	26
3197	1992	291	26
3197	1993	289	26
3197	1994	291	26
3197	1995	295	26
3197	1996	291	26
3197	1997	299	26
3197	1998	297	26
3197	1999	298	26
3197	2000	296	26
3197	2001	298	26
3197	2002	296	26
3197	2003	294	26
3197	2004	296	26
3197	2005	297	26
3204	1981	300	26
3204	1983	325	26
3204	1984	313	26
3204	1985	310	26
3204	1987	305	26
3204	1988	290	26
3204	1989	300	26
3204	1990	295	26
3204	1992	304	26
3204	1993	290	26
3204	1994	297	26
3204	1995	301	26
3204	1996	292	26
3204	1997	307	26
3204	1998	283	26
3204	1999	302	26
3204	2000	307	26
3204	2001	302	26
3204	2002	288	26
3204	2003	293	26
3204	2004	305	26
3204	2005	290	26
3204	2006	307	26
3204	2007	275	26
3204	2008	273	26
3204	2009	325	26
3206	1979	273	19
3206	1980	287	19
3206	1981	277	19
3206	1982	285	19
3206	1983	287	19
3206	1984	292	19
3206	1985	290	19
3206	1986	276	19
3206	1987	289	19
3206	1988	282	19
3206	1989	279	19
3206	1990	272	19
3206	1991	294	19
3206	1992	287	19
3206	1993	277	19
3206	1994	288	19
3206	1995	299	19
3206	1996	281	19
3206	1997	293	19
3211	1979	311	19
3211	1980	291	19
3211	1981	307	19
3211	1982	308	19
3211	1983	307	19
3211	1984	288	19
3211	1985	302	19
3211	1986	307	19
3211	1987	308	19
3211	1988	302	19
3211	1989	290	19
3211	1991	293	19
3211	1992	301	19
3211	1993	293	19
3211	1994	287	19
3211	1995	291	19
3211	1996	297	19
3211	1998	289	19
3211	1999	256	19
3213	1979	285	27
3213	1983	261	27
3213	1986	267	27
3213	1987	265	27
3213	1988	254	27
3213	1989	259	27
3213	1990	278	27
3213	1991	298	27
3213	1992	281	27
3213	1995	296	27
3213	1996	314	27
3213	1997	306	27
3213	1999	299	27
3213	2000	305	27
3213	2001	307	27
3213	2002	314	27
3213	2003	292	27
3213	2005	291	27
3213	2006	306	27
3213	2007	294	27
3213	2008	300	27
3213	2010	307	27
3213	2011	303	27
3213	2012	315	27
3213	2013	314	27
3213	2014	314	27
3213	2015	294	27
3215	1981	292	35
3215	1982	310	35
3215	1983	318	35
3215	1984	326	35
3215	1985	302	35
3215	1986	292	35
3215	1987	312	35
3215	1988	317	35
3215	1989	293	35
3215	1990	267	35
3215	1991	309	35
3215	1992	298	35
3215	1993	310	35
3215	1994	304	35
3215	1995	310	35
3215	1996	289	35
3215	1997	302	35
3215	1998	305	35
3215	1999	302	35
3215	2000	303	35
3215	2001	281	35
3215	2002	289	35
3215	2003	296	35
3215	2004	308	35
3215	2005	294	35
3215	2006	302	35
3215	2007	295	35
3215	2008	299	35
3215	2009	293	35
3215	2010	299	35
3215	2011	301	35
3215	2012	306	35
3215	2013	294	35
3215	2014	307	35
3215	2015	301	35
3216	1981	294	20
3216	1982	304	20
3216	1983	302	20
3216	1984	298	20
3216	1985	303	20
3216	1986	297	20
3216	1987	305	20
3216	1988	287	20
3216	1989	285	20
3216	1990	288	20
3216	1991	297	20
3216	1992	292	20
3216	1993	288	20
3216	1994	300	20
3216	1995	298	20
3216	1996	276	20
3216	1997	299	20
3216	1998	286	20
3216	1999	278	20
3216	2000	279	20
3217	1980	282	21
3217	1981	270	21
3217	1982	281	21
3217	1983	258	21
3217	1984	285	21
3217	1985	278	21
3217	1986	285	21
3217	1987	285	21
3217	1988	270	21
3217	1989	261	21
3217	1990	276	21
3217	1991	286	21
3217	1992	283	21
3217	1993	263	21
3217	1994	291	21
3217	1995	298	21
3217	1996	273	21
3217	1997	288	21
3217	1998	286	21
3217	1999	296	21
3217	2000	283	21
3218	1979	275	26
3218	1980	280	26
3218	1981	279	26
3218	1982	277	26
3218	1983	277	26
3218	1984	286	26
3218	1985	282	26
3218	1986	274	26
3218	1987	281	26
3218	1988	266	26
3218	1989	270	26
3218	1990	266	26
3218	1991	276	26
3218	1992	265	26
3218	1993	265	26
3218	1994	269	26
3218	1995	281	26
3218	1996	275	26
3218	1997	275	26
3218	1998	280	26
3218	1999	276	26
3218	2000	278	26
3218	2001	276	26
3218	2002	276	26
3218	2003	279	26
3218	2004	279	26
3224	1979	287	18
3224	1980	298	18
3224	1981	291	18
3224	1982	269	18
3224	1983	297	18
3224	1984	291	18
3224	1985	294	18
3224	1986	268	18
3224	1987	288	18
3224	1988	266	18
3224	1989	273	18
3224	1991	291	18
3224	1992	293	18
3224	1993	285	18
3224	1994	283	18
3224	1995	277	18
3224	1996	287	18
3224	1997	294	18
3228	1986	293	21
3228	1987	294	21
3228	1988	299	21
3228	1989	288	21
3228	1990	294	21
3228	1991	284	21
3228	1992	288	21
3228	1993	293	21
3228	1994	292	21
3228	1995	301	21
3228	1996	286	21
3228	1997	298	21
3228	1998	290	21
3228	1999	291	21
3228	2000	291	21
3228	2002	295	21
3228	2003	290	21
3228	2004	302	21
3228	2005	293	21
3228	2007	299	21
3228	2008	288	21
3229	1979	276	35
3229	1980	293	35
3229	1981	302	35
3229	1982	305	35
3229	1983	284	35
3229	1984	298	35
3229	1985	290	35
3229	1986	276	35
3229	1987	278	35
3229	1988	269	35
3229	1989	273	35
3229	1990	276	35
3229	1991	282	35
3229	1992	288	35
3229	1993	291	35
3229	1996	284	35
3229	1997	301	35
3229	1998	301	35
3229	1999	298	35
3229	2000	266	35
3229	2001	291	35
3229	2002	265	35
3229	2003	299	35
3229	2004	296	35
3229	2005	304	35
3229	2006	300	35
3229	2007	294	35
3229	2008	298	35
3229	2009	300	35
3229	2010	295	35
3229	2011	294	35
3229	2012	312	35
3229	2013	288	35
3229	2014	288	35
3229	2015	290	35
3230	1979	259	26
3230	1980	275	26
3230	1981	288	26
3230	1982	285	26
3230	1983	292	26
3230	1984	290	26
3230	1985	295	26
3230	1986	287	26
3230	1987	293	26
3230	1988	283	26
3230	1989	276	26
3230	1990	273	26
3230	1991	276	26
3230	1992	288	26
3230	1993	292	26
3230	1994	284	26
3230	1995	288	26
3230	1996	292	26
3230	1997	296	26
3230	1998	290	26
3230	1999	295	26
3230	2000	290	26
3230	2001	285	26
3230	2002	281	26
3230	2003	287	26
3230	2004	290	26
3231	1979	305	21
3231	1980	303	21
3231	1981	302	21
3231	1982	304	21
3231	1983	294	21
3231	1984	310	21
3231	1985	316	21
3231	1986	302	21
3231	1987	307	21
3231	1988	285	21
3231	1989	267	21
3231	1990	268	21
3231	1991	293	21
3231	1992	293	21
3231	1993	263	21
3231	1994	265	21
3231	1995	273	21
3231	1996	268	21
3231	1997	272	21
3231	1998	273	21
3231	1999	283	21
3235	1981	275	35
3235	1982	267	35
3235	1983	278	35
3235	1984	262	35
3235	1985	275	35
3235	1986	271	35
3235	1987	293	35
3235	1988	274	35
3235	1989	274	35
3235	1990	274	35
3235	1991	258	35
3235	1992	246	35
3235	1993	261	35
3235	1994	270	35
3235	1995	271	35
3235	1996	267	35
3235	1997	277	35
3235	1998	272	35
3235	1999	285	35
3235	2000	281	35
3235	2001	277	35
3235	2002	278	35
3235	2003	270	35
3235	2004	274	35
3235	2005	275	35
3235	2006	288	35
3235	2007	268	35
3235	2008	272	35
3235	2009	283	35
3235	2010	279	35
3235	2011	283	35
3235	2012	310	35
3235	2013	291	35
3235	2014	273	35
3235	2015	278	35
3236	1980	298	26
3236	1981	302	26
3236	1982	297	26
3236	1983	291	26
3236	1984	291	26
3236	1985	295	26
3236	1986	279	26
3236	1987	283	26
3236	1988	285	26
3236	1989	279	26
3236	1990	283	26
3236	1991	292	26
3236	1992	293	26
3236	1993	275	26
3236	1994	267	26
3236	1995	268	26
3236	1996	275	26
3236	1997	271	26
3236	1998	273	26
3236	1999	277	26
3236	2000	273	26
3236	2001	267	26
3236	2002	276	26
3236	2003	277	26
3236	2004	271	26
3236	2005	277	26
3237	1979	285	37
3237	1980	305	37
3237	1981	300	37
3237	1982	289	37
3237	1983	289	37
3237	1984	276	37
3237	1985	321	37
3237	1986	292	37
3237	1987	282	37
3237	1988	296	37
3237	1989	293	37
3237	1990	280	37
3237	1991	319	37
3237	1992	311	37
3237	1993	307	37
3237	1994	314	37
3237	1995	303	37
3237	1996	293	37
3237	1997	305	37
3237	1998	306	37
3237	1999	320	37
3237	2000	297	37
3237	2001	307	37
3237	2002	302	37
3237	2003	300	37
3237	2004	321	37
3237	2005	303	37
3237	2006	318	37
3237	2007	308	37
3237	2008	307	37
3237	2009	302	37
3237	2010	298	37
3237	2011	290	37
3237	2012	306	37
3237	2013	293	37
3237	2014	278	37
3237	2015	297	37
3240	1979	293	18
3240	1980	316	18
3240	1981	314	18
3240	1982	307	18
3240	1983	307	18
3240	1984	312	18
3240	1985	311	18
3240	1986	309	18
3240	1987	318	18
3240	1988	307	18
3240	1989	320	18
3240	1990	308	18
3240	1991	305	18
3240	1992	297	18
3240	1993	303	18
3240	1994	288	18
3240	1995	308	18
3240	1996	288	18
3250	1979	286	36
3250	1980	298	36
3250	1981	283	36
3250	1982	280	36
3250	1983	301	36
3250	1984	290	36
3250	1985	280	36
3250	1986	299	36
3250	1987	303	36
3250	1988	293	36
3250	1989	284	36
3250	1990	298	36
3250	1991	309	36
3250	1992	307	36
3250	1993	296	36
3250	1994	295	36
3250	1995	305	36
3250	1996	293	36
3250	1998	298	36
3250	1999	300	36
3250	2000	299	36
3250	2001	303	36
3250	2002	298	36
3250	2003	296	36
3250	2004	306	36
3250	2005	304	36
3250	2006	300	36
3250	2007	289	36
3250	2008	299	36
3250	2009	299	36
3250	2010	294	36
3250	2011	301	36
3250	2012	317	36
3250	2013	312	36
3250	2014	303	36
3250	2015	301	36
3251	1980	280	34
3251	1981	287	34
3251	1982	280	34
3251	1983	285	34
3251	1984	283	34
3251	1985	288	34
3251	1986	283	34
3251	1987	286	34
3251	1988	283	34
3251	1989	285	34
3251	1990	273	34
3251	1991	300	34
3251	1992	283	34
3251	1993	270	34
3251	1994	294	34
3251	1995	280	34
3251	1996	273	34
3251	1997	302	34
3251	1998	293	34
3251	1999	293	34
3251	2000	293	34
3251	2001	296	34
3251	2002	298	34
3251	2003	298	34
3251	2004	297	34
3251	2005	303	34
3251	2006	304	34
3251	2007	303	34
3251	2008	298	34
3251	2009	296	34
3251	2010	294	34
3251	2011	297	34
3251	2012	312	34
3251	2013	301	34
3252	1979	303	25
3252	1980	292	25
3252	1983	302	25
3252	1984	304	25
3252	1985	302	25
3252	1986	292	25
3252	1987	300	25
3252	1988	304	25
3252	1989	293	25
3252	1990	304	25
3252	1991	301	25
3252	1992	295	25
3252	1993	297	25
3252	1994	299	25
3252	1995	302	25
3252	1996	292	25
3252	1997	302	25
3252	1998	305	25
3252	1999	298	25
3252	2000	305	25
3252	2001	307	25
3252	2002	299	25
3252	2003	306	25
3252	2004	307	25
3252	2005	300	25
3254	1979	312	36
3254	1980	314	36
3254	1981	307	36
3254	1982	304	36
3254	1983	299	36
3254	1984	300	36
3254	1985	302	36
3254	1986	303	36
3254	1987	307	36
3254	1988	305	36
3254	1989	302	36
3254	1990	305	36
3254	1991	308	36
3254	1993	306	36
3254	1994	297	36
3254	1995	305	36
3254	1996	300	36
3254	1997	305	36
3254	1998	303	36
3254	1999	305	36
3254	2000	308	36
3254	2001	322	36
3254	2002	305	36
3254	2003	309	36
3254	2004	309	36
3254	2005	303	36
3254	2006	308	36
3254	2007	305	36
3254	2008	318	36
3254	2009	317	36
3254	2010	310	36
3254	2011	304	36
3254	2012	324	36
3254	2013	317	36
3254	2014	317	36
3254	2015	303	36
3258	1979	293	36
3258	1980	300	36
3258	1981	295	36
3258	1982	294	36
3258	1983	297	36
3258	1984	300	36
3258	1985	287	36
3258	1986	287	36
3258	1987	280	36
3258	1988	293	36
3258	1989	297	36
3258	1990	298	36
3258	1992	291	36
3258	1993	295	36
3258	1994	298	36
3258	1995	296	36
3258	1996	295	36
3258	1997	293	36
3258	1998	275	36
3258	1999	291	36
3258	2000	283	36
3258	2001	292	36
3258	2002	286	36
3258	2003	298	36
3258	2004	293	36
3258	2005	285	36
3258	2006	297	36
3258	2007	288	36
3258	2008	287	36
3258	2009	285	36
3258	2010	293	36
3258	2011	296	36
3258	2012	330	36
3258	2013	290	36
3258	2014	293	36
3258	2015	283	36
3260	1979	279	36
3260	1980	285	36
3260	1981	281	36
3260	1982	284	36
3260	1983	284	36
3260	1985	286	36
3260	1986	278	36
3260	1987	284	36
3260	1988	272	36
3260	1989	269	36
3260	1990	269	36
3260	1991	283	36
3260	1992	295	36
3260	1993	280	36
3260	1994	294	36
3260	1995	303	36
3260	1996	287	36
3260	1997	312	36
3260	1998	301	36
3260	1999	299	36
3260	2000	311	36
3260	2001	304	36
3260	2002	295	36
3260	2003	305	36
3260	2004	304	36
3260	2005	297	36
3260	2006	316	36
3260	2007	301	36
3260	2008	303	36
3260	2009	298	36
3260	2010	301	36
3260	2011	306	36
3260	2012	331	36
3260	2013	314	36
3260	2014	307	36
3260	2015	309	36
3266	1979	290	27
3266	1988	264	27
3266	1989	264	27
3266	1990	267	27
3266	1991	299	27
3266	1992	293	27
3266	1993	283	27
3266	1994	282	27
3266	1995	276	27
3266	1996	270	27
3266	1997	273	27
3266	1998	271	27
3266	1999	272	27
3266	2000	276	27
3266	2001	272	27
3266	2002	272	27
3266	2003	267	27
3266	2004	269	27
3266	2005	272	27
3266	2006	268	27
3266	2007	261	27
3266	2008	255	27
3266	2009	267	27
3266	2010	264	27
3266	2012	299	27
3266	2013	270	27
3266	2014	268	27
3270	1979	305	36
3270	1981	314	36
3270	1982	309	36
3270	1983	311	36
3270	1984	315	36
3270	1985	316	36
3270	1986	308	36
3270	1987	316	36
3270	1988	313	36
3270	1989	318	36
3270	1990	321	36
3270	1991	316	36
3270	1992	311	36
3270	1993	309	36
3270	1994	303	36
3270	1995	306	36
3270	1996	299	36
3270	1997	316	36
3270	1998	302	36
3270	1999	307	36
3270	2000	298	36
3270	2001	306	36
3270	2002	290	36
3270	2003	306	36
3270	2004	308	36
3270	2005	299	36
3270	2006	302	36
3270	2007	294	36
3270	2008	292	36
3270	2009	299	36
3270	2010	291	36
3270	2011	298	36
3270	2012	330	36
3270	2013	302	36
3270	2014	305	36
3270	2015	301	36
3282	1979	261	37
3282	1980	290	37
3282	1981	284	37
3282	1982	284	37
3282	1983	290	37
3282	1984	294	37
3282	1985	296	37
3282	1986	290	37
3282	1987	296	37
3282	1988	276	37
3282	1989	296	37
3282	1990	271	37
3282	1991	294	37
3282	1992	303	37
3282	1993	298	37
3282	1994	286	37
3282	1995	297	37
3282	1996	291	37
3282	1997	299	37
3282	1998	298	37
3282	1999	300	37
3282	2000	298	37
3282	2001	314	37
3282	2002	301	37
3282	2003	303	37
3282	2004	306	37
3282	2005	302	37
3282	2006	316	37
3282	2007	303	37
3282	2008	294	37
3282	2009	307	37
3282	2010	308	37
3282	2011	304	37
3282	2012	323	37
3282	2013	322	37
3282	2014	322	37
3282	2015	307	37
3283	1980	293	35
3283	1981	285	35
3283	1982	282	35
3283	1983	291	35
3283	1984	290	35
3283	1985	282	35
3283	1986	269	35
3283	1987	278	35
3283	1988	281	35
3283	1989	275	35
3283	1990	270	35
3283	1991	298	35
3283	1992	291	35
3283	1994	276	35
3283	1995	287	35
3283	1996	290	35
3283	1997	299	35
3283	1998	276	35
3283	1999	303	35
3283	2000	296	35
3283	2001	291	35
3283	2002	286	35
3283	2003	293	35
3283	2004	316	35
3283	2005	293	35
3283	2006	300	35
3283	2007	281	35
3283	2008	281	35
3283	2009	296	35
3283	2010	283	35
3283	2011	297	35
3283	2012	320	35
3283	2013	294	35
3283	2014	307	35
3283	2015	280	35
3284	1979	284	33
3284	1980	288	33
3284	1981	281	33
3284	1982	268	33
3284	1984	305	33
3284	1985	310	33
3284	1986	293	33
3284	1987	298	33
3284	1988	294	33
3284	1989	299	33
3284	1990	300	33
3284	1991	293	33
3284	1993	270	33
3284	1994	265	33
3284	1995	273	33
3284	1997	277	33
3284	1998	273	33
3284	1999	275	33
3284	2000	275	33
3284	2001	281	33
3284	2002	275	33
3284	2003	288	33
3284	2004	297	33
3284	2005	293	33
3284	2006	291	33
3284	2007	271	33
3284	2008	272	33
3284	2009	273	33
3284	2010	268	33
3284	2012	283	33
3284	2013	283	33
3284	2014	281	33
3284	2015	283	33
3285	1980	298	24
3285	1984	282	24
3285	1985	300	24
3285	1992	297	24
3285	1995	277	24
3285	1996	278	24
3285	1997	282	24
3285	1998	296	24
3285	1999	293	24
3285	2000	279	24
3285	2001	292	24
3285	2002	274	24
3285	2003	297	24
3285	2004	296	24
3285	2005	282	24
3285	2006	294	24
3285	2007	265	24
3285	2008	283	24
3285	2009	277	24
3285	2011	275	24
3285	2012	322	24
3285	2013	305	24
3285	2014	291	24
3285	2015	299	24
3290	1979	295	33
3290	1980	297	33
3290	1981	297	33
3290	1982	280	33
3290	1983	285	33
3290	1984	298	33
3290	1985	302	33
3290	1986	302	33
3290	1987	302	33
3290	1988	295	33
3290	1989	296	33
3290	1990	297	33
3290	1991	306	33
3290	1992	300	33
3290	1993	288	33
3290	1994	300	33
3290	1995	291	33
3290	1996	281	33
3290	1997	291	33
3290	1998	287	33
3290	1999	296	33
3290	2000	298	33
3290	2001	293	33
3290	2002	291	33
3290	2003	290	33
3290	2004	300	33
3290	2005	298	33
3290	2006	293	33
3290	2007	288	33
3290	2008	285	33
3290	2009	286	33
3290	2010	285	33
3290	2011	295	33
3298	1980	296	33
3298	1981	290	33
3298	1982	278	33
3298	1983	300	33
3298	1984	275	33
3298	1985	278	33
3298	1986	302	33
3298	1987	297	33
3298	1988	295	33
3298	1989	300	33
3298	1990	295	33
3298	1994	288	33
3298	1995	288	33
3298	1996	288	33
3298	1997	283	33
3298	1998	283	33
3298	1999	278	33
3298	2000	278	33
3298	2001	283	33
3298	2002	288	33
3298	2003	293	33
3298	2004	293	33
3298	2005	293	33
3298	2006	298	33
3298	2007	293	33
3298	2008	283	33
3298	2009	283	33
3298	2010	287	33
3298	2011	283	33
3298	2012	324	33
3298	2013	288	33
3298	2014	291	33
3298	2015	291	33
3299	1979	281	22
3299	1980	290	22
3299	1981	269	22
3299	1982	278	22
3299	1983	278	22
3299	1984	282	22
3299	1985	280	22
3299	1986	267	22
3299	1987	281	22
3299	1988	273	22
3299	1989	272	22
3299	1990	271	22
3299	1991	281	22
3299	1992	292	22
3299	1993	277	22
3299	1994	283	22
3299	1995	285	22
3299	1996	270	22
3299	1997	294	22
3299	1998	293	22
3299	1999	296	22
3299	2000	284	22
3300	1992	278	16
3300	1993	260	16
3300	1994	263	16
3300	1995	258	16
3300	1996	253	16
3300	1997	261	16
3300	1998	276	16
3300	1999	282	16
3300	2000	274	16
3300	2001	272	16
3300	2002	270	16
3300	2003	275	16
3300	2004	291	16
3300	2005	292	16
3300	2006	298	16
3300	2007	303	16
3306	1980	298	36
3306	1981	291	36
3306	1982	285	36
3306	1983	295	36
3306	1984	298	36
3306	1985	298	36
3306	1986	295	36
3306	1987	293	36
3306	1988	281	36
3306	1989	286	36
3306	1990	295	36
3306	1991	303	36
3306	1992	299	36
3306	1993	283	36
3306	1994	290	36
3306	1995	285	36
3306	1996	277	36
3306	1997	306	36
3306	1998	295	36
3306	1999	299	36
3306	2000	292	36
3306	2001	293	36
3306	2002	295	36
3306	2003	302	36
3306	2004	303	36
3306	2005	288	36
3306	2006	286	36
3306	2007	270	36
3306	2008	279	36
3306	2009	278	36
3306	2010	273	36
3306	2011	281	36
3306	2012	298	36
3306	2013	293	36
3306	2014	295	36
3306	2015	279	36
3311	1987	302	22
3311	1988	292	22
3311	1989	292	22
3311	1990	294	22
3311	1991	310	22
3311	1992	309	22
3311	1993	298	22
3311	1994	297	22
3311	1995	303	22
3311	1996	291	22
3311	1997	307	22
3311	1998	300	22
3311	1999	300	22
3311	2000	300	22
3311	2001	313	22
3311	2002	306	22
3311	2003	307	22
3311	2004	305	22
3311	2005	298	22
3311	2006	310	22
3311	2007	288	22
3311	2009	288	22
3317	1980	298	36
3317	1981	295	36
3317	1982	293	36
3317	1983	296	36
3317	1984	292	36
3317	1985	310	36
3317	1986	295	36
3317	1987	291	36
3317	1988	288	36
3317	1989	272	36
3317	1990	291	36
3317	1991	307	36
3317	1992	303	36
3317	1993	306	36
3317	1994	302	36
3317	1995	302	36
3317	1996	303	36
3317	1997	311	36
3317	1998	314	36
3317	1999	307	36
3317	2000	313	36
3317	2001	306	36
3317	2002	316	36
3317	2003	314	36
3317	2004	308	36
3317	2005	312	36
3317	2006	314	36
3317	2007	306	36
3317	2008	308	36
3317	2009	286	36
3317	2010	289	36
3317	2011	288	36
3317	2012	323	36
3317	2013	295	36
3317	2014	292	36
3317	2015	299	36
3326	1979	285	22
3326	1980	288	22
3326	1981	275	22
3326	1982	289	22
3326	1983	289	22
3326	1984	277	22
3326	1985	285	22
3326	1986	275	22
3326	1987	291	22
3326	1988	273	22
3326	1989	278	22
3326	1990	262	22
3326	1991	297	22
3326	1992	285	22
3326	1993	284	22
3326	1994	298	22
3326	1995	298	22
3326	1996	287	22
3326	1997	291	22
3326	1998	273	22
3326	1999	272	22
3326	2000	284	22
3332	1979	282	19
3332	1980	293	19
3332	1981	281	19
3332	1982	286	19
3332	1983	298	19
3332	1984	293	19
3332	1985	293	19
3332	1986	288	19
3332	1987	316	19
3332	1988	313	19
3332	1989	280	19
3332	1990	310	19
3332	1991	283	19
3332	1992	274	19
3332	1994	275	19
3332	2004	288	19
3332	2011	284	19
3332	2012	319	19
3332	2015	268	19
3334	1979	291	21
3334	1980	280	21
3334	1981	287	21
3334	1982	291	21
3334	1983	288	21
3334	1984	300	21
3334	1985	304	21
3334	1986	306	21
3334	1987	307	21
3334	1988	294	21
3334	1989	288	21
3334	1990	290	21
3334	1991	298	21
3334	1992	285	21
3334	1993	290	21
3334	1994	289	21
3334	1995	284	21
3334	1996	273	21
3334	1998	286	21
3334	1999	265	21
3334	2000	281	21
3336	1979	280	19
3336	1980	290	19
3336	1981	287	19
3336	1982	273	19
3336	1984	270	19
3336	1985	260	19
3336	1986	275	19
3336	1987	290	19
3336	1988	267	19
3336	1989	275	19
3336	1990	275	19
3336	1991	288	19
3336	1992	265	19
3336	1993	261	19
3336	1995	253	19
3336	1996	263	19
3336	1997	268	19
3336	1998	278	19
3336	1999	283	19
3340	1979	273	37
3340	1980	287	37
3340	1981	281	37
3340	1982	291	37
3340	1983	286	37
3340	1984	291	37
3340	1985	288	37
3340	1986	278	37
3340	1987	292	37
3340	1988	282	37
3340	1989	290	37
3340	1990	275	37
3340	1991	280	37
3340	1992	288	37
3340	1993	277	37
3340	1994	271	37
3340	1995	273	37
3340	1996	277	37
3340	1997	275	37
3340	1998	278	37
3340	1999	281	37
3340	2000	283	37
3340	2001	286	37
3340	2002	283	37
3340	2003	281	37
3340	2004	283	37
3340	2005	290	37
3340	2006	296	37
3340	2007	291	37
3340	2008	294	37
3340	2009	295	37
3340	2010	295	37
3340	2011	295	37
3340	2012	309	37
3340	2013	296	37
3340	2014	292	37
3340	2015	286	37
3343	1980	286	17
3343	1984	280	17
3343	1985	294	17
3343	1986	308	17
3343	1988	270	17
3343	1989	291	17
3343	1991	281	17
3343	1992	270	17
3343	1993	259	17
3343	1994	263	17
3343	1996	265	17
3343	1997	283	17
3343	2001	265	17
3343	2006	268	17
3343	2007	265	17
3343	2008	269	17
3343	2009	285	17
3346	1979	299	36
3346	1980	302	36
3346	1981	302	36
3346	1982	304	36
3346	1983	299	36
3346	1984	301	36
3346	1985	313	36
3346	1986	294	36
3346	1987	308	36
3346	1988	301	36
3346	1989	295	36
3346	1990	297	36
3346	1991	308	36
3346	1992	304	36
3346	1993	288	36
3346	1994	289	36
3346	1995	299	36
3346	1996	290	36
3346	1997	310	36
3346	1998	299	36
3346	1999	294	36
3346	2000	292	36
3346	2001	309	36
3346	2002	295	36
3346	2003	299	36
3346	2004	297	36
3346	2005	296	36
3346	2006	303	36
3346	2007	293	36
3346	2008	283	36
3346	2009	300	36
3346	2010	298	36
3346	2011	302	36
3346	2012	319	36
3346	2013	302	36
3346	2014	301	36
3354	1979	269	33
3354	1980	268	33
3354	1981	249	33
3354	1982	261	33
3354	1983	279	33
3354	1984	291	33
3354	1985	268	33
3354	1986	279	33
3354	1987	283	33
3354	1988	253	33
3354	1989	254	33
3354	1990	264	33
3354	1991	276	33
3354	1992	263	33
3354	1993	260	33
3354	1994	277	33
3354	1995	276	33
3354	1996	278	33
3354	1997	280	33
3354	1998	275	33
3354	1999	262	33
3354	2000	280	33
3354	2001	270	33
3354	2002	284	33
3354	2003	270	33
3354	2004	269	33
3354	2005	270	33
3354	2006	274	33
3354	2007	259	33
3354	2008	264	33
3354	2009	268	33
3354	2010	270	33
3354	2011	268	33
3356	1979	280	20
3356	1980	301	20
3356	1981	269	20
3356	1982	285	20
3356	1983	284	20
3356	1984	310	20
3356	1985	290	20
3356	1986	282	20
3356	1987	295	20
3356	1988	310	20
3356	1989	293	20
3356	1990	282	20
3356	1991	298	20
3356	1992	325	20
3356	1994	293	20
3356	1995	298	20
3356	1996	291	20
3356	1997	308	20
3356	1998	314	20
3356	1999	300	20
3357	1979	280	20
3357	1980	300	20
3357	1981	281	20
3357	1982	301	20
3357	1984	276	20
3357	1985	281	20
3357	1986	285	20
3357	1987	306	20
3357	1988	300	20
3357	1989	290	20
3357	1990	280	20
3357	1991	283	20
3357	1992	275	20
3357	1993	281	20
3357	1994	265	20
3357	1995	283	20
3357	1996	271	20
3357	1997	293	20
3357	1998	275	20
3357	1999	283	20
3364	1986	277	30
3364	1987	286	30
3364	1988	283	30
3364	1989	279	30
3364	1990	285	30
3364	1991	288	30
3364	1992	280	30
3364	1993	289	30
3364	1994	286	30
3364	1995	275	30
3364	1996	271	30
3364	1997	287	30
3364	1998	286	30
3364	1999	291	30
3364	2000	291	30
3364	2001	293	30
3364	2002	285	30
3364	2003	297	30
3364	2004	295	30
3364	2005	287	30
3364	2006	297	30
3364	2007	288	30
3364	2008	288	30
3364	2009	291	30
3364	2010	289	30
3364	2011	300	30
3364	2012	303	30
3364	2013	297	30
3364	2014	291	30
3364	2015	293	30
3366	1979	305	36
3366	1980	299	36
3366	1981	296	36
3366	1982	289	36
3366	1983	295	36
3366	1984	299	36
3366	1985	309	36
3366	1986	289	36
3366	1987	287	36
3366	1988	289	36
3366	1989	298	36
3366	1990	270	36
3366	1991	307	36
3366	1992	323	36
3366	1993	289	36
3366	1995	278	36
3366	1996	269	36
3366	1997	299	36
3366	1998	292	36
3366	1999	296	36
3366	2000	293	36
3366	2001	303	36
3366	2002	289	36
3366	2003	295	36
3366	2004	297	36
3366	2005	293	36
3366	2006	305	36
3366	2007	289	36
3366	2008	282	36
3366	2009	283	36
3366	2010	305	36
3366	2011	293	36
3366	2012	314	36
3366	2013	285	36
3366	2014	296	36
3366	2015	300	36
3369	1982	283	32
3369	1985	297	32
3369	1986	290	32
3369	1987	302	32
3369	1988	297	32
3369	1989	288	32
3369	1990	284	32
3369	1991	291	32
3369	1992	303	32
3369	1993	280	32
3369	1994	267	32
3369	1995	293	32
3369	1996	278	32
3369	1997	296	32
3369	1998	290	32
3369	1999	302	32
3369	2000	290	32
3369	2001	291	32
3369	2002	295	32
3369	2003	297	32
3369	2004	298	32
3369	2005	301	32
3369	2006	308	32
3369	2007	278	32
3369	2008	287	32
3369	2009	292	32
3369	2010	303	32
3369	2011	294	32
3369	2012	312	32
3369	2013	299	32
3369	2014	297	32
3369	2015	299	32
3371	1979	282	22
3371	1980	290	22
3371	1981	270	22
3371	1982	274	22
3371	1983	273	22
3371	1984	277	22
3371	1985	274	22
3371	1986	264	22
3371	1987	274	22
3371	1988	266	22
3371	1989	257	22
3371	1990	273	22
3371	1991	287	22
3371	1992	283	22
3371	1993	271	22
3371	1994	277	22
3371	1995	278	22
3371	1996	267	22
3371	1997	288	22
3371	1998	284	22
3371	1999	280	22
3371	2000	279	22
3373	1979	279	15
3373	1981	258	15
3373	1982	272	15
3373	1983	276	15
3373	1984	268	15
3373	1985	293	15
3373	1986	279	15
3373	1988	260	15
3373	1990	281	15
3373	1991	293	15
3373	1992	306	15
3373	1993	247	15
3373	1994	287	15
3373	1995	278	15
3373	1996	279	15
3376	1980	290	20
3376	1982	280	20
3376	1983	280	20
3376	1984	292	20
3376	1985	298	20
3376	1986	297	20
3376	1987	298	20
3376	1988	296	20
3376	1989	293	20
3376	1990	298	20
3376	1992	293	20
3376	1993	294	20
3376	1994	291	20
3376	1995	293	20
3376	1996	292	20
3376	1997	293	20
3376	1998	291	20
3376	1999	288	20
3376	2000	291	20
3376	2001	295	20
3377	1986	278	30
3377	1987	290	30
3377	1988	283	30
3377	1989	272	30
3377	1990	269	30
3377	1991	300	30
3377	1992	297	30
3377	1993	291	30
3377	1994	297	30
3377	1995	303	30
3377	1996	297	30
3377	1997	300	30
3377	1998	300	30
3377	1999	294	30
3377	2000	297	30
3377	2001	292	30
3377	2002	285	30
3377	2003	281	30
3377	2004	285	30
3377	2005	287	30
3377	2006	292	30
3377	2007	273	30
3377	2008	278	30
3377	2009	277	30
3377	2010	281	30
3377	2011	278	30
3377	2012	300	30
3377	2013	294	30
3377	2014	289	30
3377	2015	292	30
3378	1979	273	37
3378	1980	296	37
3378	1981	282	37
3378	1982	298	37
3378	1983	278	37
3378	1984	275	37
3378	1985	283	37
3378	1986	307	37
3378	1987	300	37
3378	1988	301	37
3378	1989	280	37
3378	1990	292	37
3378	1991	289	37
3378	1992	291	37
3378	1993	296	37
3378	1994	279	37
3378	1995	281	37
3378	1996	271	37
3378	1997	285	37
3378	1998	281	37
3378	1999	288	37
3378	2000	289	37
3378	2001	289	37
3378	2002	289	37
3378	2003	285	37
3378	2004	289	37
3378	2005	289	37
3378	2006	288	37
3378	2007	276	37
3378	2008	281	37
3378	2009	293	37
3378	2010	279	37
3378	2011	281	37
3378	2012	295	37
3378	2013	281	37
3378	2014	277	37
3378	2015	278	37
3381	1979	283	35
3381	1980	298	35
3381	1981	287	35
3381	1982	290	35
3381	1983	295	35
3381	1984	288	35
3381	1985	277	35
3381	1986	289	35
3381	1987	297	35
3381	1988	280	35
3381	1989	280	35
3381	1991	301	35
3381	1992	285	35
3381	1993	269	35
3381	1994	277	35
3381	1995	267	35
3381	1996	260	35
3381	1997	284	35
3381	1998	277	35
3381	2000	267	35
3381	2001	280	35
3381	2002	283	35
3381	2003	272	35
3381	2004	285	35
3381	2005	283	35
3381	2006	289	35
3381	2007	276	35
3381	2008	285	35
3381	2009	282	35
3381	2010	286	35
3381	2011	277	35
3381	2012	300	35
3381	2013	296	35
3381	2014	283	35
3381	2015	270	35
3388	1979	296	35
3388	1980	300	35
3388	1981	285	35
3388	1982	305	35
3388	1983	301	35
3388	1984	314	35
3388	1985	298	35
3388	1986	274	35
3388	1987	289	35
3388	1988	296	35
3388	1989	305	35
3388	1990	307	35
3388	1991	288	35
3388	1992	291	35
3388	1993	290	35
3388	1994	303	35
3388	1995	317	35
3388	1996	288	35
3388	1997	305	35
3388	1998	315	35
3388	1999	278	35
3388	2000	300	35
3388	2001	298	35
3388	2002	311	35
3388	2003	303	35
3388	2004	304	35
3388	2005	319	35
3388	2006	298	35
3388	2007	289	35
3388	2008	314	35
3388	2009	319	35
3388	2010	311	35
3388	2012	334	35
3388	2013	324	35
3388	2014	290	35
3389	1979	293	19
3389	1980	300	19
3389	1981	302	19
3389	1982	300	19
3389	1983	301	19
3389	1984	303	19
3389	1985	310	19
3389	1986	309	19
3389	1987	305	19
3389	1988	298	19
3389	1989	296	19
3389	1990	296	19
3389	2004	281	19
3389	2006	298	19
3389	2007	288	19
3389	2008	295	19
3389	2010	295	19
3389	2011	291	19
3389	2012	322	19
3390	1980	298	35
3390	1981	281	35
3390	1982	285	35
3390	1983	281	35
3390	1984	285	35
3390	1985	278	35
3390	1986	276	35
3390	1987	278	35
3390	1988	276	35
3390	1989	287	35
3390	1990	291	35
3390	1991	304	35
3390	1992	300	35
3390	1993	266	35
3390	1994	270	35
3390	1995	275	35
3390	1996	270	35
3390	1997	296	35
3390	1998	289	35
3390	1999	282	35
3390	2000	278	35
3390	2001	283	35
3390	2002	278	35
3390	2003	289	35
3390	2004	286	35
3390	2005	276	35
3390	2006	279	35
3390	2007	284	35
3390	2008	281	35
3390	2009	295	35
3390	2010	277	35
3390	2012	288	35
3390	2013	286	35
3390	2014	278	35
3390	2015	291	35
3391	1980	307	17
3391	1981	294	17
3391	1982	282	17
3391	1983	260	17
3391	1985	308	17
3391	1987	318	17
3391	1988	298	17
3391	1989	312	17
3391	1991	290	17
3391	1992	291	17
3391	1993	291	17
3391	1994	264	17
3391	1995	291	17
3391	1996	288	17
3391	1997	291	17
3391	1998	291	17
3391	1999	289	17
3392	1980	285	33
3392	1981	278	33
3392	1982	280	33
3392	1983	281	33
3392	1984	292	33
3392	1985	277	33
3392	1986	279	33
3392	1987	286	33
3392	1988	285	33
3392	1989	281	33
3392	1990	269	33
3392	1991	283	33
3392	1993	265	33
3392	1994	283	33
3392	1995	301	33
3392	1996	268	33
3392	1997	278	33
3392	1998	283	33
3392	1999	283	33
3392	2000	288	33
3392	2001	283	33
3392	2002	286	33
3392	2003	270	33
3392	2004	291	33
3392	2005	283	33
3392	2006	281	33
3392	2007	268	33
3392	2008	268	33
3392	2009	273	33
3392	2010	288	33
3392	2011	306	33
3392	2012	309	33
3392	2013	309	33
3396	1979	289	29
3396	1980	288	29
3396	1981	288	29
3396	1982	290	29
3396	1983	273	29
3396	1984	290	29
3396	1985	317	29
3396	1986	271	29
3396	1987	291	29
3396	1988	289	29
3396	1989	282	29
3396	1990	269	29
3396	1991	282	29
3396	1992	253	29
3396	1993	279	29
3396	1994	293	29
3396	1995	286	29
3396	1996	283	29
3396	1997	292	29
3396	1998	284	29
3396	1999	285	29
3396	2000	282	29
3396	2001	285	29
3396	2002	278	29
3396	2003	293	29
3396	2004	271	29
3396	2005	284	29
3396	2006	291	29
3396	2007	283	29
3397	1979	283	21
3397	1980	277	21
3397	1981	289	21
3397	1982	284	21
3397	1983	298	21
3397	1984	303	21
3397	1985	303	21
3397	1986	296	21
3397	1987	300	21
3397	1988	295	21
3397	1989	295	21
3397	1990	293	21
3397	1991	308	21
3397	1992	300	21
3397	1993	287	21
3397	1994	292	21
3397	1995	295	21
3397	1996	286	21
3397	1997	294	21
3397	1998	296	21
3397	1999	297	21
3400	1979	270	36
3400	1980	274	36
3400	1981	280	36
3400	1982	310	36
3400	1983	300	36
3400	1984	290	36
3400	1985	315	36
3400	1986	265	36
3400	1987	292	36
3400	1988	288	36
3400	1989	300	36
3400	1990	297	36
3400	1991	288	36
3400	1992	271	36
3400	1993	290	36
3400	1994	298	36
3400	1995	289	36
3400	1996	283	36
3400	1997	298	36
3400	1998	314	36
3400	1999	284	36
3400	2000	293	36
3400	2001	301	36
3400	2002	306	36
3400	2003	302	36
3400	2004	293	36
3400	2005	319	36
3400	2006	268	36
3400	2007	309	36
3400	2008	301	36
3400	2009	296	36
3400	2010	309	36
3400	2011	314	36
3400	2012	335	36
3400	2013	320	36
3400	2014	296	36
3411	1979	284	18
3411	1980	298	18
3411	1981	285	18
3411	1982	296	18
3411	1983	299	18
3411	1984	289	18
3411	1985	283	18
3411	1986	273	18
3411	1987	292	18
3411	1988	273	18
3411	1989	280	18
3411	1990	268	18
3411	1991	293	18
3411	1992	278	18
3411	1993	283	18
3411	1994	281	18
3411	1995	275	18
3411	1996	288	18
3412	1982	294	16
3412	1983	271	16
3412	1984	282	16
3412	1985	289	16
3412	1986	273	16
3412	1987	293	16
3412	1988	286	16
3412	1989	272	16
3412	1990	276	16
3412	1991	303	16
3412	1992	285	16
3412	1993	293	16
3412	1994	275	16
3412	1995	293	16
3412	1996	266	16
3412	1997	293	16
3416	1979	290	22
3416	1980	292	22
3416	1981	273	22
3416	1982	282	22
3416	1983	274	22
3416	1984	273	22
3416	1985	310	22
3416	1986	274	22
3416	1987	279	22
3416	1988	290	22
3416	1989	283	22
3416	1990	272	22
3416	1991	293	22
3416	1992	287	22
3416	1993	282	22
3416	1994	264	22
3416	1995	296	22
3416	1996	273	22
3416	1997	275	22
3416	1998	275	22
3416	1999	291	22
3416	2000	283	22
3417	1979	266	34
3417	1980	274	34
3417	1981	258	34
3417	1982	274	34
3417	1983	272	34
3417	1984	272	34
3417	1985	274	34
3417	1986	264	34
3417	1987	280	34
3417	1988	265	34
3417	1989	268	34
3417	1990	264	34
3417	1991	294	34
3417	1992	297	34
3417	1993	285	34
3417	1994	270	34
3417	1995	284	34
3417	1996	265	34
3417	1997	273	34
3417	1998	271	34
3417	1999	285	34
3417	2000	277	34
3417	2001	277	34
3417	2002	274	34
3417	2003	279	34
3417	2004	283	34
3417	2005	280	34
3417	2007	281	34
3417	2008	286	34
3417	2009	289	34
3417	2012	319	34
3417	2013	285	34
3417	2014	296	34
3417	2015	295	34
3418	1979	290	31
3418	1980	298	31
3418	1981	285	31
3418	1982	287	31
3418	1983	287	31
3418	1984	285	31
3418	1985	290	31
3418	1986	287	31
3418	1987	293	31
3418	1988	290	31
3418	1989	289	31
3418	1990	295	31
3418	1991	306	31
3418	1992	305	31
3418	1993	281	31
3418	1994	291	31
3418	1995	298	31
3418	1996	302	31
3418	1997	306	31
3418	1998	281	31
3418	1999	309	31
3418	2000	304	31
3418	2001	293	31
3418	2002	288	31
3418	2003	282	31
3418	2004	291	31
3418	2005	289	31
3418	2006	290	31
3418	2007	276	31
3418	2008	282	31
3418	2009	285	31
3422	1979	292	33
3422	1980	299	33
3422	1981	300	33
3422	1982	294	33
3422	1983	299	33
3422	1984	291	33
3422	1985	284	33
3422	1986	294	33
3422	1987	303	33
3422	1988	295	33
3422	1989	297	33
3422	1990	307	33
3422	1991	304	33
3422	1992	303	33
3422	1993	291	33
3422	1994	289	33
3422	1995	279	33
3422	1996	287	33
3422	1998	305	33
3422	1999	291	33
3422	2000	298	33
3422	2003	296	33
3422	2004	305	33
3422	2005	300	33
3422	2006	304	33
3422	2007	286	33
3422	2008	304	33
3422	2009	298	33
3422	2011	308	33
3422	2012	325	33
3422	2013	298	33
3422	2014	290	33
3422	2015	284	33
3424	1979	296	21
3424	1980	303	21
3424	1981	298	21
3424	1982	300	21
3424	1983	305	21
3424	1984	299	21
3424	1985	311	21
3424	1986	293	21
3424	1987	304	21
3424	1988	300	21
3424	1989	291	21
3424	1990	304	21
3424	1991	302	21
3424	1992	299	21
3424	1993	285	21
3424	1994	291	21
3424	1995	300	21
3424	1996	282	21
3424	1997	303	21
3424	1998	285	21
3424	1999	293	21
3425	1981	287	15
3425	1982	293	15
3425	1984	303	15
3425	1994	288	15
3425	1995	279	15
3425	1996	277	15
3425	1998	278	15
3425	2002	268	15
3425	2003	253	15
3425	2004	255	15
3425	2007	263	15
3425	2008	274	15
3425	2009	273	15
3425	2011	288	15
3425	2015	283	15
3426	1979	298	30
3426	1980	294	30
3426	1981	302	30
3426	1982	300	30
3426	1983	304	30
3426	1984	290	30
3426	1985	304	30
3426	1986	288	30
3426	1987	290	30
3426	1988	292	30
3426	1989	280	30
3426	1990	291	30
3426	1992	299	30
3426	1993	303	30
3426	1994	303	30
3426	1995	310	30
3426	1996	305	30
3426	1997	312	30
3426	1998	303	30
3426	1999	291	30
3426	2000	299	30
3426	2001	303	30
3426	2002	307	30
3426	2005	298	30
3426	2006	301	30
3426	2007	266	30
3426	2008	292	30
3426	2009	279	30
3426	2010	283	30
3426	2012	319	30
3434	1992	298	24
3434	1993	285	24
3434	1994	293	24
3434	1995	291	24
3434	1996	280	24
3434	1997	301	24
3434	1998	281	24
3434	1999	292	24
3434	2000	286	24
3434	2001	289	24
3434	2002	288	24
3434	2003	281	24
3434	2004	296	24
3434	2005	298	24
3434	2006	307	24
3434	2007	294	24
3434	2008	294	24
3434	2009	300	24
3434	2010	305	24
3434	2011	303	24
3434	2012	305	24
3434	2013	293	24
3434	2014	309	24
3434	2015	288	24
3435	1979	291	30
3435	1980	300	30
3435	1981	285	30
3435	1982	295	30
3435	1983	304	30
3435	1984	297	30
3435	1985	282	30
3435	1986	289	30
3435	1987	300	30
3435	1988	297	30
3435	1989	265	30
3435	1990	276	30
3435	1991	301	30
3435	1992	288	30
3435	1993	284	30
3435	1994	275	30
3435	1995	295	30
3435	1996	293	30
3435	1997	299	30
3435	1998	283	30
3435	1999	275	30
3435	2000	281	30
3435	2001	285	30
3435	2002	278	30
3435	2003	292	30
3435	2004	293	30
3435	2005	297	30
3435	2006	303	30
3435	2007	283	30
3435	2008	293	30
3436	1979	277	20
3436	1980	293	20
3436	1981	290	20
3436	1982	285	20
3436	1983	273	20
3436	1984	290	20
3436	1985	295	20
3436	1986	277	20
3436	1987	289	20
3436	1988	273	20
3436	1989	281	20
3436	1990	278	20
3436	1991	283	20
3436	1992	281	20
3436	1993	259	20
3436	1994	281	20
3436	1995	271	20
3436	1996	270	20
3436	1997	272	20
3436	1998	271	20
3438	1979	280	37
3438	1980	288	37
3438	1981	272	37
3438	1982	279	37
3438	1983	278	37
3438	1984	279	37
3438	1985	288	37
3438	1986	283	37
3438	1987	279	37
3438	1988	287	37
3438	1989	278	37
3438	1990	272	37
3438	1991	279	37
3438	1992	279	37
3438	1993	276	37
3438	1994	279	37
3438	1995	276	37
3438	1996	281	37
3438	1997	282	37
3438	1998	281	37
3438	1999	281	37
3438	2000	283	37
3438	2001	281	37
3438	2002	283	37
3438	2003	285	37
3438	2004	287	37
3438	2005	281	37
3438	2006	279	37
3438	2007	271	37
3438	2008	280	37
3438	2009	296	37
3438	2010	282	37
3438	2011	297	37
3438	2012	307	37
3438	2013	288	37
3438	2014	270	37
3438	2015	279	37
3439	1994	302	19
3439	1996	279	19
3439	1998	301	19
3439	1999	296	19
3439	2000	292	19
3439	2001	293	19
3439	2002	286	19
3439	2003	301	19
3439	2004	295	19
3439	2005	298	19
3439	2006	295	19
3439	2007	291	19
3439	2008	291	19
3439	2009	305	19
3439	2010	294	19
3439	2011	303	19
3439	2012	322	19
3439	2013	299	19
3439	2014	298	19
3441	1979	276	33
3441	1980	288	33
3441	1981	283	33
3441	1982	283	33
3441	1983	277	33
3441	1984	283	33
3441	1985	275	33
3441	1986	278	33
3441	1987	291	33
3441	1988	275	33
3441	1989	264	33
3441	1990	274	33
3441	1991	285	33
3441	1992	285	33
3441	1993	266	33
3441	1994	280	33
3441	1995	277	33
3441	1996	265	33
3441	1997	276	33
3441	1998	279	33
3441	1999	281	33
3441	2000	281	33
3441	2001	285	33
3441	2002	285	33
3441	2004	288	33
3441	2005	287	33
3441	2006	293	33
3441	2007	270	33
3441	2008	276	33
3441	2009	292	33
3441	2010	272	33
3441	2011	277	33
3441	2012	306	33
3448	1979	273	23
3448	1980	274	23
3448	1981	263	23
3448	1982	276	23
3448	1983	258	23
3448	1984	272	23
3448	1985	272	23
3448	1986	258	23
3448	1987	260	23
3448	1989	259	23
3448	1990	260	23
3448	1991	285	23
3448	1992	286	23
3448	1993	268	23
3448	1994	288	23
3448	1995	280	23
3448	1996	276	23
3448	1997	291	23
3448	1998	281	23
3448	1999	281	23
3448	2000	275	23
3448	2001	283	23
3448	2002	289	23
3450	1979	282	25
3450	1980	284	25
3450	1981	285	25
3450	1982	282	25
3450	1983	280	25
3450	1984	289	25
3450	1985	288	25
3450	1986	293	25
3450	1987	287	25
3450	1988	290	25
3450	1989	282	25
3450	1990	293	25
3450	1991	309	25
3450	1992	306	25
3450	1993	283	25
3450	1994	278	25
3450	1995	307	25
3450	1996	288	25
3450	1997	300	25
3450	1998	293	25
3450	1999	293	25
3450	2000	287	25
3450	2001	289	25
3450	2002	292	25
3450	2003	306	25
3451	1979	300	30
3451	1980	302	30
3451	1981	298	30
3451	1982	289	30
3451	1983	295	30
3451	1984	295	30
3451	1985	299	30
3451	1986	291	30
3451	1987	307	30
3451	1988	296	30
3451	1989	291	30
3451	1990	294	30
3451	1991	296	30
3451	1992	301	30
3451	1993	288	30
3451	1994	293	30
3451	1995	284	30
3451	1996	283	30
3451	1997	313	30
3451	1998	296	30
3451	1999	301	30
3451	2000	296	30
3451	2001	307	30
3451	2002	292	30
3451	2003	306	30
3451	2004	299	30
3451	2005	289	30
3451	2006	295	30
3451	2007	294	30
3451	2008	292	30
3452	1979	300	37
3452	1980	296	37
3452	1981	290	37
3452	1982	282	37
3452	1983	292	37
3452	1984	283	37
3452	1985	297	37
3452	1986	290	37
3452	1987	302	37
3452	1988	296	37
3452	1989	292	37
3452	1990	293	37
3452	1991	297	37
3452	1992	303	37
3452	1993	285	37
3452	1994	291	37
3452	1995	283	37
3452	1996	284	37
3452	1997	319	37
3452	1998	297	37
3452	1999	302	37
3452	2000	297	37
3452	2001	307	37
3452	2002	291	37
3452	2003	274	37
3452	2004	297	37
3452	2005	287	37
3452	2006	295	37
3452	2007	293	37
3452	2008	291	37
3452	2009	299	37
3452	2010	281	37
3452	2011	284	37
3452	2012	313	37
3452	2013	295	37
3452	2014	286	37
3452	2015	286	37
3464	1979	279	28
3464	1980	289	28
3464	1981	289	28
3464	1982	291	28
3464	1983	278	28
3464	1984	282	28
3464	1985	272	28
3464	1986	279	28
3464	1987	283	28
3464	1988	272	28
3464	1989	272	28
3464	1990	283	28
3464	1991	290	28
3464	1992	289	28
3464	1993	292	28
3464	1994	289	28
3464	1995	289	28
3464	1996	292	28
3464	1997	289	28
3464	1998	287	28
3464	1999	296	28
3464	2000	298	28
3464	2001	299	28
3464	2002	289	28
3464	2003	289	28
3464	2004	294	28
3464	2005	292	28
3464	2006	291	28
3469	1980	299	36
3469	1981	298	36
3469	1982	280	36
3469	1983	300	36
3469	1984	290	36
3469	1985	280	36
3469	1986	295	36
3469	1987	291	36
3469	1988	293	36
3469	1989	290	36
3469	1990	289	36
3469	1991	293	36
3469	1992	285	36
3469	1993	288	36
3469	1994	283	36
3469	1995	287	36
3469	1996	293	36
3469	1997	292	36
3469	1998	288	36
3469	1999	293	36
3469	2000	289	36
3469	2001	297	36
3469	2002	299	36
3469	2003	295	36
3469	2004	299	36
3469	2005	301	36
3469	2006	303	36
3469	2007	288	36
3469	2008	295	36
3469	2009	296	36
3469	2010	299	36
3469	2011	295	36
3469	2012	318	36
3469	2013	307	36
3469	2014	301	36
3469	2015	293	36
3470	1979	294	20
3470	1980	297	20
3470	1981	294	20
3470	1982	303	20
3470	1983	279	20
3470	1984	307	20
3470	1985	306	20
3470	1986	304	20
3470	1988	294	20
3470	1989	299	20
3470	1990	294	20
3470	1991	291	20
3470	1992	307	20
3470	1993	301	20
3470	1994	297	20
3470	1995	298	20
3470	1996	290	20
3470	1997	293	20
3470	1998	292	20
3470	1999	297	20
3474	1979	291	17
3474	1980	296	17
3474	1981	300	17
3474	1982	288	17
3474	1983	287	17
3474	1984	281	17
3474	1985	293	17
3474	1986	284	17
3474	1987	273	17
3474	1988	272	17
3474	1989	289	17
3474	1990	271	17
3474	1992	298	17
3474	1993	269	17
3474	1994	266	17
3474	2014	301	17
3474	2015	291	17
3478	1992	308	17
3478	1993	288	17
3478	1994	293	17
3478	1995	298	17
3478	1996	285	17
3478	1998	297	17
3478	1999	293	17
3478	2000	295	17
3478	2001	303	17
3478	2002	287	17
3478	2003	296	17
3478	2004	299	17
3478	2005	300	17
3478	2006	297	17
3478	2007	293	17
3478	2008	285	17
3478	2009	297	17
3481	1979	293	21
3481	1980	302	21
3481	1981	293	21
3481	1982	303	21
3481	1983	313	21
3481	1984	300	21
3481	1985	309	21
3481	1986	293	21
3481	1987	310	21
3481	1988	318	21
3481	1989	288	21
3481	1990	291	21
3481	1991	309	21
3481	1992	302	21
3481	1993	289	21
3481	1994	282	21
3481	1995	298	21
3481	1996	285	21
3481	1997	303	21
3481	1998	287	21
3481	1999	298	21
3482	1979	259	36
3482	1980	280	36
3482	1981	269	36
3482	1982	270	36
3482	1983	276	36
3482	1984	272	36
3482	1985	297	36
3482	1986	268	36
3482	1987	271	36
3482	1988	282	36
3482	1989	273	36
3482	1990	268	36
3482	1991	301	36
3482	1992	255	36
3482	1993	273	36
3482	1994	271	36
3482	1995	263	36
3482	1996	274	36
3482	1997	276	36
3482	1998	263	36
3482	1999	261	36
3482	2000	267	36
3482	2001	267	36
3482	2002	270	36
3482	2003	269	36
3482	2004	263	36
3482	2005	277	36
3482	2006	269	36
3482	2007	262	36
3482	2008	274	36
3482	2009	262	36
3482	2010	264	36
3482	2011	273	36
3482	2012	288	36
3482	2013	280	36
3482	2014	269	36
3484	1979	285	36
3484	1980	291	36
3484	1981	283	36
3484	1982	285	36
3484	1983	285	36
3484	1984	285	36
3484	1985	288	36
3484	1986	288	36
3484	1987	290	36
3484	1988	283	36
3484	1989	283	36
3484	1990	283	36
3484	1991	289	36
3484	1992	283	36
3484	1993	280	36
3484	1994	287	36
3484	1995	280	36
3484	1996	276	36
3484	1997	283	36
3484	1998	282	36
3484	1999	283	36
3484	2000	281	36
3484	2001	277	36
3484	2002	280	36
3484	2003	299	36
3484	2005	282	36
3484	2006	287	36
3484	2007	278	36
3484	2008	281	36
3484	2009	288	36
3484	2010	292	36
3484	2011	292	36
3484	2012	324	36
3484	2013	287	36
3484	2014	282	36
3484	2015	291	36
3486	1979	258	23
3486	1980	296	23
3486	1981	282	23
3486	1982	287	23
3486	1983	281	23
3486	1984	277	23
3486	1985	286	23
3486	1986	272	23
3486	1987	282	23
3486	1988	279	23
3486	1989	282	23
3486	1990	280	23
3486	1992	288	23
3486	2001	292	23
3486	2002	292	23
3486	2003	288	23
3486	2004	303	23
3486	2005	298	23
3486	2010	293	23
3486	2011	295	23
3486	2012	319	23
3486	2013	295	23
3486	2015	286	23
3488	1979	306	15
3488	1980	279	15
3488	1981	280	15
3488	1982	269	15
3488	1989	293	15
3488	1990	289	15
3488	1991	285	15
3488	1992	278	15
3488	1993	280	15
3488	1994	292	15
3488	1995	293	15
3488	1996	283	15
3488	1997	295	15
3488	1998	283	15
3488	1999	296	15
3490	1979	278	17
3490	1980	294	17
3490	1981	297	17
3490	1982	295	17
3490	1983	299	17
3490	1984	260	17
3490	1985	291	17
3490	1986	267	17
3490	1987	287	17
3490	1988	274	17
3490	1989	281	17
3490	1991	280	17
3490	1992	280	17
3490	2001	261	17
3490	2002	272	17
3490	2003	273	17
3490	2005	270	17
3491	1991	292	15
3491	1992	284	15
3491	1993	302	15
3491	1994	292	15
3491	1995	291	15
3491	1996	279	15
3491	1997	299	15
3491	1998	291	15
3491	1999	297	15
3491	2000	287	15
3491	2001	273	15
3491	2002	271	15
3491	2004	249	15
3491	2005	292	15
3491	2007	271	15
3492	1986	280	30
3492	1987	302	30
3492	1988	288	30
3492	1989	288	30
3492	1990	295	30
3492	1991	301	30
3492	1992	294	30
3492	1993	284	30
3492	1994	289	30
3492	1995	290	30
3492	1996	279	30
3492	1997	290	30
3492	1998	286	30
3492	1999	288	30
3492	2000	289	30
3492	2001	296	30
3492	2002	282	30
3492	2003	297	30
3492	2004	298	30
3492	2005	301	30
3492	2006	300	30
3492	2007	292	30
3492	2008	288	30
3492	2009	300	30
3492	2010	297	30
3492	2011	297	30
3492	2012	319	30
3492	2013	296	30
3492	2014	297	30
3492	2015	303	30
3494	1988	274	15
3494	1992	277	15
3494	1993	265	15
3494	1994	266	15
3494	1995	268	15
3494	1999	266	15
3494	2000	268	15
3494	2002	266	15
3494	2003	267	15
3494	2004	298	15
3494	2005	298	15
3494	2006	293	15
3494	2007	291	15
3494	2008	281	15
3494	2009	293	15
3498	1979	288	37
3498	1980	301	37
3498	1981	306	37
3498	1982	306	37
3498	1983	261	37
3498	1984	291	37
3498	1985	301	37
3498	1986	291	37
3498	1987	303	37
3498	1988	295	37
3498	1989	288	37
3498	1990	301	37
3498	1991	298	37
3498	1992	306	37
3498	1993	285	37
3498	1994	297	37
3498	1995	299	37
3498	1996	291	37
3498	1997	302	37
3498	1998	289	37
3498	1999	299	37
3498	2000	288	37
3498	2001	292	37
3498	2002	286	37
3498	2003	284	37
3498	2004	294	37
3498	2005	296	37
3498	2006	292	37
3498	2007	285	37
3498	2008	288	37
3498	2009	302	37
3498	2010	281	37
3498	2011	303	37
3498	2012	312	37
3498	2013	298	37
3498	2014	310	37
3498	2015	301	37
3499	1979	294	17
3499	1980	294	17
3499	1981	295	17
3499	1982	298	17
3499	1983	282	17
3499	1984	278	17
3499	1985	288	17
3499	1986	273	17
3499	1987	306	17
3499	1988	286	17
3499	1989	266	17
3499	1990	281	17
3499	1991	271	17
3499	1992	271	17
3499	1993	269	17
3499	1994	276	17
3499	1995	258	17
3500	1979	294	21
3500	1980	302	21
3500	1981	292	21
3500	1982	297	21
3500	1983	289	21
3500	1984	292	21
3500	1985	298	21
3500	1986	296	21
3500	1987	283	21
3500	1988	299	21
3500	1989	272	21
3500	1990	291	21
3500	1991	281	21
3500	1992	293	21
3500	1993	282	21
3500	1996	283	21
3500	1997	310	21
3500	2000	286	21
3500	2001	309	21
3500	2003	311	21
3500	2005	308	21
3501	1979	284	27
3501	1980	293	27
3501	1987	303	27
3501	1989	292	27
3501	1991	290	27
3501	1993	289	27
3501	1995	295	27
3501	1996	285	27
3501	1997	298	27
3501	1998	291	27
3501	1999	299	27
3501	2000	291	27
3501	2001	297	27
3501	2002	289	27
3501	2003	300	27
3501	2004	302	27
3501	2005	298	27
3501	2006	297	27
3501	2007	283	27
3501	2008	286	27
3501	2009	302	27
3501	2010	286	27
3501	2011	302	27
3501	2012	310	27
3501	2013	294	27
3501	2014	290	27
3501	2015	293	27
3510	1980	279	32
3510	1981	285	32
3510	1982	294	32
3510	1983	282	32
3510	1984	300	32
3510	1985	298	32
3510	1986	290	32
3510	1987	295	32
3510	1988	291	32
3510	1989	300	32
3510	1990	310	32
3510	1991	293	32
3510	1992	303	32
3510	1993	304	32
3510	1994	299	32
3510	1995	316	32
3510	1996	293	32
3510	1997	303	32
3510	1998	305	32
3510	1999	319	32
3510	2000	314	32
3510	2001	273	32
3510	2002	293	32
3510	2003	291	32
3510	2005	291	32
3510	2006	301	32
3510	2007	334	32
3510	2008	319	32
3510	2010	320	32
3510	2011	306	32
3510	2012	349	32
3510	2013	312	32
3513	1986	277	21
3513	1987	281	21
3513	1988	260	21
3513	1990	258	21
3513	1997	308	21
3513	1998	283	21
3513	1999	287	21
3513	2000	303	21
3513	2002	290	21
3513	2003	276	21
3513	2004	286	21
3513	2005	278	21
3513	2006	274	21
3513	2007	287	21
3513	2008	284	21
3513	2009	282	21
3513	2010	282	21
3513	2011	293	21
3513	2012	327	21
3513	2013	293	21
3513	2014	277	21
3515	1979	285	36
3515	1980	291	36
3515	1981	291	36
3515	1982	283	36
3515	1983	285	36
3515	1984	289	36
3515	1985	290	36
3515	1986	279	36
3515	1987	283	36
3515	1988	271	36
3515	1990	272	36
3515	1991	282	36
3515	1992	293	36
3515	1993	283	36
3515	1994	291	36
3515	1995	284	36
3515	1996	273	36
3515	1997	303	36
3515	1998	285	36
3515	1999	297	36
3515	2000	293	36
3515	2001	296	36
3515	2002	288	36
3515	2003	304	36
3515	2004	296	36
3515	2005	294	36
3515	2006	306	36
3515	2007	278	36
3515	2008	292	36
3515	2009	300	36
3515	2010	302	36
3515	2011	302	36
3515	2012	324	36
3515	2013	296	36
3515	2014	294	36
3515	2015	309	36
3516	1979	288	24
3516	1980	292	24
3516	1981	277	24
3516	1982	285	24
3516	1983	273	24
3516	1984	279	24
3516	1985	269	24
3516	1986	279	24
3516	1987	289	24
3516	1988	264	24
3516	1989	279	24
3516	1990	281	24
3516	1991	308	24
3516	1992	293	24
3516	1993	286	24
3516	1994	289	24
3516	1995	280	24
3516	1996	274	24
3516	1997	295	24
3516	1998	282	24
3516	1999	290	24
3516	2000	285	24
3516	2001	275	24
3516	2002	271	24
3518	1990	285	23
3518	1992	303	23
3518	1993	296	23
3518	1994	294	23
3518	1995	300	23
3518	1996	282	23
3518	1997	309	23
3518	1998	288	23
3518	1999	295	23
3518	2000	286	23
3518	2002	285	23
3518	2003	286	23
3518	2004	296	23
3518	2005	294	23
3518	2006	294	23
3518	2007	286	23
3518	2008	284	23
3518	2009	300	23
3518	2010	295	23
3518	2011	296	23
3518	2013	292	23
3518	2014	288	23
3518	2015	297	23
3520	1980	292	34
3520	1981	280	34
3520	1982	291	34
3520	1983	259	34
3520	1984	301	34
3520	1985	269	34
3520	1986	300	34
3520	1987	306	34
3520	1988	294	34
3520	1989	291	34
3520	1990	290	34
3520	1991	284	34
3520	1992	290	34
3520	1993	287	34
3520	1994	296	34
3520	1995	290	34
3520	1996	280	34
3520	1997	288	34
3520	1998	286	34
3520	1999	291	34
3520	2000	286	34
3520	2001	289	34
3520	2002	288	34
3520	2003	292	34
3520	2004	298	34
3520	2005	294	34
3520	2006	298	34
3520	2007	282	34
3520	2008	288	34
3520	2009	301	34
3520	2010	293	34
3520	2013	286	34
3520	2014	293	34
3520	2015	289	34
3526	1979	275	37
3526	1980	293	37
3526	1981	296	37
3526	1982	299	37
3526	1983	302	37
3526	1984	296	37
3526	1985	300	37
3526	1986	296	37
3526	1987	300	37
3526	1988	279	37
3526	1989	285	37
3526	1990	286	37
3526	1991	304	37
3526	1992	309	37
3526	1993	300	37
3526	1994	297	37
3526	1995	291	37
3526	1996	281	37
3526	1997	311	37
3526	1998	307	37
3526	1999	300	37
3526	2000	288	37
3526	2001	283	37
3526	2002	286	37
3526	2003	283	37
3526	2004	282	37
3526	2005	281	37
3526	2006	294	37
3526	2007	292	37
3526	2008	282	37
3526	2009	277	37
3526	2010	274	37
3526	2011	286	37
3526	2012	322	37
3526	2013	287	37
3526	2014	285	37
3526	2015	282	37
3530	1979	292	20
3530	1980	288	20
3530	1981	291	20
3530	1982	295	20
3530	1983	290	20
3530	1984	312	20
3530	1985	295	20
3530	1986	273	20
3530	1987	300	20
3530	1988	277	20
3530	1989	292	20
3530	1990	285	20
3530	1991	282	20
3530	1992	268	20
3530	1993	282	20
3530	1994	262	20
3530	1995	283	20
3530	1996	268	20
3530	1997	276	20
3530	1998	273	20
3533	1979	246	29
3533	1980	268	29
3533	1981	281	29
3533	1982	287	29
3533	1983	280	29
3533	1984	303	29
3533	1985	281	29
3533	1986	319	29
3533	1987	259	29
3533	1988	294	29
3533	1989	246	29
3533	1990	283	29
3533	1991	277	29
3533	1992	271	29
3533	1993	279	29
3533	1994	292	29
3533	1995	270	29
3533	1996	294	29
3533	1997	295	29
3533	1998	297	29
3533	1999	267	29
3533	2000	292	29
3533	2001	273	29
3533	2002	272	29
3533	2003	283	29
3533	2004	293	29
3533	2005	297	29
3533	2006	260	29
3533	2007	263	29
3534	1979	284	35
3534	1980	300	35
3534	1981	281	35
3534	1982	298	35
3534	1983	291	35
3534	1984	278	35
3534	1985	306	35
3534	1986	293	35
3534	1987	290	35
3534	1988	292	35
3534	1990	284	35
3534	1991	304	35
3534	1992	301	35
3534	1993	293	35
3534	1994	291	35
3534	1996	277	35
3534	1997	303	35
3534	1998	287	35
3534	1999	295	35
3534	2000	290	35
3534	2001	302	35
3534	2002	289	35
3534	2003	293	35
3534	2004	296	35
3534	2005	299	35
3534	2006	297	35
3534	2007	293	35
3534	2008	291	35
3534	2009	301	35
3534	2010	298	35
3534	2011	301	35
3534	2012	319	35
3534	2013	296	35
3534	2014	294	35
3534	2015	297	35
3535	1980	280	17
3535	1981	281	17
3535	1984	308	17
3535	1985	313	17
3535	1986	277	17
3535	1987	312	17
3535	1989	284	17
3535	1990	300	17
3535	1991	310	17
3535	1992	303	17
3535	1993	295	17
3535	1994	290	17
3535	1996	274	17
3535	1997	283	17
3535	1998	282	17
3535	1999	294	17
3535	2000	276	17
3536	1979	275	17
3536	1980	290	17
3536	1981	260	17
3536	1982	290	17
3536	1983	283	17
3536	1984	290	17
3536	1985	293	17
3536	1986	275	17
3536	1987	273	17
3536	1988	288	17
3536	1989	295	17
3536	1990	289	17
3536	1991	300	17
3536	1992	280	17
3536	1993	277	17
3536	1994	274	17
3536	1995	283	17
3539	1979	283	18
3539	1981	296	18
3539	1985	276	18
3539	1986	320	18
3539	1995	272	18
3539	1998	278	18
3539	2000	291	18
3539	2003	282	18
3539	2004	281	18
3539	2005	301	18
3539	2006	308	18
3539	2007	306	18
3539	2008	302	18
3539	2009	305	18
3539	2010	288	18
3539	2011	306	18
3539	2012	323	18
3539	2013	295	18
3542	1979	278	26
3542	1980	288	26
3542	1981	256	26
3542	1982	288	26
3542	1983	282	26
3542	1984	283	26
3542	1985	280	26
3542	1986	271	26
3542	1987	284	26
3542	1988	283	26
3542	1989	258	26
3542	1990	263	26
3542	1991	283	26
3542	1992	283	26
3542	1993	259	26
3542	1994	263	26
3542	1996	268	26
3542	1997	271	26
3542	1998	277	26
3542	2002	261	26
3542	2003	274	26
3542	2004	277	26
3542	2005	278	26
3542	2007	274	26
3542	2008	278	26
3542	2011	274	26
3543	1995	293	19
3543	1997	281	19
3543	1999	298	19
3543	2000	306	19
3543	2001	293	19
3543	2002	288	19
3543	2003	263	19
3543	2004	334	19
3543	2005	319	19
3543	2006	306	19
3543	2007	300	19
3543	2008	291	19
3543	2009	290	19
3543	2010	301	19
3543	2011	304	19
3543	2012	318	19
3543	2013	301	19
3543	2014	300	19
3543	2015	301	19
3545	1992	306	18
3545	1993	286	18
3545	1994	297	18
3545	1995	301	18
3545	1996	283	18
3545	1997	289	18
3545	1998	292	18
3545	1999	303	18
3545	2000	299	18
3545	2001	297	18
3545	2002	292	18
3545	2003	306	18
3545	2004	301	18
3545	2005	303	18
3545	2006	297	18
3545	2007	288	18
3545	2008	286	18
3545	2009	307	18
3549	1992	304	24
3549	1993	283	24
3549	1994	292	24
3549	1995	291	24
3549	1996	280	24
3549	1997	301	24
3549	1998	287	24
3549	1999	297	24
3549	2000	289	24
3549	2001	306	24
3549	2002	283	24
3549	2003	307	24
3549	2004	294	24
3549	2005	294	24
3549	2006	301	24
3549	2007	290	24
3549	2008	283	24
3549	2009	288	24
3549	2010	294	24
3549	2011	301	24
3549	2012	333	24
3549	2013	299	24
3549	2014	299	24
3549	2015	286	24
3553	1980	309	25
3553	1982	301	25
3553	1983	308	25
3553	1984	292	25
3553	1986	324	25
3553	1987	328	25
3553	1988	305	25
3553	1989	300	25
3553	1990	313	25
3553	1993	298	25
3553	1994	285	25
3553	1995	308	25
3553	1996	280	25
3553	1998	298	25
3553	2003	305	25
3553	2004	300	25
3553	2005	312	25
3553	2007	312	25
3553	2009	300	25
3553	2010	301	25
3553	2011	297	25
3553	2012	323	25
3553	2013	288	25
3553	2014	287	25
3553	2015	294	25
3554	1979	246	20
3554	1980	294	20
3554	1981	274	20
3554	1982	280	20
3554	1983	292	20
3554	1984	292	20
3554	1985	287	20
3554	1986	263	20
3554	1987	290	20
3554	1988	285	20
3554	1989	265	20
3554	1990	259	20
3554	1991	280	20
3554	1992	291	20
3554	1993	277	20
3554	1994	277	20
3554	1995	272	20
3554	1996	277	20
3554	1997	288	20
3554	1998	271	20
3555	1980	295	22
3555	1981	293	22
3555	1982	280	22
3555	1983	267	22
3555	1984	289	22
3555	1985	277	22
3555	1986	271	22
3555	1987	295	22
3555	1988	265	22
3555	1989	264	22
3555	1990	266	22
3555	1991	303	22
3555	1992	301	22
3555	1993	307	22
3555	1994	290	22
3555	1995	292	22
3555	1996	271	22
3555	1997	279	22
3555	1998	271	22
3555	1999	276	22
3555	2000	291	22
3555	2015	284	22
3558	1980	299	34
3558	1981	294	34
3558	1982	292	34
3558	1983	292	34
3558	1985	287	34
3558	1986	290	34
3558	1987	290	34
3558	1988	284	34
3558	1989	280	34
3558	1990	282	34
3558	1991	292	34
3558	1992	298	34
3558	1993	278	34
3558	1994	280	34
3558	1996	273	34
3558	1997	292	34
3558	1998	293	34
3558	1999	289	34
3558	2000	285	34
3558	2001	285	34
3558	2002	285	34
3558	2003	299	34
3558	2004	297	34
3558	2005	293	34
3558	2006	293	34
3558	2007	291	34
3558	2008	293	34
3558	2009	308	34
3558	2010	303	34
3558	2011	303	34
3558	2012	310	34
3558	2013	293	34
3558	2014	294	34
3558	2015	291	34
3560	1979	272	21
3560	1980	279	21
3560	1981	283	21
3560	1982	287	21
3560	1983	292	21
3560	1984	287	21
3560	1985	286	21
3560	1986	285	21
3560	1987	282	21
3560	1988	286	21
3560	1989	283	21
3560	1990	260	21
3560	1991	276	21
3560	1992	276	21
3560	1993	304	21
3560	1994	290	21
3560	1995	283	21
3560	1996	286	21
3560	1997	295	21
3560	1998	293	21
3560	1999	295	21
3562	1980	296	33
3562	1981	287	33
3562	1982	291	33
3562	1983	287	33
3562	1985	288	33
3562	1986	265	33
3562	1988	296	33
3562	1989	290	33
3562	1990	290	33
3562	1991	288	33
3562	1992	283	33
3562	1993	293	33
3562	1994	298	33
3562	1995	293	33
3562	1997	285	33
3562	1998	283	33
3562	1999	285	33
3562	2000	278	33
3562	2001	276	33
3562	2002	284	33
3562	2003	275	33
3562	2004	293	33
3562	2005	290	33
3562	2006	283	33
3562	2007	274	33
3562	2008	285	33
3562	2009	278	33
3562	2010	274	33
3562	2011	285	33
3562	2012	305	33
3562	2013	271	33
3562	2014	283	33
3562	2015	266	33
3563	1979	289	37
3563	1980	300	37
3563	1981	280	37
3563	1982	298	37
3563	1983	280	37
3563	1984	291	37
3563	1985	289	37
3563	1986	294	37
3563	1987	298	37
3563	1988	290	37
3563	1989	285	37
3563	1990	291	37
3563	1991	288	37
3563	1992	287	37
3563	1993	283	37
3563	1994	289	37
3563	1995	293	37
3563	1996	290	37
3563	1997	298	37
3563	1998	283	37
3563	1999	283	37
3563	2000	283	37
3563	2001	288	37
3563	2002	293	37
3563	2003	281	37
3563	2004	281	37
3563	2005	283	37
3563	2006	274	37
3563	2007	278	37
3563	2008	291	37
3563	2009	289	37
3563	2010	285	37
3563	2011	288	37
3563	2012	295	37
3563	2013	287	37
3563	2014	279	37
3563	2015	287	37
3565	1995	294	17
3565	1996	285	17
3565	1997	295	17
3565	1998	286	17
3565	1999	287	17
3565	2000	288	17
3565	2001	294	17
3565	2002	279	17
3565	2003	300	17
3565	2004	302	17
3565	2005	284	17
3565	2006	295	17
3565	2007	284	17
3565	2008	293	17
3565	2009	293	17
3565	2010	283	17
3565	2011	303	17
3569	1980	289	16
3569	1981	293	16
3569	1982	291	16
3569	1983	290	16
3569	1984	293	16
3569	1985	293	16
3569	1986	294	16
3569	1987	291	16
3569	1988	291	16
3569	1990	291	16
3569	1991	291	16
3569	1992	293	16
3569	1993	291	16
3569	1994	282	16
3569	1995	288	16
3569	1996	289	16
3575	1979	245	21
3575	1981	245	21
3575	1983	250	21
3575	1984	282	21
3575	1985	296	21
3575	1986	297	21
3575	1987	301	21
3575	1988	286	21
3575	1989	285	21
3575	1990	281	21
3575	1991	289	21
3575	1992	306	21
3575	1993	304	21
3575	1994	294	21
3575	1995	296	21
3575	1996	285	21
3575	1997	307	21
3575	1998	300	21
3575	1999	299	21
3575	2000	291	21
3575	2001	302	21
3578	1979	290	37
3578	1980	295	37
3578	1981	287	37
3578	1982	295	37
3578	1983	299	37
3578	1984	298	37
3578	1985	300	37
3578	1986	275	37
3578	1987	302	37
3578	1988	285	37
3578	1989	287	37
3578	1990	280	37
3578	1991	317	37
3578	1992	305	37
3578	1993	301	37
3578	1994	301	37
3578	1995	286	37
3578	1996	277	37
3578	1997	301	37
3578	1998	290	37
3578	1999	298	37
3578	2000	295	37
3578	2001	301	37
3578	2002	297	37
3578	2003	296	37
3578	2004	297	37
3578	2005	307	37
3578	2006	303	37
3578	2007	292	37
3578	2008	291	37
3578	2009	307	37
3578	2010	293	37
3578	2011	306	37
3578	2012	323	37
3578	2013	300	37
3578	2014	298	37
3578	2015	295	37
3579	1979	285	24
3579	1980	296	24
3579	1981	292	24
3579	1982	301	24
3579	1983	286	24
3579	1984	314	24
3579	1985	321	24
3579	1986	282	24
3579	1987	285	24
3579	1988	290	24
3579	1989	295	24
3579	1990	250	24
3579	1991	296	24
3579	1992	306	24
3579	1993	306	24
3579	1994	280	24
3579	1995	283	24
3579	1996	293	24
3579	1997	294	24
3579	1998	294	24
3579	1999	298	24
3579	2000	300	24
3579	2001	274	24
3579	2003	275	24
3585	1980	287	26
3585	1981	266	26
3585	1982	270	26
3585	1983	257	26
3585	1984	270	26
3585	1985	279	26
3585	1986	273	26
3585	1987	276	26
3585	1988	291	26
3585	1989	263	26
3585	1990	268	26
3585	1991	253	26
3585	1992	271	26
3585	1993	258	26
3585	1994	260	26
3585	1995	263	26
3585	1996	251	26
3585	1997	258	26
3585	1998	264	26
3585	1999	279	26
3585	2000	271	26
3585	2001	251	26
3585	2002	257	26
3585	2003	269	26
3585	2004	283	26
3585	2005	263	26
3586	1984	292	23
3586	1985	300	23
3586	1988	298	23
3586	1992	282	23
3586	1993	289	23
3586	1994	291	23
3586	1995	299	23
3586	1996	282	23
3586	1997	310	23
3586	1998	294	23
3586	1999	298	23
3586	2000	289	23
3586	2002	286	23
3586	2003	277	23
3586	2004	298	23
3586	2005	291	23
3586	2006	298	23
3586	2007	288	23
3586	2008	289	23
3586	2009	299	23
3586	2013	293	23
3586	2014	289	23
3586	2015	294	23
3601	1979	302	36
3601	1980	300	36
3601	1981	302	36
3601	1982	304	36
3601	1983	300	36
3601	1984	300	36
3601	1985	302	36
3601	1986	299	36
3601	1987	299	36
3601	1988	296	36
3601	1989	293	36
3601	1990	294	36
3601	1991	291	36
3601	1992	291	36
3601	1993	290	36
3601	1994	280	36
3601	1995	285	36
3601	1996	285	36
3601	1997	290	36
3601	1998	286	36
3601	1999	289	36
3601	2000	266	36
3601	2001	278	36
3601	2002	272	36
3601	2003	284	36
3601	2004	301	36
3601	2005	294	36
3601	2006	292	36
3601	2007	292	36
3601	2008	282	36
3601	2009	275	36
3601	2010	279	36
3601	2011	295	36
3601	2012	312	36
3601	2013	291	36
3601	2014	293	36
3605	1979	288	30
3605	1980	291	30
3605	1981	294	30
3605	1982	293	30
3605	1983	295	30
3605	1984	292	30
3605	1985	293	30
3605	1986	287	30
3605	1987	295	30
3605	1988	289	30
3605	1989	288	30
3605	1990	284	30
3605	1991	296	30
3605	1992	298	30
3605	1993	289	30
3605	1994	289	30
3605	1995	287	30
3605	1996	277	30
3605	1997	299	30
3605	1998	286	30
3605	1999	296	30
3605	2000	291	30
3605	2001	286	30
3605	2002	280	30
3605	2003	291	30
3605	2004	297	30
3605	2005	296	30
3605	2006	297	30
3605	2007	294	30
3605	2008	292	30
3606	1979	277	29
3606	1980	301	29
3606	1982	297	29
3606	1983	299	29
3606	1984	301	29
3606	1986	284	29
3606	1990	294	29
3606	1992	287	29
3606	1993	285	29
3606	1995	297	29
3606	1996	272	29
3606	1997	294	29
3606	1998	285	29
3606	1999	300	29
3606	2000	288	29
3606	2001	300	29
3606	2002	293	29
3606	2003	308	29
3606	2004	303	29
3606	2005	300	29
3606	2006	300	29
3606	2007	291	29
3606	2008	303	29
3606	2010	288	29
3606	2011	302	29
3606	2012	310	29
3606	2013	295	29
3606	2014	305	29
3606	2015	300	29
3610	1979	296	19
3610	1980	296	19
3610	1981	293	19
3610	1982	292	19
3610	1983	296	19
3610	1984	302	19
3610	1985	292	19
3610	1986	290	19
3610	1987	288	19
3610	1988	286	19
3610	2005	294	19
3610	2006	294	19
3610	2007	278	19
3610	2008	279	19
3610	2009	280	19
3610	2010	278	19
3610	2012	299	19
3610	2014	283	19
3610	2015	286	19
3611	1979	291	19
3611	1980	296	19
3611	1981	296	19
3611	1982	285	19
3611	1983	283	19
3611	1984	284	19
3611	1985	288	19
3611	1986	285	19
3611	1987	288	19
3611	1988	248	19
3611	1989	253	19
3611	1990	280	19
3611	1991	291	19
3611	1992	261	19
3611	1993	273	19
3611	1994	277	19
3611	1995	314	19
3611	1996	291	19
3611	1997	276	19
3616	1979	285	18
3616	1980	299	18
3616	1981	312	18
3616	1982	304	18
3616	1983	282	18
3616	1985	307	18
3616	1986	288	18
3616	1987	294	18
3616	1988	305	18
3616	1989	277	18
3616	1990	275	18
3616	1991	306	18
3616	1992	296	18
3616	1993	303	18
3616	1994	274	18
3616	1997	291	18
3616	1998	289	18
3616	1999	288	18
3617	1979	291	32
3617	1980	298	32
3617	1981	298	32
3617	1982	294	32
3617	1983	296	32
3617	1984	293	32
3617	1985	300	32
3617	1986	289	32
3617	1987	299	32
3617	1988	296	32
3617	1989	291	32
3617	1990	285	32
3617	1991	293	32
3617	1992	302	32
3617	1993	288	32
3617	1994	298	32
3617	1995	294	32
3617	1996	284	32
3617	1997	304	32
3617	1998	291	32
3617	1999	300	32
3617	2000	295	32
3617	2001	301	32
3617	2002	292	32
3617	2003	299	32
3617	2004	300	32
3617	2005	300	32
3617	2006	302	32
3617	2007	291	32
3617	2008	292	32
3617	2009	303	32
3617	2010	279	32
3618	1979	290	37
3618	1980	308	37
3618	1981	280	37
3618	1982	292	37
3618	1983	298	37
3618	1984	296	37
3618	1985	293	37
3618	1986	298	37
3618	1987	300	37
3618	1988	301	37
3618	1989	290	37
3618	1990	293	37
3618	1991	300	37
3618	1992	296	37
3618	1993	292	37
3618	1994	294	37
3618	1995	293	37
3618	1996	268	37
3618	1997	303	37
3618	1998	289	37
3618	1999	290	37
3618	2000	290	37
3618	2001	300	37
3618	2002	292	37
3618	2003	306	37
3618	2004	294	37
3618	2005	300	37
3618	2006	302	37
3618	2007	282	37
3618	2008	291	37
3618	2009	297	37
3618	2010	291	37
3618	2011	299	37
3618	2012	314	37
3618	2013	295	37
3618	2014	295	37
3618	2015	294	37
3622	1979	319	16
3622	1980	310	16
3622	1981	278	16
3622	1982	308	16
3622	1983	302	16
3622	1984	274	16
3622	1985	290	16
3622	1986	293	16
3622	1987	272	16
3622	1988	299	16
3622	1989	287	16
3622	1990	320	16
3622	1991	290	16
3622	1992	290	16
3622	1993	292	16
3622	1994	286	16
3625	1988	290	15
3625	1990	260	15
3625	1991	305	15
3625	1993	301	15
3625	1994	293	15
3625	1995	293	15
3625	1996	272	15
3625	1997	303	15
3625	1998	283	15
3625	1999	293	15
3625	2000	292	15
3625	2001	288	15
3625	2002	288	15
3625	2003	295	15
3625	2004	258	15
3626	1979	297	18
3626	1980	303	18
3626	1981	301	18
3626	1982	293	18
3626	1983	297	18
3626	1984	301	18
3626	1985	315	18
3626	1986	293	18
3626	1987	297	18
3626	1988	290	18
3626	1989	293	18
3626	1990	293	18
3626	1991	304	18
3626	1992	287	18
3626	1993	287	18
3626	1994	286	18
3626	1995	285	18
3626	1996	275	18
3628	1980	261	36
3628	1981	283	36
3628	1982	291	36
3628	1983	290	36
3628	1984	282	36
3628	1985	288	36
3628	1986	280	36
3628	1987	298	36
3628	1988	296	36
3628	1989	284	36
3628	1990	281	36
3628	1991	294	36
3628	1992	283	36
3628	1993	274	36
3628	1994	282	36
3628	1995	270	36
3628	1996	272	36
3628	1997	285	36
3628	1998	275	36
3628	1999	285	36
3628	2000	282	36
3628	2001	279	36
3628	2002	285	36
3628	2003	286	36
3628	2004	282	36
3628	2005	278	36
3628	2006	290	36
3628	2007	269	36
3628	2008	281	36
3628	2009	286	36
3628	2010	281	36
3628	2011	296	36
3628	2012	319	36
3628	2013	293	36
3628	2014	272	36
3628	2015	280	36
3630	1979	279	36
3630	1980	294	36
3630	1981	286	36
3630	1982	288	36
3630	1983	279	36
3630	1984	286	36
3630	1985	288	36
3630	1986	283	36
3630	1987	286	36
3630	1988	276	36
3630	1989	263	36
3630	1990	287	36
3630	1991	295	36
3630	1992	295	36
3630	1993	290	36
3630	1995	289	36
3630	1996	255	36
3630	1997	275	36
3630	1998	273	36
3630	1999	289	36
3630	2000	277	36
3630	2001	284	36
3630	2002	272	36
3630	2003	276	36
3630	2004	275	36
3630	2005	286	36
3630	2006	290	36
3630	2007	293	36
3630	2008	291	36
3630	2009	301	36
3630	2010	293	36
3630	2011	296	36
3630	2012	300	36
3630	2013	304	36
3630	2014	291	36
3630	2015	291	36
3631	1981	268	31
3631	1982	290	31
3631	1983	276	31
3631	1984	294	31
3631	1985	288	31
3631	1986	287	31
3631	1987	290	31
3631	1988	291	31
3631	1989	286	31
3631	1990	279	31
3631	1991	300	31
3631	1992	283	31
3631	1993	288	31
3631	1994	285	31
3631	1995	266	31
3631	1996	282	31
3631	1997	281	31
3631	1998	287	31
3631	1999	281	31
3631	2000	279	31
3631	2001	280	31
3631	2002	278	31
3631	2003	284	31
3631	2004	281	31
3631	2005	285	31
3631	2006	285	31
3631	2007	280	31
3631	2008	285	31
3631	2010	284	31
3631	2011	284	31
3631	2012	313	31
3632	1983	286	28
3632	1984	287	28
3632	1985	281	28
3632	1986	280	28
3632	1987	291	28
3632	1988	278	28
3632	1989	285	28
3632	1990	276	28
3632	1991	292	28
3632	1992	296	28
3632	1997	298	28
3632	1998	303	28
3632	1999	303	28
3632	2000	293	28
3632	2001	302	28
3632	2002	294	28
3632	2003	283	28
3632	2004	303	28
3632	2005	299	28
3632	2006	301	28
3632	2007	292	28
3632	2008	285	28
3632	2009	301	28
3632	2010	297	28
3632	2011	303	28
3632	2013	296	28
3632	2014	294	28
3632	2015	291	28
3633	1979	295	36
3633	1980	297	36
3633	1981	285	36
3633	1982	285	36
3633	1983	288	36
3633	1984	299	36
3633	1985	300	36
3633	1986	291	36
3633	1987	295	36
3633	1988	298	36
3633	1989	297	36
3633	1990	282	36
3633	1991	285	36
3633	1992	281	36
3633	1993	291	36
3633	1994	288	36
3633	1995	287	36
3633	1996	289	36
3633	1997	290	36
3633	1998	289	36
3633	1999	292	36
3633	2000	279	36
3633	2001	288	36
3633	2002	290	36
3633	2003	293	36
3633	2004	295	36
3633	2005	298	36
3633	2006	295	36
3633	2008	295	36
3633	2009	296	36
3633	2010	294	36
3633	2011	292	36
3633	2012	309	36
3633	2013	296	36
3633	2014	295	36
3633	2015	298	36
3642	1979	301	29
3642	1980	318	29
3642	1981	297	29
3642	1982	292	29
3642	1983	303	29
3642	1984	303	29
3642	1985	298	29
3642	1986	300	29
3642	1987	314	29
3642	1988	294	29
3642	1989	288	29
3642	1990	300	29
3642	1991	302	29
3642	1992	307	29
3642	1993	280	29
3642	1994	291	29
3642	1995	291	29
3642	1996	273	29
3642	1997	311	29
3642	1998	281	29
3642	1999	294	29
3642	2000	288	29
3642	2001	281	29
3642	2002	276	29
3642	2003	297	29
3642	2004	299	29
3642	2005	280	29
3642	2006	288	29
3642	2007	285	29
3645	1979	307	21
3645	1980	319	21
3645	1981	307	21
3645	1982	305	21
3645	1983	306	21
3645	1984	312	21
3645	1985	319	21
3645	1986	324	21
3645	1996	291	21
3645	1997	303	21
3645	1998	290	21
3645	1999	302	21
3645	2000	292	21
3645	2001	295	21
3645	2002	292	21
3645	2003	291	21
3645	2010	289	21
3645	2011	304	21
3645	2012	336	21
3645	2014	294	21
3645	2015	301	21
3649	1979	277	18
3649	1980	290	18
3649	1981	279	18
3649	1982	293	18
3649	1983	279	18
3649	1984	284	18
3649	1985	284	18
3649	1986	270	18
3649	1989	282	18
3649	1990	275	18
3649	1991	281	18
3649	1992	278	18
3649	1993	293	18
3649	1994	291	18
3649	1995	280	18
3649	1996	276	18
3649	1997	285	18
3649	1998	282	18
3651	1979	280	37
3651	1980	294	37
3651	1981	302	37
3651	1982	298	37
3651	1983	287	37
3651	1984	303	37
3651	1985	294	37
3651	1986	297	37
3651	1987	295	37
3651	1988	293	37
3651	1989	289	37
3651	1990	303	37
3651	1991	296	37
3651	1992	296	37
3651	1993	293	37
3651	1994	297	37
3651	1995	303	37
3651	1996	288	37
3651	1997	303	37
3651	1998	280	37
3651	1999	287	37
3651	2000	280	37
3651	2001	292	37
3651	2002	281	37
3651	2003	285	37
3651	2004	286	37
3651	2005	274	37
3651	2006	292	37
3651	2007	280	37
3651	2008	277	37
3651	2009	280	37
3651	2010	294	37
3651	2011	293	37
3651	2012	314	37
3651	2013	297	37
3651	2014	283	37
3651	2015	289	37
3653	1979	284	20
3653	1980	295	20
3653	1981	291	20
3653	1982	300	20
3653	1983	294	20
3653	1984	292	20
3653	1985	307	20
3653	1986	270	20
3653	1987	303	20
3653	1988	300	20
3653	1989	301	20
3653	1990	289	20
3653	1991	295	20
3653	1992	281	20
3653	1993	261	20
3653	1994	280	20
3653	1995	279	20
3653	1996	273	20
3653	1997	277	20
3653	1998	282	20
3656	1979	293	24
3656	1980	307	24
3656	1981	300	24
3656	1982	295	24
3656	1983	298	24
3656	1984	309	24
3656	1985	301	24
3656	1986	301	24
3656	1987	294	24
3656	1988	286	24
3656	1989	288	24
3656	1990	288	24
3656	1991	288	24
3656	1996	269	24
3656	1997	319	24
3656	1999	288	24
3656	2004	269	24
3656	2005	272	24
3656	2006	274	24
3656	2007	278	24
3656	2008	281	24
3656	2009	273	24
3656	2010	291	24
3656	2011	299	24
3657	1979	278	22
3657	1980	296	22
3657	1981	292	22
3657	1982	296	22
3657	1983	290	22
3657	1984	294	22
3657	1985	303	22
3657	1986	282	22
3657	1987	299	22
3657	1988	291	22
3657	1989	294	22
3657	1990	307	22
3657	1991	311	22
3657	1992	307	22
3657	1993	298	22
3657	1994	301	22
3657	1995	301	22
3657	1996	277	22
3657	1997	310	22
3657	1998	293	22
3657	1999	299	22
3657	2000	293	22
3659	1979	283	34
3659	1980	289	34
3659	1981	288	34
3659	1982	282	34
3659	1983	278	34
3659	1984	285	34
3659	1985	276	34
3659	1986	279	34
3659	1987	284	34
3659	1988	295	34
3659	1989	291	34
3659	1991	284	34
3659	1992	298	34
3659	1993	305	34
3659	1994	281	34
3659	1995	300	34
3659	1996	272	34
3659	1997	282	34
3659	1998	262	34
3659	1999	272	34
3659	2000	267	34
3659	2001	262	34
3659	2002	272	34
3659	2003	291	34
3659	2004	278	34
3659	2005	273	34
3659	2006	284	34
3659	2007	290	34
3659	2008	285	34
3659	2009	281	34
3659	2010	280	34
3659	2011	295	34
3659	2012	300	34
3659	2013	295	34
3660	1979	290	15
3660	1980	276	15
3660	1981	312	15
3660	1982	289	15
3660	1983	268	15
3660	1984	265	15
3660	1985	312	15
3660	1986	291	15
3660	1987	306	15
3660	1988	281	15
3660	1989	267	15
3660	1990	267	15
3660	1991	284	15
3660	1992	294	15
3660	1993	310	15
3663	1979	290	26
3663	1990	279	26
3663	1991	277	26
3663	1993	292	26
3663	1994	281	26
3663	1995	290	26
3663	1996	286	26
3663	1997	287	26
3663	1998	280	26
3663	1999	278	26
3663	2000	275	26
3663	2001	276	26
3663	2002	272	26
3663	2003	270	26
3663	2004	282	26
3663	2005	276	26
3663	2006	284	26
3663	2007	285	26
3663	2008	282	26
3663	2009	280	26
3663	2010	282	26
3663	2011	284	26
3663	2012	298	26
3663	2013	288	26
3663	2014	283	26
3663	2015	279	26
3668	1979	288	26
3668	1980	298	26
3668	1981	282	26
3668	1982	291	26
3668	1983	293	26
3668	1984	287	26
3668	1985	292	26
3668	1986	278	26
3668	1987	295	26
3668	1988	286	26
3668	1989	290	26
3668	1990	291	26
3668	1991	289	26
3668	1992	296	26
3668	1993	291	26
3668	1994	296	26
3668	1995	296	26
3668	1996	280	26
3668	1997	308	26
3668	1998	293	26
3668	1999	299	26
3668	2010	294	26
3668	2011	310	26
3668	2013	310	26
3668	2014	305	26
3668	2015	304	26
3669	1979	279	34
3669	1980	290	34
3669	1981	292	34
3669	1982	296	34
3669	1983	278	34
3669	1984	288	34
3669	1985	280	34
3669	1986	272	34
3669	1987	285	34
3669	1988	275	34
3669	1989	274	34
3669	1990	279	34
3669	1991	285	34
3669	1992	280	34
3669	1993	289	34
3669	1995	292	34
3669	1996	288	34
3669	1997	289	34
3669	1998	293	34
3669	1999	289	34
3669	2000	287	34
3669	2001	289	34
3669	2002	289	34
3669	2003	283	34
3669	2004	283	34
3669	2005	288	34
3669	2006	294	34
3669	2007	291	34
3669	2008	293	34
3669	2009	298	34
3669	2010	299	34
3669	2011	300	34
3669	2012	330	34
3669	2013	294	34
3674	1979	276	22
3674	1980	294	22
3674	1981	261	22
3674	1982	275	22
3674	1983	274	22
3674	1984	273	22
3674	1985	253	22
3674	1986	249	22
3674	1987	273	22
3674	1988	268	22
3674	1989	287	22
3674	1990	274	22
3674	1991	294	22
3674	1992	273	22
3674	1993	269	22
3674	1994	262	22
3674	1995	302	22
3674	1996	278	22
3674	1997	298	22
3674	1998	268	22
3674	1999	258	22
3674	2000	263	22
3676	1979	298	35
3676	1980	298	35
3676	1981	278	35
3676	1982	281	35
3676	1983	280	35
3676	1984	285	35
3676	1985	297	35
3676	1986	266	35
3676	1987	292	35
3676	1988	284	35
3676	1989	289	35
3676	1990	281	35
3676	1991	315	35
3676	1992	301	35
3676	1993	298	35
3676	1994	293	35
3676	1995	288	35
3676	1996	281	35
3676	1997	309	35
3676	1998	281	35
3676	1999	297	35
3676	2001	305	35
3676	2002	285	35
3676	2003	297	35
3676	2005	295	35
3676	2006	309	35
3676	2007	295	35
3676	2008	286	35
3676	2009	302	35
3676	2010	290	35
3676	2011	298	35
3676	2012	320	35
3676	2013	295	35
3676	2014	301	35
3676	2015	300	35
3682	1985	295	21
3682	1986	263	21
3682	1987	279	21
3682	1988	251	21
3682	1989	270	21
3682	1990	268	21
3682	1991	305	21
3682	1992	277	21
3682	1993	271	21
3682	1994	284	21
3682	1995	280	21
3682	1996	285	21
3682	1997	283	21
3682	1998	273	21
3682	1999	289	21
3682	2000	290	21
3682	2001	303	21
3682	2002	298	21
3682	2003	275	21
3682	2005	285	21
3682	2007	278	21
3683	1984	292	27
3683	1985	299	27
3683	1986	302	27
3683	1987	308	27
3683	1988	279	27
3683	1991	313	27
3683	1992	306	27
3683	1993	297	27
3683	1994	274	27
3683	1995	305	27
3683	1996	283	27
3683	1997	271	27
3683	1998	283	27
3683	1999	298	27
3683	2000	288	27
3683	2001	314	27
3683	2002	281	27
3683	2003	282	27
3683	2004	294	27
3683	2005	285	27
3683	2006	298	27
3683	2007	263	27
3683	2008	274	27
3683	2009	275	27
3683	2010	270	27
3683	2011	296	27
3683	2012	321	27
3685	1979	299	16
3685	1980	305	16
3685	1981	292	16
3685	1982	280	16
3685	1983	283	16
3685	1984	279	16
3685	1985	297	16
3685	1986	275	16
3685	1987	280	16
3685	1988	303	16
3685	1989	300	16
3685	2003	311	16
3685	2009	297	16
3685	2010	289	16
3685	2012	319	16
3685	2013	298	16
3690	1979	287	18
3690	1980	292	18
3690	1981	284	18
3690	1982	290	18
3690	1983	283	18
3690	1984	290	18
3690	1985	310	18
3690	1986	290	18
3690	1987	280	18
3690	1988	274	18
3690	1989	291	18
3690	1990	291	18
3690	1991	274	18
3690	1992	274	18
3690	1993	283	18
3690	1994	275	18
3690	1996	278	18
3690	1997	288	18
3693	1979	289	34
3693	1980	300	34
3693	1981	265	34
3693	1982	309	34
3693	1983	303	34
3693	1984	297	34
3693	1985	297	34
3693	1986	280	34
3693	1988	302	34
3693	1989	291	34
3693	1990	297	34
3693	1991	307	34
3693	1992	304	34
3693	1993	304	34
3693	1994	293	34
3693	1995	303	34
3693	1996	286	34
3693	1997	290	34
3693	1998	289	34
3693	1999	296	34
3693	2000	293	34
3693	2001	297	34
3693	2002	287	34
3693	2003	289	34
3693	2004	295	34
3693	2005	299	34
3693	2006	299	34
3693	2007	304	34
3693	2008	295	34
3693	2009	296	34
3693	2011	303	34
3693	2012	318	34
3693	2014	302	34
3693	2015	303	34
3694	1979	278	35
3694	1980	280	35
3694	1981	290	35
3694	1982	278	35
3694	1983	285	35
3694	1984	288	35
3694	1985	285	35
3694	1986	282	35
3694	1987	275	35
3694	1988	280	35
3694	1989	270	35
3694	1990	282	35
3694	1991	288	35
3694	1992	275	35
3694	1993	258	35
3694	1994	253	35
3694	1995	269	35
3694	1996	273	35
3694	1997	259	35
3694	1998	248	35
3694	2000	258	35
3694	2001	266	35
3694	2002	275	35
3694	2003	253	35
3694	2004	283	35
3694	2005	286	35
3694	2006	281	35
3694	2007	278	35
3694	2008	278	35
3694	2009	278	35
3694	2010	283	35
3694	2011	274	35
3694	2012	319	35
3694	2013	288	35
3694	2014	295	35
3695	1980	292	18
3695	1981	290	18
3695	1982	292	18
3695	1983	271	18
3695	1984	269	18
3695	1985	271	18
3695	1986	274	18
3695	1987	278	18
3695	1988	284	18
3695	1989	279	18
3695	1990	280	18
3695	1991	295	18
3695	1992	292	18
3695	1993	286	18
3695	1994	279	18
3695	1995	277	18
3695	1996	285	18
3695	1997	284	18
3697	1979	276	20
3697	1980	290	20
3697	1981	275	20
3697	1982	285	20
3697	1983	280	20
3697	1984	305	20
3697	1986	285	20
3697	1987	290	20
3697	1988	270	20
3697	1989	283	20
3697	1990	295	20
3697	1991	288	20
3697	1992	275	20
3697	1993	272	20
3697	1994	268	20
3697	1995	268	20
3697	1996	268	20
3697	1997	293	20
3697	1998	273	20
3697	1999	268	20
3701	1979	276	37
3701	1980	287	37
3701	1981	291	37
3701	1982	287	37
3701	1983	289	37
3701	1984	316	37
3701	1985	303	37
3701	1986	273	37
3701	1987	291	37
3701	1988	289	37
3701	1989	279	37
3701	1990	283	37
3701	1991	303	37
3701	1992	304	37
3701	1993	305	37
3701	1994	285	37
3701	1995	305	37
3701	1996	273	37
3701	1997	315	37
3701	1998	292	37
3701	1999	268	37
3701	2000	284	37
3701	2001	290	37
3701	2002	294	37
3701	2003	301	37
3701	2004	295	37
3701	2005	301	37
3701	2006	305	37
3701	2007	302	37
3701	2008	297	37
3701	2009	284	37
3701	2010	305	37
3701	2011	285	37
3701	2012	330	37
3701	2013	298	37
3701	2014	300	37
3701	2015	281	37
3703	1979	276	37
3703	1980	293	37
3703	1981	295	37
3703	1982	284	37
3703	1983	283	37
3703	1984	285	37
3703	1985	287	37
3703	1986	283	37
3703	1987	289	37
3703	1988	283	37
3703	1989	286	37
3703	1990	287	37
3703	1991	291	37
3703	1992	297	37
3703	1993	283	37
3703	1994	286	37
3703	1995	293	37
3703	1996	268	37
3703	1997	284	37
3703	1998	286	37
3703	1999	293	37
3703	2000	282	37
3703	2001	292	37
3703	2002	289	37
3703	2003	293	37
3703	2004	291	37
3703	2005	295	37
3703	2006	293	37
3703	2007	283	37
3703	2008	284	37
3703	2009	298	37
3703	2010	282	37
3703	2011	296	37
3703	2012	311	37
3703	2013	287	37
3703	2014	282	37
3703	2015	293	37
3705	1982	288	26
3705	1984	290	26
3705	1986	296	26
3705	1988	291	26
3705	1991	303	26
3705	1994	293	26
3705	1996	291	26
3705	1997	295	26
3705	1998	297	26
3705	1999	295	26
3705	2000	288	26
3705	2001	300	26
3705	2002	288	26
3705	2003	292	26
3705	2004	300	26
3705	2005	298	26
3705	2006	299	26
3705	2007	293	26
3705	2008	277	26
3705	2009	300	26
3705	2010	292	26
3705	2011	299	26
3705	2012	309	26
3705	2013	293	26
3705	2014	298	26
3705	2015	294	26
3707	1979	272	28
3707	1980	294	28
3707	1981	283	28
3707	1982	290	28
3707	1983	299	28
3707	1984	290	28
3707	1985	285	28
3707	1986	277	28
3707	1987	280	28
3707	1988	270	28
3707	1989	285	28
3707	1990	276	28
3707	1991	281	28
3707	1992	264	28
3707	1993	301	28
3707	1994	275	28
3707	1995	282	28
3707	1996	275	28
3707	1997	283	28
3707	1998	286	28
3707	1999	288	28
3707	2000	288	28
3707	2001	293	28
3707	2002	276	28
3707	2003	290	28
3707	2004	291	28
3707	2005	295	28
3707	2006	287	28
3709	1980	324	17
3709	1983	282	17
3709	1985	265	17
3709	1987	289	17
3709	1988	285	17
3709	1993	310	17
3709	1994	276	17
3709	1996	271	17
3709	1998	272	17
3709	2008	274	17
3709	2009	305	17
3709	2010	304	17
3709	2011	304	17
3709	2012	319	17
3709	2013	301	17
3709	2014	305	17
3709	2015	304	17
3711	1979	284	19
3711	1980	287	19
3711	1981	292	19
3711	1982	288	19
3711	1983	258	19
3711	1984	285	19
3711	1985	274	19
3711	1986	273	19
3711	1987	329	19
3711	1988	273	19
3711	1989	263	19
3711	1990	271	19
3711	1991	285	19
3711	1993	268	19
3711	1994	270	19
3711	1995	272	19
3711	1997	273	19
3711	1998	289	19
3711	1999	283	19
3723	1979	290	35
3723	1980	300	35
3723	1981	302	35
3723	1982	300	35
3723	1983	303	35
3723	1984	289	35
3723	1985	312	35
3723	1986	300	35
3723	1987	291	35
3723	1988	283	35
3723	1989	305	35
3723	1990	290	35
3723	1991	296	35
3723	1992	282	35
3723	1993	279	35
3723	1994	278	35
3723	1995	278	35
3723	1996	275	35
3723	1997	282	35
3723	1998	278	35
3723	1999	277	35
3723	2000	276	35
3723	2001	278	35
3723	2002	277	35
3723	2003	268	35
3723	2004	274	35
3723	2005	277	35
3723	2006	281	35
3723	2007	267	35
3723	2008	276	35
3723	2009	283	35
3723	2010	279	35
3723	2012	291	35
3723	2014	269	35
3723	2015	274	35
3727	1980	296	16
3727	1981	277	16
3727	1982	297	16
3727	1983	293	16
3727	1984	282	16
3727	1985	299	16
3727	1986	297	16
3727	1987	289	16
3727	1988	294	16
3727	1989	292	16
3727	1990	283	16
3727	1991	321	16
3727	1992	287	16
3727	1993	283	16
3727	1994	292	16
3727	1995	283	16
3733	1980	288	30
3733	1981	277	30
3733	1982	287	30
3733	1989	277	30
3733	1990	275	30
3733	1991	280	30
3733	1992	301	30
3733	1993	291	30
3733	1994	295	30
3733	1995	293	30
3733	1996	287	30
3733	1997	310	30
3733	1998	295	30
3733	1999	298	30
3733	2000	306	30
3733	2001	301	30
3733	2002	298	30
3733	2003	299	30
3733	2004	300	30
3733	2005	306	30
3733	2006	311	30
3733	2007	303	30
3733	2008	300	30
3733	2009	302	30
3733	2010	305	30
3733	2011	303	30
3733	2012	317	30
3733	2013	298	30
3733	2014	303	30
3733	2015	306	30
3734	1979	296	17
3734	1980	293	17
3734	1981	271	17
3734	1982	294	17
3734	1983	288	17
3734	1984	280	17
3734	1985	293	17
3734	1986	298	17
3734	1987	286	17
3734	1988	294	17
3734	1989	290	17
3734	1990	280	17
3734	1991	319	17
3734	1992	293	17
3734	1993	285	17
3734	1994	294	17
3734	1995	297	17
3737	1980	292	25
3737	1981	289	25
3737	1982	295	25
3737	1983	293	25
3737	1984	298	25
3737	1985	300	25
3737	1986	293	25
3737	1987	299	25
3737	1988	290	25
3737	1989	298	25
3737	1990	288	25
3737	1991	291	25
3737	1992	270	25
3737	1993	271	25
3737	1994	284	25
3737	1995	292	25
3737	1996	279	25
3737	1997	287	25
3737	1998	298	25
3737	1999	293	25
3737	2000	269	25
3737	2001	274	25
3737	2002	276	25
3737	2003	267	25
3737	2004	295	25
3741	1980	295	20
3741	1981	282	20
3741	1982	303	20
3741	1983	306	20
3741	1984	286	20
3741	1985	291	20
3741	1986	285	20
3741	1987	302	20
3741	1988	286	20
3741	1989	294	20
3741	1990	298	20
3741	1991	293	20
3741	1992	297	20
3741	1996	269	20
3741	2009	294	20
3741	2010	265	20
3741	2012	303	20
3741	2013	274	20
3741	2014	299	20
3741	2015	289	20
3744	1979	280	37
3744	1980	292	37
3744	1981	274	37
3744	1982	278	37
3744	1983	272	37
3744	1984	287	37
3744	1985	286	37
3744	1986	277	37
3744	1987	286	37
3744	1988	279	37
3744	1989	281	37
3744	1990	286	37
3744	1991	283	37
3744	1992	284	37
3744	1993	281	37
3744	1994	288	37
3744	1995	287	37
3744	1996	287	37
3744	1997	289	37
3744	1998	288	37
3744	1999	285	37
3744	2000	286	37
3744	2001	289	37
3744	2002	287	37
3744	2003	289	37
3744	2004	274	37
3744	2005	293	37
3744	2006	293	37
3744	2007	283	37
3744	2008	283	37
3744	2009	285	37
3744	2010	283	37
3744	2011	283	37
3744	2012	335	37
3744	2013	292	37
3744	2014	285	37
3744	2015	288	37
3747	1990	252	19
3747	1991	301	19
3747	1993	287	19
3747	1994	290	19
3747	1995	300	19
3747	1996	308	19
3747	1997	302	19
3747	1998	303	19
3747	1999	305	19
3747	2000	308	19
3747	2001	305	19
3747	2002	311	19
3747	2003	314	19
3747	2004	305	19
3747	2005	308	19
3747	2006	308	19
3747	2007	311	19
3747	2008	308	19
3747	2010	305	19
3748	1979	289	21
3748	1980	291	21
3748	1981	290	21
3748	1982	291	21
3748	1983	290	21
3748	1984	302	21
3748	1985	297	21
3748	1986	290	21
3748	1987	296	21
3748	1988	287	21
3748	1989	286	21
3748	1990	282	21
3748	1991	284	21
3748	1992	287	21
3748	1993	284	21
3748	1994	288	21
3748	1995	285	21
3748	1996	278	21
3748	1997	280	21
3748	1998	277	21
3748	1999	278	21
3750	1979	280	37
3750	1980	290	37
3750	1981	293	37
3750	1982	296	37
3750	1983	303	37
3750	1984	295	37
3750	1985	286	37
3750	1986	267	37
3750	1987	292	37
3750	1988	287	37
3750	1989	289	37
3750	1990	289	37
3750	1991	285	37
3750	1992	281	37
3750	1993	273	37
3750	1994	282	37
3750	1995	281	37
3750	1996	283	37
3750	1997	285	37
3750	1998	287	37
3750	1999	289	37
3750	2000	292	37
3750	2001	289	37
3750	2002	286	37
3750	2003	282	37
3750	2004	292	37
3750	2005	289	37
3750	2006	290	37
3750	2007	282	37
3750	2008	288	37
3750	2009	290	37
3750	2010	291	37
3750	2011	286	37
3750	2012	311	37
3750	2013	295	37
3750	2014	280	37
3750	2015	291	37
3751	1992	291	21
3751	1996	273	21
3751	1997	280	21
3751	1998	289	21
3751	1999	281	21
3751	2000	280	21
3751	2001	266	21
3751	2002	265	21
3751	2003	268	21
3751	2004	290	21
3751	2005	277	21
3751	2006	276	21
3751	2007	275	21
3751	2008	276	21
3751	2009	274	21
3751	2010	268	21
3751	2011	275	21
3751	2012	305	21
3751	2013	293	21
3751	2014	294	21
3751	2015	306	21
3753	1979	283	24
3753	1980	293	24
3753	1981	285	24
3753	1982	287	24
3753	1983	291	24
3753	1984	286	24
3753	1985	290	24
3753	1986	286	24
3753	1987	303	24
3753	1988	283	24
3753	1989	283	24
3753	1990	285	24
3753	1991	297	24
3753	1992	278	24
3753	1993	283	24
3753	1994	285	24
3753	1995	281	24
3753	1996	275	24
3753	1997	275	24
3753	1998	289	24
3753	1999	273	24
3753	2000	277	24
3753	2001	282	24
3753	2002	278	24
3755	1980	288	29
3755	1981	286	29
3755	1982	293	29
3755	1983	289	29
3755	1984	296	29
3755	1985	290	29
3755	1986	290	29
3755	1987	296	29
3755	1988	286	29
3755	1989	297	29
3755	1990	275	29
3755	1991	303	29
3755	1992	293	29
3755	1993	303	29
3755	1994	295	29
3755	1995	302	29
3755	1996	287	29
3755	1997	290	29
3755	1998	298	29
3755	1999	294	29
3755	2000	294	29
3755	2001	301	29
3755	2002	295	29
3755	2003	291	29
3755	2004	295	29
3755	2005	294	29
3755	2006	294	29
3755	2007	281	29
3755	2008	293	29
3758	1979	292	22
3758	1980	301	22
3758	1981	295	22
3758	1982	293	22
3758	1983	280	22
3758	1984	290	22
3758	1985	295	22
3758	1986	288	22
3758	1987	293	22
3758	1988	290	22
3758	1989	288	22
3758	1990	286	22
3758	1991	285	22
3758	1992	288	22
3758	1993	283	22
3758	1994	278	22
3758	1995	295	22
3758	1996	280	22
3758	1997	283	22
3758	1998	281	22
3758	1999	283	22
3758	2000	283	22
3759	1979	308	37
3759	1980	312	37
3759	1981	308	37
3759	1982	307	37
3759	1983	291	37
3759	1984	326	37
3759	1985	317	37
3759	1986	276	37
3759	1987	307	37
3759	1988	258	37
3759	1989	302	37
3759	1990	251	37
3759	1991	327	37
3759	1992	269	37
3759	1993	274	37
3759	1994	305	37
3759	1995	289	37
3759	1996	268	37
3759	1997	306	37
3759	1998	293	37
3759	1999	301	37
3759	2000	292	37
3759	2001	297	37
3759	2002	287	37
3759	2003	251	37
3759	2004	307	37
3759	2005	303	37
3759	2006	303	37
3759	2007	281	37
3759	2008	276	37
3759	2009	288	37
3759	2010	258	37
3759	2011	301	37
3759	2012	301	37
3759	2013	294	37
3759	2014	270	37
3759	2015	283	37
3773	1979	289	34
3773	1980	290	34
3773	1981	281	34
3773	1982	281	34
3773	1983	247	34
3773	1984	276	34
3773	1985	270	34
3773	1986	279	34
3773	1987	289	34
3773	1988	278	34
3773	1989	283	34
3773	1990	282	34
3773	1993	262	34
3773	1994	288	34
3773	1995	273	34
3773	1996	275	34
3773	1998	281	34
3773	1999	285	34
3773	2000	276	34
3773	2001	276	34
3773	2002	280	34
3773	2003	283	34
3773	2004	281	34
3773	2005	288	34
3773	2006	290	34
3773	2007	275	34
3773	2008	285	34
3773	2009	288	34
3773	2010	285	34
3773	2011	279	34
3773	2012	333	34
3773	2013	283	34
3773	2014	284	34
3773	2015	278	34
3775	1979	284	37
3775	1980	276	37
3775	1981	294	37
3775	1982	298	37
3775	1983	298	37
3775	1984	291	37
3775	1985	287	37
3775	1986	290	37
3775	1987	310	37
3775	1988	296	37
3775	1989	296	37
3775	1990	288	37
3775	1991	303	37
3775	1992	296	37
3775	1993	267	37
3775	1994	307	37
3775	1995	288	37
3775	1996	283	37
3775	1997	294	37
3775	1998	298	37
3775	1999	299	37
3775	2000	285	37
3775	2001	291	37
3775	2002	291	37
3775	2003	293	37
3775	2004	291	37
3775	2005	303	37
3775	2006	301	37
3775	2007	302	37
3775	2008	293	37
3775	2009	291	37
3775	2010	296	37
3775	2011	301	37
3775	2012	329	37
3775	2013	291	37
3775	2014	297	37
3775	2015	301	37
3777	1981	302	22
3777	1982	311	22
3777	1984	312	22
3777	1985	296	22
3777	1986	292	22
3777	1987	284	22
3777	1988	278	22
3777	1989	280	22
3777	1990	284	22
3777	1991	292	22
3777	1992	296	22
3777	1993	294	22
3777	1994	291	22
3777	1995	286	22
3777	1996	287	22
3777	1997	299	22
3777	1998	292	22
3777	1999	288	22
3777	2000	290	22
3777	2001	293	22
3777	2002	291	22
3777	2003	294	22
3778	1979	282	32
3778	1980	295	32
3778	1981	284	32
3778	1982	295	32
3778	1983	288	32
3778	1984	287	32
3778	1985	288	32
3778	1986	283	32
3778	1987	291	32
3778	1988	285	32
3778	1989	285	32
3778	1990	277	32
3778	1991	287	32
3778	1992	284	32
3778	1993	276	32
3778	1994	293	32
3778	1995	291	32
3778	1996	287	32
3778	1997	293	32
3778	1998	297	32
3778	1999	298	32
3778	2000	283	32
3778	2001	281	32
3778	2002	274	32
3778	2003	274	32
3778	2004	288	32
3778	2005	289	32
3778	2006	285	32
3778	2007	277	32
3778	2008	288	32
3778	2009	298	32
3778	2010	293	32
3781	1979	290	33
3781	1980	285	33
3781	1981	268	33
3781	1983	288	33
3781	1984	303	33
3781	1985	289	33
3781	1987	302	33
3781	1989	290	33
3781	1991	321	33
3781	1992	300	33
3781	1993	282	33
3781	1994	294	33
3781	1995	298	33
3781	1996	282	33
3781	1997	307	33
3781	1998	302	33
3781	1999	301	33
3781	2000	293	33
3781	2001	304	33
3781	2002	291	33
3781	2003	306	33
3781	2004	301	33
3781	2005	298	33
3781	2006	303	33
3781	2007	297	33
3781	2008	286	33
3781	2009	303	33
3781	2010	295	33
3781	2011	307	33
3781	2012	334	33
3781	2013	303	33
3781	2014	303	33
3781	2015	305	33
3783	1979	275	37
3783	1980	287	37
3783	1981	268	37
3783	1982	280	37
3783	1983	286	37
3783	1984	280	37
3783	1985	266	37
3783	1986	276	37
3783	1987	284	37
3783	1988	264	37
3783	1989	271	37
3783	1990	290	37
3783	1991	293	37
3783	1992	268	37
3783	1993	293	37
3783	1994	297	37
3783	1995	298	37
3783	1996	288	37
3783	1997	293	37
3783	1998	268	37
3783	1999	302	37
3783	2000	295	37
3783	2001	285	37
3783	2002	288	37
3783	2003	281	37
3783	2004	284	37
3783	2005	289	37
3783	2006	293	37
3783	2007	281	37
3783	2008	293	37
3783	2009	282	37
3783	2010	290	37
3783	2011	293	37
3783	2012	321	37
3783	2013	288	37
3783	2014	297	37
3783	2015	287	37
3786	1979	274	37
3786	1980	290	37
3786	1981	275	37
3786	1982	281	37
3786	1983	285	37
3786	1984	284	37
3786	1985	287	37
3786	1986	268	37
3786	1987	278	37
3786	1988	285	37
3786	1989	287	37
3786	1990	283	37
3786	1991	281	37
3786	1992	279	37
3786	1993	275	37
3786	1994	274	37
3786	1995	272	37
3786	1996	275	37
3786	1997	277	37
3786	1998	274	37
3786	1999	268	37
3786	2000	268	37
3786	2001	275	37
3786	2002	269	37
3786	2003	261	37
3786	2004	265	37
3786	2005	274	37
3786	2006	275	37
3786	2007	261	37
3786	2008	262	37
3786	2009	273	37
3786	2010	275	37
3786	2011	267	37
3786	2012	289	37
3786	2013	271	37
3786	2014	263	37
3786	2015	261	37
3792	1979	287	25
3792	1980	294	25
3792	1981	297	25
3792	1982	293	25
3792	1983	295	25
3792	1984	296	25
3792	1985	300	25
3792	1986	290	25
3792	1987	294	25
3792	1988	296	25
3792	1989	288	25
3792	1990	287	25
3792	1991	289	25
3792	1992	305	25
3792	2005	300	25
3792	2006	306	25
3792	2007	303	25
3792	2008	295	25
3792	2009	288	25
3792	2010	298	25
3792	2011	301	25
3792	2012	333	25
3792	2013	310	25
3792	2014	291	25
3792	2015	307	25
3793	1987	299	16
3793	1988	289	16
3793	1989	293	16
3793	1990	296	16
3793	1993	275	16
3793	1995	290	16
3793	2006	283	16
3793	2007	276	16
3793	2008	283	16
3793	2009	280	16
3793	2010	281	16
3793	2011	277	16
3793	2012	323	16
3793	2013	285	16
3793	2014	293	16
3793	2015	303	16
3797	1979	290	25
3797	1980	291	25
3797	1981	296	25
3797	1982	305	25
3797	1983	291	25
3797	1984	280	25
3797	1985	289	25
3797	1986	280	25
3797	1987	291	25
3797	1988	286	25
3797	1989	288	25
3797	1990	290	25
3797	1991	314	25
3797	1992	300	25
3797	1993	285	25
3797	1994	303	25
3797	1995	299	25
3797	1996	282	25
3797	1997	307	25
3797	1998	291	25
3797	1999	291	25
3797	2000	299	25
3797	2001	303	25
3797	2002	135	25
3797	2003	297	25
3798	1979	281	32
3798	1980	293	32
3798	1981	297	32
3798	1982	294	32
3798	1983	285	32
3798	1984	291	32
3798	1985	292	32
3798	1986	276	32
3798	1987	293	32
3798	1988	297	32
3798	1989	289	32
3798	1990	285	32
3798	1991	289	32
3798	1992	299	32
3798	1993	291	32
3798	1994	287	32
3798	1995	292	32
3798	1996	277	32
3798	1997	282	32
3798	1998	284	32
3798	1999	293	32
3798	2000	287	32
3798	2001	297	32
3798	2002	285	32
3798	2003	269	32
3798	2004	294	32
3798	2005	294	32
3798	2006	295	32
3798	2007	286	32
3798	2008	284	32
3798	2009	292	32
3798	2010	289	32
3800	1980	272	15
3800	1981	251	15
3800	1982	268	15
3800	1983	264	15
3800	1984	265	15
3800	1985	272	15
3800	1986	279	15
3800	1987	261	15
3800	1988	264	15
3800	1989	261	15
3800	1990	264	15
3800	1991	293	15
3800	1992	264	15
3800	1993	259	15
3800	1994	291	15
3802	1983	275	15
3802	1984	285	15
3802	1985	288	15
3802	1986	274	15
3802	1987	285	15
3802	1988	275	15
3802	1989	259	15
3802	1990	260	15
3802	1991	288	15
3802	1992	301	15
3802	1993	281	15
3802	1994	274	15
3802	1995	303	15
3802	1996	293	15
3802	1997	301	15
3803	1997	288	18
3803	1999	302	18
3803	2000	281	18
3803	2001	283	18
3803	2002	291	18
3803	2003	293	18
3803	2004	296	18
3803	2005	293	18
3803	2006	303	18
3803	2007	280	18
3803	2008	288	18
3803	2009	309	18
3803	2010	288	18
3803	2011	288	18
3803	2012	314	18
3803	2013	287	18
3803	2014	298	18
3803	2015	295	18
3804	1990	273	15
3804	1992	285	15
3804	1993	278	15
3804	1995	294	15
3804	1996	272	15
3804	1997	313	15
3804	1998	312	15
3804	1999	297	15
3804	2000	295	15
3804	2001	301	15
3804	2002	279	15
3804	2003	292	15
3804	2004	288	15
3804	2005	282	15
3804	2015	298	15
3808	1979	276	26
3808	1980	288	26
3808	1981	314	26
3808	1982	310	26
3808	1983	303	26
3808	1984	303	26
3808	1985	297	26
3808	1986	290	26
3808	1988	301	26
3808	1989	323	26
3808	1990	301	26
3808	1991	295	26
3808	1992	282	26
3808	1993	266	26
3808	1994	287	26
3808	1995	281	26
3808	1997	288	26
3808	1998	293	26
3808	1999	290	26
3808	2000	268	26
3808	2001	283	26
3808	2002	285	26
3808	2003	298	26
3808	2005	288	26
3808	2006	284	26
3808	2007	264	26
3814	1982	295	28
3814	1983	310	28
3814	1984	280	28
3814	1987	325	28
3814	1988	278	28
3814	1989	329	28
3814	1990	301	28
3814	1991	301	28
3814	1992	312	28
3814	1993	312	28
3814	1994	305	28
3814	1995	308	28
3814	1996	291	28
3814	1997	306	28
3814	1998	302	28
3814	1999	306	28
3814	2000	297	28
3814	2001	303	28
3814	2002	295	28
3814	2003	312	28
3814	2004	294	28
3814	2005	291	28
3814	2006	296	28
3814	2008	288	28
3814	2009	278	28
3814	2010	281	28
3814	2011	274	28
3814	2012	299	28
3818	1979	281	21
3818	1980	283	21
3818	1982	285	21
3818	1985	281	21
3818	1987	288	21
3818	1989	300	21
3818	1990	311	21
3818	1993	299	21
3818	1994	300	21
3818	1995	318	21
3818	1998	293	21
3818	2001	307	21
3818	2005	304	21
3818	2007	288	21
3818	2008	286	21
3818	2009	310	21
3818	2010	280	21
3818	2012	324	21
3818	2013	284	21
3818	2014	301	21
3818	2015	303	21
3824	1979	276	37
3824	1980	295	37
3824	1981	289	37
3824	1982	291	37
3824	1983	291	37
3824	1984	278	37
3824	1985	292	37
3824	1986	263	37
3824	1987	289	37
3824	1988	278	37
3824	1989	291	37
3824	1990	286	37
3824	1991	297	37
3824	1992	294	37
3824	1993	293	37
3824	1994	300	37
3824	1995	293	37
3824	1996	283	37
3824	1997	333	37
3824	1998	268	37
3824	1999	289	37
3824	2000	290	37
3824	2001	300	37
3824	2002	303	37
3824	2003	300	37
3824	2004	293	37
3824	2005	296	37
3824	2006	292	37
3824	2007	288	37
3824	2008	278	37
3824	2009	301	37
3824	2010	301	37
3824	2011	300	37
3824	2012	323	37
3824	2013	289	37
3824	2014	294	37
3824	2015	298	37
3827	1979	263	34
3827	1980	287	34
3827	1981	285	34
3827	1982	295	34
3827	1983	271	34
3827	1984	296	34
3827	1985	260	34
3827	1986	252	34
3827	1987	292	34
3827	1988	284	34
3827	1989	252	34
3827	1990	263	34
3827	1991	298	34
3827	1992	264	34
3827	1993	245	34
3827	1994	259	34
3827	1995	275	34
3827	1996	273	34
3827	1997	273	34
3827	1998	272	34
3827	1999	282	34
3827	2000	278	34
3827	2001	270	34
3827	2002	268	34
3827	2003	288	34
3827	2004	275	34
3827	2005	269	34
3827	2006	273	34
3827	2007	275	34
3827	2008	273	34
3827	2009	271	34
3827	2010	262	34
3827	2011	270	34
3827	2012	307	34
3828	1985	304	21
3828	1986	258	21
3828	1988	290	21
3828	1989	268	21
3828	1991	281	21
3828	1996	267	21
3828	1997	263	21
3828	1999	267	21
3828	2000	262	21
3828	2001	274	21
3828	2003	264	21
3828	2004	272	21
3828	2005	275	21
3828	2007	268	21
3828	2008	274	21
3828	2009	277	21
3828	2010	278	21
3828	2011	280	21
3828	2013	281	21
3828	2014	284	21
3828	2015	286	21
3831	1980	280	16
3831	1981	267	16
3831	1982	284	16
3831	1983	270	16
3831	1984	277	16
3831	1985	270	16
3831	1986	267	16
3831	1987	276	16
3831	1988	269	16
3831	1989	287	16
3831	1990	268	16
3831	1991	285	16
3831	1992	293	16
3831	1994	290	16
3831	1995	281	16
3831	1996	283	16
3832	1979	296	16
3832	1980	305	16
3832	1981	291	16
3832	1982	296	16
3832	1983	299	16
3832	1984	299	16
3832	1985	302	16
3832	1986	289	16
3832	1987	293	16
3832	1988	287	16
3832	1989	286	16
3832	1990	289	16
3832	1991	301	16
3832	1992	294	16
3832	1993	293	16
3832	1994	299	16
3835	1979	292	17
3835	1980	298	17
3835	1982	291	17
3835	1986	282	17
3835	1987	292	17
3835	1988	282	17
3835	1989	287	17
3835	1990	283	17
3835	1991	311	17
3835	1993	286	17
3835	1994	297	17
3835	1995	297	17
3835	1996	285	17
3835	1997	306	17
3835	1998	291	17
3835	1999	307	17
3835	2000	296	17
3837	1979	287	25
3837	1980	299	25
3837	1981	303	25
3837	1982	288	25
3837	1983	289	25
3837	1984	294	25
3837	1985	293	25
3837	1986	281	25
3837	1987	290	25
3837	1988	289	25
3837	1989	293	25
3837	1990	288	25
3837	1991	289	25
3837	1992	303	25
3837	1993	282	25
3837	1994	291	25
3837	1995	287	25
3837	1996	280	25
3837	1997	283	25
3837	1998	290	25
3837	1999	289	25
3837	2000	288	25
3837	2001	277	25
3837	2002	283	25
3837	2003	277	25
3839	1991	294	25
3839	1992	293	25
3839	1993	287	25
3839	1994	285	25
3839	1995	289	25
3839	1996	291	25
3839	1997	288	25
3839	1998	283	25
3839	1999	290	25
3839	2000	288	25
3839	2001	289	25
3839	2002	287	25
3839	2003	309	25
3839	2004	287	25
3839	2005	279	25
3839	2006	279	25
3839	2007	277	25
3839	2008	281	25
3839	2009	296	25
3839	2010	283	25
3839	2011	290	25
3839	2012	315	25
3839	2013	295	25
3839	2014	290	25
3839	2015	301	25
3841	1980	303	21
3841	1981	302	21
3841	1982	299	21
3841	1983	310	21
3841	1984	299	21
3841	1985	321	21
3841	1986	298	21
3841	1987	284	21
3841	1988	292	21
3841	1989	293	21
3841	1990	280	21
3841	1991	291	21
3841	1992	282	21
3841	1993	283	21
3841	1994	288	21
3841	1995	284	21
3841	1996	283	21
3841	1997	283	21
3841	1999	275	21
3841	2000	275	21
3841	2001	293	21
3846	1979	269	37
3846	1980	295	37
3846	1981	259	37
3846	1982	272	37
3846	1983	275	37
3846	1984	281	37
3846	1985	277	37
3846	1986	258	37
3846	1987	280	37
3846	1988	275	37
3846	1989	280	37
3846	1990	267	37
3846	1991	284	37
3846	1992	282	37
3846	1993	278	37
3846	1994	285	37
3846	1995	282	37
3846	1996	271	37
3846	1997	276	37
3846	1998	278	37
3846	1999	296	37
3846	2000	286	37
3846	2001	289	37
3846	2002	277	37
3846	2003	292	37
3846	2004	292	37
3846	2005	293	37
3846	2006	294	37
3846	2007	281	37
3846	2008	274	37
3846	2009	288	37
3846	2010	286	37
3846	2011	298	37
3846	2012	311	37
3846	2013	291	37
3846	2014	289	37
3846	2015	295	37
3849	1980	264	36
3849	1981	266	36
3849	1982	257	36
3849	1983	253	36
3849	1984	251	36
3849	1985	271	36
3849	1986	254	36
3849	1987	266	36
3849	1988	260	36
3849	1989	256	36
3849	1990	265	36
3849	1991	253	36
3849	1992	258	36
3849	1993	258	36
3849	1994	265	36
3849	1995	266	36
3849	1996	267	36
3849	1997	263	36
3849	1998	261	36
3849	1999	263	36
3849	2000	259	36
3849	2001	258	36
3849	2002	258	36
3849	2003	258	36
3849	2004	257	36
3849	2005	263	36
3849	2006	263	36
3849	2007	261	36
3849	2008	263	36
3849	2009	258	36
3849	2010	266	36
3849	2011	263	36
3849	2012	327	36
3849	2013	279	36
3849	2014	281	36
3849	2015	282	36
3852	1979	280	32
3852	1980	290	32
3852	1981	290	32
3852	1982	290	32
3852	1983	312	32
3852	1984	285	32
3852	1985	273	32
3852	1986	280	32
3852	1988	279	32
3852	1989	278	32
3852	1990	272	32
3852	1991	301	32
3852	1992	288	32
3852	1993	287	32
3852	1994	281	32
3852	1995	296	32
3852	1996	297	32
3852	1997	304	32
3852	1998	294	32
3852	1999	292	32
3852	2000	297	32
3852	2001	306	32
3852	2002	311	32
3852	2003	302	32
3852	2004	307	32
3852	2005	298	32
3852	2006	294	32
3852	2007	288	32
3852	2008	307	32
3852	2009	304	32
3852	2010	306	32
3852	2011	309	32
3853	1979	275	16
3853	1980	279	16
3853	1981	264	16
3853	1982	278	16
3853	1983	263	16
3853	1984	289	16
3853	1985	269	16
3853	1986	245	16
3853	1987	279	16
3853	1988	274	16
3853	1991	245	16
3853	1992	268	16
3853	1993	307	16
3853	1994	275	16
3853	1995	300	16
3853	1996	300	16
3858	1979	273	36
3858	1981	279	36
3858	1982	291	36
3858	1983	291	36
3858	1984	285	36
3858	1985	270	36
3858	1986	254	36
3858	1987	284	36
3858	1988	278	36
3858	1989	280	36
3858	1990	271	36
3858	1991	293	36
3858	1992	273	36
3858	1993	274	36
3858	1994	288	36
3858	1995	278	36
3858	1996	263	36
3858	1997	274	36
3858	1998	278	36
3858	1999	275	36
3858	2000	275	36
3858	2001	289	36
3858	2002	279	36
3858	2003	291	36
3858	2004	297	36
3858	2005	287	36
3858	2006	287	36
3858	2007	267	36
3858	2008	266	36
3858	2009	269	36
3858	2010	279	36
3858	2011	277	36
3858	2012	301	36
3858	2013	284	36
3858	2014	289	36
3858	2015	283	36
3860	1984	303	29
3860	1987	281	29
3860	1988	253	29
3860	1989	258	29
3860	1990	293	29
3860	1991	293	29
3860	1992	283	29
3860	1993	293	29
3860	1994	288	29
3860	1996	293	29
3860	1997	293	29
3860	1998	288	29
3860	1999	263	29
3860	2000	269	29
3860	2001	278	29
3860	2002	265	29
3860	2003	283	29
3860	2004	278	29
3860	2005	279	29
3860	2006	285	29
3860	2007	273	29
3860	2008	288	29
3860	2009	285	29
3860	2010	292	29
3860	2011	290	29
3860	2012	307	29
3860	2013	285	29
3860	2014	288	29
3860	2015	288	29
3865	1979	300	37
3865	1980	305	37
3865	1981	296	37
3865	1982	298	37
3865	1983	292	37
3865	1984	293	37
3865	1985	320	37
3865	1986	298	37
3865	1987	304	37
3865	1988	287	37
3865	1989	288	37
3865	1990	292	37
3865	1991	297	37
3865	1992	301	37
3865	1993	295	37
3865	1994	295	37
3865	1995	285	37
3865	1996	280	37
3865	1997	291	37
3865	1998	285	37
3865	1999	295	37
3865	2000	290	37
3865	2001	292	37
3865	2002	288	37
3865	2003	301	37
3865	2004	297	37
3865	2005	296	37
3865	2006	295	37
3865	2007	281	37
3865	2008	284	37
3865	2009	299	37
3865	2010	283	37
3865	2011	298	37
3865	2012	302	37
3865	2013	287	37
3865	2014	286	37
3865	2015	296	37
3866	1984	281	32
3866	1985	269	32
3866	1986	274	32
3866	1987	275	32
3866	1988	279	32
3866	1989	275	32
3866	1990	265	32
3866	1991	303	32
3866	1992	283	32
3866	1993	275	32
3866	1994	282	32
3866	1995	283	32
3866	1996	281	32
3866	1997	265	32
3866	1998	293	32
3866	1999	273	32
3866	2000	291	32
3866	2001	276	32
3866	2002	289	32
3866	2003	305	32
3866	2004	281	32
3866	2005	283	32
3866	2006	260	32
3866	2007	262	32
3866	2008	273	32
3866	2009	266	32
3866	2010	293	32
3866	2011	300	32
3866	2012	334	32
3866	2013	303	32
3866	2014	303	32
3866	2015	276	32
3869	1980	276	18
3869	1981	280	18
3869	1982	283	18
3869	1983	275	18
3869	1984	280	18
3869	1985	275	18
3869	1986	276	18
3869	1987	276	18
3869	1988	281	18
3869	1989	283	18
3869	1990	278	18
3869	1992	283	18
3869	1993	269	18
3869	1994	271	18
3869	1995	262	18
3869	1996	256	18
3869	1997	267	18
3869	1998	270	18
3873	1979	289	15
3873	1980	295	15
3873	1981	295	15
3873	1982	292	15
3873	1983	294	15
3873	1984	294	15
3873	1985	290	15
3873	1986	280	15
3873	1987	287	15
3873	1988	280	15
3873	1989	286	15
3873	1990	280	15
3873	1991	303	15
3873	1992	295	15
3873	1993	279	15
3875	1979	283	25
3875	1980	280	25
3875	1982	286	25
3875	1984	291	25
3875	1985	283	25
3875	1986	286	25
3875	1987	289	25
3875	1988	285	25
3875	1989	286	25
3875	1990	283	25
3875	1991	288	25
3875	1992	277	25
3875	1993	289	25
3875	1994	278	25
3875	1995	289	25
3875	1996	282	25
3875	1997	294	25
3875	1998	288	25
3875	1999	291	25
3875	2001	283	25
3875	2002	287	25
3875	2003	276	25
3875	2004	287	25
3875	2005	290	25
3875	2012	298	25
3876	1979	286	37
3876	1980	299	37
3876	1981	299	37
3876	1982	297	37
3876	1983	302	37
3876	1984	295	37
3876	1985	300	37
3876	1986	287	37
3876	1987	334	37
3876	1988	291	37
3876	1989	298	37
3876	1990	291	37
3876	1991	308	37
3876	1992	303	37
3876	1993	291	37
3876	1994	296	37
3876	1995	302	37
3876	1996	284	37
3876	1997	279	37
3876	1998	288	37
3876	1999	300	37
3876	2000	287	37
3876	2001	303	37
3876	2002	289	37
3876	2003	283	37
3876	2004	291	37
3876	2005	293	37
3876	2006	295	37
3876	2007	282	37
3876	2008	290	37
3876	2009	282	37
3876	2010	288	37
3876	2011	280	37
3876	2012	302	37
3876	2013	287	37
3876	2014	275	37
3876	2015	288	37
3877	1980	290	36
3877	1981	296	36
3877	1982	294	36
3877	1983	291	36
3877	1984	293	36
3877	1985	281	36
3877	1986	278	36
3877	1987	296	36
3877	1988	290	36
3877	1989	286	36
3877	1990	281	36
3877	1991	297	36
3877	1992	285	36
3877	1993	293	36
3877	1994	292	36
3877	1995	291	36
3877	1996	300	36
3877	1997	298	36
3877	1998	288	36
3877	1999	297	36
3877	2000	298	36
3877	2001	292	36
3877	2002	293	36
3877	2003	286	36
3877	2004	292	36
3877	2005	299	36
3877	2006	296	36
3877	2007	287	36
3877	2008	289	36
3877	2009	292	36
3877	2010	285	36
3877	2011	295	36
3877	2012	305	36
3877	2013	298	36
3877	2014	301	36
3877	2015	290	36
3884	1979	294	36
3884	1980	297	36
3884	1981	291	36
3884	1982	296	36
3884	1983	292	36
3884	1984	310	36
3884	1985	290	36
3884	1987	292	36
3884	1988	282	36
3884	1989	276	36
3884	1990	297	36
3884	1991	309	36
3884	1992	300	36
3884	1993	287	36
3884	1994	287	36
3884	1995	297	36
3884	1996	283	36
3884	1997	299	36
3884	1998	300	36
3884	1999	293	36
3884	2000	298	36
3884	2001	299	36
3884	2002	291	36
3884	2003	300	36
3884	2004	295	36
3884	2005	299	36
3884	2006	296	36
3884	2007	281	36
3884	2008	284	36
3884	2009	301	36
3884	2010	289	36
3884	2011	297	36
3884	2012	316	36
3884	2013	296	36
3884	2014	306	36
3884	2015	300	36
3886	1980	298	21
3886	1981	280	21
3886	1982	290	21
3886	1983	300	21
3886	1984	306	21
3886	1985	305	21
3886	1986	288	21
3886	1987	315	21
3886	1988	279	21
3886	1989	294	21
3886	1990	290	21
3886	1991	302	21
3886	1992	287	21
3886	1993	286	21
3886	1994	289	21
3886	1995	292	21
3886	1996	291	21
3886	1997	287	21
3886	1998	286	21
3886	1999	286	21
3886	2000	287	21
3887	1986	288	15
3887	1987	291	15
3887	1988	287	15
3887	1989	286	15
3887	1990	287	15
3887	1991	308	15
3887	1992	299	15
3887	1993	287	15
3887	1994	287	15
3887	1995	302	15
3887	1996	290	15
3887	1997	308	15
3887	1998	295	15
3887	1999	302	15
3887	2000	298	15
3890	1979	276	35
3890	1980	303	35
3890	1981	305	35
3890	1982	289	35
3890	1984	312	35
3890	1985	303	35
3890	1986	280	35
3890	1987	270	35
3890	1988	265	35
3890	1989	278	35
3890	1990	269	35
3890	1991	281	35
3890	1992	284	35
3890	1993	285	35
3890	1994	284	35
3890	1995	285	35
3890	1996	304	35
3890	1997	290	35
3890	1998	272	35
3890	1999	301	35
3890	2000	299	35
3890	2001	294	35
3890	2002	288	35
3890	2003	285	35
3890	2004	274	35
3890	2005	288	35
3890	2006	288	35
3890	2007	268	35
3890	2008	273	35
3890	2010	275	35
3890	2011	282	35
3890	2012	314	35
3890	2013	288	35
3890	2014	280	35
3890	2015	295	35
3891	1980	298	34
3891	1981	278	34
3891	1982	273	34
3891	1983	270	34
3891	1985	262	34
3891	1986	270	34
3891	1987	278	34
3891	1988	261	34
3891	1989	272	34
3891	1990	284	34
3891	1992	276	34
3891	1993	277	34
3891	1994	259	34
3891	1995	290	34
3891	1996	279	34
3891	1997	288	34
3891	1998	289	34
3891	1999	276	34
3891	2000	296	34
3891	2001	299	34
3891	2002	290	34
3891	2003	293	34
3891	2004	282	34
3891	2005	272	34
3891	2006	301	34
3891	2007	282	34
3891	2008	293	34
3891	2009	282	34
3891	2010	293	34
3891	2011	293	34
3891	2012	306	34
3891	2013	284	34
3891	2014	285	34
3891	2015	298	34
3893	1979	252	31
3893	1980	270	31
3893	1981	264	31
3893	1982	265	31
3893	1983	270	31
3893	1984	265	31
3893	1985	264	31
3893	1986	258	31
3893	1987	283	31
3893	1988	270	31
3893	1989	287	31
3893	1990	275	31
3893	1991	300	31
3893	1992	281	31
3893	1993	288	31
3893	1994	290	31
3893	1995	301	31
3893	1996	278	31
3893	1997	293	31
3893	1998	271	31
3893	1999	299	31
3893	2000	283	31
3893	2001	288	31
3893	2002	290	31
3893	2005	300	31
3893	2006	287	31
3893	2007	278	31
3893	2012	297	31
3893	2013	285	31
3893	2014	286	31
3893	2015	295	31
3895	1980	315	35
3895	1981	318	35
3895	1982	318	35
3895	1983	318	35
3895	1984	335	35
3895	1985	319	35
3895	1986	334	35
3895	1987	329	35
3895	1988	305	35
3895	1989	310	35
3895	1990	278	35
3895	1992	289	35
3895	1993	301	35
3895	1994	285	35
3895	1995	286	35
3895	1996	282	35
3895	1997	303	35
3895	1998	286	35
3895	1999	295	35
3895	2000	289	35
3895	2001	295	35
3895	2002	266	35
3895	2003	264	35
3895	2004	293	35
3895	2005	270	35
3895	2006	279	35
3895	2007	289	35
3895	2008	281	35
3895	2009	292	35
3895	2010	288	35
3895	2011	293	35
3895	2012	324	35
3895	2013	297	35
3895	2014	303	35
3895	2015	302	35
3897	1989	274	27
3897	1990	269	27
3897	1991	282	27
3897	1992	279	27
3897	1993	277	27
3897	1994	284	27
3897	1995	287	27
3897	1996	278	27
3897	1997	288	27
3897	1998	301	27
3897	1999	294	27
3897	2000	284	27
3897	2001	281	27
3897	2002	285	27
3897	2003	283	27
3897	2004	287	27
3897	2005	285	27
3897	2006	290	27
3897	2007	275	27
3897	2008	273	27
3897	2009	275	27
3897	2010	274	27
3897	2011	279	27
3897	2012	313	27
3897	2013	292	27
3897	2014	283	27
3897	2015	288	27
3898	1979	273	19
3898	1980	296	19
3898	1981	288	19
3898	1982	290	19
3898	1983	297	19
3898	1984	294	19
3898	1985	295	19
3898	1986	276	19
3898	1987	305	19
3898	1988	294	19
3898	1989	295	19
3898	1990	287	19
3898	1991	293	19
3898	1992	296	19
3898	1993	289	19
3898	1994	295	19
3898	1995	290	19
3898	1996	293	19
3898	1997	304	19
3911	1979	298	36
3911	1980	289	36
3911	1981	287	36
3911	1982	288	36
3911	1983	296	36
3911	1984	289	36
3911	1985	295	36
3911	1986	290	36
3911	1987	330	36
3911	1988	292	36
3911	1990	284	36
3911	1991	276	36
3911	1992	300	36
3911	1993	289	36
3911	1994	294	36
3911	1995	286	36
3911	1996	286	36
3911	1997	304	36
3911	1998	291	36
3911	1999	293	36
3911	2000	280	36
3911	2001	289	36
3911	2002	290	36
3911	2003	296	36
3911	2004	285	36
3911	2005	295	36
3911	2006	295	36
3911	2007	300	36
3911	2008	286	36
3911	2009	297	36
3911	2010	283	36
3911	2011	294	36
3911	2012	309	36
3911	2013	297	36
3911	2014	289	36
3911	2015	297	36
3912	1979	291	28
3912	1980	295	28
3912	1981	287	28
3912	1982	288	28
3912	1983	294	28
3912	1984	300	28
3912	1985	299	28
3912	1986	289	28
3912	1987	298	28
3912	1988	293	28
3912	1989	294	28
3912	1990	298	28
3912	1991	293	28
3912	1992	288	28
3912	1993	288	28
3912	1994	283	28
3912	1995	289	28
3912	1996	289	28
3912	1997	286	28
3912	1998	287	28
3912	1999	288	28
3912	2000	285	28
3912	2001	290	28
3912	2002	285	28
3912	2003	293	28
3912	2004	287	28
3912	2005	289	28
3912	2006	291	28
3914	1992	269	20
3914	1997	304	20
3914	1998	285	20
3914	1999	297	20
3914	2000	292	20
3914	2001	297	20
3914	2002	288	20
3914	2003	262	20
3914	2004	266	20
3914	2005	272	20
3914	2006	276	20
3914	2007	264	20
3914	2008	263	20
3914	2009	265	20
3914	2010	269	20
3914	2011	270	20
3914	2012	288	20
3914	2013	281	20
3914	2014	265	20
3914	2015	267	20
3915	1979	283	36
3915	1980	285	36
3915	1982	290	36
3915	1983	290	36
3915	1984	290	36
3915	1985	285	36
3915	1986	272	36
3915	1987	287	36
3915	1988	281	36
3915	1989	281	36
3915	1990	288	36
3915	1991	293	36
3915	1992	301	36
3915	1993	294	36
3915	1994	298	36
3915	1995	302	36
3915	1996	281	36
3915	1997	307	36
3915	1998	297	36
3915	1999	300	36
3915	2000	298	36
3915	2001	298	36
3915	2002	295	36
3915	2003	302	36
3915	2004	302	36
3915	2005	299	36
3915	2006	299	36
3915	2007	298	36
3915	2008	291	36
3915	2009	302	36
3915	2010	298	36
3915	2011	304	36
3915	2012	328	36
3915	2013	296	36
3915	2014	301	36
3915	2015	306	36
3918	1979	258	35
3918	1980	271	35
3918	1981	256	35
3918	1982	261	35
3918	1985	263	35
3918	1986	283	35
3918	1987	264	35
3918	1988	273	35
3918	1989	267	35
3918	1990	267	35
3918	1991	294	35
3918	1992	289	35
3918	1993	260	35
3918	1994	295	35
3918	1995	290	35
3918	1996	272	35
3918	1997	257	35
3918	1998	267	35
3918	1999	275	35
3918	2000	261	35
3918	2001	269	35
3918	2002	276	35
3918	2003	264	35
3918	2004	267	35
3918	2005	275	35
3918	2006	282	35
3918	2007	283	35
3918	2008	299	35
3918	2009	283	35
3918	2010	263	35
3918	2011	287	35
3918	2012	288	35
3918	2013	277	35
3918	2014	271	35
3918	2015	269	35
3921	1979	273	17
3921	1980	292	17
3921	1982	260	17
3921	1984	276	17
3921	1985	272	17
3921	1986	276	17
3921	1987	285	17
3921	1988	272	17
3921	1989	274	17
3921	1990	277	17
3921	1991	286	17
3921	1992	264	17
3921	1993	270	17
3921	1994	278	17
3921	1995	276	17
3921	1996	290	17
3921	1997	295	17
3922	1979	318	16
3922	1980	281	16
3922	1981	309	16
3922	1982	286	16
3922	1983	281	16
3922	1984	302	16
3922	1985	299	16
3922	1986	286	16
3922	1987	289	16
3922	1988	295	16
3922	1989	282	16
3922	1990	278	16
3922	1991	291	16
3922	1992	277	16
3922	1993	287	16
3922	1994	276	16
3926	1981	254	19
3926	1985	264	19
3926	1993	271	19
3926	1996	262	19
3926	1998	278	19
3926	2000	276	19
3926	2001	284	19
3926	2002	265	19
3926	2003	256	19
3926	2004	274	19
3926	2005	275	19
3926	2006	262	19
3926	2007	263	19
3926	2008	271	19
3926	2010	282	19
3926	2011	291	19
3926	2013	288	19
3926	2014	284	19
3926	2015	287	19
3927	1985	287	21
3927	1987	289	21
3927	1988	295	21
3927	1994	269	21
3927	1995	270	21
3927	2000	271	21
3927	2001	281	21
3927	2002	291	21
3927	2003	284	21
3927	2004	293	21
3927	2005	304	21
3927	2006	295	21
3927	2007	295	21
3927	2008	285	21
3927	2009	288	21
3927	2010	302	21
3927	2011	301	21
3927	2012	336	21
3927	2013	303	21
3927	2014	305	21
3927	2015	300	21
3930	1980	281	36
3930	1981	302	36
3930	1982	288	36
3930	1983	300	36
3930	1984	289	36
3930	1985	299	36
3930	1986	268	36
3930	1987	283	36
3930	1988	296	36
3930	1989	283	36
3930	1990	274	36
3930	1991	289	36
3930	1992	292	36
3930	1993	268	36
3930	1994	283	36
3930	1995	282	36
3930	1996	299	36
3930	1997	285	36
3930	1998	290	36
3930	1999	299	36
3930	2000	300	36
3930	2001	273	36
3930	2002	274	36
3930	2003	281	36
3930	2004	285	36
3930	2005	280	36
3930	2006	288	36
3930	2007	297	36
3930	2008	294	36
3930	2009	278	36
3930	2010	296	36
3930	2011	287	36
3930	2012	319	36
3930	2013	291	36
3930	2014	280	36
3930	2015	289	36
3934	1979	273	22
3934	1980	294	22
3934	1981	285	22
3934	1982	274	22
3934	1983	289	22
3934	1984	297	22
3934	1985	293	22
3934	1986	262	22
3934	1991	285	22
3934	1992	293	22
3934	1993	291	22
3934	1994	286	22
3934	1995	296	22
3934	1997	296	22
3934	1999	293	22
3934	2000	278	22
3934	2001	294	22
3934	2002	291	22
3934	2003	296	22
3934	2004	298	22
3934	2005	297	22
3934	2006	293	22
3935	1979	317	22
3935	1980	299	22
3935	1981	310	22
3935	1982	291	22
3935	1983	297	22
3935	1984	302	22
3935	1985	293	22
3935	1986	284	22
3935	1987	287	22
3935	1988	284	22
3935	1989	286	22
3935	1990	280	22
3935	1991	289	22
3935	1992	293	22
3935	1993	258	22
3935	1994	295	22
3935	1995	290	22
3935	1996	288	22
3935	1997	293	22
3935	1998	293	22
3935	1999	296	22
3935	2000	289	22
3936	1979	294	33
3936	1981	292	33
3936	1982	295	33
3936	1984	299	33
3936	1985	290	33
3936	1986	284	33
3936	1987	284	33
3936	1988	280	33
3936	1989	275	33
3936	1990	282	33
3936	1992	280	33
3936	1993	273	33
3936	1994	279	33
3936	1995	293	33
3936	1996	290	33
3936	1997	277	33
3936	1998	275	33
3936	1999	273	33
3936	2000	277	33
3936	2001	276	33
3936	2002	261	33
3936	2003	251	33
3936	2004	253	33
3936	2005	261	33
3936	2006	291	33
3936	2007	258	33
3936	2008	266	33
3936	2009	273	33
3936	2010	282	33
3936	2012	320	33
3936	2013	266	33
3936	2014	290	33
3936	2015	288	33
3937	1980	285	35
3937	1981	273	35
3937	1982	300	35
3937	1983	300	35
3937	1984	296	35
3937	1985	303	35
3937	1986	298	35
3937	1987	310	35
3937	1988	314	35
3937	1989	294	35
3937	1990	300	35
3937	1991	314	35
3937	1992	305	35
3937	1993	297	35
3937	1994	297	35
3937	1995	297	35
3937	1996	283	35
3937	1998	295	35
3937	1999	297	35
3937	2000	291	35
3937	2001	299	35
3937	2002	293	35
3937	2003	301	35
3937	2004	297	35
3937	2005	297	35
3937	2006	303	35
3937	2007	285	35
3937	2008	281	35
3937	2009	300	35
3937	2010	297	35
3937	2011	301	35
3937	2012	318	35
3937	2013	291	35
3937	2014	301	35
3937	2015	301	35
3939	1980	285	36
3939	1981	280	36
3939	1982	275	36
3939	1983	267	36
3939	1984	287	36
3939	1985	294	36
3939	1986	304	36
3939	1987	283	36
3939	1988	271	36
3939	1989	266	36
3939	1990	310	36
3939	1991	289	36
3939	1992	289	36
3939	1993	274	36
3939	1994	286	36
3939	1995	287	36
3939	1996	274	36
3939	1997	287	36
3939	1998	275	36
3939	1999	273	36
3939	2000	303	36
3939	2001	269	36
3939	2002	274	36
3939	2003	303	36
3939	2004	292	36
3939	2005	280	36
3939	2006	276	36
3939	2007	290	36
3939	2008	281	36
3939	2009	278	36
3939	2010	297	36
3939	2011	274	36
3939	2012	308	36
3939	2013	285	36
3939	2014	271	36
3939	2015	283	36
3940	1982	265	29
3940	1983	263	29
3940	1984	268	29
3940	1985	273	29
3940	1986	264	29
3940	1987	269	29
3940	1988	265	29
3940	1990	258	29
3940	1991	258	29
3940	1992	282	29
3940	1993	280	29
3940	1994	261	29
3940	1995	280	29
3940	1996	260	29
3940	1997	262	29
3940	1998	246	29
3940	1999	263	29
3940	2000	251	29
3940	2001	260	29
3940	2002	266	29
3940	2003	247	29
3940	2004	252	29
3940	2006	259	29
3940	2007	255	29
3940	2008	253	29
3940	2009	260	29
3940	2010	268	29
3940	2013	273	29
3940	2014	270	29
3941	1979	275	22
3941	1980	289	22
3941	1981	281	22
3941	1982	288	22
3941	1983	275	22
3941	1984	283	22
3941	1985	295	22
3941	1986	283	22
3941	1987	293	22
3941	1988	289	22
3941	1989	293	22
3941	1990	292	22
3941	1991	295	22
3941	1992	295	22
3941	1993	283	22
3941	1994	299	22
3941	1995	288	22
3941	1996	284	22
3941	1997	312	22
3941	1998	291	22
3941	1999	300	22
3941	2000	291	22
3945	1979	283	37
3945	1980	277	37
3945	1981	286	37
3945	1982	273	37
3945	1983	292	37
3945	1984	283	37
3945	1985	288	37
3945	1986	275	37
3945	1987	283	37
3945	1988	283	37
3945	1989	282	37
3945	1990	280	37
3945	1991	275	37
3945	1992	273	37
3945	1993	259	37
3945	1994	282	37
3945	1995	287	37
3945	1996	280	37
3945	1997	297	37
3945	1998	274	37
3945	1999	287	37
3945	2000	275	37
3945	2001	287	37
3945	2002	283	37
3945	2003	285	37
3945	2004	289	37
3945	2005	285	37
3945	2006	281	37
3945	2007	268	37
3945	2008	283	37
3945	2009	287	37
3945	2010	280	37
3945	2011	280	37
3945	2012	299	37
3945	2013	276	37
3945	2014	281	37
3945	2015	279	37
3947	1982	263	32
3947	1983	265	32
3947	1985	308	32
3947	1986	275	32
3947	1987	272	32
3947	1988	290	32
3947	1989	285	32
3947	1990	266	32
3947	1991	282	32
3947	1992	266	32
3947	1993	294	32
3947	1994	276	32
3947	1995	278	32
3947	1996	268	32
3947	1997	299	32
3947	1998	282	32
3947	1999	278	32
3947	2000	286	32
3947	2001	289	32
3947	2002	293	32
3947	2003	261	32
3947	2004	270	32
3947	2006	263	32
3947	2007	269	32
3947	2008	279	32
3947	2009	297	32
3947	2010	286	32
3947	2011	298	32
3947	2012	306	32
3947	2013	266	32
3947	2014	274	32
3947	2015	283	32
3949	1979	305	16
3949	1980	306	16
3949	1981	308	16
3949	1982	308	16
3949	1983	304	16
3949	1984	300	16
3949	1985	298	16
3949	1986	294	16
3949	1987	298	16
3949	1988	296	16
3949	1989	294	16
3949	1990	302	16
3949	1991	293	16
3949	1992	291	16
3949	1993	283	16
3949	1994	288	16
3950	1979	294	21
3950	1980	293	21
3950	1981	291	21
3950	1982	288	21
3950	1983	291	21
3950	1984	296	21
3950	1985	289	21
3950	1986	294	21
3950	1987	294	21
3950	1988	298	21
3950	1989	269	21
3950	1990	282	21
3950	1991	272	21
3950	1992	270	21
3950	1993	273	21
3950	1994	273	21
3950	1995	280	21
3950	1996	273	21
3950	1997	343	21
3950	1998	273	21
3950	1999	271	21
3951	1979	286	21
3951	1980	291	21
3951	1981	290	21
3951	1982	299	21
3951	1983	301	21
3951	1984	296	21
3951	1985	300	21
3951	1986	275	21
3951	1987	286	21
3951	1988	271	21
3951	1989	286	21
3951	1990	283	21
3951	1991	294	21
3951	1992	293	21
3951	1993	288	21
3951	1994	295	21
3951	1995	295	21
3951	1996	277	21
3951	1997	298	21
3951	1998	286	21
3951	1999	293	21
3953	1979	289	15
3953	1980	288	15
3953	1981	294	15
3953	1982	288	15
3953	1983	283	15
3953	1984	289	15
3953	1985	287	15
3953	1987	289	15
3953	1988	270	15
3953	1989	271	15
3953	1991	292	15
3953	1993	285	15
3953	1994	292	15
3953	1995	274	15
3953	1996	271	15
3959	1979	278	36
3959	1980	290	36
3959	1981	286	36
3959	1982	292	36
3959	1983	295	36
3959	1984	296	36
3959	1985	295	36
3959	1986	280	36
3959	1987	290	36
3959	1988	287	36
3959	1989	290	36
3959	1990	286	36
3959	1991	291	36
3959	1992	300	36
3959	1993	288	36
3959	1994	298	36
3959	1995	303	36
3959	1996	289	36
3959	1997	297	36
3959	1998	296	36
3959	1999	299	36
3959	2000	283	36
3959	2001	303	36
3959	2002	291	36
3959	2003	297	36
3959	2004	295	36
3959	2005	297	36
3959	2006	295	36
3959	2007	288	36
3959	2008	284	36
3959	2009	285	36
3959	2010	284	36
3959	2011	291	36
3959	2012	303	36
3959	2013	288	36
3959	2014	288	36
3960	1979	302	22
3960	1980	298	22
3960	1981	299	22
3960	1982	309	22
3960	1983	310	22
3960	1984	309	22
3960	1985	312	22
3960	1986	293	22
3960	1987	310	22
3960	1988	298	22
3960	1989	302	22
3960	1990	298	22
3960	1991	305	22
3960	1992	297	22
3960	1993	282	22
3960	1994	291	22
3960	1995	297	22
3960	1996	279	22
3960	1997	296	22
3960	1998	298	22
3960	1999	290	22
3960	2000	285	22
3963	1979	305	24
3963	1980	305	24
3963	1981	300	24
3963	1982	305	24
3963	1983	297	24
3963	1984	306	24
3963	1985	307	24
3963	1986	301	24
3963	1987	301	24
3963	1988	299	24
3963	1989	305	24
3963	1990	297	24
3963	1991	294	24
3963	1992	297	24
3963	1993	285	24
3963	1994	290	24
3963	1995	302	24
3963	1996	285	24
3963	1997	310	24
3963	1998	289	24
3963	1999	300	24
3963	2000	292	24
3963	2001	302	24
3963	2002	295	24
3967	1979	292	26
3967	1980	293	26
3967	1981	295	26
3967	1983	282	26
3967	1984	282	26
3967	1985	275	26
3967	1986	282	26
3967	1987	290	26
3967	1988	285	26
3967	1990	278	26
3967	1992	265	26
3967	1994	293	26
3967	1995	297	26
3967	1996	299	26
3967	1997	289	26
3967	1998	301	26
3967	1999	299	26
3967	2000	299	26
3967	2001	291	26
3967	2002	303	26
3967	2003	293	26
3967	2004	275	26
3967	2005	283	26
3967	2006	289	26
3967	2007	293	26
3967	2008	297	26
3972	1979	281	24
3972	1980	292	24
3972	1981	295	24
3972	1982	295	24
3972	1983	287	24
3972	1984	294	24
3972	1985	292	24
3972	1986	279	24
3972	1987	293	24
3972	1988	284	24
3972	1989	286	24
3972	1990	282	24
3972	1991	303	24
3972	1992	306	24
3972	1993	288	24
3972	1994	299	24
3972	1995	303	24
3972	1996	296	24
3972	1997	305	24
3972	1998	291	24
3972	1999	301	24
3972	2000	290	24
3972	2008	299	24
3972	2009	290	24
3974	1979	293	37
3974	1980	295	37
3974	1981	282	37
3974	1982	279	37
3974	1983	293	37
3974	1984	289	37
3974	1985	286	37
3974	1986	274	37
3974	1987	285	37
3974	1988	273	37
3974	1989	290	37
3974	1990	277	37
3974	1991	291	37
3974	1992	289	37
3974	1993	282	37
3974	1994	276	37
3974	1995	283	37
3974	1996	280	37
3974	1997	276	37
3974	1998	270	37
3974	1999	263	37
3974	2000	272	37
3974	2001	282	37
3974	2002	266	37
3974	2003	281	37
3974	2004	284	37
3974	2005	289	37
3974	2006	271	37
3974	2007	264	37
3974	2008	273	37
3974	2009	285	37
3974	2010	285	37
3974	2011	279	37
3974	2012	301	37
3974	2013	277	37
3974	2014	270	37
3974	2015	282	37
3975	1980	295	18
3975	1981	283	18
3975	1983	284	18
3975	1984	293	18
3975	1985	288	18
3975	1986	286	18
3975	1987	284	18
3975	1988	283	18
3975	1989	286	18
3975	1990	280	18
3975	1993	280	18
3975	1994	289	18
3975	1995	286	18
3975	1996	289	18
3975	1997	284	18
3975	1998	281	18
3975	1999	285	18
3975	2000	287	18
3978	1979	278	32
3978	1980	287	32
3978	1981	270	32
3978	1982	293	32
3978	1983	270	32
3978	1984	297	32
3978	1985	267	32
3978	1986	271	32
3978	1987	286	32
3978	1988	273	32
3978	1989	264	32
3978	1990	274	32
3978	1991	281	32
3978	1992	268	32
3978	1993	278	32
3978	1994	265	32
3978	1995	269	32
3978	1996	275	32
3978	1997	273	32
3978	1998	278	32
3978	1999	284	32
3978	2000	268	32
3978	2001	276	32
3978	2002	270	32
3978	2003	275	32
3978	2004	277	32
3978	2005	287	32
3978	2006	272	32
3978	2007	270	32
3978	2008	277	32
3978	2009	289	32
3978	2010	269	32
3981	1979	271	37
3981	1980	296	37
3981	1981	272	37
3981	1982	288	37
3981	1983	283	37
3981	1984	285	37
3981	1985	283	37
3981	1986	276	37
3981	1987	285	37
3981	1988	277	37
3981	1989	283	37
3981	1990	276	37
3981	1991	281	37
3981	1992	266	37
3981	1993	285	37
3981	1994	272	37
3981	1995	288	37
3981	1996	280	37
3981	1997	256	37
3981	1998	277	37
3981	1999	286	37
3981	2000	301	37
3981	2001	273	37
3981	2002	293	37
3981	2003	296	37
3981	2004	288	37
3981	2005	293	37
3981	2006	281	37
3981	2007	262	37
3981	2008	268	37
3981	2009	301	37
3981	2010	281	37
3981	2011	285	37
3981	2012	295	37
3981	2013	287	37
3981	2014	272	37
3981	2015	271	37
3982	1979	278	32
3982	1980	296	32
3982	1981	286	32
3982	1982	287	32
3982	1983	275	32
3982	1984	288	32
3982	1985	284	32
3982	1986	276	32
3982	1987	289	32
3982	1988	280	32
3982	1989	290	32
3982	1990	293	32
3982	1991	303	32
3982	1994	303	32
3982	1996	298	32
3982	1997	280	32
3982	1998	290	32
3982	1999	302	32
3982	2000	276	32
3982	2001	303	32
3982	2002	286	32
3982	2003	260	32
3982	2004	272	32
3982	2005	309	32
3982	2006	263	32
3982	2007	305	32
3982	2008	286	32
3982	2009	301	32
3982	2010	309	32
3982	2011	306	32
3982	2012	332	32
3982	2014	279	32
3983	1979	290	34
3983	1980	289	34
3983	1981	291	34
3983	1982	268	34
3983	1983	274	34
3983	1984	289	34
3983	1985	290	34
3983	1986	276	34
3983	1987	285	34
3983	1988	280	34
3983	1989	281	34
3983	1990	280	34
3983	1991	302	34
3983	1993	282	34
3983	1994	290	34
3983	1995	280	34
3983	1996	278	34
3983	1997	302	34
3983	1998	277	34
3983	1999	293	34
3983	2000	280	34
3983	2001	299	34
3983	2002	298	34
3983	2003	307	34
3983	2004	302	34
3983	2005	301	34
3983	2006	300	34
3983	2007	283	34
3983	2008	289	34
3983	2009	302	34
3983	2010	299	34
3983	2011	305	34
3983	2012	321	34
3983	2013	295	34
3984	1979	285	32
3984	1980	298	32
3984	1981	277	32
3984	1982	303	32
3984	1983	294	32
3984	1984	287	32
3984	1985	285	32
3984	1986	286	32
3984	1987	297	32
3984	1988	273	32
3984	1989	281	32
3984	1991	293	32
3984	1995	302	32
3984	1997	276	32
3984	1998	277	32
3984	1999	265	32
3984	2000	268	32
3984	2001	270	32
3984	2002	267	32
3984	2003	283	32
3984	2004	272	32
3984	2005	268	32
3984	2006	287	32
3984	2007	268	32
3984	2008	271	32
3984	2009	293	32
3984	2010	285	32
3984	2011	302	32
3984	2012	310	32
3984	2013	286	32
3984	2014	290	32
3984	2015	282	32
3986	1979	290	37
3986	1980	290	37
3986	1981	280	37
3986	1982	284	37
3986	1983	282	37
3986	1984	290	37
3986	1985	306	37
3986	1986	286	37
3986	1987	290	37
3986	1988	294	37
3986	1989	294	37
3986	1990	284	37
3986	1991	287	37
3986	1992	273	37
3986	1993	263	37
3986	1994	279	37
3986	1995	286	37
3986	1996	282	37
3986	1997	273	37
3986	1998	275	37
3986	1999	290	37
3986	2000	293	37
3986	2001	290	37
3986	2002	294	37
3986	2003	299	37
3986	2004	296	37
3986	2005	298	37
3986	2006	294	37
3986	2007	292	37
3986	2008	289	37
3986	2009	288	37
3986	2010	291	37
3986	2011	293	37
3986	2012	314	37
3986	2013	281	37
3986	2014	285	37
3986	2015	296	37
3987	1979	269	27
3987	1980	286	27
3987	1981	266	27
3987	1990	282	27
3987	1991	289	27
3987	1992	306	27
3987	1993	306	27
3987	1994	297	27
3987	1995	301	27
3987	1996	288	27
3987	1997	293	27
3987	1998	288	27
3987	1999	292	27
3987	2000	288	27
3987	2001	295	27
3987	2002	296	27
3987	2003	296	27
3987	2004	298	27
3987	2005	296	27
3987	2006	298	27
3987	2007	283	27
3987	2008	285	27
3987	2009	286	27
3987	2010	290	27
3987	2011	299	27
3987	2012	313	27
3987	2013	298	27
3989	1979	268	19
3989	1980	271	19
3989	1981	259	19
3989	1982	271	19
3989	1983	280	19
3989	1984	269	19
3989	1985	265	19
3989	1986	261	19
3989	1987	277	19
3989	1988	270	19
3989	1989	263	19
3989	1990	250	19
3989	1991	289	19
3989	1992	283	19
3989	1993	279	19
3989	1994	302	19
3989	1995	287	19
3989	1996	289	19
3989	1997	308	19
3990	1998	292	18
3990	1999	299	18
3990	2000	292	18
3990	2001	295	18
3990	2002	292	18
3990	2003	293	18
3990	2004	295	18
3990	2005	289	18
3990	2006	288	18
3990	2007	273	18
3990	2008	281	18
3990	2009	284	18
3990	2010	283	18
3990	2011	285	18
3990	2012	278	18
3990	2013	279	18
3990	2014	278	18
3990	2015	286	18
3991	1979	271	24
3991	1980	288	24
3991	1981	277	24
3991	1982	286	24
3991	1984	293	24
3991	1985	282	24
3991	1986	263	24
3991	1987	294	24
3991	1988	289	24
3991	1989	263	24
3991	1990	269	24
3991	1991	255	24
3991	1992	275	24
3991	1993	272	24
3991	1994	278	24
3991	1995	307	24
3991	1996	303	24
3991	1997	313	24
3991	1998	314	24
3991	1999	304	24
3991	2000	302	24
3991	2001	303	24
3991	2002	300	24
3991	2003	308	24
3992	1979	278	19
3992	1980	298	19
3992	1981	285	19
3992	1982	280	19
3992	1983	284	19
3992	1984	287	19
3992	1985	293	19
3992	1986	279	19
3992	1987	287	19
3992	1988	273	19
3992	1989	289	19
3992	1990	288	19
3992	1991	308	19
3992	1992	297	19
3992	1993	291	19
3992	1994	292	19
3992	1995	293	19
3992	1996	287	19
3992	1997	293	19
3993	1979	296	36
3993	1980	304	36
3993	1981	300	36
3993	1982	302	36
3993	1983	287	36
3993	1984	300	36
3993	1985	296	36
3993	1986	285	36
3993	1987	291	36
3993	1988	282	36
3993	1989	290	36
3993	1990	283	36
3993	1991	291	36
3993	1992	265	36
3993	1993	289	36
3993	1994	293	36
3993	1995	283	36
3993	1996	280	36
3993	1997	279	36
3993	1998	288	36
3993	1999	291	36
3993	2000	295	36
3993	2001	275	36
3993	2002	281	36
3993	2003	275	36
3993	2004	293	36
3993	2005	290	36
3993	2006	283	36
3993	2007	280	36
3993	2008	279	36
3993	2009	301	36
3993	2010	279	36
3993	2011	300	36
3993	2012	294	36
3993	2013	296	36
3993	2015	295	36
3995	1979	291	36
3995	1980	293	36
3995	1981	290	36
3995	1982	293	36
3995	1983	282	36
3995	1984	292	36
3995	1985	280	36
3995	1986	265	36
3995	1987	286	36
3995	1988	282	36
3995	1989	274	36
3995	1990	269	36
3995	1991	303	36
3995	1992	277	36
3995	1993	275	36
3995	1994	272	36
3995	1995	283	36
3995	1996	281	36
3995	1997	272	36
3995	1998	281	36
3995	1999	285	36
3995	2000	278	36
3995	2001	276	36
3995	2002	294	36
3995	2003	293	36
3995	2004	284	36
3995	2005	286	36
3995	2006	297	36
3995	2007	270	36
3995	2008	276	36
3995	2009	273	36
3995	2010	271	36
3995	2011	271	36
3995	2012	278	36
3995	2013	283	36
3995	2014	297	36
3997	1979	285	36
3997	1980	265	36
3997	1981	275	36
3997	1982	275	36
3997	1983	294	36
3997	1984	273	36
3997	1985	290	36
3997	1986	311	36
3997	1987	296	36
3997	1988	297	36
3997	1989	305	36
3997	1990	300	36
3997	1991	296	36
3997	1992	275	36
3997	1993	281	36
3997	1994	281	36
3997	1995	285	36
3997	1996	282	36
3997	1997	280	36
3997	1998	275	36
3997	1999	277	36
3997	2000	279	36
3997	2001	283	36
3997	2002	282	36
3997	2003	285	36
3997	2004	280	36
3997	2005	289	36
3997	2006	303	36
3997	2007	278	36
3997	2008	280	36
3997	2010	270	36
3997	2011	288	36
3997	2012	284	36
3997	2013	281	36
3997	2014	263	36
3997	2015	274	36
4008	1981	256	32
4008	1985	293	32
4008	1986	278	32
4008	1987	287	32
4008	1988	282	32
4008	1989	282	32
4008	1990	281	32
4008	1991	293	32
4008	1992	288	32
4008	1993	280	32
4008	1994	287	32
4008	1995	279	32
4008	1996	288	32
4008	1997	293	32
4008	1998	287	32
4008	1999	293	32
4008	2000	284	32
4008	2001	294	32
4008	2002	286	32
4008	2003	290	32
4008	2004	296	32
4008	2005	300	32
4008	2006	298	32
4008	2007	283	32
4008	2008	283	32
4008	2009	291	32
4008	2010	293	32
4008	2011	295	32
4008	2012	312	32
4008	2013	288	32
4008	2014	289	32
4008	2015	293	32
4012	1985	300	25
4012	1986	263	25
4012	1987	292	25
4012	1988	288	25
4012	1989	299	25
4012	1990	296	25
4012	1991	294	25
4012	1994	296	25
4012	1995	290	25
4012	1996	298	25
4012	1997	295	25
4012	1998	296	25
4012	1999	302	25
4012	2000	296	25
4012	2001	304	25
4012	2002	293	25
4012	2003	309	25
4012	2004	304	25
4012	2005	304	25
4012	2006	299	25
4012	2007	300	25
4012	2008	293	25
4012	2009	304	25
4012	2010	303	25
4012	2013	296	25
4013	1980	294	28
4013	1981	309	28
4013	1982	308	28
4013	1983	300	28
4013	1984	294	28
4013	1985	302	28
4013	1986	302	28
4013	1987	307	28
4013	1988	312	28
4013	1989	301	28
4013	1990	301	28
4013	1991	316	28
4013	1992	306	28
4013	1993	287	28
4013	1994	292	28
4013	1995	301	28
4013	1996	289	28
4013	1997	301	28
4013	1998	300	28
4013	1999	302	28
4013	2000	302	28
4013	2001	307	28
4013	2002	280	28
4013	2003	303	28
4013	2004	300	28
4013	2005	307	28
4013	2006	313	28
4013	2007	299	28
4015	1979	290	34
4015	1980	292	34
4015	1981	290	34
4015	1982	289	34
4015	1983	282	34
4015	1984	286	34
4015	1985	291	34
4015	1986	291	34
4015	1989	307	34
4015	1990	319	34
4015	1991	285	34
4015	1992	282	34
4015	1993	281	34
4015	1994	291	34
4015	1995	291	34
4015	1996	276	34
4015	1997	295	34
4015	1998	283	34
4015	1999	285	34
4015	2000	272	34
4015	2001	292	34
4015	2002	282	34
4015	2003	289	34
4015	2004	296	34
4015	2005	297	34
4015	2006	301	34
4015	2007	271	34
4015	2008	275	34
4015	2009	285	34
4015	2010	283	34
4015	2011	294	34
4015	2012	293	34
4015	2014	275	34
4015	2015	286	34
4018	1979	282	17
4018	1980	285	17
4018	1981	281	17
4018	1983	285	17
4018	1984	298	17
4018	1985	290	17
4018	1986	288	17
4018	1987	288	17
4018	1988	290	17
4018	1989	291	17
4018	1990	292	17
4018	1991	286	17
4018	1992	293	17
4018	1993	283	17
4018	1994	285	17
4018	1995	293	17
4018	1996	285	17
4022	1981	293	29
4022	1982	266	29
4022	1983	288	29
4022	1984	297	29
4022	1985	277	29
4022	1986	287	29
4022	1987	301	29
4022	1988	290	29
4022	1989	297	29
4022	1990	269	29
4022	1991	272	29
4022	1992	284	29
4022	1993	289	29
4022	1994	277	29
4022	1995	303	29
4022	1996	282	29
4022	1997	298	29
4022	1998	290	29
4022	1999	272	29
4022	2000	280	29
4022	2001	292	29
4022	2002	286	29
4022	2005	280	29
4022	2006	274	29
4022	2007	293	29
4022	2008	305	29
4022	2013	281	29
4022	2014	288	29
4022	2015	295	29
4027	1994	294	20
4027	1995	287	20
4027	1996	278	20
4027	1997	281	20
4027	1998	279	20
4027	1999	287	20
4027	2000	266	20
4027	2001	269	20
4027	2002	264	20
4027	2003	288	20
4027	2004	262	20
4027	2005	268	20
4027	2006	271	20
4027	2007	269	20
4027	2008	282	20
4027	2009	270	20
4027	2010	288	20
4027	2011	268	20
4027	2013	269	20
4027	2015	271	20
4034	1979	288	22
4034	1980	299	22
4034	1981	302	22
4034	1982	306	22
4034	1983	297	22
4034	1984	300	22
4034	1985	298	22
4034	1986	288	22
4034	1987	290	22
4034	1988	291	22
4034	1989	300	22
4034	1990	290	22
4034	1991	290	22
4034	1992	287	22
4034	1993	279	22
4034	1994	285	22
4034	1995	295	22
4034	1996	283	22
4034	1997	287	22
4034	1998	283	22
4034	1999	291	22
4034	2000	292	22
4039	1979	261	35
4039	1980	284	35
4039	1981	268	35
4039	1982	270	35
4039	1983	287	35
4039	1984	277	35
4039	1985	264	35
4039	1986	267	35
4039	1987	284	35
4039	1988	261	35
4039	1989	281	35
4039	1990	265	35
4039	1991	288	35
4039	1992	285	35
4039	1993	261	35
4039	1994	276	35
4039	1995	276	35
4039	1996	270	35
4039	1997	282	35
4039	1998	265	35
4039	1999	279	35
4039	2000	279	35
4039	2001	282	35
4039	2002	269	35
4039	2003	264	35
4039	2004	276	35
4039	2005	271	35
4039	2006	287	35
4039	2007	264	35
4039	2008	276	35
4039	2009	282	35
4039	2010	260	35
4039	2011	275	35
4039	2012	300	35
4039	2013	280	35
4044	1986	277	20
4044	1987	297	20
4044	1988	290	20
4044	1989	281	20
4044	1990	270	20
4044	1991	294	20
4044	1992	268	20
4044	1993	281	20
4044	1994	302	20
4044	1996	282	20
4044	1997	307	20
4044	1998	324	20
4044	1999	293	20
4044	2000	298	20
4044	2002	252	20
4044	2003	295	20
4044	2005	305	20
4044	2006	307	20
4044	2007	293	20
4044	2008	305	20
4045	1979	288	37
4045	1980	291	37
4045	1981	292	37
4045	1982	304	37
4045	1983	300	37
4045	1984	310	37
4045	1985	297	37
4045	1986	294	37
4045	1987	297	37
4045	1988	278	37
4045	1989	286	37
4045	1990	285	37
4045	1991	308	37
4045	1992	293	37
4045	1993	282	37
4045	1994	285	37
4045	1995	300	37
4045	1996	292	37
4045	1997	278	37
4045	1998	277	37
4045	1999	295	37
4045	2000	290	37
4045	2001	277	37
4045	2002	278	37
4045	2003	276	37
4045	2004	281	37
4045	2005	271	37
4045	2006	283	37
4045	2007	279	37
4045	2008	287	37
4045	2009	268	37
4045	2010	297	37
4045	2011	297	37
4045	2012	322	37
4045	2013	296	37
4045	2014	289	37
4045	2015	283	37
4046	1979	288	36
4046	1980	292	36
4046	1981	293	36
4046	1982	304	36
4046	1983	302	36
4046	1984	311	36
4046	1985	298	36
4046	1986	296	36
4046	1987	298	36
4046	1988	279	36
4046	1989	289	36
4046	1990	286	36
4046	1991	310	36
4046	1992	294	36
4046	1993	283	36
4046	1994	286	36
4046	1995	300	36
4046	1996	293	36
4046	1997	279	36
4046	1998	278	36
4046	1999	296	36
4046	2000	291	36
4046	2001	278	36
4046	2002	278	36
4046	2003	278	36
4046	2004	282	36
4046	2005	272	36
4046	2006	284	36
4046	2007	282	36
4046	2008	288	36
4046	2010	298	36
4046	2011	298	36
4046	2012	323	36
4046	2013	297	36
4046	2014	285	36
4046	2015	285	36
4047	1979	289	22
4047	1980	292	22
4047	1981	288	22
4047	1982	270	22
4047	1983	250	22
4047	1984	294	22
4047	1985	278	22
4047	1986	275	22
4047	1987	290	22
4047	1988	280	22
4047	1989	279	22
4047	1990	285	22
4047	1991	270	22
4047	1992	275	22
4047	1993	263	22
4047	1994	263	22
4047	1995	273	22
4047	1996	293	22
4047	1997	273	22
4047	1998	275	22
4047	1999	271	22
4047	2000	261	22
4052	1982	263	27
4052	1983	254	27
4052	1984	258	27
4052	1985	269	27
4052	1986	258	27
4052	1987	261	27
4052	1988	251	27
4052	1989	249	27
4052	1990	258	27
4052	1991	301	27
4052	1992	288	27
4052	1993	292	27
4052	1994	287	27
4052	1995	282	27
4052	1996	292	27
4052	1997	288	27
4052	1998	279	27
4052	1999	283	27
4052	2000	275	27
4052	2001	281	27
4052	2002	276	27
4052	2003	282	27
4052	2004	284	27
4052	2005	291	27
4052	2006	298	27
4052	2007	287	27
4052	2008	277	27
4054	1979	282	36
4054	1980	284	36
4054	1981	290	36
4054	1982	303	36
4054	1983	316	36
4054	1984	305	36
4054	1986	298	36
4054	1987	283	36
4054	1988	282	36
4054	1989	280	36
4054	1990	280	36
4054	1991	303	36
4054	1992	293	36
4054	1993	283	36
4054	1994	289	36
4054	1995	289	36
4054	1996	291	36
4054	1997	304	36
4054	1998	293	36
4054	1999	297	36
4054	2000	291	36
4054	2001	296	36
4054	2002	291	36
4054	2003	303	36
4054	2004	297	36
4054	2005	297	36
4054	2006	298	36
4054	2007	304	36
4054	2008	287	36
4054	2009	287	36
4054	2010	301	36
4054	2011	295	36
4054	2012	333	36
4054	2013	290	36
4054	2014	284	36
4054	2015	292	36
4055	1979	301	32
4055	1980	313	32
4055	1981	291	32
4055	1982	283	32
4055	1983	302	32
4055	1984	291	32
4055	1985	286	32
4055	1986	286	32
4055	1987	291	32
4055	1988	289	32
4055	1989	288	32
4055	1990	287	32
4055	1991	293	32
4055	1992	289	32
4055	1993	269	32
4055	1994	273	32
4055	1995	273	32
4055	1996	274	32
4055	1997	288	32
4055	1998	283	32
4055	1999	276	32
4055	2000	274	32
4055	2001	285	32
4055	2002	276	32
4055	2003	274	32
4055	2004	283	32
4055	2005	276	32
4055	2006	285	32
4055	2007	279	32
4055	2008	279	32
4055	2009	282	32
4055	2010	278	32
4057	1979	268	34
4057	1980	262	34
4057	1981	255	34
4057	1982	269	34
4057	1983	268	34
4057	1984	274	34
4057	1985	268	34
4057	1986	253	34
4057	1987	281	34
4057	1988	271	34
4057	1989	270	34
4057	1990	274	34
4057	1993	273	34
4057	1994	277	34
4057	1996	283	34
4057	1997	288	34
4057	1998	290	34
4057	1999	289	34
4057	2000	283	34
4057	2001	289	34
4057	2002	285	34
4057	2003	281	34
4057	2004	289	34
4057	2005	291	34
4057	2006	291	34
4057	2007	285	34
4057	2008	286	34
4057	2009	284	34
4057	2010	290	34
4057	2011	288	34
4057	2012	319	34
4057	2013	289	34
4057	2014	288	34
4057	2015	289	34
4060	1992	285	23
4060	1993	285	23
4060	1994	287	23
4060	1995	302	23
4060	1996	284	23
4060	1997	304	23
4060	1998	289	23
4060	1999	297	23
4060	2000	290	23
4060	2001	299	23
4060	2002	293	23
4060	2003	299	23
4060	2004	296	23
4060	2005	292	23
4060	2006	297	23
4060	2007	289	23
4060	2008	293	23
4060	2009	295	23
4060	2011	298	23
4060	2012	307	23
4060	2013	290	23
4060	2014	299	23
4060	2015	298	23
4063	1980	291	20
4063	1981	291	20
4063	1982	293	20
4063	1983	293	20
4063	1984	296	20
4063	1985	301	20
4063	1986	282	20
4063	1987	291	20
4063	1988	294	20
4063	1989	289	20
4063	1990	289	20
4063	1991	306	20
4063	1992	297	20
4063	1993	281	20
4063	1994	290	20
4063	1995	286	20
4063	1996	282	20
4063	1997	276	20
4063	1998	290	20
4063	1999	294	20
4065	1979	287	23
4065	1980	293	23
4065	1981	294	23
4065	1982	295	23
4065	1983	292	23
4065	1984	302	23
4065	1985	297	23
4065	1986	290	23
4065	1987	289	23
4065	1988	291	23
4065	1993	299	23
4065	1994	295	23
4065	1995	308	23
4065	1996	284	23
4065	1997	309	23
4065	1998	300	23
4065	1999	300	23
4065	2000	303	23
4065	2001	317	23
4065	2002	291	23
4065	2003	312	23
4065	2004	293	23
4065	2005	294	23
4067	1979	282	17
4067	1987	295	17
4067	1990	277	17
4067	1993	286	17
4067	1994	291	17
4067	1995	293	17
4067	1996	294	17
4067	1997	293	17
4067	1998	291	17
4067	1999	297	17
4067	2000	298	17
4067	2001	293	17
4067	2002	292	17
4067	2003	294	17
4067	2004	293	17
4067	2005	292	17
4067	2006	291	17
4068	1979	283	22
4068	1980	290	22
4068	1981	293	22
4068	1982	298	22
4068	1983	296	22
4068	1984	291	22
4068	1985	292	22
4068	1986	280	22
4068	1987	293	22
4068	1988	288	22
4068	1989	286	22
4068	1990	288	22
4068	1991	283	22
4068	1992	286	22
4068	1993	282	22
4068	1994	288	22
4068	1995	275	22
4068	1996	273	22
4068	1997	288	22
4068	1998	283	22
4068	1999	283	22
4068	2000	284	22
4070	1980	280	31
4070	1981	298	31
4070	1982	301	31
4070	1983	296	31
4070	1984	298	31
4070	1985	291	31
4070	1986	270	31
4070	1987	283	31
4070	1988	304	31
4070	1989	288	31
4070	1990	283	31
4070	1993	289	31
4070	1994	281	31
4070	1995	285	31
4070	1996	301	31
4070	1998	303	31
4070	1999	285	31
4070	2000	303	31
4070	2002	312	31
4070	2003	291	31
4070	2004	334	31
4070	2005	298	31
4070	2006	314	31
4070	2007	315	31
4070	2008	276	31
4070	2009	293	31
4070	2010	314	31
4070	2011	302	31
4070	2013	309	31
4070	2014	309	31
4070	2015	284	31
4071	1979	285	15
4071	1980	284	15
4071	1981	283	15
4071	1982	298	15
4071	1983	290	15
4071	1984	295	15
4071	1985	295	15
4071	1986	286	15
4071	1988	277	15
4071	1989	289	15
4071	1990	291	15
4071	1991	292	15
4071	1992	275	15
4071	1993	285	15
4071	1994	274	15
4072	1979	285	20
4072	1980	280	20
4072	1981	284	20
4072	1982	286	20
4072	1983	278	20
4072	1984	290	20
4072	1985	292	20
4072	1986	274	20
4072	1987	291	20
4072	1988	280	20
4072	1989	301	20
4072	1990	292	20
4072	1991	301	20
4072	1992	283	20
4072	1993	275	20
4072	1994	273	20
4072	1995	275	20
4072	1996	283	20
4072	1997	292	20
4072	1998	291	20
4075	1979	268	17
4075	1981	279	17
4075	1982	283	17
4075	1983	283	17
4075	1984	280	17
4075	1985	284	17
4075	1986	275	17
4075	1987	286	17
4075	1988	287	17
4075	1989	284	17
4075	1990	278	17
4075	1991	296	17
4075	1992	288	17
4075	1993	281	17
4075	1994	291	17
4075	1995	303	17
4075	1996	289	17
4076	1983	294	26
4076	1984	307	26
4076	1985	295	26
4076	1986	296	26
4076	1987	299	26
4076	1988	290	26
4076	1989	287	26
4076	1990	293	26
4076	1991	304	26
4076	1992	300	26
4076	1993	295	26
4076	1994	294	26
4076	1995	299	26
4076	1996	299	26
4076	1997	298	26
4076	1998	292	26
4076	1999	296	26
4076	2000	292	26
4076	2001	298	26
4076	2002	294	26
4076	2003	289	26
4076	2004	293	26
4076	2005	296	26
4076	2006	294	26
4076	2007	293	26
4076	2008	289	26
4080	1980	278	34
4080	1983	292	34
4080	1984	292	34
4080	1985	282	34
4080	1986	278	34
4080	1987	295	34
4080	1988	284	34
4080	1989	295	34
4080	1990	286	34
4080	1991	283	34
4080	1992	275	34
4080	1993	269	34
4080	1994	293	34
4080	1995	281	34
4080	1996	281	34
4080	1997	279	34
4080	1998	288	34
4080	1999	291	34
4080	2000	279	34
4080	2001	278	34
4080	2002	275	34
4080	2003	288	34
4080	2004	290	34
4080	2005	296	34
4080	2006	292	34
4080	2007	279	34
4080	2008	281	34
4080	2009	280	34
4080	2010	285	34
4080	2011	272	34
4080	2012	301	34
4080	2013	285	34
4080	2014	272	34
4080	2015	293	34
4083	1979	302	19
4083	1980	290	19
4083	1981	298	19
4083	1982	290	19
4083	1983	301	19
4083	1986	304	19
4083	1990	302	19
4083	1991	247	19
4083	1992	258	19
4083	1993	255	19
4083	1995	288	19
4083	1996	273	19
4083	1997	278	19
4083	1998	273	19
4083	1999	273	19
4083	2000	278	19
4083	2001	271	19
4083	2002	273	19
4083	2003	273	19
4087	1980	291	21
4087	1981	294	21
4087	1982	289	21
4087	1983	286	21
4087	1984	310	21
4087	1985	287	21
4087	1986	292	21
4087	1987	293	21
4087	1988	283	21
4087	1989	289	21
4087	1990	283	21
4087	1991	309	21
4087	1992	292	21
4087	1993	279	21
4087	1994	286	21
4087	1995	293	21
4087	1996	276	21
4087	1997	294	21
4087	1998	283	21
4087	1999	284	21
4087	2000	269	21
4089	1979	272	18
4089	1980	270	18
4089	1981	251	18
4089	1982	294	18
4089	1983	260	18
4089	1984	277	18
4089	1985	263	18
4089	1986	289	18
4089	1987	270	18
4089	1988	272	18
4089	1989	293	18
4089	1990	260	18
4089	1991	288	18
4089	1992	268	18
4089	1993	271	18
4089	1994	260	18
4089	1995	259	18
4089	1996	253	18
4092	1984	294	25
4092	1985	302	25
4092	1986	286	25
4092	1987	296	25
4092	1988	290	25
4092	1989	286	25
4092	1990	289	25
4092	1991	301	25
4092	1993	285	25
4092	1994	291	25
4092	1995	306	25
4092	1996	283	25
4092	1997	295	25
4092	1998	280	25
4092	1999	295	25
4092	2000	289	25
4092	2001	297	25
4092	2002	293	25
4092	2003	288	25
4092	2004	295	25
4092	2005	301	25
4092	2006	290	25
4092	2007	286	25
4092	2008	283	25
4092	2009	300	25
4093	1979	273	21
4093	1980	273	21
4093	1981	282	21
4093	1982	275	21
4093	1983	296	21
4093	1984	265	21
4093	1985	270	21
4093	1986	289	21
4093	1987	280	21
4093	1988	270	21
4093	1989	277	21
4093	1990	259	21
4093	1991	290	21
4093	1992	304	21
4093	1993	273	21
4093	1994	285	21
4093	1995	279	21
4093	1996	285	21
4093	1997	304	21
4093	1998	291	21
4093	1999	296	21
4097	1980	286	36
4097	1981	285	36
4097	1982	296	36
4097	1983	283	36
4097	1984	296	36
4097	1985	290	36
4097	1986	277	36
4097	1987	287	36
4097	1988	277	36
4097	1989	283	36
4097	1990	284	36
4097	1991	296	36
4097	1992	285	36
4097	1993	285	36
4097	1994	291	36
4097	1995	300	36
4097	1996	288	36
4097	1997	308	36
4097	1998	289	36
4097	1999	300	36
4097	2000	295	36
4097	2001	298	36
4097	2002	288	36
4097	2003	304	36
4097	2004	300	36
4097	2005	298	36
4097	2006	301	36
4097	2007	297	36
4097	2008	284	36
4097	2009	300	36
4097	2010	301	36
4097	2011	302	36
4097	2012	322	36
4097	2013	302	36
4097	2014	300	36
4097	2015	303	36
4098	1980	285	36
4098	1981	267	36
4098	1982	278	36
4098	1983	276	36
4098	1984	283	36
4098	1985	270	36
4098	1986	263	36
4098	1987	269	36
4098	1988	263	36
4098	1989	265	36
4098	1990	261	36
4098	1991	298	36
4098	1992	282	36
4098	1993	273	36
4098	1994	272	36
4098	1995	277	36
4098	1996	293	36
4098	1997	298	36
4098	1998	293	36
4098	1999	300	36
4098	2000	299	36
4098	2001	305	36
4098	2002	307	36
4098	2003	310	36
4098	2004	312	36
4098	2005	306	36
4098	2006	298	36
4098	2007	297	36
4098	2008	289	36
4098	2009	286	36
4098	2010	284	36
4098	2011	292	36
4098	2012	319	36
4098	2013	290	36
4098	2014	300	36
4098	2015	297	36
4100	1984	285	32
4100	1985	293	32
4100	1986	284	32
4100	1987	290	32
4100	1988	282	32
4100	1989	287	32
4100	1990	279	32
4100	1991	286	32
4100	1992	288	32
4100	1993	277	32
4100	1994	282	32
4100	1995	280	32
4100	1996	279	32
4100	1997	285	32
4100	1998	283	32
4100	1999	290	32
4100	2000	287	32
4100	2001	279	32
4100	2002	278	32
4100	2003	287	32
4100	2004	290	32
4100	2005	288	32
4100	2006	293	32
4100	2007	287	32
4100	2008	282	32
4100	2009	286	32
4100	2010	288	32
4100	2011	285	32
4100	2012	306	32
4100	2013	286	32
4100	2014	286	32
4100	2015	285	32
4104	1980	299	36
4104	1981	286	36
4104	1982	284	36
4104	1983	285	36
4104	1984	292	36
4104	1985	290	36
4104	1986	279	36
4104	1987	284	36
4104	1988	281	36
4104	1989	286	36
4104	1990	277	36
4104	1991	289	36
4104	1992	294	36
4104	1993	274	36
4104	1994	288	36
4104	1995	272	36
4104	1996	273	36
4104	1997	299	36
4104	1998	283	36
4104	1999	298	36
4104	2000	277	36
4104	2001	291	36
4104	2002	281	36
4104	2003	294	36
4104	2004	292	36
4104	2005	294	36
4104	2006	292	36
4104	2007	284	36
4104	2008	282	36
4104	2009	296	36
4104	2010	287	36
4104	2011	291	36
4104	2012	301	36
4104	2013	290	36
4104	2014	283	36
4104	2015	305	36
4106	1979	290	18
4106	1980	299	18
4106	1981	294	18
4106	1982	297	18
4106	1983	300	18
4106	1984	295	18
4106	1985	306	18
4106	1986	289	18
4106	1987	298	18
4106	1988	286	18
4106	1989	298	18
4106	1990	289	18
4106	1991	303	18
4106	1992	298	18
4106	1993	287	18
4106	1994	290	18
4106	1995	288	18
4106	1996	289	18
4109	1979	279	26
4109	1980	296	26
4109	1981	290	26
4109	1982	300	26
4109	1983	300	26
4109	1984	306	26
4109	1985	297	26
4109	1986	275	26
4109	1987	315	26
4109	1988	304	26
4109	1990	289	26
4109	1991	327	26
4109	1992	289	26
4109	1993	274	26
4109	1994	293	26
4109	1995	295	26
4109	1997	284	26
4109	1999	303	26
4109	2000	290	26
4109	2001	291	26
4109	2002	281	26
4109	2003	292	26
4109	2004	293	26
4109	2005	295	26
4109	2007	273	26
4109	2008	283	26
4117	1979	310	25
4117	1980	312	25
4117	1981	310	25
4117	1982	302	25
4117	1985	303	25
4117	1986	292	25
4117	1987	306	25
4117	1990	288	25
4117	1994	292	25
4117	1997	273	25
4117	1998	283	25
4117	1999	294	25
4117	2003	280	25
4117	2004	305	25
4117	2005	291	25
4117	2006	275	25
4117	2007	307	25
4117	2008	271	25
4117	2009	276	25
4117	2010	294	25
4117	2011	305	25
4117	2012	314	25
4117	2013	301	25
4117	2014	288	25
4117	2015	299	25
4120	1980	295	18
4120	1981	278	18
4120	1982	298	18
4120	1983	293	18
4120	1984	283	18
4120	1985	281	18
4120	1986	270	18
4120	1987	287	18
4120	1988	291	18
4120	1989	286	18
4120	1990	276	18
4120	1991	292	18
4120	1992	292	18
4120	1993	281	18
4120	1994	287	18
4120	1995	291	18
4120	1996	283	18
4120	1997	301	18
4121	1979	285	26
4121	1982	286	26
4121	1983	296	26
4121	1984	298	26
4121	1988	276	26
4121	1991	284	26
4121	1993	282	26
4121	1994	289	26
4121	1995	299	26
4121	1998	292	26
4121	2000	289	26
4121	2001	294	26
4121	2002	284	26
4121	2003	307	26
4121	2004	297	26
4121	2005	293	26
4121	2006	289	26
4121	2007	292	26
4121	2008	294	26
4121	2009	291	26
4121	2010	302	26
4121	2011	301	26
4121	2012	302	26
4121	2013	288	26
4121	2014	289	26
4121	2015	291	26
4123	1979	275	33
4123	1980	286	33
4123	1981	275	33
4123	1982	303	33
4123	1983	307	33
4123	1985	315	33
4123	1986	281	33
4123	1989	300	33
4123	1991	291	33
4123	1992	288	33
4123	1993	280	33
4123	1994	284	33
4123	1995	294	33
4123	1996	297	33
4123	1997	276	33
4123	1998	301	33
4123	1999	289	33
4123	2000	280	33
4123	2001	276	33
4123	2002	279	33
4123	2003	285	33
4123	2004	293	33
4123	2005	297	33
4123	2006	303	33
4123	2007	299	33
4123	2008	289	33
4123	2009	297	33
4123	2010	301	33
4123	2011	282	33
4123	2012	312	33
4123	2013	292	33
4123	2014	299	33
4123	2015	299	33
4127	1988	257	21
4127	1989	254	21
4127	1990	265	21
4127	1991	306	21
4127	1992	302	21
4127	1993	286	21
4127	1994	290	21
4127	1995	290	21
4127	1996	297	21
4127	1997	296	21
4127	1998	289	21
4127	1999	294	21
4127	2000	278	21
4127	2001	284	21
4127	2002	279	21
4127	2003	287	21
4127	2004	288	21
4127	2005	296	21
4127	2006	303	21
4127	2007	290	21
4127	2008	285	21
4128	1979	291	25
4128	1980	295	25
4128	1981	301	25
4128	1982	303	25
4128	1983	305	25
4128	1984	302	25
4128	1985	310	25
4128	1986	295	25
4128	1987	302	25
4128	1988	302	25
4128	2001	264	25
4128	2002	273	25
4128	2003	259	25
4128	2004	283	25
4128	2005	285	25
4128	2006	283	25
4128	2007	274	25
4128	2008	274	25
4128	2009	278	25
4128	2010	275	25
4128	2011	293	25
4128	2012	301	25
4128	2013	278	25
4128	2014	289	25
4128	2015	274	25
4135	1979	277	24
4135	1980	289	24
4135	1981	278	24
4135	1982	292	24
4135	1983	283	24
4135	1984	285	24
4135	1985	280	24
4135	1986	274	24
4135	1987	292	24
4135	1988	285	24
4135	1989	291	24
4135	1990	288	24
4135	1991	291	24
4135	1992	283	24
4135	1993	278	24
4135	1994	289	24
4135	1995	284	24
4135	1996	277	24
4135	1997	314	24
4135	1998	288	24
4135	1999	301	24
4135	2000	284	24
4135	2001	297	24
4135	2002	291	24
4143	1980	288	16
4143	1981	287	16
4143	1982	302	16
4143	1983	289	16
4143	1984	292	16
4143	1985	300	16
4143	1986	275	16
4143	1987	301	16
4143	1988	283	16
4143	1989	288	16
4143	1990	287	16
4143	1991	304	16
4143	1992	295	16
4143	1993	282	16
4143	1994	293	16
4143	1995	291	16
4146	1979	285	33
4146	1980	311	33
4146	1981	302	33
4146	1982	310	33
4146	1983	287	33
4146	1984	287	33
4146	1986	288	33
4146	1987	289	33
4146	1991	285	33
4146	1992	281	33
4146	1993	282	33
4146	1994	285	33
4146	1995	289	33
4146	1996	288	33
4146	1997	285	33
4146	1998	281	33
4146	1999	289	33
4146	2000	284	33
4146	2001	289	33
4146	2002	288	33
4146	2003	286	33
4146	2004	300	33
4146	2005	289	33
4146	2006	290	33
4146	2007	285	33
4146	2008	285	33
4146	2009	291	33
4146	2010	291	33
4146	2011	293	33
4146	2012	310	33
4146	2013	294	33
4146	2014	293	33
4146	2015	288	33
4150	1979	284	21
4150	1981	288	21
4150	1982	289	21
4150	1983	286	21
4150	1984	295	21
4150	1985	298	21
4150	1986	270	21
4150	1987	295	21
4150	1988	299	21
4150	1989	285	21
4150	1990	284	21
4150	1991	279	21
4150	1992	295	21
4150	1993	285	21
4150	1994	293	21
4150	1995	284	21
4150	1996	273	21
4150	1997	295	21
4150	1998	275	21
4150	1999	285	21
4150	2000	293	21
4151	1979	270	18
4151	1980	280	18
4151	1981	276	18
4151	1982	276	18
4151	1983	279	18
4151	1984	302	18
4151	1985	280	18
4151	1986	281	18
4151	1987	283	18
4151	1988	282	18
4151	1989	289	18
4151	1990	273	18
4151	1991	305	18
4151	1992	291	18
4151	1993	253	18
4151	1994	286	18
4151	1995	274	18
4151	1996	288	18
4152	1979	293	22
4152	1980	300	22
4152	1981	284	22
4152	1982	297	22
4152	1983	290	22
4152	1984	293	22
4152	1985	290	22
4152	1986	280	22
4152	1987	299	22
4152	1988	297	22
4152	1989	288	22
4152	1990	289	22
4152	1991	287	22
4152	1992	287	22
4152	1993	281	22
4152	1994	283	22
4152	1995	279	22
4152	1996	280	22
4152	1997	271	22
4152	1998	279	22
4152	1999	288	22
4152	2000	286	22
4156	1979	288	34
4156	1980	299	34
4156	1981	276	34
4156	1982	288	34
4156	1983	297	34
4156	1984	293	34
4156	1985	319	34
4156	1986	285	34
4156	1987	319	34
4156	1988	288	34
4156	1989	303	34
4156	1990	310	34
4156	1992	303	34
4156	1994	292	34
4156	1995	292	34
4156	1996	295	34
4156	1997	314	34
4156	1998	292	34
4156	1999	298	34
4156	2000	290	34
4156	2001	283	34
4156	2002	278	34
4156	2003	303	34
4156	2004	285	34
4156	2005	288	34
4156	2006	290	34
4156	2007	288	34
4156	2008	278	34
4156	2009	284	34
4156	2010	288	34
4156	2011	299	34
4156	2012	322	34
4156	2013	288	34
4156	2015	294	34
4157	1979	285	37
4157	1980	284	37
4157	1981	285	37
4157	1982	297	37
4157	1983	298	37
4157	1984	290	37
4157	1985	298	37
4157	1986	278	37
4157	1987	292	37
4157	1988	284	37
4157	1989	294	37
4157	1990	283	37
4157	1991	305	37
4157	1992	286	37
4157	1993	264	37
4157	1994	292	37
4157	1995	277	37
4157	1996	276	37
4157	1997	295	37
4157	1998	307	37
4157	1999	298	37
4157	2000	286	37
4157	2001	298	37
4157	2002	292	37
4157	2003	303	37
4157	2004	300	37
4157	2005	303	37
4157	2006	304	37
4157	2007	289	37
4157	2008	301	37
4157	2009	299	37
4157	2010	303	37
4157	2011	305	37
4157	2012	310	37
4157	2013	296	37
4157	2014	304	37
4157	2015	308	37
4159	1979	293	22
4159	1980	296	22
4159	1981	294	22
4159	1982	292	22
4159	1983	275	22
4159	1984	290	22
4159	1985	276	22
4159	1986	279	22
4159	1987	280	22
4159	1988	276	22
4159	1989	258	22
4159	1990	258	22
4159	1991	288	22
4159	1992	272	22
4159	1993	285	22
4159	1994	285	22
4159	1995	293	22
4159	1996	291	22
4159	1997	288	22
4159	1998	275	22
4159	1999	277	22
4159	2015	290	22
4162	1981	299	21
4162	1982	297	21
4162	1983	290	21
4162	1985	288	21
4162	1987	290	21
4162	1988	285	21
4162	1989	288	21
4162	1990	285	21
4162	1992	291	21
4162	1993	282	21
4162	1994	293	21
4162	1996	282	21
4162	1997	288	21
4162	1998	294	21
4162	1999	290	21
4162	2000	292	21
4162	2001	306	21
4162	2002	288	21
4162	2007	288	21
4162	2008	271	21
4162	2010	299	21
4166	1979	255	19
4166	1980	287	19
4166	1981	258	19
4166	1982	294	19
4166	1983	278	19
4166	1985	283	19
4166	1986	277	19
4166	1987	293	19
4166	1988	246	19
4166	1989	277	19
4166	1991	305	19
4166	1992	263	19
4166	1994	266	19
4166	1995	286	19
4166	1996	271	19
4166	1997	271	19
4166	1998	269	19
4166	1999	292	19
4166	2000	272	19
4167	1979	283	17
4167	1982	289	17
4167	1983	278	17
4167	1984	293	17
4167	1985	263	17
4167	1986	259	17
4167	1987	286	17
4167	1988	272	17
4167	1989	283	17
4167	1990	274	17
4167	1991	283	17
4167	1992	298	17
4167	1993	281	17
4167	1994	291	17
4167	1995	292	17
4167	1996	283	17
4167	1997	298	17
4168	1979	282	26
4168	1980	294	26
4168	1981	292	26
4168	1982	292	26
4168	1983	292	26
4168	1984	301	26
4168	1985	300	26
4168	1986	285	26
4168	1987	298	26
4168	1992	291	26
4168	1993	288	26
4168	1995	297	26
4168	1996	275	26
4168	1997	299	26
4168	1998	294	26
4168	1999	301	26
4168	2000	289	26
4168	2001	302	26
4168	2002	293	26
4168	2003	306	26
4168	2004	301	26
4168	2005	301	26
4168	2006	300	26
4168	2007	294	26
4168	2012	319	26
4168	2013	293	26
4170	1983	295	27
4170	1984	287	27
4170	1986	305	27
4170	1992	300	27
4170	1993	275	27
4170	1994	271	27
4170	1995	291	27
4170	1996	272	27
4170	1997	276	27
4170	1998	275	27
4170	1999	288	27
4170	2000	288	27
4170	2001	299	27
4170	2002	283	27
4170	2003	289	27
4170	2004	293	27
4170	2005	289	27
4170	2006	293	27
4170	2007	283	27
4170	2008	274	27
4170	2009	290	27
4170	2010	284	27
4170	2011	298	27
4170	2012	293	27
4170	2013	281	27
4170	2014	302	27
4170	2015	283	27
4172	1979	281	37
4172	1980	284	37
4172	1981	282	37
4172	1982	287	37
4172	1983	284	37
4172	1984	280	37
4172	1985	289	37
4172	1986	276	37
4172	1987	285	37
4172	1988	274	37
4172	1989	273	37
4172	1990	280	37
4172	1991	301	37
4172	1992	298	37
4172	1993	286	37
4172	1994	291	37
4172	1995	301	37
4172	1996	288	37
4172	1997	307	37
4172	1998	298	37
4172	1999	299	37
4172	2000	291	37
4172	2001	303	37
4172	2002	292	37
4172	2003	305	37
4172	2004	297	37
4172	2005	299	37
4172	2006	303	37
4172	2007	289	37
4172	2008	288	37
4172	2009	299	37
4172	2010	292	37
4172	2011	300	37
4172	2012	315	37
4172	2013	293	37
4172	2014	305	37
4172	2015	291	37
4173	1979	286	37
4173	1980	295	37
4173	1981	298	37
4173	1982	292	37
4173	1983	295	37
4173	1984	300	37
4173	1985	297	37
4173	1986	284	37
4173	1987	292	37
4173	1988	293	37
4173	1989	285	37
4173	1990	287	37
4173	1991	293	37
4173	1992	292	37
4173	1993	283	37
4173	1994	287	37
4173	1995	295	37
4173	1996	286	37
4173	1997	292	37
4173	1998	293	37
4173	1999	291	37
4173	2000	288	37
4173	2001	296	37
4173	2002	284	37
4173	2003	289	37
4173	2004	293	37
4173	2005	291	37
4173	2006	289	37
4173	2007	284	37
4173	2008	278	37
4173	2009	285	37
4173	2010	281	37
4173	2011	289	37
4173	2012	304	37
4173	2013	285	37
4173	2014	275	37
4173	2015	276	37
4175	1979	295	19
4175	1980	299	19
4175	1981	295	19
4175	1982	301	19
4175	1983	296	19
4175	1984	303	19
4175	1985	305	19
4175	1986	291	19
4175	1987	299	19
4175	1988	287	19
4175	1989	290	19
4175	1990	292	19
4175	1991	308	19
4175	1992	301	19
4175	1993	287	19
4175	1994	293	19
4175	1995	300	19
4175	1996	283	19
4175	1997	308	19
4179	1979	293	21
4179	1980	291	21
4179	1981	272	21
4179	1982	283	21
4179	1983	291	21
4179	1984	287	21
4179	1985	300	21
4179	1986	291	21
4179	1987	292	21
4179	1988	291	21
4179	1989	291	21
4179	1990	288	21
4179	1991	291	21
4179	1992	293	21
4179	1993	280	21
4179	1994	289	21
4179	1995	290	21
4179	1996	279	21
4179	1997	307	21
4179	1998	287	21
4179	1999	294	21
4190	1980	298	35
4190	1981	288	35
4190	1982	280	35
4190	1983	291	35
4190	1984	288	35
4190	1985	295	35
4190	1986	278	35
4190	1987	293	35
4190	1988	280	35
4190	1989	284	35
4190	1990	275	35
4190	1991	290	35
4190	1992	283	35
4190	1993	269	35
4190	1994	291	35
4190	1995	282	35
4190	1996	276	35
4190	1998	273	35
4190	1999	285	35
4190	2000	275	35
4190	2001	292	35
4190	2002	282	35
4190	2003	290	35
4190	2004	300	35
4190	2005	287	35
4190	2006	294	35
4190	2007	276	35
4190	2008	277	35
4190	2009	301	35
4190	2010	291	35
4190	2011	278	35
4190	2012	299	35
4190	2013	295	35
4190	2014	302	35
4190	2015	287	35
4193	1979	287	32
4193	1980	293	32
4193	1981	254	32
4193	1982	272	32
4193	1983	287	32
4193	1984	284	32
4193	1985	289	32
4193	1986	272	32
4193	1987	294	32
4193	1988	274	32
4193	1989	289	32
4193	1990	279	32
4193	1991	283	32
4193	1992	301	32
4193	1995	281	32
4193	1996	275	32
4193	1997	288	32
4193	1998	283	32
4193	1999	258	32
4193	2000	263	32
4193	2001	280	32
4193	2002	268	32
4193	2003	279	32
4193	2004	272	32
4193	2005	298	32
4193	2007	253	32
4193	2009	271	32
4193	2010	263	32
4193	2011	282	32
4193	2012	293	32
4193	2013	272	32
4193	2014	255	32
4198	1982	298	25
4198	1983	295	25
4198	1985	295	25
4198	1986	280	25
4198	1993	283	25
4198	1994	302	25
4198	1995	318	25
4198	1998	283	25
4198	1999	304	25
4198	2000	298	25
4198	2001	313	25
4198	2002	286	25
4198	2003	305	25
4198	2004	311	25
4198	2005	310	25
4198	2006	313	25
4198	2007	301	25
4198	2008	288	25
4198	2009	305	25
4198	2010	296	25
4198	2011	305	25
4198	2012	327	25
4198	2013	286	25
4198	2014	293	25
4198	2015	297	25
4205	1980	281	33
4205	1981	310	33
4205	1982	267	33
4205	1983	293	33
4205	1984	281	33
4205	1985	305	33
4205	1986	275	33
4205	1987	280	33
4205	1988	306	33
4205	1989	278	33
4205	1990	280	33
4205	1991	283	33
4205	1992	282	33
4205	1993	289	33
4205	1994	273	33
4205	1995	296	33
4205	1996	283	33
4205	1997	279	33
4205	1998	284	33
4205	1999	301	33
4205	2000	290	33
4205	2001	276	33
4205	2002	282	33
4205	2003	307	33
4205	2004	302	33
4205	2005	290	33
4205	2006	295	33
4205	2007	291	33
4205	2008	275	33
4205	2009	251	33
4205	2010	281	33
4205	2011	286	33
4205	2012	310	33
4208	1980	279	21
4208	1981	310	21
4208	1982	307	21
4208	1983	309	21
4208	1984	302	21
4208	1985	318	21
4208	1986	298	21
4208	1987	319	21
4208	1988	302	21
4208	1989	289	21
4208	1990	289	21
4208	1991	294	21
4208	1992	314	21
4208	1993	285	21
4208	1994	269	21
4208	1995	283	21
4208	1996	281	21
4208	1997	280	21
4208	1998	291	21
4208	1999	288	21
4208	2000	265	21
4213	1985	277	20
4213	1987	285	20
4213	1989	270	20
4213	1990	279	20
4213	1992	285	20
4213	1993	288	20
4213	1994	294	20
4213	1995	283	20
4213	1996	281	20
4213	1997	285	20
4213	1998	285	20
4213	1999	288	20
4213	2000	272	20
4213	2001	292	20
4213	2002	288	20
4213	2003	301	20
4213	2005	289	20
4213	2006	293	20
4213	2010	278	20
4213	2012	319	20
4215	1986	289	15
4215	1987	300	15
4215	1988	292	15
4215	1990	292	15
4215	1991	302	15
4215	1992	294	15
4215	1993	289	15
4215	1994	282	15
4215	1995	287	15
4215	1996	289	15
4215	1997	290	15
4215	1998	288	15
4215	1999	286	15
4215	2000	293	15
4215	2001	290	15
4216	1995	289	15
4216	1998	276	15
4216	1999	292	15
4216	2000	271	15
4216	2001	291	15
4216	2002	278	15
4216	2003	273	15
4216	2005	290	15
4216	2006	258	15
4216	2007	256	15
4216	2008	284	15
4216	2009	281	15
4216	2011	277	15
4216	2012	329	15
4216	2013	269	15
4218	1979	289	20
4218	1980	283	20
4218	1981	289	20
4218	1982	298	20
4218	1983	299	20
4218	1984	300	20
4218	1985	314	20
4218	1986	310	20
4218	1987	292	20
4218	1988	307	20
4218	1989	302	20
4218	1990	298	20
4218	1991	283	20
4218	1992	273	20
4218	1993	271	20
4218	1994	284	20
4218	1995	271	20
4218	1999	268	20
4218	2000	281	20
4218	2002	283	20
4222	1979	286	20
4222	1980	297	20
4222	1981	312	20
4222	1982	299	20
4222	1983	299	20
4222	1984	301	20
4222	1985	297	20
4222	1986	295	20
4222	1987	294	20
4222	1988	313	20
4222	1989	291	20
4222	1990	284	20
4222	1991	297	20
4222	1992	292	20
4222	1993	276	20
4222	1994	285	20
4222	1995	288	20
4222	1996	285	20
4222	1997	297	20
4222	1998	332	20
4223	1979	277	33
4223	1980	296	33
4223	1981	301	33
4223	1982	304	33
4223	1983	297	33
4223	1984	290	33
4223	1985	302	33
4223	1986	295	33
4223	1987	304	33
4223	1988	295	33
4223	1989	298	33
4223	1990	300	33
4223	1991	293	33
4223	1992	293	33
4223	1993	277	33
4223	1994	287	33
4223	1995	286	33
4223	1996	283	33
4223	1997	277	33
4223	1998	301	33
4223	2000	293	33
4223	2001	293	33
4223	2002	291	33
4223	2004	284	33
4223	2005	301	33
4223	2006	293	33
4223	2007	275	33
4223	2008	275	33
4223	2009	278	33
4223	2010	276	33
4223	2011	288	33
4223	2012	299	33
4223	2013	285	33
4230	1979	272	37
4230	1980	280	37
4230	1981	291	37
4230	1982	292	37
4230	1983	310	37
4230	1984	290	37
4230	1985	295	37
4230	1986	290	37
4230	1987	293	37
4230	1988	298	37
4230	1989	290	37
4230	1990	300	37
4230	1991	301	37
4230	1992	296	37
4230	1993	293	37
4230	1994	298	37
4230	1995	301	37
4230	1996	299	37
4230	1997	303	37
4230	1998	301	37
4230	1999	298	37
4230	2000	298	37
4230	2001	303	37
4230	2002	292	37
4230	2003	294	37
4230	2004	296	37
4230	2005	298	37
4230	2006	288	37
4230	2007	288	37
4230	2008	291	37
4230	2009	294	37
4230	2010	298	37
4230	2011	300	37
4230	2012	307	37
4230	2013	297	37
4230	2014	280	37
4230	2015	288	37
4231	1979	267	22
4231	1980	299	22
4231	1981	297	22
4231	1982	274	22
4231	1983	276	22
4231	1984	281	22
4231	1985	287	22
4231	1986	272	22
4231	1987	286	22
4231	1991	294	22
4231	1992	300	22
4231	1993	293	22
4231	1994	285	22
4231	1995	292	22
4231	1996	282	22
4231	1997	288	22
4231	1999	292	22
4231	2000	287	22
4231	2001	289	22
4231	2002	294	22
4231	2003	288	22
4231	2004	296	22
4233	1979	279	19
4233	1980	294	19
4233	1981	290	19
4233	1982	285	19
4233	1983	297	19
4233	1984	295	19
4233	1985	290	19
4233	1986	278	19
4233	1987	285	19
4233	1988	287	19
4233	1989	280	19
4233	1990	260	19
4233	1991	288	19
4233	1992	303	19
4233	1993	270	19
4233	1994	294	19
4233	1995	294	19
4233	1996	276	19
4233	1997	277	19
4239	1979	272	37
4239	1980	288	37
4239	1981	266	37
4239	1982	285	37
4239	1983	270	37
4239	1984	276	37
4239	1985	285	37
4239	1986	265	37
4239	1987	286	37
4239	1988	279	37
4239	1989	277	37
4239	1990	271	37
4239	1991	281	37
4239	1992	281	37
4239	1993	287	37
4239	1994	283	37
4239	1995	289	37
4239	1996	281	37
4239	1997	312	37
4239	1998	298	37
4239	1999	304	37
4239	2000	299	37
4239	2001	304	37
4239	2002	296	37
4239	2003	310	37
4239	2004	301	37
4239	2005	301	37
4239	2006	311	37
4239	2007	297	37
4239	2008	276	37
4239	2009	283	37
4239	2010	278	37
4239	2011	268	37
4239	2012	315	37
4239	2013	272	37
4239	2014	257	37
4239	2015	298	37
4240	1982	278	34
4240	1983	310	34
4240	1984	297	34
4240	1985	314	34
4240	1986	288	34
4240	1987	307	34
4240	1988	310	34
4240	1989	273	34
4240	1990	300	34
4240	1991	288	34
4240	1992	291	34
4240	1993	289	34
4240	1994	287	34
4240	1995	285	34
4240	1996	297	34
4240	1997	289	34
4240	1998	301	34
4240	1999	296	34
4240	2000	287	34
4240	2001	286	34
4240	2002	289	34
4240	2003	289	34
4240	2004	283	34
4240	2005	287	34
4240	2006	287	34
4240	2007	287	34
4240	2008	285	34
4240	2009	287	34
4240	2010	285	34
4240	2011	283	34
4240	2012	332	34
4240	2013	289	34
4240	2014	305	34
4240	2015	285	34
4241	1979	275	29
4241	1980	285	29
4241	1981	277	29
4241	1982	268	29
4241	1983	266	29
4241	1984	289	29
4241	1985	293	29
4241	1986	289	29
4241	1987	284	29
4241	1988	299	29
4241	1989	287	29
4241	1990	287	29
4241	1991	294	29
4241	1992	302	29
4241	1993	304	29
4241	1994	284	29
4241	1995	295	29
4241	1996	282	29
4241	1997	313	29
4241	1998	296	29
4241	1999	291	29
4241	2000	288	29
4241	2001	298	29
4241	2002	289	29
4241	2003	289	29
4241	2004	299	29
4241	2005	289	29
4241	2006	297	29
4241	2007	293	29
4243	1980	284	20
4243	1981	277	20
4243	1982	283	20
4243	1983	278	20
4243	1984	292	20
4243	1985	293	20
4243	1986	278	20
4243	1987	290	20
4243	1988	280	20
4243	1989	287	20
4243	1990	289	20
4243	1991	300	20
4243	1992	301	20
4243	1993	278	20
4243	1994	291	20
4243	1995	312	20
4243	1996	293	20
4243	1997	296	20
4243	1998	285	20
4243	1999	288	20
4246	1979	287	22
4246	1980	292	22
4246	1981	291	22
4246	1982	292	22
4246	1983	300	22
4246	1984	285	22
4246	1985	298	22
4246	1986	279	22
4246	1987	292	22
4246	1988	290	22
4246	1989	285	22
4246	1990	280	22
4246	1991	285	22
4246	1992	279	22
4246	1993	277	22
4246	1994	279	22
4246	1995	287	22
4246	1996	285	22
4246	1997	302	22
4246	1998	286	22
4246	1999	296	22
4246	2000	302	22
4248	1979	262	16
4248	1980	289	16
4248	1981	273	16
4248	1982	273	16
4248	1983	261	16
4248	1984	281	16
4248	1985	284	16
4248	1986	275	16
4248	1987	290	16
4248	1988	287	16
4248	1989	279	16
4248	1990	286	16
4248	1991	294	16
4248	1992	287	16
4248	1993	292	16
4248	1994	288	16
4250	1979	307	18
4250	1980	305	18
4250	1981	283	18
4250	1982	291	18
4250	1983	297	18
4250	1984	292	18
4250	1985	305	18
4250	1986	280	18
4250	1987	310	18
4250	1988	290	18
4250	1989	292	18
4250	1990	305	18
4250	1991	301	18
4250	1992	285	18
4250	1993	283	18
4250	1994	293	18
4250	1995	289	18
4250	1996	283	18
4251	1979	279	23
4251	1980	297	23
4251	1981	282	23
4251	1982	297	23
4251	1983	296	23
4251	1995	275	23
4251	1996	256	23
4251	1997	263	23
4251	1998	254	23
4251	1999	267	23
4251	2000	259	23
4251	2001	264	23
4251	2002	271	23
4251	2003	252	23
4251	2004	272	23
4251	2005	264	23
4251	2006	264	23
4251	2007	255	23
4251	2008	264	23
4251	2009	280	23
4251	2010	274	23
4251	2013	268	23
4251	2014	271	23
4255	1979	278	37
4255	1980	289	37
4255	1981	293	37
4255	1982	291	37
4255	1983	283	37
4255	1984	292	37
4255	1985	290	37
4255	1986	286	37
4255	1987	292	37
4255	1988	270	37
4255	1989	288	37
4255	1990	284	37
4255	1991	293	37
4255	1992	292	37
4255	1993	291	37
4255	1994	295	37
4255	1995	288	37
4255	1996	276	37
4255	1997	273	37
4255	1998	288	37
4255	1999	299	37
4255	2000	289	37
4255	2001	288	37
4255	2002	297	37
4255	2003	277	37
4255	2004	295	37
4255	2005	297	37
4255	2006	300	37
4255	2007	295	37
4255	2008	290	37
4255	2009	294	37
4255	2010	288	37
4255	2011	301	37
4255	2012	314	37
4255	2013	292	37
4255	2014	298	37
4255	2015	301	37
4256	1979	275	37
4256	1980	279	37
4256	1981	280	37
4256	1982	263	37
4256	1983	280	37
4256	1984	290	37
4256	1985	270	37
4256	1986	269	37
4256	1987	277	37
4256	1988	272	37
4256	1989	285	37
4256	1990	260	37
4256	1991	273	37
4256	1992	271	37
4256	1993	272	37
4256	1994	268	37
4256	1995	275	37
4256	1996	261	37
4256	1997	291	37
4256	1998	278	37
4256	1999	280	37
4256	2000	271	37
4256	2001	283	37
4256	2002	268	37
4256	2003	268	37
4256	2004	274	37
4256	2005	279	37
4256	2006	294	37
4256	2007	263	37
4256	2008	267	37
4256	2009	267	37
4256	2010	269	37
4256	2011	273	37
4256	2012	295	37
4256	2013	281	37
4256	2014	276	37
4256	2015	270	37
4260	1979	293	36
4260	1980	293	36
4260	1981	278	36
4260	1982	283	36
4260	1983	269	36
4260	1984	288	36
4260	1985	296	36
4260	1986	283	36
4260	1987	304	36
4260	1988	282	36
4260	1989	283	36
4260	1990	285	36
4260	1991	298	36
4260	1992	285	36
4260	1993	287	36
4260	1994	289	36
4260	1996	279	36
4260	1997	290	36
4260	1998	293	36
4260	1999	297	36
4260	2000	291	36
4260	2001	296	36
4260	2002	291	36
4260	2003	295	36
4260	2004	295	36
4260	2005	293	36
4260	2006	290	36
4260	2007	287	36
4260	2008	288	36
4260	2009	292	36
4260	2010	291	36
4260	2011	294	36
4260	2012	323	36
4260	2013	295	36
4260	2014	297	36
4260	2015	293	36
4263	1979	287	36
4263	1980	294	36
4263	1981	291	36
4263	1982	282	36
4263	1983	280	36
4263	1984	287	36
4263	1985	290	36
4263	1986	295	36
4263	1987	298	36
4263	1988	291	36
4263	1990	302	36
4263	1991	306	36
4263	1992	298	36
4263	1993	295	36
4263	1994	298	36
4263	1995	308	36
4263	1996	294	36
4263	1997	307	36
4263	1998	299	36
4263	1999	296	36
4263	2000	293	36
4263	2001	302	36
4263	2002	297	36
4263	2003	307	36
4263	2004	309	36
4263	2005	300	36
4263	2006	297	36
4263	2007	281	36
4263	2008	284	36
4263	2009	287	36
4263	2010	293	36
4263	2011	297	36
4263	2012	321	36
4263	2013	293	36
4263	2014	286	36
4263	2015	294	36
4265	1979	283	25
4265	1980	304	25
4265	1981	293	25
4265	1982	289	25
4265	1983	297	25
4265	1984	288	25
4265	1985	300	25
4265	1986	298	25
4265	1987	289	25
4265	1988	288	25
4265	1989	292	25
4265	1990	285	25
4265	1991	300	25
4265	1992	303	25
4265	1993	285	25
4265	1994	278	25
4265	1995	294	25
4265	1996	285	25
4265	1997	313	25
4265	1998	293	25
4265	1999	300	25
4265	2000	298	25
4265	2001	303	25
4265	2002	289	25
4265	2003	297	25
4266	1979	262	37
4266	1980	272	37
4266	1981	257	37
4266	1982	256	37
4266	1983	261	37
4266	1984	267	37
4266	1985	257	37
4266	1986	246	37
4266	1987	275	37
4266	1988	270	37
4266	1989	252	37
4266	1990	252	37
4266	1991	310	37
4266	1992	277	37
4266	1993	272	37
4266	1994	275	37
4266	1995	287	37
4266	1996	276	37
4266	1997	273	37
4266	1998	285	37
4266	1999	286	37
4266	2000	267	37
4266	2001	280	37
4266	2002	283	37
4266	2003	272	37
4266	2004	280	37
4266	2005	280	37
4266	2006	282	37
4266	2007	274	37
4266	2008	278	37
4266	2009	279	37
4266	2010	275	37
4266	2011	307	37
4266	2012	300	37
4266	2013	295	37
4266	2014	284	37
4266	2015	281	37
4268	1979	278	34
4268	1980	291	34
4268	1981	286	34
4268	1982	295	34
4268	1983	293	34
4268	1984	288	34
4268	1985	292	34
4268	1986	291	34
4268	1987	285	34
4268	1988	284	34
4268	1989	286	34
4268	1990	269	34
4268	1991	296	34
4268	1994	266	34
4268	1995	278	34
4268	1996	274	34
4268	1997	281	34
4268	1998	284	34
4268	1999	296	34
4268	2000	284	34
4268	2001	283	34
4268	2002	284	34
4268	2003	304	34
4268	2004	292	34
4268	2005	285	34
4268	2006	286	34
4268	2007	273	34
4268	2008	272	34
4268	2009	282	34
4268	2010	276	34
4268	2012	316	34
4268	2013	273	34
4268	2014	283	34
4268	2015	242	34
4270	1979	280	23
4270	1980	298	23
4270	1981	285	23
4270	1982	309	23
4270	1983	305	23
4270	1984	290	23
4270	1985	310	23
4270	1988	261	23
4270	1989	278	23
4270	1993	273	23
4270	1998	283	23
4270	2001	233	23
4270	2002	261	23
4270	2005	283	23
4270	2006	263	23
4270	2007	292	23
4270	2008	287	23
4270	2009	253	23
4270	2010	251	23
4270	2012	288	23
4270	2013	302	23
4270	2014	287	23
4270	2015	293	23
4275	1979	270	27
4275	1980	289	27
4275	1981	276	27
4275	1982	263	27
4275	1983	270	27
4275	1984	280	27
4275	1985	278	27
4275	1986	278	27
4275	1987	282	27
4275	1988	280	27
4275	1989	279	27
4275	1990	280	27
4275	1991	280	27
4275	1992	293	27
4275	1993	277	27
4275	1994	285	27
4275	1995	279	27
4275	1996	288	27
4275	2006	289	27
4275	2007	277	27
4275	2008	287	27
4275	2010	311	27
4275	2011	298	27
4275	2012	308	27
4275	2013	294	27
4275	2014	280	27
4275	2015	278	27
4276	1979	260	20
4276	1980	287	20
4276	1981	285	20
4276	1982	293	20
4276	1983	288	20
4276	1984	299	20
4276	1985	301	20
4276	1986	280	20
4276	1987	288	20
4276	1988	283	20
4276	1989	288	20
4276	1990	295	20
4276	1991	294	20
4276	1992	284	20
4276	1993	282	20
4276	1994	283	20
4276	1995	293	20
4276	1996	269	20
4276	1997	284	20
4276	1998	284	20
4279	1981	285	16
4279	1984	297	16
4279	1985	291	16
4279	1986	281	16
4279	1987	299	16
4279	1988	286	16
4279	1991	308	16
4279	1992	302	16
4279	1993	300	16
4279	1994	293	16
4279	1995	304	16
4279	1997	304	16
4279	1998	288	16
4279	1999	301	16
4279	2001	300	16
4279	2002	298	16
4281	1985	278	16
4281	1986	273	16
4281	1987	283	16
4281	1988	286	16
4281	1989	259	16
4281	1996	244	16
4281	1999	285	16
4281	2000	274	16
4281	2001	28	16
4281	2004	296	16
4281	2005	283	16
4281	2009	297	16
4281	2010	268	16
4281	2011	274	16
4281	2012	307	16
4281	2014	276	16
4282	1980	283	19
4282	1981	309	19
4282	1982	304	19
4282	1983	285	19
4282	1984	295	19
4282	1991	301	19
4282	1992	285	19
4282	1994	288	19
4282	1995	293	19
4282	1996	289	19
4282	1997	285	19
4282	1998	290	19
4282	1999	283	19
4282	2000	285	19
4282	2001	291	19
4282	2002	288	19
4282	2003	293	19
4282	2004	287	19
4282	2005	290	19
4283	1979	275	35
4283	1980	288	35
4283	1981	274	35
4283	1982	283	35
4283	1983	291	35
4283	1984	286	35
4283	1985	284	35
4283	1986	282	35
4283	1987	290	35
4283	1988	294	35
4283	1989	284	35
4283	1990	275	35
4283	1991	301	35
4283	1992	297	35
4283	1993	280	35
4283	1994	293	35
4283	1995	282	35
4283	1996	284	35
4283	1997	297	35
4283	1998	298	35
4283	1999	298	35
4283	2000	298	35
4283	2001	312	35
4283	2002	279	35
4283	2004	281	35
4283	2005	300	35
4283	2006	304	35
4283	2007	284	35
4283	2008	287	35
4283	2009	291	35
4283	2010	274	35
4283	2011	304	35
4283	2012	318	35
4283	2014	295	35
4283	2015	304	35
4285	1979	312	37
4285	1980	303	37
4285	1981	301	37
4285	1982	277	37
4285	1983	286	37
4285	1984	281	37
4285	1985	324	37
4285	1986	290	37
4285	1987	292	37
4285	1988	279	37
4285	1989	280	37
4285	1990	270	37
4285	1991	303	37
4285	1992	290	37
4285	1993	302	37
4285	1994	290	37
4285	1995	271	37
4285	1996	280	37
4285	1997	281	37
4285	1998	285	37
4285	1999	301	37
4285	2000	293	37
4285	2001	301	37
4285	2002	293	37
4285	2003	287	37
4285	2004	303	37
4285	2005	301	37
4285	2006	297	37
4285	2007	293	37
4285	2008	285	37
4285	2009	306	37
4285	2010	272	37
4285	2011	289	37
4285	2012	312	37
4285	2013	300	37
4285	2014	288	37
4285	2015	262	37
4287	1979	296	18
4287	1980	297	18
4287	1981	299	18
4287	1982	302	18
4287	1983	305	18
4287	1984	303	18
4287	1985	311	18
4287	1986	295	18
4287	1987	287	18
4287	1988	294	18
4287	1989	301	18
4287	1990	302	18
4287	1991	310	18
4287	1992	296	18
4287	1993	284	18
4287	1994	296	18
4287	1995	308	18
4287	1996	289	18
4304	1988	270	24
4304	1989	263	24
4304	1990	270	24
4304	1991	283	24
4304	1992	281	24
4304	1993	272	24
4304	1994	277	24
4304	1995	302	24
4304	1996	266	24
4304	1997	292	24
4304	1998	274	24
4304	1999	247	24
4304	2000	287	24
4304	2001	286	24
4304	2002	281	24
4304	2003	283	24
4304	2004	289	24
4304	2005	282	24
4304	2006	276	24
4304	2007	292	24
4304	2008	283	24
4304	2009	288	24
4304	2010	289	24
4304	2011	291	24
4305	1982	280	33
4305	1984	288	33
4305	1985	279	33
4305	1986	278	33
4305	1987	292	33
4305	1988	274	33
4305	1989	292	33
4305	1990	284	33
4305	1991	294	33
4305	1992	295	33
4305	1993	294	33
4305	1994	291	33
4305	1995	293	33
4305	1996	277	33
4305	1997	294	33
4305	1998	283	33
4305	1999	297	33
4305	2000	288	33
4305	2001	296	33
4305	2002	285	33
4305	2003	290	33
4305	2004	295	33
4305	2005	301	33
4305	2006	302	33
4305	2007	284	33
4305	2008	285	33
4305	2009	302	33
4305	2010	292	33
4305	2011	303	33
4305	2012	281	33
4305	2013	289	33
4305	2014	296	33
4305	2015	297	33
4306	1979	272	22
4306	1980	303	22
4306	1981	295	22
4306	1982	290	22
4306	1983	286	22
4306	1984	286	22
4306	1985	282	22
4306	1986	291	22
4306	1987	298	22
4306	1988	288	22
4306	1989	296	22
4306	1990	300	22
4306	1991	288	22
4306	1992	278	22
4306	1993	303	22
4306	1994	302	22
4306	1995	302	22
4306	1996	293	22
4306	1997	304	22
4306	1998	302	22
4306	1999	305	22
4306	2000	297	22
4317	1979	276	36
4317	1980	298	36
4317	1981	288	36
4317	1982	285	36
4317	1983	299	36
4317	1984	291	36
4317	1985	300	36
4317	1986	273	36
4317	1987	282	36
4317	1988	278	36
4317	1989	288	36
4317	1990	285	36
4317	1992	297	36
4317	1993	277	36
4317	1994	277	36
4317	1995	285	36
4317	1996	279	36
4317	1997	291	36
4317	1998	289	36
4317	1999	281	36
4317	2000	285	36
4317	2001	286	36
4317	2002	280	36
4317	2003	297	36
4317	2004	282	36
4317	2005	282	36
4317	2006	287	36
4317	2007	278	36
4317	2008	278	36
4317	2009	282	36
4317	2010	293	36
4317	2011	297	36
4317	2012	310	36
4317	2013	287	36
4317	2014	283	36
4317	2015	296	36
4322	1979	279	22
4322	1980	285	22
4322	1981	256	22
4322	1982	283	22
4322	1983	282	22
4322	1984	280	22
4322	1985	279	22
4322	1986	264	22
4322	1987	282	22
4322	1988	261	22
4322	1989	273	22
4322	1990	272	22
4322	1991	297	22
4322	1992	284	22
4322	1993	282	22
4322	1994	284	22
4322	1995	292	22
4322	1996	272	22
4322	1997	306	22
4322	1998	286	22
4322	1999	297	22
4322	2000	283	22
4325	1980	285	35
4325	1981	284	35
4325	1982	286	35
4325	1983	289	35
4325	1984	292	35
4325	1985	288	35
4325	1986	287	35
4325	1987	292	35
4325	1988	286	35
4325	1990	286	35
4325	1991	282	35
4325	1992	284	35
4325	1993	285	35
4325	1994	288	35
4325	1995	288	35
4325	1996	291	35
4325	1997	294	35
4325	1998	296	35
4325	1999	295	35
4325	2000	292	35
4325	2001	291	35
4325	2002	295	35
4325	2003	297	35
4325	2004	294	35
4325	2005	292	35
4325	2006	290	35
4325	2007	296	35
4325	2008	292	35
4325	2009	295	35
4325	2010	293	35
4325	2011	294	35
4325	2012	310	35
4325	2013	292	35
4325	2014	285	35
4325	2015	288	35
4327	1980	280	18
4327	1981	270	18
4327	1982	279	18
4327	1983	287	18
4327	1984	285	18
4327	1985	290	18
4327	1986	287	18
4327	1987	290	18
4327	1988	275	18
4327	1990	275	18
4327	1991	291	18
4327	1992	296	18
4327	1993	288	18
4327	1994	270	18
4327	1995	270	18
4327	1997	272	18
4327	1998	268	18
4327	1999	272	18
4329	1979	281	21
4329	1980	270	21
4329	1981	278	21
4329	1982	283	21
4329	1983	289	21
4329	1984	288	21
4329	1985	288	21
4329	1986	279	21
4329	1987	285	21
4329	1988	276	21
4329	1989	280	21
4329	1991	304	21
4329	1992	278	21
4329	1993	282	21
4329	1994	296	21
4329	1995	291	21
4329	1996	273	21
4329	1997	283	21
4329	1998	287	21
4329	1999	302	21
4329	2000	288	21
4333	1979	294	36
4333	1980	297	36
4333	1981	300	36
4333	1982	300	36
4333	1983	309	36
4333	1984	316	36
4333	1985	312	36
4333	1986	296	36
4333	1987	302	36
4333	1988	308	36
4333	1989	278	36
4333	1990	270	36
4333	1991	293	36
4333	1992	289	36
4333	1993	285	36
4333	1994	290	36
4333	1995	288	36
4333	1996	298	36
4333	1997	303	36
4333	1998	301	36
4333	1999	298	36
4333	2000	288	36
4333	2001	306	36
4333	2002	287	36
4333	2003	314	36
4333	2004	302	36
4333	2005	303	36
4333	2006	299	36
4333	2007	280	36
4333	2008	271	36
4333	2009	303	36
4333	2010	292	36
4333	2012	324	36
4333	2013	300	36
4333	2014	288	36
4333	2015	298	36
4335	1979	301	21
4335	1980	315	21
4335	1981	290	21
4335	1982	300	21
4335	1983	290	21
4335	1984	290	21
4335	1985	299	21
4335	1986	272	21
4335	1987	294	21
4335	1988	269	21
4335	1989	292	21
4335	1990	280	21
4335	1991	300	21
4335	1992	290	21
4335	1993	268	21
4335	1994	289	21
4335	1995	280	21
4335	1996	265	21
4335	1997	298	21
4335	1998	278	21
4335	1999	283	21
4340	1979	284	37
4340	1980	303	37
4340	1981	290	37
4340	1982	292	37
4340	1983	286	37
4340	1984	289	37
4340	1985	264	37
4340	1986	281	37
4340	1987	314	37
4340	1988	293	37
4340	1989	306	37
4340	1990	302	37
4340	1991	287	37
4340	1992	270	37
4340	1993	282	37
4340	1994	275	37
4340	1995	279	37
4340	1996	285	37
4340	1997	278	37
4340	1998	287	37
4340	1999	295	37
4340	2000	291	37
4340	2001	295	37
4340	2002	288	37
4340	2003	280	37
4340	2004	297	37
4340	2005	297	37
4340	2006	305	37
4340	2007	285	37
4340	2008	291	37
4340	2009	286	37
4340	2010	289	37
4340	2011	294	37
4340	2012	318	37
4340	2013	290	37
4340	2014	290	37
4340	2015	287	37
4342	1994	273	17
4342	1995	293	17
4342	1996	263	17
4342	1997	288	17
4342	1998	271	17
4342	1999	253	17
4342	2000	282	17
4342	2001	278	17
4342	2002	276	17
4342	2003	276	17
4342	2004	283	17
4342	2006	278	17
4342	2007	283	17
4342	2008	285	17
4342	2009	283	17
4342	2010	289	17
4342	2011	295	17
4343	1979	308	18
4343	1980	315	18
4343	1981	306	18
4343	1982	304	18
4343	1983	313	18
4343	1984	313	18
4343	1985	314	18
4343	1986	301	18
4343	1987	309	18
4343	1988	306	18
4343	1989	306	18
4343	1990	306	18
4343	1991	313	18
4343	1992	303	18
4343	1993	309	18
4343	1994	303	18
4343	1995	315	18
4343	1996	298	18
4346	1979	300	19
4346	1981	303	19
4346	1982	299	19
4346	1983	313	19
4346	1984	312	19
4346	1985	302	19
4346	1987	310	19
4346	1988	282	19
4346	1989	300	19
4346	1990	298	19
4346	1991	293	19
4346	1992	290	19
4346	1993	283	19
4346	1994	284	19
4346	1995	283	19
4346	1996	291	19
4346	1997	285	19
4346	1998	295	19
4346	1999	303	19
4347	1980	299	22
4347	1981	295	22
4347	1982	292	22
4347	1983	300	22
4347	1984	301	22
4347	1985	292	22
4347	1986	284	22
4347	1987	301	22
4347	1988	289	22
4347	1989	298	22
4347	1990	285	22
4347	1991	303	22
4347	1992	305	22
4347	1993	298	22
4347	1994	291	22
4347	1995	301	22
4347	1996	294	22
4347	1997	302	22
4347	1998	286	22
4347	1999	299	22
4347	2000	289	22
4347	2001	296	22
4350	1980	300	34
4350	1981	304	34
4350	1982	301	34
4350	1983	300	34
4350	1984	297	34
4350	1985	300	34
4350	1986	297	34
4350	1987	300	34
4350	1988	298	34
4350	1989	304	34
4350	1990	285	34
4350	1991	293	34
4350	1992	288	34
4350	1993	283	34
4350	1994	285	34
4350	1995	272	34
4350	1996	273	34
4350	1997	283	34
4350	1998	293	34
4350	1999	269	34
4350	2000	271	34
4350	2001	283	34
4350	2002	269	34
4350	2003	285	34
4350	2004	284	34
4350	2005	275	34
4350	2006	267	34
4350	2007	263	34
4350	2008	278	34
4350	2009	268	34
4350	2010	283	34
4350	2012	296	34
4350	2013	278	34
4350	2014	276	34
4354	1980	301	32
4354	1981	315	32
4354	1986	274	32
4354	1987	299	32
4354	1988	269	32
4354	1989	291	32
4354	1990	281	32
4354	1991	288	32
4354	1992	273	32
4354	1993	281	32
4354	1994	287	32
4354	1995	284	32
4354	1996	271	32
4354	1997	275	32
4354	1998	279	32
4354	1999	296	32
4354	2000	270	32
4354	2001	276	32
4354	2002	280	32
4354	2003	283	32
4354	2004	286	32
4354	2005	277	32
4354	2006	293	32
4354	2007	266	32
4354	2008	278	32
4354	2009	275	32
4354	2010	278	32
4354	2011	298	32
4354	2012	310	32
4354	2013	282	32
4354	2014	285	32
4354	2015	292	32
4357	1979	290	17
4357	1980	290	17
4357	1981	290	17
4357	1983	296	17
4357	1984	297	17
4357	1987	286	17
4357	1989	275	17
4357	1992	301	17
4357	1993	299	17
4357	1994	289	17
4357	1995	291	17
4357	1996	279	17
4357	1997	292	17
4357	1998	296	17
4357	1999	299	17
4357	2000	294	17
4357	2001	296	17
4360	1979	281	21
4360	1980	300	21
4360	1981	311	21
4360	1982	295	21
4360	1983	295	21
4360	1984	294	21
4360	1985	303	21
4360	1986	278	21
4360	1987	297	21
4360	1988	286	21
4360	1989	287	21
4360	1990	288	21
4360	1991	289	21
4360	1992	271	21
4360	1993	269	21
4360	1994	273	21
4360	1995	277	21
4360	1996	273	21
4360	1997	275	21
4360	1998	289	21
4360	1999	273	21
4363	1979	292	21
4363	1980	300	21
4363	1981	301	21
4363	1982	304	21
4363	1983	308	21
4363	1984	306	21
4363	1985	302	21
4363	1986	298	21
4363	1987	303	21
4363	1988	288	21
4363	1989	296	21
4363	1990	288	21
4363	1991	303	21
4363	1992	293	21
4363	1993	298	21
4363	1994	291	21
4363	1995	296	21
4363	1996	273	21
4363	1997	302	21
4363	1998	291	21
4363	1999	298	21
4364	1979	290	32
4364	1980	281	32
4364	1981	275	32
4364	1982	268	32
4364	1983	273	32
4364	1984	304	32
4364	1985	294	32
4364	1986	303	32
4364	1987	304	32
4364	1988	304	32
4364	1989	304	32
4364	1990	284	32
4364	1991	288	32
4364	1992	298	32
4364	1993	286	32
4364	1995	283	32
4364	1997	283	32
4364	1998	283	32
4364	1999	287	32
4364	2000	285	32
4364	2001	287	32
4364	2002	294	32
4364	2004	287	32
4364	2005	283	32
4364	2006	287	32
4364	2007	287	32
4364	2008	293	32
4364	2011	287	32
4364	2012	309	32
4364	2013	287	32
4364	2014	291	32
4364	2015	290	32
4373	1979	279	36
4373	1980	282	36
4373	1981	279	36
4373	1982	280	36
4373	1983	288	36
4373	1984	280	36
4373	1985	288	36
4373	1986	288	36
4373	1987	285	36
4373	1988	280	36
4373	1989	285	36
4373	1990	290	36
4373	1991	311	36
4373	1992	301	36
4373	1993	289	36
4373	1994	298	36
4373	1995	301	36
4373	1996	292	36
4373	1997	311	36
4373	1998	305	36
4373	1999	301	36
4373	2000	286	36
4373	2001	300	36
4373	2002	293	36
4373	2003	297	36
4373	2004	299	36
4373	2005	296	36
4373	2006	288	36
4373	2007	282	36
4373	2008	287	36
4373	2009	299	36
4373	2010	291	36
4373	2011	299	36
4373	2013	296	36
4373	2014	294	36
4373	2015	298	36
4382	1979	248	19
4382	1980	272	19
4382	1981	271	19
4382	1982	273	19
4382	1983	297	19
4382	1984	284	19
4382	1986	269	19
4382	1988	272	19
4382	1989	277	19
4382	1990	268	19
4382	1992	278	19
4382	1993	268	19
4382	1994	290	19
4382	1995	280	19
4382	1996	281	19
4382	1997	283	19
4382	1998	273	19
4382	1999	287	19
4382	2000	286	19
4386	1979	303	35
4386	1981	266	35
4386	1982	265	35
4386	1983	276	35
4386	1984	280	35
4386	1985	275	35
4386	1986	270	35
4386	1987	302	35
4386	1988	300	35
4386	1989	301	35
4386	1990	313	35
4386	1991	303	35
4386	1992	298	35
4386	1993	292	35
4386	1994	298	35
4386	1995	304	35
4386	1996	293	35
4386	1997	291	35
4386	1998	279	35
4386	1999	274	35
4386	2000	287	35
4386	2001	293	35
4386	2002	303	35
4386	2003	287	35
4386	2004	290	35
4386	2005	294	35
4386	2006	303	35
4386	2007	295	35
4386	2008	293	35
4386	2009	286	35
4386	2010	302	35
4386	2011	287	35
4386	2012	303	35
4386	2013	301	35
4386	2014	282	35
4391	1979	289	18
4391	1980	297	18
4391	1981	300	18
4391	1982	287	18
4391	1983	272	18
4391	1984	294	18
4391	1985	268	18
4391	1986	270	18
4391	1987	285	18
4391	1988	279	18
4391	1989	287	18
4391	1990	278	18
4391	1991	291	18
4391	1992	293	18
4391	1993	276	18
4391	1994	282	18
4391	1995	299	18
4391	1996	294	18
4393	1979	275	21
4393	1980	256	21
4393	1981	253	21
4393	1982	260	21
4393	1983	258	21
4393	1984	269	21
4393	1985	259	21
4393	1986	262	21
4393	1987	263	21
4393	1988	257	21
4393	1989	256	21
4393	1991	295	21
4393	1992	291	21
4393	1993	279	21
4393	1994	285	21
4393	1995	296	21
4393	1996	296	21
4393	1997	298	21
4393	1998	299	21
4393	1999	300	21
4393	2000	299	21
4395	1979	278	30
4395	1981	287	30
4395	1982	270	30
4395	1983	255	30
4395	1984	280	30
4395	1985	281	30
4395	1986	277	30
4395	1987	281	30
4395	1988	267	30
4395	1989	270	30
4395	1990	265	30
4395	1991	268	30
4395	1992	272	30
4395	1993	259	30
4395	1994	263	30
4395	1995	254	30
4395	1996	278	30
4395	1997	268	30
4395	1998	269	30
4395	1999	273	30
4395	2000	273	30
4395	2001	273	30
4395	2002	263	30
4395	2003	265	30
4395	2004	272	30
4395	2005	274	30
4395	2006	287	30
4395	2007	262	30
4395	2008	295	30
4395	2009	286	30
4396	1979	285	20
4396	1981	289	20
4396	1982	271	20
4396	1983	256	20
4396	1984	281	20
4396	1985	280	20
4396	1986	275	20
4396	1987	281	20
4396	1988	270	20
4396	1989	271	20
4396	1990	266	20
4396	1991	268	20
4396	1992	273	20
4396	1993	261	20
4396	1994	265	20
4396	1995	255	20
4396	1996	279	20
4396	1997	270	20
4396	1998	271	20
4396	1999	272	20
4397	1979	291	25
4397	1980	295	25
4397	1981	294	25
4397	1982	299	25
4397	1983	300	25
4397	1984	298	25
4397	1985	298	25
4397	1986	281	25
4397	1987	286	25
4397	1988	300	25
4397	1989	276	25
4397	1990	288	25
4397	1991	293	25
4397	1992	284	25
4397	1993	292	25
4397	1994	289	25
4397	1995	291	25
4397	1996	296	25
4397	1997	293	25
4397	1998	292	25
4397	1999	302	25
4397	2000	291	25
4397	2001	286	25
4397	2002	292	25
4397	2003	277	25
4398	1979	272	15
4398	1980	287	15
4398	1981	260	15
4398	1982	272	15
4398	1983	276	15
4398	1984	278	15
4398	1985	261	15
4398	1986	256	15
4398	1987	260	15
4398	1988	255	15
4398	1989	252	15
4398	1990	256	15
4398	1991	266	15
4398	1992	254	15
4398	1993	251	15
4401	1980	280	25
4401	1981	251	25
4401	1982	268	25
4401	1983	261	25
4401	1984	262	25
4401	1985	252	25
4401	1986	249	25
4401	1987	256	25
4401	1988	254	25
4401	1989	254	25
4401	1990	258	25
4401	1991	253	25
4401	1992	265	25
4401	1993	252	25
4401	1994	269	25
4401	1995	267	25
4401	1996	275	25
4401	1997	270	25
4401	1998	273	25
4401	1999	276	25
4401	2000	266	25
4401	2001	258	25
4401	2002	272	25
4401	2005	264	25
4401	2006	286	25
4412	1979	280	25
4412	1980	285	25
4412	1981	269	25
4412	1982	270	25
4412	1983	268	25
4412	1984	280	25
4412	1985	264	25
4412	1986	265	25
4412	1987	280	25
4412	1988	275	25
4412	1989	282	25
4412	1990	286	25
4412	1991	286	25
4412	1992	269	25
4412	1993	263	25
4412	1994	267	25
4412	1995	270	25
4412	1996	271	25
4412	1997	272	25
4412	1998	271	25
4412	1999	275	25
4412	2000	271	25
4412	2001	274	25
4412	2002	268	25
4412	2003	266	25
4415	1982	278	30
4415	1986	288	30
4415	1987	292	30
4415	1988	294	30
4415	1989	292	30
4415	1990	290	30
4415	1991	296	30
4415	1992	281	30
4415	1993	274	30
4415	1994	273	30
4415	1995	275	30
4415	1996	285	30
4415	1997	283	30
4415	1998	281	30
4415	1999	285	30
4415	2000	287	30
4415	2001	293	30
4415	2002	291	30
4415	2003	288	30
4415	2004	291	30
4415	2005	283	30
4415	2006	291	30
4415	2007	278	30
4415	2008	285	30
4415	2009	277	30
4415	2010	276	30
4415	2011	283	30
4415	2012	283	30
4415	2013	293	30
4415	2014	273	30
4419	1979	287	36
4419	1980	301	36
4419	1981	300	36
4419	1982	303	36
4419	1983	309	36
4419	1984	315	36
4419	1985	312	36
4419	1986	289	36
4419	1987	303	36
4419	1988	302	36
4419	1989	310	36
4419	1990	308	36
4419	1991	312	36
4419	1993	304	36
4419	1994	300	36
4419	1995	301	36
4419	1996	294	36
4419	1997	304	36
4419	1998	299	36
4419	1999	304	36
4419	2000	295	36
4419	2001	300	36
4419	2002	298	36
4419	2003	303	36
4419	2004	301	36
4419	2005	303	36
4419	2006	301	36
4419	2007	292	36
4419	2008	293	36
4419	2009	300	36
4419	2010	298	36
4419	2011	303	36
4419	2012	318	36
4419	2013	301	36
4419	2014	307	36
4419	2015	303	36
4420	1982	290	20
4420	1988	280	20
4420	1991	289	20
4420	1993	270	20
4420	1994	288	20
4420	1996	287	20
4420	1998	297	20
4420	1999	291	20
4420	2000	291	20
4420	2001	295	20
4420	2002	272	20
4420	2004	315	20
4420	2007	248	20
4420	2008	293	20
4420	2009	287	20
4420	2010	291	20
4420	2011	277	20
4420	2012	299	20
4420	2013	291	20
4420	2014	291	20
4421	1979	274	25
4421	1980	272	25
4421	1981	279	25
4421	1982	284	25
4421	1983	278	25
4421	1984	283	25
4421	1985	288	25
4421	1986	273	25
4421	1987	289	25
4421	1988	267	25
4421	1989	279	25
4421	1990	270	25
4421	1991	292	25
4421	1992	269	25
4421	1993	270	25
4421	1994	288	25
4421	1995	268	25
4421	1996	273	25
4421	1997	284	25
4421	1998	287	25
4421	1999	290	25
4421	2000	290	25
4421	2001	284	25
4421	2002	286	25
4421	2003	286	25
4423	1979	302	16
4423	1981	330	16
4423	1983	310	16
4423	1984	322	16
4423	1986	250	16
4423	1988	304	16
4423	1989	275	16
4423	1990	290	16
4423	1991	297	16
4423	1992	282	16
4423	1993	285	16
4423	1994	278	16
4423	1995	283	16
4423	1996	274	16
4423	1997	285	16
4423	1998	293	16
4427	1980	299	24
4427	1981	288	24
4427	1982	279	24
4427	1983	287	24
4427	1984	280	24
4427	1985	286	24
4427	1986	268	24
4427	1987	270	24
4427	1988	280	24
4427	1989	281	24
4427	1990	276	24
4427	1991	303	24
4427	1992	281	24
4427	1993	290	24
4427	1994	292	24
4427	1995	292	24
4427	1996	274	24
4427	1997	278	24
4427	1998	275	24
4427	1999	302	24
4427	2000	283	24
4427	2001	280	24
4427	2002	290	24
4427	2003	297	24
4428	1983	285	28
4428	1985	287	28
4428	1986	288	28
4428	1988	275	28
4428	1989	284	28
4428	1990	280	28
4428	1992	291	28
4428	1993	289	28
4428	1994	294	28
4428	1995	283	28
4428	1996	278	28
4428	1997	293	28
4428	1998	280	28
4428	1999	297	28
4428	2000	291	28
4428	2001	290	28
4428	2002	291	28
4428	2003	298	28
4428	2004	298	28
4428	2005	288	28
4428	2006	307	28
4428	2007	285	28
4428	2008	304	28
4428	2009	293	28
4428	2010	273	28
4428	2011	309	28
4428	2012	315	28
4428	2013	276	28
4434	1979	290	37
4434	1980	290	37
4434	1981	293	37
4434	1982	298	37
4434	1983	287	37
4434	1984	293	37
4434	1985	300	37
4434	1986	280	37
4434	1987	284	37
4434	1988	272	37
4434	1989	285	37
4434	1990	285	37
4434	1991	298	37
4434	1992	288	37
4434	1993	285	37
4434	1994	283	37
4434	1995	298	37
4434	1996	288	37
4434	1997	299	37
4434	1998	297	37
4434	1999	296	37
4434	2000	293	37
4434	2001	302	37
4434	2002	296	37
4434	2003	299	37
4434	2004	302	37
4434	2005	304	37
4434	2006	312	37
4434	2007	298	37
4434	2008	294	37
4434	2009	297	37
4434	2010	295	37
4434	2011	304	37
4434	2012	314	37
4434	2013	297	37
4434	2014	295	37
4434	2015	295	37
4435	1980	261	15
4435	1983	270	15
4435	1984	288	15
4435	1985	260	15
4435	1986	263	15
4435	1987	282	15
4435	1988	265	15
4435	1989	279	15
4435	1990	278	15
4435	1992	264	15
4435	1993	280	15
4435	1994	266	15
4435	1995	263	15
4435	1996	265	15
4435	1997	269	15
4444	1982	286	25
4444	1983	290	25
4444	1984	290	25
4444	1985	283	25
4444	1986	271	25
4444	1987	287	25
4444	1988	274	25
4444	1989	279	25
4444	1990	271	25
4444	1991	280	25
4444	1992	271	25
4444	1993	271	25
4444	1994	274	25
4444	1995	264	25
4444	1996	284	25
4444	1997	288	25
4444	1998	288	25
4444	1999	288	25
4444	2000	288	25
4444	2001	285	25
4444	2002	284	25
4444	2003	279	25
4444	2004	267	25
4444	2005	298	25
4444	2006	283	25
4445	1979	299	37
4445	1980	296	37
4445	1981	288	37
4445	1982	302	37
4445	1983	304	37
4445	1984	302	37
4445	1985	307	37
4445	1986	302	37
4445	1987	294	37
4445	1988	306	37
4445	1989	294	37
4445	1990	294	37
4445	1991	294	37
4445	1992	287	37
4445	1993	281	37
4445	1994	282	37
4445	1995	289	37
4445	1996	284	37
4445	1997	291	37
4445	1998	283	37
4445	1999	292	37
4445	2000	279	37
4445	2001	282	37
4445	2002	298	37
4445	2003	286	37
4445	2004	293	37
4445	2005	281	37
4445	2006	280	37
4445	2007	275	37
4445	2008	287	37
4445	2009	284	37
4445	2010	292	37
4445	2011	287	37
4445	2012	302	37
4445	2013	284	37
4445	2014	272	37
4445	2015	276	37
4446	1990	280	26
4446	1991	287	26
4446	1992	278	26
4446	1993	283	26
4446	1994	280	26
4446	1995	284	26
4446	1996	290	26
4446	1997	294	26
4446	1998	289	26
4446	1999	296	26
4446	2000	291	26
4446	2001	297	26
4446	2002	292	26
4446	2003	285	26
4446	2004	292	26
4446	2005	295	26
4446	2006	287	26
4446	2007	283	26
4446	2008	285	26
4446	2009	281	26
4446	2010	290	26
4446	2011	290	26
4446	2012	300	26
4446	2013	293	26
4446	2014	284	26
4446	2015	284	26
4447	1985	281	25
4447	1986	281	25
4447	1992	300	25
4447	1993	282	25
4447	1994	282	25
4447	1995	290	25
4447	1996	300	25
4447	1997	300	25
4447	1998	293	25
4447	1999	298	25
4447	2000	288	25
4447	2001	288	25
4447	2002	293	25
4447	2003	293	25
4447	2004	298	25
4447	2005	293	25
4447	2006	293	25
4447	2007	283	25
4447	2008	281	25
4447	2009	275	25
4447	2010	283	25
4447	2011	288	25
4447	2012	315	25
4447	2013	291	25
4447	2014	307	25
4448	1982	265	23
4448	1983	263	23
4448	1984	282	23
4448	1985	288	23
4448	1986	291	23
4448	1987	294	23
4448	1988	289	23
4448	1989	290	23
4448	1990	289	23
4448	1991	301	23
4448	1992	293	23
4448	1993	286	23
4448	1994	293	23
4448	1995	298	23
4448	1996	297	23
4448	1997	300	23
4448	1998	291	23
4448	1999	299	23
4448	2000	292	23
4448	2001	300	23
4448	2002	296	23
4448	2003	295	23
4448	2004	296	23
4452	1985	255	15
4452	1986	252	15
4452	1992	271	15
4452	1994	283	15
4452	1995	259	15
4452	1997	261	15
4452	1998	284	15
4452	1999	251	15
4452	2000	253	15
4452	2001	275	15
4452	2002	265	15
4452	2003	263	15
4452	2004	273	15
4452	2005	273	15
4452	2006	283	15
4453	1979	300	25
4453	1980	282	25
4453	1981	290	25
4453	1982	298	25
4453	1983	303	25
4453	1984	278	25
4453	1985	288	25
4453	1986	296	25
4453	1987	304	25
4453	1988	307	25
4453	1989	280	25
4453	1990	278	25
4453	1991	281	25
4453	1992	281	25
4453	1993	278	25
4453	1994	280	25
4453	1995	277	25
4453	1998	283	25
4453	1999	289	25
4453	2000	280	25
4453	2001	288	25
4453	2002	285	25
4453	2003	275	25
4453	2004	292	25
4453	2005	303	25
4456	1980	303	36
4456	1981	305	36
4456	1982	289	36
4456	1983	298	36
4456	1984	298	36
4456	1985	305	36
4456	1986	288	36
4456	1987	298	36
4456	1988	297	36
4456	1989	260	36
4456	1990	279	36
4456	1991	303	36
4456	1992	302	36
4456	1993	282	36
4456	1994	297	36
4456	1995	314	36
4456	1996	287	36
4456	1997	300	36
4456	1998	297	36
4456	1999	285	36
4456	2000	284	36
4456	2001	280	36
4456	2002	288	36
4456	2003	302	36
4456	2004	284	36
4456	2005	297	36
4456	2006	286	36
4456	2007	297	36
4456	2008	286	36
4456	2009	299	36
4456	2010	294	36
4456	2011	299	36
4456	2012	319	36
4456	2013	317	36
4456	2014	298	36
4456	2015	308	36
4458	1979	279	37
4458	1980	297	37
4458	1981	279	37
4458	1982	278	37
4458	1983	283	37
4458	1984	285	37
4458	1985	286	37
4458	1986	281	37
4458	1987	289	37
4458	1988	278	37
4458	1989	263	37
4458	1990	272	37
4458	1991	261	37
4458	1992	293	37
4458	1993	261	37
4458	1994	260	37
4458	1995	261	37
4458	1996	283	37
4458	1997	273	37
4458	1998	272	37
4458	1999	270	37
4458	2000	267	37
4458	2001	269	37
4458	2002	289	37
4458	2003	293	37
4458	2004	294	37
4458	2005	295	37
4458	2006	277	37
4458	2007	288	37
4458	2008	275	37
4458	2009	267	37
4458	2010	271	37
4458	2011	270	37
4458	2012	316	37
4458	2013	284	37
4458	2014	285	37
4458	2015	281	37
4459	1988	312	24
4459	1989	299	24
4459	1990	300	24
4459	1991	301	24
4459	1992	307	24
4459	1993	302	24
4459	1994	303	24
4459	1995	307	24
4459	1996	303	24
4459	1998	287	24
4459	1999	292	24
4459	2000	283	24
4459	2001	314	24
4459	2002	293	24
4459	2003	314	24
4459	2004	298	24
4459	2005	296	24
4459	2006	314	24
4459	2007	304	24
4459	2008	306	24
4459	2009	315	24
4459	2012	325	24
4459	2013	318	24
4459	2014	316	24
4460	1979	279	19
4460	1980	287	19
4460	1981	283	19
4460	1982	276	19
4460	1983	284	19
4460	1984	284	19
4460	1985	287	19
4460	1986	277	19
4460	1987	292	19
4460	1988	279	19
4460	1989	286	19
4460	1990	285	19
4460	1991	298	19
4460	1992	286	19
4460	1993	283	19
4460	1994	305	19
4460	1995	290	19
4460	1996	294	19
4460	1997	299	19
4462	1979	262	21
4462	1980	273	21
4462	1981	272	21
4462	1982	271	21
4462	1983	269	21
4462	1984	269	21
4462	1985	288	21
4462	1988	299	21
4462	1992	306	21
4462	1994	298	21
4462	1995	298	21
4462	1996	282	21
4462	1997	302	21
4462	1998	286	21
4462	1999	297	21
4462	2000	290	21
4462	2001	296	21
4462	2002	285	21
4462	2004	299	21
4462	2006	303	21
4462	2008	293	21
4463	1979	288	17
4463	1980	281	17
4463	1981	293	17
4463	1982	293	17
4463	1983	296	17
4463	1984	299	17
4463	1985	297	17
4463	1986	292	17
4463	1987	278	17
4463	1988	288	17
4463	1989	293	17
4463	1990	297	17
4463	1991	310	17
4463	1993	286	17
4463	1994	295	17
4463	1995	295	17
4463	1996	286	17
4466	1979	283	21
4466	1980	290	21
4466	1981	291	21
4466	1982	283	21
4466	1983	292	21
4466	1984	288	21
4466	1985	298	21
4466	1986	276	21
4466	1987	306	21
4466	1988	294	21
4466	1989	285	21
4466	1990	287	21
4466	1991	302	21
4466	1992	283	21
4466	1993	283	21
4466	1994	286	21
4466	1995	288	21
4466	1996	276	21
4466	1997	294	21
4466	1998	274	21
4466	1999	290	21
4469	1980	290	30
4469	1983	285	30
4469	1984	287	30
4469	1985	280	30
4469	1986	264	30
4469	1987	293	30
4469	1988	286	30
4469	1989	292	30
4469	1990	290	30
4469	1991	295	30
4469	1992	286	30
4469	1993	275	30
4469	1994	268	30
4469	1995	293	30
4469	1997	300	30
4469	1998	276	30
4469	1999	276	30
4469	2001	299	30
4469	2002	297	30
4469	2004	319	30
4469	2005	291	30
4469	2006	303	30
4469	2007	301	30
4469	2008	293	30
4469	2010	305	30
4469	2011	305	30
4469	2012	332	30
4469	2013	305	30
4469	2014	306	30
4469	2015	316	30
4475	1979	290	17
4475	1983	280	17
4475	1985	300	17
4475	1988	270	17
4475	1989	274	17
4475	2001	276	17
4475	2003	283	17
4475	2006	283	17
4475	2007	285	17
4475	2008	272	17
4475	2009	289	17
4475	2010	272	17
4475	2011	288	17
4475	2012	331	17
4475	2013	294	17
4475	2014	276	17
4475	2015	284	17
4477	1990	291	23
4477	1991	298	23
4477	1992	308	23
4477	1993	287	23
4477	1994	295	23
4477	1995	277	23
4477	1996	274	23
4477	1997	280	23
4477	1998	283	23
4477	1999	299	23
4477	2000	291	23
4477	2001	288	23
4477	2002	290	23
4477	2003	291	23
4477	2004	287	23
4477	2005	298	23
4477	2006	289	23
4477	2007	289	23
4477	2008	274	23
4477	2009	277	23
4477	2010	277	23
4477	2011	272	23
4477	2013	278	23
4485	1979	294	21
4485	1980	297	21
4485	1982	296	21
4485	1983	294	21
4485	1984	296	21
4485	1985	302	21
4485	1986	289	21
4485	1987	298	21
4485	1988	301	21
4485	1989	289	21
4485	1990	293	21
4485	1991	302	21
4485	1992	298	21
4485	1993	288	21
4485	1994	295	21
4485	1995	291	21
4485	1996	291	21
4485	1997	292	21
4485	1998	291	21
4485	1999	292	21
4485	2000	285	21
4486	1979	286	21
4486	1980	301	21
4486	1981	305	21
4486	1982	302	21
4486	1983	306	21
4486	1984	308	21
4486	1985	308	21
4486	1986	299	21
4486	1987	308	21
4486	1988	301	21
4486	1990	290	21
4486	1991	294	21
4486	1992	297	21
4486	1993	294	21
4486	1994	299	21
4486	1995	302	21
4486	1996	288	21
4486	1997	291	21
4486	1998	288	21
4486	1999	289	21
4486	2000	289	21
4487	1979	288	28
4487	1980	274	28
4487	1981	280	28
4487	1982	290	28
4487	1983	286	28
4487	1984	296	28
4487	1985	287	28
4487	1986	283	28
4487	1987	289	28
4487	1988	272	28
4487	1989	276	28
4487	1990	285	28
4487	1991	273	28
4487	1992	293	28
4487	1993	287	28
4487	1994	290	28
4487	1995	285	28
4487	1996	268	28
4487	1997	279	28
4487	1998	283	28
4487	1999	287	28
4487	2000	280	28
4487	2001	278	28
4487	2002	285	28
4487	2003	278	28
4487	2004	279	28
4487	2005	278	28
4487	2006	281	28
4491	1981	293	15
4491	1983	292	15
4491	1984	298	15
4491	1985	316	15
4491	1986	294	15
4491	1987	306	15
4491	1988	298	15
4491	1989	289	15
4491	1990	289	15
4491	1991	311	15
4491	1992	305	15
4491	1993	289	15
4491	1994	301	15
4491	1995	286	15
4491	1996	301	15
4492	1979	283	30
4492	1980	295	30
4492	1981	308	30
4492	1982	299	30
4492	1983	293	30
4492	1984	303	30
4492	1985	322	30
4492	1986	279	30
4492	1987	294	30
4492	1988	298	30
4492	1989	301	30
4492	1990	296	30
4492	1991	274	30
4492	1992	294	30
4492	1993	278	30
4492	1994	287	30
4492	1995	296	30
4492	1996	289	30
4492	1997	280	30
4492	1998	274	30
4492	1999	283	30
4492	2000	293	30
4492	2001	287	30
4492	2002	285	30
4492	2003	283	30
4492	2004	270	30
4492	2006	281	30
4492	2009	282	30
4492	2013	279	30
4492	2015	277	30
4493	1980	298	30
4493	1981	288	30
4493	1988	290	30
4493	1989	289	30
4493	1990	285	30
4493	1991	286	30
4493	1992	293	30
4493	1993	288	30
4493	1994	291	30
4493	1995	283	30
4493	1996	268	30
4493	1997	286	30
4493	1998	287	30
4493	1999	294	30
4493	2000	282	30
4493	2001	300	30
4493	2002	293	30
4493	2003	288	30
4493	2004	296	30
4493	2005	294	30
4493	2006	297	30
4493	2007	262	30
4493	2008	262	30
4493	2009	297	30
4493	2010	278	30
4493	2011	287	30
4493	2012	303	30
4493	2013	294	30
4493	2014	293	30
4493	2015	297	30
4495	1979	290	37
4495	1980	285	37
4495	1981	293	37
4495	1982	287	37
4495	1983	283	37
4495	1984	287	37
4495	1985	297	37
4495	1986	291	37
4495	1987	291	37
4495	1988	270	37
4495	1989	267	37
4495	1990	264	37
4495	1991	280	37
4495	1992	271	37
4495	1993	271	37
4495	1994	268	37
4495	1995	279	37
4495	1996	273	37
4495	1997	283	37
4495	1998	273	37
4495	1999	291	37
4495	2000	274	37
4495	2001	270	37
4495	2002	278	37
4495	2003	286	37
4495	2004	278	37
4495	2005	291	37
4495	2006	286	37
4495	2007	279	37
4495	2008	283	37
4495	2009	285	37
4495	2010	278	37
4495	2011	283	37
4495	2012	294	37
4495	2013	290	37
4495	2014	277	37
4495	2015	277	37
4498	1980	261	34
4498	1981	271	34
4498	1982	288	34
4498	1983	268	34
4498	1984	281	34
4498	1985	267	34
4498	1986	259	34
4498	1987	285	34
4498	1988	270	34
4498	1989	268	34
4498	1990	272	34
4498	1991	291	34
4498	1992	274	34
4498	1993	262	34
4498	1994	261	34
4498	1995	248	34
4498	1996	272	34
4498	1997	252	34
4498	1998	266	34
4498	1999	264	34
4498	2000	275	34
4498	2001	271	34
4498	2002	264	34
4498	2003	258	34
4498	2004	268	34
4498	2005	269	34
4498	2006	272	34
4498	2007	250	34
4498	2008	260	34
4498	2009	268	34
4498	2010	260	34
4498	2013	276	34
4498	2014	269	34
4498	2015	277	34
4503	1979	284	15
4503	1980	292	15
4503	1981	287	15
4503	1982	288	15
4503	1983	289	15
4503	1984	287	15
4503	1985	268	15
4503	1986	284	15
4503	1987	293	15
4503	1988	281	15
4503	1989	284	15
4503	1990	271	15
4503	1991	295	15
4503	1992	295	15
4503	1993	295	15
4504	1980	272	30
4504	1981	258	30
4504	1982	276	30
4504	1983	289	30
4504	1984	272	30
4504	1985	278	30
4504	1986	258	30
4504	1987	298	30
4504	1988	273	30
4504	1989	266	30
4504	1990	258	30
4504	1991	293	30
4504	1992	304	30
4504	1993	297	30
4504	1994	268	30
4504	1995	295	30
4504	1996	290	30
4504	1997	301	30
4504	1998	284	30
4504	1999	291	30
4504	2000	302	30
4504	2001	294	30
4504	2002	287	30
4504	2003	289	30
4504	2004	297	30
4504	2005	289	30
4504	2006	287	30
4504	2007	274	30
4504	2008	276	30
4504	2009	284	30
4506	1979	280	31
4506	1980	291	31
4506	1981	285	31
4506	1982	292	31
4506	1983	282	31
4506	1984	286	31
4506	1985	281	31
4506	1986	266	31
4506	1987	297	31
4506	1988	290	31
4506	1989	290	31
4506	1990	299	31
4506	1993	289	31
4506	1994	278	31
4506	1995	292	31
4506	1996	273	31
4506	1997	291	31
4506	1998	289	31
4506	1999	302	31
4506	2000	288	31
4506	2002	288	31
4506	2003	288	31
4506	2004	301	31
4506	2005	296	31
4506	2006	294	31
4506	2007	294	31
4506	2009	294	31
4506	2011	289	31
4506	2012	320	31
4506	2014	302	31
4506	2015	294	31
4507	1984	296	17
4507	1985	297	17
4507	1986	279	17
4507	1987	292	17
4507	1988	278	17
4507	1989	287	17
4507	1990	294	17
4507	1991	316	17
4507	1992	300	17
4507	1993	298	17
4507	1994	297	17
4507	1995	292	17
4507	1996	271	17
4507	1997	312	17
4507	1998	305	17
4507	1999	295	17
4507	2000	291	17
4509	1979	291	35
4509	1980	298	35
4509	1981	293	35
4509	1982	290	35
4509	1983	295	35
4509	1984	303	35
4509	1985	299	35
4509	1986	296	35
4509	1987	303	35
4509	1988	285	35
4509	1989	289	35
4509	1990	286	35
4509	1991	292	35
4509	1992	290	35
4509	1993	293	35
4509	1994	293	35
4509	1995	281	35
4509	1996	279	35
4509	1997	314	35
4509	1998	298	35
4509	2000	288	35
4509	2002	286	35
4509	2003	305	35
4509	2004	311	35
4509	2005	307	35
4509	2006	305	35
4509	2007	293	35
4509	2008	282	35
4509	2009	285	35
4509	2010	288	35
4509	2011	307	35
4509	2012	313	35
4509	2013	288	35
4509	2014	302	35
4509	2015	285	35
4512	1979	288	22
4512	1980	299	22
4512	1981	293	22
4512	1982	294	22
4512	1983	296	22
4512	1984	296	22
4512	1985	306	22
4512	1986	288	22
4512	1987	302	22
4512	1988	293	22
4512	1989	286	22
4512	1990	288	22
4512	1991	312	22
4512	1992	304	22
4512	1993	284	22
4512	1994	287	22
4512	1995	300	22
4512	1996	290	22
4512	1997	302	22
4512	1998	290	22
4512	1999	299	22
4512	2000	289	22
4517	1979	280	37
4517	1980	295	37
4517	1981	281	37
4517	1982	281	37
4517	1983	272	37
4517	1984	279	37
4517	1985	295	37
4517	1986	282	37
4517	1987	290	37
4517	1988	275	37
4517	1989	259	37
4517	1990	262	37
4517	1991	285	37
4517	1992	273	37
4517	1993	273	37
4517	1994	281	37
4517	1995	285	37
4517	1996	274	37
4517	1997	283	37
4517	1998	284	37
4517	1999	286	37
4517	2000	287	37
4517	2001	285	37
4517	2002	287	37
4517	2003	288	37
4517	2004	289	37
4517	2005	290	37
4517	2006	292	37
4517	2007	293	37
4517	2008	296	37
4517	2009	296	37
4517	2010	297	37
4517	2011	294	37
4517	2012	321	37
4517	2013	294	37
4517	2014	295	37
4517	2015	291	37
4519	1979	285	36
4519	1980	300	36
4519	1981	290	36
4519	1982	288	36
4519	1983	303	36
4519	1984	300	36
4519	1985	301	36
4519	1986	299	36
4519	1987	299	36
4519	1988	293	36
4519	1989	269	36
4519	1990	297	36
4519	1991	295	36
4519	1992	293	36
4519	1993	290	36
4519	1994	260	36
4519	1995	294	36
4519	1996	287	36
4519	1997	298	36
4519	1998	283	36
4519	1999	291	36
4519	2000	294	36
4519	2001	293	36
4519	2002	285	36
4519	2003	283	36
4519	2004	291	36
4519	2005	294	36
4519	2006	295	36
4519	2007	284	36
4519	2008	283	36
4519	2009	283	36
4519	2010	277	36
4519	2011	283	36
4519	2013	283	36
4519	2014	285	36
4519	2015	281	36
4528	1979	275	22
4528	1980	284	22
4528	1981	304	22
4528	1982	291	22
4528	1983	276	22
4528	1984	295	22
4528	1985	294	22
4528	1986	290	22
4528	1987	295	22
4528	1988	291	22
4528	1989	289	22
4528	1990	285	22
4528	1991	290	22
4528	1992	281	22
4528	1993	279	22
4528	1994	278	22
4528	1995	286	22
4528	1996	275	22
4528	1997	284	22
4528	1998	284	22
4528	1999	292	22
4528	2000	282	22
4532	1980	296	18
4532	1981	288	18
4532	1982	294	18
4532	1983	292	18
4532	1984	298	18
4532	1985	272	18
4532	1986	280	18
4532	1987	299	18
4532	1988	299	18
4532	1989	300	18
4532	1990	292	18
4532	1991	288	18
4532	1992	298	18
4532	1993	282	18
4532	1994	281	18
4532	1995	283	18
4532	1996	286	18
4532	1997	293	18
4535	1979	302	22
4535	1980	304	22
4535	1981	301	22
4535	1982	290	22
4535	1983	291	22
4535	1984	305	22
4535	1985	302	22
4535	1986	303	22
4535	1987	300	22
4535	1988	303	22
4535	1989	297	22
4535	1990	298	22
4535	1991	301	22
4535	1992	291	22
4535	1993	281	22
4535	1994	274	22
4535	1995	295	22
4535	1996	274	22
4535	1997	302	22
4535	1998	275	22
4535	1999	281	22
4535	2000	277	22
4539	1979	282	32
4539	1980	288	32
4539	1981	284	32
4539	1982	267	32
4539	1983	296	32
4539	1984	280	32
4539	1985	286	32
4539	1986	279	32
4539	1987	296	32
4539	1988	288	32
4539	1989	292	32
4539	1990	286	32
4539	1991	307	32
4539	1992	299	32
4539	1993	283	32
4539	1994	288	32
4539	1995	285	32
4539	1996	285	32
4539	1997	308	32
4539	1998	295	32
4539	1999	301	32
4539	2000	286	32
4539	2001	300	32
4539	2002	284	32
4539	2003	293	32
4539	2004	295	32
4539	2005	294	32
4539	2006	288	32
4539	2007	301	32
4539	2008	292	32
4539	2009	299	32
4539	2011	274	32
4540	1979	292	27
4540	1980	302	27
4540	1981	307	27
4540	1982	295	27
4540	1983	303	27
4540	1984	301	27
4540	1985	299	27
4540	1986	321	27
4540	1987	272	27
4540	1988	281	27
4540	1989	280	27
4540	1990	284	27
4540	1991	302	27
4540	1992	303	27
4540	1993	298	27
4540	1994	298	27
4540	1995	293	27
4540	1996	291	27
4540	1997	288	27
4540	1998	273	27
4540	1999	281	27
4540	2000	274	27
4540	2001	268	27
4540	2002	272	27
4540	2003	288	27
4540	2004	303	27
4540	2005	290	27
4545	1979	310	17
4545	1980	302	17
4545	1981	280	17
4545	1982	279	17
4545	1983	283	17
4545	1984	289	17
4545	1985	293	17
4545	1986	290	17
4545	1987	292	17
4545	1988	294	17
4545	1989	308	17
4545	1990	310	17
4545	1991	288	17
4545	1992	279	17
4545	1993	284	17
4545	1994	281	17
4545	1995	279	17
4548	1979	264	16
4548	1980	298	16
4548	1981	283	16
4548	1982	274	16
4548	1983	284	16
4548	1984	269	16
4548	1985	267	16
4548	1986	268	16
4548	1987	276	16
4548	1988	273	16
4548	1989	257	16
4548	1990	270	16
4548	1993	268	16
4548	1994	279	16
4548	1995	279	16
4548	1997	283	16
4549	1980	300	15
4549	1981	270	15
4549	1982	285	15
4549	1983	295	15
4549	1986	285	15
4549	1987	293	15
4549	1988	285	15
4549	1989	287	15
4549	1992	293	15
4549	1994	293	15
4549	1995	291	15
4549	1996	279	15
4549	1998	290	15
4549	1999	295	15
4549	2000	291	15
4551	1979	278	37
4551	1980	311	37
4551	1981	299	37
4551	1982	310	37
4551	1983	315	37
4551	1984	304	37
4551	1985	273	37
4551	1986	319	37
4551	1987	295	37
4551	1988	272	37
4551	1989	304	37
4551	1990	289	37
4551	1991	293	37
4551	1992	283	37
4551	1993	298	37
4551	1994	275	37
4551	1995	298	37
4551	1996	300	37
4551	1997	302	37
4551	1998	298	37
4551	1999	303	37
4551	2000	303	37
4551	2001	307	37
4551	2002	309	37
4551	2003	314	37
4551	2004	316	37
4551	2005	319	37
4551	2006	319	37
4551	2007	272	37
4551	2008	289	37
4551	2009	304	37
4551	2010	286	37
4551	2011	297	37
4551	2012	329	37
4551	2013	301	37
4551	2014	286	37
4551	2015	300	37
4552	1979	265	15
4552	1980	290	15
4552	1981	288	15
4552	1982	282	15
4552	1983	280	15
4552	1984	290	15
4552	1985	280	15
4552	1986	275	15
4552	1987	280	15
4552	1988	275	15
4552	1989	280	15
4552	1990	282	15
4552	1991	263	15
4552	1992	283	15
4552	1993	263	15
4555	1990	284	26
4555	1991	305	26
4555	1992	306	26
4555	1993	294	26
4555	1994	301	26
4555	1995	292	26
4555	1996	283	26
4555	1997	279	26
4555	1998	296	26
4555	1999	299	26
4555	2000	292	26
4555	2001	287	26
4555	2002	285	26
4555	2003	292	26
4555	2004	297	26
4555	2005	295	26
4555	2006	285	26
4555	2007	283	26
4555	2008	284	26
4555	2009	298	26
4555	2010	278	26
4555	2011	300	26
4555	2012	313	26
4555	2013	290	26
4555	2014	300	26
4555	2015	289	26
4564	1988	265	23
4564	1991	314	23
4564	1993	292	23
4564	1996	282	23
4564	1997	315	23
4564	1998	289	23
4564	1999	302	23
4564	2000	297	23
4564	2001	293	23
4564	2002	290	23
4564	2003	315	23
4564	2004	299	23
4564	2005	300	23
4564	2006	299	23
4564	2007	304	23
4564	2008	296	23
4564	2009	302	23
4564	2010	299	23
4564	2011	304	23
4564	2012	317	23
4564	2013	291	23
4564	2014	303	23
4564	2015	299	23
4568	1979	294	19
4568	1980	308	19
4568	1981	279	19
4568	1982	277	19
4568	1983	284	19
4568	1984	294	19
4568	1985	303	19
4568	1986	277	19
4568	1987	290	19
4568	1988	290	19
4568	1989	291	19
4568	1990	293	19
4568	1991	282	19
4568	1992	308	19
4568	1993	283	19
4568	1994	300	19
4568	1995	297	19
4568	1996	285	19
4568	1997	312	19
4569	1979	286	21
4569	1980	293	21
4569	1981	278	21
4569	1982	295	21
4569	1985	282	21
4569	1986	275	21
4569	1987	294	21
4569	1988	293	21
4569	1989	298	21
4569	1990	286	21
4569	1991	302	21
4569	1992	303	21
4569	1993	296	21
4569	1994	293	21
4569	1996	272	21
4569	1997	284	21
4569	1998	272	21
4569	1999	295	21
4569	2000	288	21
4569	2001	293	21
4569	2002	274	21
4573	1988	290	15
4573	1989	288	15
4573	1990	289	15
4573	1991	291	15
4573	1992	294	15
4573	1993	298	15
4573	1994	289	15
4573	1995	293	15
4573	1997	303	15
4573	1998	294	15
4573	1999	289	15
4573	2006	295	15
4573	2011	296	15
4573	2013	278	15
4573	2014	270	15
4576	1980	281	36
4576	1981	266	36
4576	1982	295	36
4576	1983	269	36
4576	1984	289	36
4576	1985	290	36
4576	1986	276	36
4576	1987	299	36
4576	1988	281	36
4576	1989	285	36
4576	1990	271	36
4576	1991	264	36
4576	1992	289	36
4576	1993	285	36
4576	1994	288	36
4576	1995	285	36
4576	1996	282	36
4576	1997	281	36
4576	1998	294	36
4576	1999	295	36
4576	2000	293	36
4576	2001	300	36
4576	2002	275	36
4576	2003	280	36
4576	2004	298	36
4576	2005	299	36
4576	2006	301	36
4576	2007	288	36
4576	2008	290	36
4576	2009	288	36
4576	2010	297	36
4576	2011	303	36
4576	2012	332	36
4576	2013	310	36
4576	2014	292	36
4576	2015	290	36
4577	1979	277	19
4577	1980	285	19
4577	1981	270	19
4577	1982	298	19
4577	1983	275	19
4577	1984	289	19
4577	1985	293	19
4577	1986	279	19
4577	1987	303	19
4577	1988	283	19
4577	1989	287	19
4577	1990	275	19
4577	1991	267	19
4577	1992	291	19
4577	1993	288	19
4577	1994	289	19
4577	1995	288	19
4577	1996	285	19
4577	1997	285	19
4580	1980	305	25
4580	1981	292	25
4580	1982	292	25
4580	1985	301	25
4580	1987	309	25
4580	1992	290	25
4580	1993	289	25
4580	1994	286	25
4580	1995	286	25
4580	1996	289	25
4580	1997	290	25
4580	1998	291	25
4580	1999	292	25
4580	2000	285	25
4580	2001	285	25
4580	2002	285	25
4580	2003	288	25
4580	2004	290	25
4580	2005	288	25
4580	2006	290	25
4580	2007	286	25
4580	2008	288	25
4580	2009	288	25
4580	2010	290	25
4580	2011	285	25
4582	1979	285	28
4582	1980	298	28
4582	1981	285	28
4582	1982	293	28
4582	1983	289	28
4582	1984	287	28
4582	1985	301	28
4582	1986	295	28
4582	1987	286	28
4582	1988	291	28
4582	1989	291	28
4582	1990	283	28
4582	1991	283	28
4582	1992	300	28
4582	1993	286	28
4582	1994	289	28
4582	1995	285	28
4582	1996	281	28
4582	1997	302	28
4582	1998	293	28
4582	1999	294	28
4582	2000	283	28
4582	2001	289	28
4582	2002	289	28
4582	2003	293	28
4582	2004	295	28
4582	2005	296	28
4582	2006	293	28
4584	1979	283	25
4584	1980	299	25
4584	1981	300	25
4584	1982	299	25
4584	1983	295	25
4584	1984	293	25
4584	1985	302	25
4584	1986	289	25
4584	1987	302	25
4584	1988	298	25
4584	1989	291	25
4584	1990	293	25
4584	1991	305	25
4584	1992	301	25
4584	1993	280	25
4584	1994	288	25
4584	1995	285	25
4584	1996	274	25
4584	1997	301	25
4584	1998	288	25
4584	1999	292	25
4584	2000	287	25
4584	2001	299	25
4584	2002	281	25
4584	2003	301	25
4589	1979	301	17
4589	1980	296	17
4589	1981	293	17
4589	1982	292	17
4589	1983	296	17
4589	1984	286	17
4589	1985	292	17
4589	1986	296	17
4589	1988	284	17
4589	1989	287	17
4589	1990	276	17
4589	1991	281	17
4589	1992	285	17
4589	1993	263	17
4589	1994	281	17
4589	1995	281	17
4589	1997	285	17
4591	1980	297	34
4591	1981	289	34
4591	1982	295	34
4591	1983	289	34
4591	1984	290	34
4591	1985	294	34
4591	1986	283	34
4591	1987	288	34
4591	1988	292	34
4591	1989	296	34
4591	1990	290	34
4591	1991	285	34
4591	1992	294	34
4591	1993	278	34
4591	1994	283	34
4591	1995	295	34
4591	1996	290	34
4591	1997	281	34
4591	1998	285	34
4591	1999	291	34
4591	2000	302	34
4591	2001	292	34
4591	2002	288	34
4591	2003	299	34
4591	2004	301	34
4591	2005	282	34
4591	2006	293	34
4591	2007	290	34
4591	2008	281	34
4591	2009	280	34
4591	2010	283	34
4591	2011	282	34
4591	2012	299	34
4591	2013	282	34
4592	1979	300	28
4592	1980	307	28
4592	1981	288	28
4592	1982	282	28
4592	1983	297	28
4592	1984	300	28
4592	1985	284	28
4592	1986	269	28
4592	1987	294	28
4592	1988	296	28
4592	1989	280	28
4592	1990	295	28
4592	1991	278	28
4592	1992	301	28
4592	1993	266	28
4592	1994	288	28
4592	1995	285	28
4592	1996	271	28
4592	1997	301	28
4592	1998	272	28
4592	1999	267	28
4592	2000	293	28
4592	2001	297	28
4592	2002	286	28
4592	2003	292	28
4592	2004	299	28
4592	2005	294	28
4592	2006	303	28
4594	1979	280	30
4594	1980	281	30
4594	1982	283	30
4594	1983	275	30
4594	1984	300	30
4594	1985	287	30
4594	1986	285	30
4594	1988	275	30
4594	1989	287	30
4594	1990	282	30
4594	1991	293	30
4594	1992	283	30
4594	1993	284	30
4594	1994	278	30
4594	1995	286	30
4594	1996	267	30
4594	1997	275	30
4594	1998	281	30
4594	1999	284	30
4594	2000	275	30
4594	2001	289	30
4594	2002	275	30
4594	2003	277	30
4594	2004	287	30
4594	2005	277	30
4594	2006	289	30
4594	2007	270	30
4594	2008	271	30
4594	2009	272	30
4594	2010	262	30
4595	1980	273	28
4595	1982	267	28
4595	1983	267	28
4595	1984	263	28
4595	1985	270	28
4595	1986	258	28
4595	1987	269	28
4595	1988	261	28
4595	1989	271	28
4595	1990	257	28
4595	1991	266	28
4595	1992	269	28
4595	1993	267	28
4595	1994	263	28
4595	1996	264	28
4595	1997	257	28
4595	1998	260	28
4595	1999	272	28
4595	2000	271	28
4595	2001	274	28
4595	2002	275	28
4595	2003	278	28
4595	2004	275	28
4595	2005	272	28
4595	2006	276	28
4595	2008	284	28
4595	2014	303	28
4595	2015	301	28
4599	1979	284	17
4599	1980	282	17
4599	1981	284	17
4599	1982	289	17
4599	1983	297	17
4599	1984	281	17
4599	1985	306	17
4599	1986	302	17
4599	1987	293	17
4599	1988	297	17
4599	1989	289	17
4599	1990	293	17
4599	1991	307	17
4599	1992	293	17
4599	1993	286	17
4599	1994	288	17
4599	1995	278	17
4601	1979	293	28
4601	1980	291	28
4601	1981	287	28
4601	1982	271	28
4601	1983	294	28
4601	1984	294	28
4601	1985	278	28
4601	1986	279	28
4601	1987	289	28
4601	1988	290	28
4601	1989	278	28
4601	1990	287	28
4601	1991	298	28
4601	1992	295	28
4601	1993	270	28
4601	1994	284	28
4601	1995	298	28
4601	1996	293	28
4601	1997	298	28
4601	1998	286	28
4601	1999	270	28
4601	2000	286	28
4601	2001	284	28
4601	2002	286	28
4601	2003	288	28
4601	2004	286	28
4601	2005	290	28
4601	2006	262	28
4603	1979	313	34
4603	1980	298	34
4603	1981	301	34
4603	1982	301	34
4603	1983	310	34
4603	1984	300	34
4603	1985	303	34
4603	1986	293	34
4603	1987	302	34
4603	1988	292	34
4603	1989	281	34
4603	1990	287	34
4603	1991	295	34
4603	1992	272	34
4603	1993	284	34
4603	1994	289	34
4603	1995	289	34
4603	1996	282	34
4603	1997	275	34
4603	1998	289	34
4603	1999	297	34
4603	2000	287	34
4603	2001	291	34
4603	2002	278	34
4603	2003	283	34
4603	2004	277	34
4603	2005	293	34
4603	2006	276	34
4603	2007	272	34
4603	2008	285	34
4603	2009	283	34
4603	2010	285	34
4603	2011	270	34
4603	2012	290	34
4611	1979	306	23
4611	1980	306	23
4611	1982	302	23
4611	1983	310	23
4611	1984	310	23
4611	1985	313	23
4611	1986	309	23
4611	1987	306	23
4611	1988	310	23
4611	1989	303	23
4611	1990	306	23
4611	1991	310	23
4611	1992	307	23
4611	1993	292	23
4611	1994	298	23
4611	1995	305	23
4611	1996	308	23
4611	1997	307	23
4611	1998	298	23
4611	1999	303	23
4611	2001	301	23
4611	2002	302	23
4611	2005	301	23
4614	1979	244	34
4614	1980	271	34
4614	1981	264	34
4614	1982	273	34
4614	1983	261	34
4614	1984	284	34
4614	1985	271	34
4614	1986	262	34
4614	1987	275	34
4614	1988	272	34
4614	1989	263	34
4614	1990	273	34
4614	1991	277	34
4614	1992	270	34
4614	1993	279	34
4614	1994	283	34
4614	1995	297	34
4614	1996	280	34
4614	1997	292	34
4614	1998	293	34
4614	1999	292	34
4614	2000	289	34
4614	2001	301	34
4614	2002	284	34
4614	2003	294	34
4614	2004	294	34
4614	2005	292	34
4614	2006	298	34
4614	2007	281	34
4614	2008	281	34
4614	2009	296	34
4614	2010	297	34
4614	2011	303	34
4614	2012	313	34
4615	1979	288	36
4615	1980	294	36
4615	1981	295	36
4615	1982	295	36
4615	1983	298	36
4615	1984	303	36
4615	1985	302	36
4615	1987	302	36
4615	1988	297	36
4615	1989	298	36
4615	1990	302	36
4615	1991	309	36
4615	1992	301	36
4615	1993	298	36
4615	1994	297	36
4615	1995	300	36
4615	1996	296	36
4615	1997	309	36
4615	1998	310	36
4615	1999	312	36
4615	2000	308	36
4615	2001	302	36
4615	2002	301	36
4615	2003	304	36
4615	2004	302	36
4615	2005	301	36
4615	2006	317	36
4615	2007	290	36
4615	2008	294	36
4615	2009	293	36
4615	2010	299	36
4615	2011	303	36
4615	2012	315	36
4615	2013	297	36
4615	2014	290	36
4615	2015	297	36
4619	1979	294	15
4619	1980	289	15
4619	1981	272	15
4619	1982	281	15
4619	1983	284	15
4619	1984	290	15
4619	1985	306	15
4619	1986	310	15
4619	1987	319	15
4619	1988	308	15
4619	1989	302	15
4619	1990	308	15
4619	1991	287	15
4619	1992	284	15
4619	1993	291	15
4620	1979	295	20
4620	1980	290	20
4620	1981	270	20
4620	1982	272	20
4620	1983	282	20
4620	1984	290	20
4620	1985	310	20
4620	1986	314	20
4620	1987	318	20
4620	1988	265	20
4620	1989	272	20
4620	1990	280	20
4620	1991	283	20
4620	1992	283	20
4620	1993	283	20
4620	1994	290	20
4620	1995	289	20
4620	1996	285	20
4620	1997	288	20
4620	1998	293	20
4623	1979	266	25
4623	1980	284	25
4623	1981	269	25
4623	1982	258	25
4623	1983	256	25
4623	1984	272	25
4623	1985	270	25
4623	1986	272	25
4623	1987	274	25
4623	1988	276	25
4623	1989	272	25
4623	1990	274	25
4623	1991	275	25
4623	1992	277	25
4623	1993	279	25
4623	1994	283	25
4623	1995	285	25
4623	1996	288	25
4623	1997	287	25
4623	1998	290	25
4623	1999	293	25
4623	2000	291	25
4623	2001	293	25
4623	2002	294	25
4623	2003	288	25
4624	1982	270	16
4624	1997	263	16
4624	1998	285	16
4624	1999	281	16
4624	2000	274	16
4624	2001	278	16
4624	2002	246	16
4624	2003	291	16
4624	2004	286	16
4624	2005	279	16
4624	2006	285	16
4624	2007	293	16
4624	2008	287	16
4624	2009	292	16
4624	2010	287	16
4624	2011	285	16
4628	1979	285	24
4628	1980	276	24
4628	1981	270	24
4628	1982	286	24
4628	1983	275	24
4628	1985	301	24
4628	1986	274	24
4628	1987	285	24
4628	1988	281	24
4628	1989	280	24
4628	1990	281	24
4628	1991	299	24
4628	1992	271	24
4628	1993	262	24
4628	1994	285	24
4628	1995	293	24
4628	1996	258	24
4628	1997	283	24
4628	1998	269	24
4628	1999	289	24
4628	2000	276	24
4628	2001	278	24
4628	2002	279	24
4628	2003	293	24
4632	1979	310	37
4632	1980	303	37
4632	1981	310	37
4632	1982	296	37
4632	1983	296	37
4632	1984	295	37
4632	1985	293	37
4632	1986	296	37
4632	1987	303	37
4632	1988	298	37
4632	1989	300	37
4632	1990	303	37
4632	1991	318	37
4632	1992	313	37
4632	1993	297	37
4632	1994	299	37
4632	1995	324	37
4632	1996	325	37
4632	1997	327	37
4632	1998	314	37
4632	1999	306	37
4632	2000	306	37
4632	2001	305	37
4632	2002	292	37
4632	2003	295	37
4632	2004	298	37
4632	2005	302	37
4632	2006	306	37
4632	2007	295	37
4632	2008	293	37
4632	2009	303	37
4632	2010	299	37
4632	2011	311	37
4632	2012	320	37
4632	2013	309	37
4632	2014	316	37
4632	2015	302	37
4635	1979	286	15
4635	1980	293	15
4635	1981	291	15
4635	1982	295	15
4635	1983	294	15
4635	1984	296	15
4635	1985	290	15
4635	1986	285	15
4635	1987	300	15
4635	1988	302	15
4635	1989	293	15
4635	1990	290	15
4635	1991	303	15
4635	1992	291	15
4635	1993	291	15
4639	1979	298	25
4639	1980	304	25
4639	1981	306	25
4639	1984	283	25
4639	1985	294	25
4639	1988	291	25
4639	1989	276	25
4639	1990	271	25
4639	1991	289	25
4639	1993	285	25
4639	1994	283	25
4639	1995	291	25
4639	1996	271	25
4639	1997	286	25
4639	1998	281	25
4639	2000	276	25
4639	2001	268	25
4639	2002	270	25
4639	2003	256	25
4639	2004	263	25
4639	2005	253	25
4639	2006	248	25
4639	2008	257	25
4639	2009	252	25
4639	2010	263	25
4640	1979	291	21
4640	1980	289	21
4640	1981	286	21
4640	1982	274	21
4640	1983	275	21
4640	1984	291	21
4640	1985	288	21
4640	1986	290	21
4640	1987	293	21
4640	1988	284	21
4640	1989	279	21
4640	1990	285	21
4640	1991	290	21
4640	1992	286	21
4640	1993	288	21
4640	1994	289	21
4640	1995	288	21
4640	1996	291	21
4640	1997	284	21
4640	1998	285	21
4640	1999	284	21
4641	1979	273	37
4641	1980	277	37
4641	1981	275	37
4641	1982	284	37
4641	1983	280	37
4641	1984	282	37
4641	1985	281	37
4641	1986	274	37
4641	1987	279	37
4641	1988	301	37
4641	1989	285	37
4641	1990	282	37
4641	1991	291	37
4641	1992	293	37
4641	1993	291	37
4641	1994	273	37
4641	1995	289	37
4641	1996	289	37
4641	1997	314	37
4641	1998	287	37
4641	1999	324	37
4641	2000	294	37
4641	2001	309	37
4641	2002	288	37
4641	2003	281	37
4641	2004	275	37
4641	2005	306	37
4641	2006	310	37
4641	2007	302	37
4641	2008	305	37
4641	2009	287	37
4641	2010	285	37
4641	2011	293	37
4641	2012	295	37
4641	2013	284	37
4641	2014	278	37
4641	2015	274	37
4642	1979	293	37
4642	1980	298	37
4642	1981	286	37
4642	1982	299	37
4642	1983	312	37
4642	1984	292	37
4642	1985	303	37
4642	1986	297	37
4642	1987	298	37
4642	1988	289	37
4642	1989	298	37
4642	1990	294	37
4642	1991	282	37
4642	1992	281	37
4642	1993	281	37
4642	1994	282	37
4642	1995	282	37
4642	1996	282	37
4642	1997	289	37
4642	1998	291	37
4642	1999	282	37
4642	2000	285	37
4642	2001	287	37
4642	2002	288	37
4642	2003	285	37
4642	2004	281	37
4642	2005	282	37
4642	2006	296	37
4642	2007	287	37
4642	2008	290	37
4642	2009	284	37
4642	2010	295	37
4642	2011	286	37
4642	2012	309	37
4642	2013	287	37
4642	2014	282	37
4642	2015	285	37
4643	1980	303	35
4643	1982	286	35
4643	1983	305	35
4643	1984	300	35
4643	1985	298	35
4643	1986	286	35
4643	1987	294	35
4643	1988	303	35
4643	1989	298	35
4643	1990	296	35
4643	1991	309	35
4643	1992	302	35
4643	1993	299	35
4643	1994	293	35
4643	1995	299	35
4643	1996	290	35
4643	1997	307	35
4643	1998	301	35
4643	1999	298	35
4643	2000	298	35
4643	2001	303	35
4643	2002	296	35
4643	2003	304	35
4643	2004	301	35
4643	2005	299	35
4643	2006	305	35
4643	2007	295	35
4643	2008	288	35
4643	2009	297	35
4643	2010	299	35
4643	2011	298	35
4643	2012	319	35
4643	2013	293	35
4643	2014	302	35
4643	2015	293	35
4649	1979	280	34
4649	1980	288	34
4649	1981	278	34
4649	1982	280	34
4649	1983	275	34
4649	1984	291	34
4649	1985	295	34
4649	1988	309	34
4649	1989	300	34
4649	1990	301	34
4649	1991	289	34
4649	1992	298	34
4649	1993	285	34
4649	1994	291	34
4649	1995	301	34
4649	1996	287	34
4649	1997	298	34
4649	1998	291	34
4649	1999	284	34
4649	2000	289	34
4649	2001	294	34
4649	2002	287	34
4649	2003	291	34
4649	2004	298	34
4649	2005	281	34
4649	2006	314	34
4649	2007	293	34
4649	2008	281	34
4649	2009	292	34
4649	2010	294	34
4649	2011	290	34
4649	2012	317	34
4649	2013	302	34
4649	2014	286	34
4651	1979	296	36
4651	1980	295	36
4651	1981	301	36
4651	1982	301	36
4651	1983	301	36
4651	1984	295	36
4651	1985	277	36
4651	1986	274	36
4651	1987	291	36
4651	1988	275	36
4651	1989	287	36
4651	1990	291	36
4651	1991	301	36
4651	1992	281	36
4651	1993	285	36
4651	1994	280	36
4651	1995	292	36
4651	1996	291	36
4651	1997	286	36
4651	1998	289	36
4651	1999	272	36
4651	2000	268	36
4651	2001	281	36
4651	2002	284	36
4651	2003	284	36
4651	2004	289	36
4651	2005	285	36
4651	2006	296	36
4651	2007	295	36
4651	2008	279	36
4651	2009	287	36
4651	2010	278	36
4651	2011	290	36
4651	2012	294	36
4651	2014	295	36
4651	2015	292	36
4653	1979	283	30
4653	1980	292	30
4653	1981	304	30
4653	1982	319	30
4653	1983	315	30
4653	1984	319	30
4653	1985	330	30
4653	1986	329	30
4653	1988	325	30
4653	1989	318	30
4653	1990	323	30
4653	1992	291	30
4653	1993	298	30
4653	1994	276	30
4653	1995	299	30
4653	1996	296	30
4653	1997	298	30
4653	1998	296	30
4653	1999	309	30
4653	2000	314	30
4653	2001	317	30
4653	2002	319	30
4653	2003	319	30
4653	2004	319	30
4653	2005	319	30
4653	2006	298	30
4653	2007	293	30
4653	2008	275	30
4653	2009	293	30
4653	2010	285	30
4654	1979	286	20
4654	1980	289	20
4654	1982	291	20
4654	1983	295	20
4654	1984	293	20
4654	1985	297	20
4654	1986	279	20
4654	1987	286	20
4654	1988	272	20
4654	1989	283	20
4654	1990	293	20
4654	1991	299	20
4654	1992	279	20
4654	1993	291	20
4654	1994	284	20
4654	1995	293	20
4654	1996	277	20
4654	1997	288	20
4654	1998	293	20
4654	1999	289	20
4659	1979	294	15
4659	1980	297	15
4659	1981	296	15
4659	1982	296	15
4659	1983	303	15
4659	1984	299	15
4659	1985	308	15
4659	1986	286	15
4659	1987	300	15
4659	1988	289	15
4659	1989	292	15
4659	1990	294	15
4659	1991	303	15
4659	1992	290	15
4659	1993	281	15
4664	1979	301	36
4664	1980	305	36
4664	1981	297	36
4664	1982	291	36
4664	1983	303	36
4664	1984	306	36
4664	1985	319	36
4664	1986	327	36
4664	1987	304	36
4664	1988	298	36
4664	1989	294	36
4664	1990	297	36
4664	1991	294	36
4664	1992	284	36
4664	1993	283	36
4664	1994	283	36
4664	1995	282	36
4664	1996	280	36
4664	1997	283	36
4664	1998	285	36
4664	1999	288	36
4664	2000	283	36
4664	2001	273	36
4664	2002	267	36
4664	2003	272	36
4664	2004	272	36
4664	2005	270	36
4664	2006	274	36
4664	2007	263	36
4664	2008	269	36
4664	2009	276	36
4664	2010	276	36
4664	2011	276	36
4664	2013	280	36
4664	2014	261	36
4664	2015	276	36
4671	1979	276	22
4671	1980	288	22
4671	1981	284	22
4671	1982	279	22
4671	1983	289	22
4671	1984	290	22
4671	1985	288	22
4671	1986	280	22
4671	1987	284	22
4671	1988	288	22
4671	1989	284	22
4671	1990	273	22
4671	1991	305	22
4671	1992	294	22
4671	1993	279	22
4671	1994	288	22
4671	1995	300	22
4671	1996	283	22
4671	1997	291	22
4671	1998	285	22
4671	1999	299	22
4671	2000	295	22
4672	1993	280	21
4672	1994	283	21
4672	1995	292	21
4672	1996	300	21
4672	1997	308	21
4672	1998	283	21
4672	1999	261	21
4672	2000	300	21
4672	2001	258	21
4672	2002	291	21
4672	2003	284	21
4672	2004	273	21
4672	2005	274	21
4672	2006	283	21
4672	2007	259	21
4672	2008	263	21
4672	2010	270	21
4672	2012	303	21
4672	2013	282	21
4672	2014	293	21
4672	2015	263	21
4674	1979	290	19
4674	1980	293	19
4674	1981	289	19
4674	1982	302	19
4674	1983	299	19
4674	1984	302	19
4674	1985	308	19
4674	1986	295	19
4674	1987	298	19
4674	1988	291	19
4674	1989	303	19
4674	1990	301	19
4674	1991	307	19
4674	1992	296	19
4674	1993	283	19
4674	1994	294	19
4674	1995	309	19
4674	1996	301	19
4674	1997	312	19
4680	1979	290	20
4680	1980	295	20
4680	1981	290	20
4680	1983	275	20
4680	1990	274	20
4680	1991	275	20
4680	1992	300	20
4680	1993	296	20
4680	1994	290	20
4680	1995	283	20
4680	1996	273	20
4680	1997	305	20
4680	1998	285	20
4680	1999	283	20
4680	2000	288	20
4680	2001	273	20
4680	2002	275	20
4680	2003	282	20
4680	2004	285	20
4680	2005	286	20
4686	1979	278	16
4686	1980	291	16
4686	1982	288	16
4686	1983	288	16
4686	1987	288	16
4686	1989	285	16
4686	1991	294	16
4686	1992	283	16
4686	1993	261	16
4686	1994	287	16
4686	1995	296	16
4686	1996	282	16
4686	1997	272	16
4686	1998	289	16
4686	1999	301	16
4686	2000	294	16
4687	1979	291	36
4687	1980	301	36
4687	1981	287	36
4687	1982	308	36
4687	1983	304	36
4687	1984	303	36
4687	1985	312	36
4687	1986	295	36
4687	1987	298	36
4687	1988	294	36
4687	1989	298	36
4687	1990	301	36
4687	1992	303	36
4687	1993	291	36
4687	1994	298	36
4687	1995	311	36
4687	1996	292	36
4687	1997	303	36
4687	1998	285	36
4687	1999	300	36
4687	2000	300	36
4687	2001	307	36
4687	2002	298	36
4687	2003	307	36
4687	2004	307	36
4687	2005	299	36
4687	2006	314	36
4687	2007	300	36
4687	2008	292	36
4687	2009	303	36
4687	2010	305	36
4687	2011	303	36
4687	2012	319	36
4687	2013	289	36
4687	2014	296	36
4687	2015	299	36
4691	1979	289	33
4691	1980	288	33
4691	1981	289	33
4691	1982	273	33
4691	1983	280	33
4691	1984	277	33
4691	1987	280	33
4691	1990	273	33
4691	1991	279	33
4691	1992	271	33
4691	1993	271	33
4691	1994	269	33
4691	1995	278	33
4691	1996	281	33
4691	1997	294	33
4691	1998	282	33
4691	1999	296	33
4691	2000	288	33
4691	2001	292	33
4691	2002	291	33
4691	2003	288	33
4691	2004	293	33
4691	2005	298	33
4691	2006	295	33
4691	2007	289	33
4691	2008	281	33
4691	2009	297	33
4691	2010	284	33
4691	2011	293	33
4691	2012	299	33
4691	2013	284	33
4691	2014	289	33
4691	2015	294	33
4692	1983	277	30
4692	1985	269	30
4692	1986	270	30
4692	1987	289	30
4692	1990	286	30
4692	1991	297	30
4692	1992	298	30
4692	1993	285	30
4692	1994	290	30
4692	1995	296	30
4692	1996	297	30
4692	1997	301	30
4692	1998	282	30
4692	1999	287	30
4692	2000	273	30
4692	2001	301	30
4692	2002	292	30
4692	2003	291	30
4692	2004	297	30
4692	2005	301	30
4692	2006	291	30
4692	2007	292	30
4692	2008	293	30
4692	2009	296	30
4692	2010	293	30
4692	2011	291	30
4692	2012	307	30
4692	2013	285	30
4692	2014	274	30
4692	2015	293	30
4693	1987	288	22
4693	1988	278	22
4693	1989	283	22
4693	1990	286	22
4693	1991	311	22
4693	1992	299	22
4693	1993	297	22
4693	1994	293	22
4693	1995	302	22
4693	1997	305	22
4693	1998	287	22
4693	1999	300	22
4693	2000	289	22
4693	2001	316	22
4693	2003	286	22
4693	2007	295	22
4693	2008	293	22
4693	2009	291	22
4693	2012	305	22
4693	2013	288	22
4693	2014	287	22
4693	2015	290	22
4697	1979	289	15
4697	1980	300	15
4697	1981	301	15
4697	1982	302	15
4697	1983	299	15
4697	1986	289	15
4697	1990	295	15
4697	1991	290	15
4697	1994	279	15
4697	2000	288	15
4697	2005	309	15
4697	2011	305	15
4697	2013	299	15
4697	2014	305	15
4697	2015	303	15
4702	1979	274	31
4702	1980	278	31
4702	1981	280	31
4702	1982	274	31
4702	1983	283	31
4702	1984	287	31
4702	1985	285	31
4702	1987	288	31
4702	1989	279	31
4702	1990	280	31
4702	1991	287	31
4702	1992	292	31
4702	1993	295	31
4702	1994	298	31
4702	1995	307	31
4702	1996	290	31
4702	1997	310	31
4702	1998	287	31
4702	1999	294	31
4702	2000	292	31
4702	2001	313	31
4702	2002	294	31
4702	2003	297	31
4702	2004	294	31
4702	2005	293	31
4702	2007	290	31
4702	2008	293	31
4702	2010	297	31
4702	2011	304	31
4702	2014	298	31
4702	2015	301	31
4703	1985	295	26
4703	1991	278	26
4703	1992	291	26
4703	1993	292	26
4703	1994	300	26
4703	1995	292	26
4703	1996	291	26
4703	1997	300	26
4703	1998	276	26
4703	1999	290	26
4703	2000	289	26
4703	2001	290	26
4703	2002	294	26
4703	2003	289	26
4703	2004	280	26
4703	2005	294	26
4703	2006	289	26
4703	2007	287	26
4703	2008	277	26
4703	2009	295	26
4703	2010	286	26
4703	2011	275	26
4703	2012	306	26
4703	2013	276	26
4703	2014	280	26
4703	2015	285	26
4706	1979	279	17
4706	1980	287	17
4706	1981	280	17
4706	1982	290	17
4706	1984	297	17
4706	1985	287	17
4706	1986	286	17
4706	1987	288	17
4706	1989	287	17
4706	1991	285	17
4706	1992	287	17
4706	1993	281	17
4706	1994	264	17
4706	1995	295	17
4706	1996	289	17
4706	1997	277	17
4706	1998	286	17
4708	1979	273	27
4708	1980	279	27
4708	1981	284	27
4708	1982	276	27
4708	1984	274	27
4708	1985	273	27
4708	1987	274	27
4708	1990	287	27
4708	1991	297	27
4708	1992	287	27
4708	1993	286	27
4708	1996	293	27
4708	1998	288	27
4708	2001	298	27
4708	2002	293	27
4708	2003	301	27
4708	2004	287	27
4708	2006	299	27
4708	2007	291	27
4708	2008	288	27
4708	2009	292	27
4708	2010	288	27
4708	2011	297	27
4708	2012	316	27
4708	2013	284	27
4708	2014	295	27
4708	2015	295	27
4710	1979	295	27
4710	1984	297	27
4710	1985	298	27
4710	1986	293	27
4710	1987	289	27
4710	1988	289	27
4710	1989	287	27
4710	1992	295	27
4710	1993	291	27
4710	1994	286	27
4710	1995	289	27
4710	1996	291	27
4710	1997	306	27
4710	1998	294	27
4710	1999	295	27
4710	2000	298	27
4710	2001	300	27
4710	2002	296	27
4710	2003	294	27
4710	2004	293	27
4710	2005	298	27
4710	2006	297	27
4710	2007	295	27
4710	2008	292	27
4710	2009	298	27
4710	2010	296	27
4710	2011	299	27
4714	1979	284	34
4714	1980	285	34
4714	1981	289	34
4714	1982	290	34
4714	1983	283	34
4714	1984	287	34
4714	1986	280	34
4714	1987	290	34
4714	1989	294	34
4714	1990	276	34
4714	1991	301	34
4714	1993	281	34
4714	1994	288	34
4714	1995	299	34
4714	1996	278	34
4714	1997	296	34
4714	1998	283	34
4714	1999	270	34
4714	2000	273	34
4714	2001	275	34
4714	2002	292	34
4714	2003	289	34
4714	2004	291	34
4714	2005	291	34
4714	2006	289	34
4714	2007	280	34
4714	2008	274	34
4714	2009	285	34
4714	2010	257	34
4714	2011	293	34
4714	2012	323	34
4714	2013	301	34
4714	2014	308	34
4714	2015	295	34
4719	1979	287	34
4719	1980	290	34
4719	1981	268	34
4719	1982	275	34
4719	1983	284	34
4719	1984	289	34
4719	1986	288	34
4719	1987	294	34
4719	1990	285	34
4719	1991	283	34
4719	1992	280	34
4719	1993	289	34
4719	1994	291	34
4719	1995	290	34
4719	1996	298	34
4719	1997	285	34
4719	1998	291	34
4719	1999	290	34
4719	2000	303	34
4719	2001	288	34
4719	2002	289	34
4719	2003	312	34
4719	2004	325	34
4719	2005	319	34
4719	2006	324	34
4719	2007	303	34
4719	2008	301	34
4719	2009	298	34
4719	2010	301	34
4719	2011	300	34
4719	2012	329	34
4719	2013	299	34
4719	2014	320	34
4719	2015	285	34
4730	1980	290	15
4730	1981	280	15
4730	1982	288	15
4730	1985	303	15
4730	1989	281	15
4730	1990	277	15
4730	1992	279	15
4730	1993	273	15
4730	1994	266	15
4730	1995	294	15
4730	1996	282	15
4730	1997	284	15
4730	1998	275	15
4730	1999	295	15
4730	2015	289	15
4740	1979	295	32
4740	1980	287	32
4740	1981	287	32
4740	1982	291	32
4740	1983	291	32
4740	1984	285	32
4740	1985	289	32
4740	1986	281	32
4740	1987	289	32
4740	1988	298	32
4740	1989	288	32
4740	1990	301	32
4740	1991	298	32
4740	1992	286	32
4740	1993	276	32
4740	1994	287	32
4740	1995	289	32
4740	1996	293	32
4740	1997	305	32
4740	1998	288	32
4740	1999	302	32
4740	2000	306	32
4740	2006	285	32
4740	2007	264	32
4740	2008	266	32
4740	2009	292	32
4740	2010	285	32
4740	2011	273	32
4740	2012	301	32
4740	2013	268	32
4740	2014	263	32
4740	2015	275	32
4741	1979	285	33
4741	1980	290	33
4741	1981	283	33
4741	1982	290	33
4741	1984	296	33
4741	1985	291	33
4741	1986	287	33
4741	1987	289	33
4741	1988	287	33
4741	1989	290	33
4741	1990	290	33
4741	1991	295	33
4741	1992	291	33
4741	1993	293	33
4741	1994	296	33
4741	1995	295	33
4741	1996	296	33
4741	1997	301	33
4741	1998	288	33
4741	1999	300	33
4741	2000	293	33
4741	2003	302	33
4741	2004	291	33
4741	2005	305	33
4741	2006	308	33
4741	2007	268	33
4741	2008	291	33
4741	2009	306	33
4741	2010	288	33
4741	2012	318	33
4741	2013	300	33
4741	2014	303	33
4741	2015	299	33
4751	1979	288	28
4751	1980	292	28
4751	1981	290	28
4751	1982	290	28
4751	1983	292	28
4751	1984	291	28
4751	1985	299	28
4751	1987	290	28
4751	1988	291	28
4751	1989	291	28
4751	1990	292	28
4751	1991	307	28
4751	1992	287	28
4751	1993	279	28
4751	1994	288	28
4751	1995	298	28
4751	1996	283	28
4751	1997	288	28
4751	1998	289	28
4751	1999	293	28
4751	2000	295	28
4751	2001	295	28
4751	2002	279	28
4751	2003	291	28
4751	2004	297	28
4751	2005	299	28
4751	2006	307	28
4751	2007	288	28
4757	1986	285	28
4757	1987	293	28
4757	1988	288	28
4757	1990	293	28
4757	1992	291	28
4757	1993	293	28
4757	1994	301	28
4757	1995	314	28
4757	1996	299	28
4757	1997	308	28
4757	1998	295	28
4757	1999	301	28
4757	2000	295	28
4757	2001	302	28
4757	2002	287	28
4757	2003	306	28
4757	2004	293	28
4757	2005	300	28
4757	2006	295	28
4757	2007	276	28
4757	2008	293	28
4757	2009	302	28
4757	2010	298	28
4757	2011	287	28
4757	2012	309	28
4757	2013	292	28
4757	2014	299	28
4757	2015	294	28
4759	1979	288	23
4759	1980	288	23
4759	1981	275	23
4759	1982	288	23
4759	1983	279	23
4759	1984	288	23
4759	1987	280	23
4759	1989	287	23
4759	1990	285	23
4759	1991	281	23
4759	1992	288	23
4759	1993	271	23
4759	1994	278	23
4759	1995	285	23
4759	1996	282	23
4759	1997	280	23
4759	1998	283	23
4759	1999	291	23
4759	2000	273	23
4759	2001	284	23
4759	2002	288	23
4759	2003	283	23
4759	2006	273	23
4769	1979	294	17
4769	1980	300	17
4769	1981	302	17
4769	1982	300	17
4769	1983	306	17
4769	1984	303	17
4769	1986	299	17
4769	1987	299	17
4769	1988	293	17
4769	1989	296	17
4769	1990	306	17
4769	1991	310	17
4769	1992	295	17
4769	1993	300	17
4769	1994	292	17
4769	1995	292	17
4769	1996	295	17
4776	1979	286	22
4776	1980	293	22
4776	1981	298	22
4776	1982	284	22
4776	1983	298	22
4776	1984	294	22
4776	1985	301	22
4776	1986	301	22
4776	1987	305	22
4776	1988	296	22
4776	1989	295	22
4776	1990	299	22
4776	1991	286	22
4776	1992	292	22
4776	1993	265	22
4776	1994	285	22
4776	1995	280	22
4776	1996	266	22
4776	1997	291	22
4776	1998	280	22
4776	1999	295	22
4776	2000	296	22
4789	1979	274	32
4789	1980	291	32
4789	1981	275	32
4789	1982	281	32
4789	1983	279	32
4789	1986	271	32
4789	1987	280	32
4789	1989	275	32
4789	1990	270	32
4789	1993	296	32
4789	1994	292	32
4789	1995	299	32
4789	1996	290	32
4789	1997	295	32
4789	1998	287	32
4789	1999	303	32
4789	2000	290	32
4789	2001	301	32
4789	2002	297	32
4789	2003	302	32
4789	2004	297	32
4789	2005	296	32
4789	2006	309	32
4789	2007	289	32
4789	2008	295	32
4789	2009	293	32
4789	2010	290	32
4789	2011	298	32
4789	2012	298	32
4789	2013	286	32
4789	2014	285	32
4789	2015	293	32
4793	1979	286	30
4793	1980	285	30
4793	1981	283	30
4793	1985	293	30
4793	1986	283	30
4793	1987	289	30
4793	1989	283	30
4793	1993	286	30
4793	1994	291	30
4793	1995	301	30
4793	1996	281	30
4793	1997	279	30
4793	1998	290	30
4793	1999	297	30
4793	2000	287	30
4793	2001	295	30
4793	2002	296	30
4793	2003	293	30
4793	2004	296	30
4793	2005	300	30
4793	2006	296	30
4793	2007	287	30
4793	2008	285	30
4793	2009	295	30
4793	2010	293	30
4793	2011	291	30
4793	2012	302	30
4793	2013	287	30
4793	2014	293	30
4793	2015	293	30
4805	1979	299	21
4805	1980	302	21
4805	1981	291	21
4805	1982	286	21
4805	1983	288	21
4805	1984	285	21
4805	1985	281	21
4805	1986	275	21
4805	1989	280	21
4805	1990	291	21
4805	1992	285	21
4805	1993	289	21
4805	1994	282	21
4805	1995	299	21
4805	1996	275	21
4805	1997	283	21
4805	1998	288	21
4805	1999	301	21
4805	2000	290	21
4805	2001	296	21
4805	2002	295	21
4813	1979	290	35
4813	1980	282	35
4813	1981	285	35
4813	1982	282	35
4813	1983	288	35
4813	1984	298	35
4813	1985	300	35
4813	1986	286	35
4813	1987	294	35
4813	1989	293	35
4813	1990	286	35
4813	1992	263	35
4813	1993	263	35
4813	1994	258	35
4813	1995	273	35
4813	1996	278	35
4813	1997	283	35
4813	1998	263	35
4813	1999	279	35
4813	2000	281	35
4813	2001	303	35
4813	2002	283	35
4813	2003	302	35
4813	2004	255	35
4813	2005	291	35
4813	2006	295	35
4813	2007	288	35
4813	2008	282	35
4813	2009	271	35
4813	2010	277	35
4813	2011	273	35
4813	2012	300	35
4813	2013	282	35
4813	2014	288	35
4813	2015	288	35
4814	1998	278	17
4814	1999	298	17
4814	2000	292	17
4814	2001	288	17
4814	2002	292	17
4814	2003	281	17
4814	2004	303	17
4814	2005	298	17
4814	2006	303	17
4814	2007	296	17
4814	2008	294	17
4814	2009	293	17
4814	2010	295	17
4814	2011	298	17
4814	2013	290	17
4814	2014	297	17
4814	2015	283	17
4818	1979	287	25
4818	1981	290	25
4818	1982	298	25
4818	1983	295	25
4818	1984	293	25
4818	1985	298	25
4818	1986	275	25
4818	1987	289	25
4818	1989	296	25
4818	1990	286	25
4818	1991	303	25
4818	1992	289	25
4818	1993	281	25
4818	1994	293	25
4818	1995	299	25
4818	1996	284	25
4818	1997	306	25
4818	1998	284	25
4818	1999	299	25
4818	2000	275	25
4818	2001	306	25
4818	2002	296	25
4818	2003	300	25
4818	2004	293	25
4818	2005	297	25
4822	1979	284	35
4822	1980	278	35
4822	1981	282	35
4822	1982	288	35
4822	1984	283	35
4822	1986	278	35
4822	1987	278	35
4822	1988	283	35
4822	1989	280	35
4822	1990	282	35
4822	1991	290	35
4822	1992	297	35
4822	1993	298	35
4822	1994	288	35
4822	1995	306	35
4822	1996	297	35
4822	1997	311	35
4822	1998	296	35
4822	1999	306	35
4822	2000	305	35
4822	2001	313	35
4822	2002	296	35
4822	2003	308	35
4822	2004	300	35
4822	2005	299	35
4822	2006	314	35
4822	2007	301	35
4822	2008	299	35
4822	2009	303	35
4822	2010	301	35
4822	2011	303	35
4822	2012	317	35
4822	2013	294	35
4822	2014	305	35
4822	2015	301	35
4824	1981	284	30
4824	1983	288	30
4824	1984	285	30
4824	1987	306	30
4824	1988	288	30
4824	1989	282	30
4824	1992	293	30
4824	1993	269	30
4824	1994	280	30
4824	1995	281	30
4824	1996	285	30
4824	1997	284	30
4824	1998	284	30
4824	1999	286	30
4824	2000	276	30
4824	2001	288	30
4824	2002	284	30
4824	2003	287	30
4824	2004	285	30
4824	2005	283	30
4824	2006	283	30
4824	2007	285	30
4824	2008	279	30
4824	2009	286	30
4824	2010	289	30
4824	2011	289	30
4824	2012	299	30
4824	2013	282	30
4824	2014	286	30
4824	2015	286	30
4826	1979	273	19
4826	1980	292	19
4826	1981	286	19
4826	1982	289	19
4826	1983	290	19
4826	1984	291	19
4826	1985	289	19
4826	1987	285	19
4826	1989	283	19
4826	1990	281	19
4826	1991	284	19
4826	1992	296	19
4826	1993	296	19
4826	1994	294	19
4826	1995	287	19
4826	1996	297	19
4826	1997	292	19
4826	1998	273	19
4826	1999	289	19
4828	1982	302	25
4828	1983	288	25
4828	1984	301	25
4828	1986	281	25
4828	1987	295	25
4828	1988	281	25
4828	1989	283	25
4828	1990	285	25
4828	1991	284	25
4828	1992	263	25
4828	1993	257	25
4828	1994	274	25
4828	1995	275	25
4828	1996	273	25
4828	1997	278	25
4828	1998	270	25
4828	1999	282	25
4828	2000	267	25
4828	2001	268	25
4828	2002	273	25
4828	2003	287	25
4828	2004	288	25
4828	2005	281	25
4828	2006	281	25
4828	2007	276	25
4830	1979	279	23
4830	1980	294	23
4830	1981	287	23
4830	1982	280	23
4830	1983	287	23
4830	1984	298	23
4830	1985	301	23
4830	1986	270	23
4830	1988	269	23
4830	1989	279	23
4830	1990	278	23
4830	1991	300	23
4830	1992	292	23
4830	1993	297	23
4830	1994	285	23
4830	1995	299	23
4830	1996	293	23
4830	1997	310	23
4830	1998	285	23
4830	1999	294	23
4830	2000	280	23
4830	2001	282	23
4830	2002	294	23
4836	1979	295	15
4836	1980	298	15
4836	1981	300	15
4836	1982	300	15
4836	1983	303	15
4836	1984	295	15
4836	1985	310	15
4836	1986	290	15
4836	1987	298	15
4836	1988	280	15
4836	1989	295	15
4836	1990	285	15
4836	1991	314	15
4836	1992	304	15
4836	1993	304	15
4842	1979	288	18
4842	1980	294	18
4842	1982	290	18
4842	1984	297	18
4842	1986	288	18
4842	1987	298	18
4842	1989	288	18
4842	1990	294	18
4842	1991	309	18
4842	1992	299	18
4842	1993	269	18
4842	1994	296	18
4842	1995	295	18
4842	1996	265	18
4842	1997	296	18
4842	1998	282	18
4842	1999	298	18
4842	2015	286	18
4846	1992	302	24
4846	1993	284	24
4846	1994	296	24
4846	1995	308	24
4846	1996	294	24
4846	1997	309	24
4846	1998	290	24
4846	1999	301	24
4846	2000	293	24
4846	2001	302	24
4846	2002	299	24
4846	2003	308	24
4846	2004	299	24
4846	2005	293	24
4846	2006	306	24
4846	2007	289	24
4846	2008	287	24
4846	2009	301	24
4846	2010	298	24
4846	2011	299	24
4846	2012	306	24
4846	2013	283	24
4846	2014	302	24
4846	2015	300	24
4848	1980	290	36
4848	1981	295	36
4848	1982	297	36
4848	1983	294	36
4848	1984	301	36
4848	1985	288	36
4848	1986	287	36
4848	1987	294	36
4848	1988	284	36
4848	1989	283	36
4848	1990	285	36
4848	1991	285	36
4848	1992	267	36
4848	1993	258	36
4848	1994	274	36
4848	1995	283	36
4848	1996	288	36
4848	1997	279	36
4848	1998	281	36
4848	1999	281	36
4848	2000	283	36
4848	2001	281	36
4848	2002	285	36
4848	2003	285	36
4848	2004	287	36
4848	2005	279	36
4848	2006	286	36
4848	2007	282	36
4848	2008	279	36
4848	2009	291	36
4848	2010	278	36
4848	2011	284	36
4848	2012	308	36
4848	2013	285	36
4848	2014	288	36
4848	2015	286	36
4851	1987	289	26
4851	1991	279	26
4851	1992	282	26
4851	1993	285	26
4851	1994	276	26
4851	1995	283	26
4851	1996	281	26
4851	1997	278	26
4851	1998	290	26
4851	1999	283	26
4851	2000	288	26
4851	2001	301	26
4851	2002	285	26
4851	2003	298	26
4851	2004	292	26
4851	2005	293	26
4851	2006	298	26
4851	2007	286	26
4851	2008	268	26
4851	2009	292	26
4851	2010	283	26
4851	2011	293	26
4851	2012	314	26
4851	2013	282	26
4851	2014	288	26
4851	2015	293	26
4852	1979	289	35
4852	1980	299	35
4852	1981	283	35
4852	1982	288	35
4852	1983	291	35
4852	1984	295	35
4852	1986	283	35
4852	1987	290	35
4852	1989	286	35
4852	1990	286	35
4852	1991	299	35
4852	1992	296	35
4852	1993	289	35
4852	1994	297	35
4852	1995	306	35
4852	1996	298	35
4852	1997	303	35
4852	1998	288	35
4852	1999	302	35
4852	2000	297	35
4852	2001	303	35
4852	2002	296	35
4852	2003	306	35
4852	2004	300	35
4852	2005	302	35
4852	2006	299	35
4852	2007	297	35
4852	2008	293	35
4852	2009	297	35
4852	2010	296	35
4852	2011	303	35
4852	2012	316	35
4852	2013	297	35
4852	2014	306	35
4852	2015	300	35
4865	1994	293	17
4865	1995	322	17
4865	1996	289	17
4865	1998	307	17
4865	1999	307	17
4865	2000	303	17
4865	2001	312	17
4865	2002	283	17
4865	2003	289	17
4865	2004	285	17
4865	2005	288	17
4865	2006	288	17
4865	2007	288	17
4865	2008	288	17
4865	2009	301	17
4865	2010	291	17
4865	2011	291	17
4866	1981	289	26
4866	1983	283	26
4866	1987	293	26
4866	1993	291	26
4866	1994	293	26
4866	1995	298	26
4866	1996	291	26
4866	1997	295	26
4866	1998	291	26
4866	1999	300	26
4866	2000	284	26
4866	2001	284	26
4866	2002	295	26
4866	2003	293	26
4866	2004	293	26
4866	2005	298	26
4866	2006	293	26
4866	2007	291	26
4866	2008	291	26
4866	2009	291	26
4866	2010	284	26
4866	2011	296	26
4866	2012	303	26
4866	2013	296	26
4866	2014	293	26
4866	2015	294	26
4877	1979	278	15
4877	1980	287	15
4877	1981	300	15
4877	1982	304	15
4877	1983	296	15
4877	1984	302	15
4877	1985	305	15
4877	1987	294	15
4877	1989	288	15
4877	1990	294	15
4877	1991	300	15
4877	1992	303	15
4877	1993	282	15
4877	1994	283	15
4877	1995	302	15
4883	1979	292	18
4883	1980	286	18
4883	1981	302	18
4883	1982	295	18
4883	1983	294	18
4883	1984	290	18
4883	1985	286	18
4883	1986	283	18
4883	1987	293	18
4883	1988	288	18
4883	1989	283	18
4883	1990	283	18
4883	1991	316	18
4883	1992	295	18
4883	1993	275	18
4883	1994	288	18
4883	1995	298	18
4883	1996	276	18
4887	1979	279	22
4887	1980	282	22
4887	1981	286	22
4887	1982	279	22
4887	1983	298	22
4887	1987	277	22
4887	1989	283	22
4887	1991	281	22
4887	1992	261	22
4887	1993	254	22
4887	1994	270	22
4887	1995	272	22
4887	1996	272	22
4887	1997	274	22
4887	1998	269	22
4887	1999	272	22
4887	2000	278	22
4887	2001	273	22
4887	2002	274	22
4887	2003	280	22
4887	2004	271	22
4887	2005	275	22
4891	1988	268	27
4891	1989	285	27
4891	1990	286	27
4891	1992	307	27
4891	1993	295	27
4891	1994	297	27
4891	1995	306	27
4891	1996	290	27
4891	1997	303	27
4891	1998	287	27
4891	1999	301	27
4891	2000	303	27
4891	2001	296	27
4891	2002	296	27
4891	2003	292	27
4891	2004	298	27
4891	2005	301	27
4891	2006	309	27
4891	2007	291	27
4891	2008	290	27
4891	2009	299	27
4891	2010	285	27
4891	2011	281	27
4891	2012	291	27
4891	2013	284	27
4891	2014	282	27
4891	2015	293	27
4892	1992	303	21
4892	1993	280	21
4892	1994	292	21
4892	1995	306	21
4892	1996	283	21
4892	1997	287	21
4892	1998	275	21
4892	1999	309	21
4892	2000	287	21
4892	2001	293	21
4892	2002	283	21
4892	2003	293	21
4892	2004	298	21
4892	2005	303	21
4892	2006	279	21
4892	2007	277	21
4892	2008	283	21
4892	2009	287	21
4892	2010	285	21
4892	2011	279	21
4892	2012	291	21
4897	1992	280	23
4897	1993	285	23
4897	1994	288	23
4897	1995	296	23
4897	1996	283	23
4897	1997	281	23
4897	1998	281	23
4897	1999	284	23
4897	2000	278	23
4897	2001	283	23
4897	2002	295	23
4897	2003	286	23
4897	2004	302	23
4897	2005	290	23
4897	2006	296	23
4897	2007	291	23
4897	2008	281	23
4897	2009	293	23
4897	2010	281	23
4897	2011	295	23
4897	2013	297	23
4897	2014	288	23
4897	2015	291	23
4898	1979	291	18
4898	1980	298	18
4898	1981	293	18
4898	1982	294	18
4898	1983	297	18
4898	1984	294	18
4898	1985	290	18
4898	1986	290	18
4898	1987	298	18
4898	1988	288	18
4898	1989	292	18
4898	1990	287	18
4898	1991	298	18
4898	1992	290	18
4898	1993	295	18
4898	1994	296	18
4898	1995	300	18
4898	1996	293	18
4909	1979	293	16
4909	1981	297	16
4909	1984	288	16
4909	1986	274	16
4909	1987	291	16
4909	1988	280	16
4909	1989	285	16
4909	1993	272	16
4909	1994	290	16
4909	1995	293	16
4909	1996	296	16
4909	1997	303	16
4909	1998	282	16
4909	1999	298	16
4909	2000	298	16
4909	2001	302	16
4910	1995	301	20
4910	1996	296	20
4910	1997	301	20
4910	1998	288	20
4910	1999	293	20
4910	2001	290	20
4910	2002	273	20
4910	2003	272	20
4910	2004	284	20
4910	2005	289	20
4910	2006	286	20
4910	2007	288	20
4910	2008	276	20
4910	2009	292	20
4910	2010	293	20
4910	2011	295	20
4910	2012	324	20
4910	2013	279	20
4910	2014	294	20
4910	2015	292	20
4914	1979	284	16
4914	1980	284	16
4914	1981	276	16
4914	1982	280	16
4914	1983	280	16
4914	1987	284	16
4914	1990	279	16
4914	1991	290	16
4914	1992	277	16
4914	1993	278	16
4914	1995	300	16
4914	1996	277	16
4914	1997	299	16
4914	1998	284	16
4914	1999	294	16
4914	2000	298	16
4921	1979	297	18
4921	1980	294	18
4921	1981	292	18
4921	1982	294	18
4921	1983	296	18
4921	1984	301	18
4921	1985	303	18
4921	1987	289	18
4921	1989	291	18
4921	1991	301	18
4921	1992	295	18
4921	1993	281	18
4921	1995	293	18
4921	1997	298	18
4921	1998	301	18
4921	1999	293	18
4921	2000	283	18
4921	2001	284	18
4923	1979	296	21
4923	1980	297	21
4923	1981	302	21
4923	1982	306	21
4923	1983	299	21
4923	1984	299	21
4923	1985	295	21
4923	1986	283	21
4923	1987	303	21
4923	1989	297	21
4923	1990	289	21
4923	1991	312	21
4923	1992	306	21
4923	1993	295	21
4923	1994	296	21
4923	1995	304	21
4923	1996	303	21
4923	1997	287	21
4923	1998	294	21
4923	1999	300	21
4923	2000	302	21
4929	1979	290	20
4929	1981	272	20
4929	1983	273	20
4929	1985	293	20
4929	1991	294	20
4929	1992	285	20
4929	1995	282	20
4929	1996	293	20
4929	1997	285	20
4929	1998	283	20
4929	1999	291	20
4929	2001	289	20
4929	2002	285	20
4929	2003	283	20
4929	2004	285	20
4929	2005	285	20
4929	2010	283	20
4929	2012	284	20
4929	2013	264	20
4929	2014	264	20
4935	1979	275	15
4935	1980	282	15
4935	1981	263	15
4935	1983	283	15
4935	1986	293	15
4935	1987	296	15
4935	1991	284	15
4935	1992	283	15
4935	1993	266	15
4935	1994	266	15
4935	1995	279	15
4935	1996	288	15
4935	1997	298	15
4935	2000	268	15
4935	2001	277	15
4937	1979	277	28
4937	1984	281	28
4937	1986	286	28
4937	1987	295	28
4937	1988	286	28
4937	1989	284	28
4937	1990	284	28
4937	1991	290	28
4937	1993	273	28
4937	1994	278	28
4937	1995	275	28
4937	1996	276	28
4937	1997	275	28
4937	1998	270	28
4937	1999	272	28
4937	2000	275	28
4937	2001	278	28
4937	2002	282	28
4937	2003	281	28
4937	2004	282	28
4937	2005	283	28
4937	2006	286	28
4937	2007	285	28
4937	2008	283	28
4937	2009	286	28
4937	2010	287	28
4937	2011	293	28
4937	2012	301	28
4942	1979	281	28
4942	1980	291	28
4942	1981	293	28
4942	1982	301	28
4942	1984	292	28
4942	1985	301	28
4942	1986	284	28
4942	1987	290	28
4942	1988	287	28
4942	1989	293	28
4942	1990	293	28
4942	1992	307	28
4942	1993	283	28
4942	1994	297	28
4942	1995	309	28
4942	1996	297	28
4942	1997	308	28
4942	1998	298	28
4942	1999	304	28
4942	2000	293	28
4942	2001	314	28
4942	2002	298	28
4942	2003	275	28
4942	2004	298	28
4942	2005	307	28
4942	2006	314	28
4942	2007	298	28
4942	2008	295	28
4944	1979	290	22
4944	1980	293	22
4944	1981	279	22
4944	1982	284	22
4944	1983	283	22
4944	1984	292	22
4944	1985	293	22
4944	1986	282	22
4944	1987	307	22
4944	1988	276	22
4944	1989	291	22
4944	1990	288	22
4944	1991	296	22
4944	1993	273	22
4944	1994	274	22
4944	1995	282	22
4944	1996	283	22
4944	1997	280	22
4944	1998	276	22
4944	1999	279	22
4944	2000	276	22
4944	2001	284	22
4948	1988	291	28
4948	1989	275	28
4948	1990	284	28
4948	1991	286	28
4948	1992	298	28
4948	1993	294	28
4948	1994	294	28
4948	1995	294	28
4948	1996	291	28
4948	1997	313	28
4948	1998	282	28
4948	1999	299	28
4948	2000	296	28
4948	2001	298	28
4948	2002	298	28
4948	2003	308	28
4948	2004	296	28
4948	2005	292	28
4948	2006	304	28
4948	2007	300	28
4948	2008	290	28
4948	2009	308	28
4948	2010	293	28
4948	2011	297	28
4948	2012	309	28
4948	2013	288	28
4948	2014	290	28
4948	2015	296	28
4952	1979	285	17
4952	1980	283	17
4952	1981	289	17
4952	1983	282	17
4952	1984	301	17
4952	1985	301	17
4952	1986	283	17
4952	1987	286	17
4952	1989	297	17
4952	1990	299	17
4952	1991	309	17
4952	1992	299	17
4952	1993	282	17
4952	1994	276	17
4952	1995	281	17
4952	1996	277	17
4952	1997	277	17
4957	1979	282	33
4957	1980	282	33
4957	1981	286	33
4957	1982	293	33
4957	1983	285	33
4957	1984	292	33
4957	1989	285	33
4957	1990	281	33
4957	1991	288	33
4957	1992	285	33
4957	1993	270	33
4957	1994	289	33
4957	1995	287	33
4957	1996	280	33
4957	1997	300	33
4957	1998	283	33
4957	1999	298	33
4957	2000	288	33
4957	2001	295	33
4957	2002	291	33
4957	2003	290	33
4957	2004	293	33
4957	2005	297	33
4957	2006	291	33
4957	2007	288	33
4957	2008	282	33
4957	2009	297	33
4957	2010	282	33
4957	2011	295	33
4957	2012	296	33
4957	2013	285	33
4957	2014	289	33
4957	2015	293	33
4958	1979	292	31
4958	1980	282	31
4958	1981	286	31
4958	1982	298	31
4958	1983	299	31
4958	1984	310	31
4958	1985	310	31
4958	1986	296	31
4958	1987	294	31
4958	1989	284	31
4958	1991	293	31
4958	1992	292	31
4958	1993	290	31
4958	1994	294	31
4958	1995	302	31
4958	1996	298	31
4958	1997	303	31
4958	1998	291	31
4958	1999	285	31
4958	2000	290	31
4958	2001	291	31
4958	2002	293	31
4958	2003	283	31
4958	2004	294	31
4958	2005	291	31
4958	2006	292	31
4958	2007	287	31
4958	2008	287	31
4958	2009	295	31
4958	2010	293	31
4958	2011	298	31
4967	1979	286	27
4967	1980	287	27
4967	1981	275	27
4967	1982	294	27
4967	1983	298	27
4967	1984	304	27
4967	1985	284	27
4967	1986	284	27
4967	1987	307	27
4967	1989	281	27
4967	1991	277	27
4967	1992	303	27
4967	1993	274	27
4967	1994	269	27
4967	1995	273	27
4967	1996	277	27
4967	1997	272	27
4967	1998	276	27
4967	1999	287	27
4967	2000	258	27
4967	2001	273	27
4967	2002	263	27
4967	2003	280	27
4967	2004	279	27
4967	2005	281	27
4967	2006	291	27
4967	2007	268	27
4977	1979	286	23
4977	1992	294	23
4977	1993	281	23
4977	1994	289	23
4977	1997	303	23
4977	1998	289	23
4977	1999	306	23
4977	2000	289	23
4977	2001	298	23
4977	2002	293	23
4977	2003	300	23
4977	2004	292	23
4977	2005	297	23
4977	2006	299	23
4977	2007	288	23
4977	2008	285	23
4977	2009	290	23
4977	2010	294	23
4977	2011	296	23
4977	2012	306	23
4977	2013	292	23
4977	2014	292	23
4977	2015	294	23
4978	1979	283	19
4978	1980	283	19
4978	1981	293	19
4978	1982	296	19
4978	1983	274	19
4978	1984	302	19
4978	1985	288	19
4978	1987	294	19
4978	1989	282	19
4978	1991	277	19
4978	1992	269	19
4978	1993	262	19
4978	1994	268	19
4978	1995	278	19
4978	1996	269	19
4978	1997	277	19
4978	1998	266	19
4978	1999	267	19
4978	2000	267	19
4979	1979	294	30
4979	1983	299	30
4979	1984	306	30
4979	1985	308	30
4979	1986	296	30
4979	1991	312	30
4979	1992	301	30
4979	1993	292	30
4979	1994	297	30
4979	1995	307	30
4979	1996	294	30
4979	1997	300	30
4979	1998	292	30
4979	1999	295	30
4979	2000	301	30
4979	2001	301	30
4979	2002	298	30
4979	2003	307	30
4979	2004	298	30
4979	2005	300	30
4979	2006	308	30
4979	2007	299	30
4979	2008	294	30
4979	2009	304	30
4979	2010	290	30
4979	2011	294	30
4979	2012	307	30
4979	2013	298	30
4979	2014	301	30
4979	2015	299	30
4980	1979	295	18
4980	1980	284	18
4980	1982	301	18
4980	1983	305	18
4980	1984	306	18
4980	1985	310	18
4980	1986	296	18
4980	1987	306	18
4980	1988	301	18
4980	1989	304	18
4980	1990	302	18
4980	1991	312	18
4980	1992	302	18
4980	1993	297	18
4980	1994	299	18
4980	1995	285	18
4980	1996	286	18
4980	1997	308	18
4985	1979	280	20
4985	1980	290	20
4985	1981	290	20
4985	1982	295	20
4985	1983	286	20
4985	1984	290	20
4985	1985	289	20
4985	1987	290	20
4985	1988	277	20
4985	1989	280	20
4985	1991	282	20
4985	1992	283	20
4985	1993	281	20
4985	1994	276	20
4985	1995	277	20
4985	1996	273	20
4985	1997	274	20
4985	1998	274	20
4985	1999	281	20
4985	2000	263	20
4989	1979	288	19
4989	1980	296	19
4989	1981	300	19
4989	1982	300	19
4989	1983	300	19
4989	1984	301	19
4989	1985	296	19
4989	1986	289	19
4989	1987	294	19
4989	1988	297	19
4989	1989	296	19
4989	1990	288	19
4989	1991	304	19
4989	1993	290	19
4989	1994	296	19
4989	1995	307	19
4989	1996	302	19
4989	1997	304	19
4989	1998	289	19
4990	1992	286	24
4990	1993	294	24
4990	1994	295	24
4990	1995	298	24
4990	1996	283	24
4990	1997	299	24
4990	1998	291	24
4990	1999	299	24
4990	2000	300	24
4990	2001	299	24
4990	2002	291	24
4990	2003	304	24
4990	2004	300	24
4990	2005	293	24
4990	2006	299	24
4990	2007	302	24
4990	2008	295	24
4990	2009	299	24
4990	2010	295	24
4990	2011	304	24
4990	2012	338	24
4990	2013	293	24
4990	2014	312	24
4990	2015	312	24
4992	1993	286	22
4992	1995	287	22
4992	1996	296	22
4992	1997	301	22
4992	1998	297	22
4992	1999	298	22
4992	2000	301	22
4992	2001	303	22
4992	2002	295	22
4992	2003	308	22
4992	2004	296	22
4992	2005	300	22
4992	2006	311	22
4992	2007	291	22
4992	2008	304	22
4992	2009	292	22
4992	2010	289	22
4992	2011	300	22
4992	2012	311	22
4992	2013	292	22
4992	2014	310	22
4992	2015	299	22
4994	1991	285	23
4994	1993	284	23
4994	1994	266	23
4994	1995	283	23
4994	1997	290	23
4994	1998	295	23
4994	1999	302	23
4994	2000	293	23
4994	2001	279	23
4994	2002	299	23
4994	2003	304	23
4994	2004	308	23
4994	2005	300	23
4994	2006	301	23
4994	2007	293	23
4994	2008	288	23
4994	2009	275	23
4994	2010	277	23
4994	2011	299	23
4994	2012	318	23
4994	2013	289	23
4994	2014	303	23
4994	2015	308	23
5012	1992	285	18
5012	1993	283	18
5012	1994	298	18
5012	1995	302	18
5012	1996	293	18
5012	1997	295	18
5012	1998	286	18
5012	1999	276	18
5012	2000	271	18
5012	2002	277	18
5012	2003	304	18
5012	2004	288	18
5012	2006	305	18
5012	2007	292	18
5012	2010	289	18
5012	2011	283	18
5012	2013	291	18
5012	2014	294	18
5014	1979	283	17
5014	1981	291	17
5014	1982	290	17
5014	1983	295	17
5014	1985	292	17
5014	1986	277	17
5014	1987	290	17
5014	1989	291	17
5014	1990	287	17
5014	1991	314	17
5014	1992	278	17
5014	1993	279	17
5014	1994	292	17
5014	1995	285	17
5014	1996	288	17
5014	1997	282	17
5014	1998	274	17
5032	1980	287	26
5032	1981	283	26
5032	1982	285	26
5032	1983	283	26
5032	1984	290	26
5032	1985	291	26
5032	1986	291	26
5032	1987	289	26
5032	1988	288	26
5032	1989	281	26
5032	1990	279	26
5032	1992	281	26
5032	1993	270	26
5032	1994	288	26
5032	1995	291	26
5032	1996	279	26
5032	1997	292	26
5032	1998	287	26
5032	1999	298	26
5032	2000	284	26
5032	2001	302	26
5032	2002	298	26
5032	2003	297	26
5032	2004	302	26
5032	2005	306	26
5032	2006	312	26
5034	1993	283	22
5034	1995	289	22
5034	1996	289	22
5034	1997	294	22
5034	1998	295	22
5034	1999	294	22
5034	2000	290	22
5034	2001	305	22
5034	2002	291	22
5034	2003	290	22
5034	2004	290	22
5034	2005	289	22
5034	2006	291	22
5034	2007	289	22
5034	2008	281	22
5034	2009	292	22
5034	2010	282	22
5034	2011	292	22
5034	2012	309	22
5034	2013	283	22
5034	2014	286	22
5034	2015	284	22
5043	1979	279	28
5043	1980	285	28
5043	1981	287	28
5043	1983	290	28
5043	1984	284	28
5043	1985	291	28
5043	1986	293	28
5043	1987	288	28
5043	1992	271	28
5043	1993	270	28
5043	1994	278	28
5043	1995	298	28
5043	1996	271	28
5043	1997	298	28
5043	1998	266	28
5043	1999	303	28
5043	2000	273	28
5043	2002	274	28
5043	2004	296	28
5043	2005	274	28
5043	2008	301	28
5043	2009	296	28
5043	2010	298	28
5043	2011	293	28
5043	2012	319	28
5043	2013	287	28
5043	2014	292	28
5043	2015	283	28
5046	1982	282	33
5046	1983	293	33
5046	1984	286	33
5046	1985	298	33
5046	1986	280	33
5046	1987	285	33
5046	1988	291	33
5046	1989	294	33
5046	1990	285	33
5046	1991	294	33
5046	1992	281	33
5046	1993	288	33
5046	1994	273	33
5046	1995	293	33
5046	1996	275	33
5046	1997	302	33
5046	1998	260	33
5046	1999	303	33
5046	2000	271	33
5046	2001	290	33
5046	2002	280	33
5046	2003	297	33
5046	2004	292	33
5046	2005	290	33
5046	2006	291	33
5046	2007	292	33
5046	2008	298	33
5046	2009	272	33
5046	2010	301	33
5046	2011	282	33
5046	2012	293	33
5046	2013	285	33
5046	2014	293	33
5048	1979	290	34
5048	1980	285	34
5048	1981	290	34
5048	1982	300	34
5048	1983	305	34
5048	1984	310	34
5048	1985	315	34
5048	1987	285	34
5048	1988	285	34
5048	1989	282	34
5048	1991	320	34
5048	1992	298	34
5048	1993	278	34
5048	1994	284	34
5048	1995	298	34
5048	1996	285	34
5048	1997	299	34
5048	1998	286	34
5048	1999	291	34
5048	2000	289	34
5048	2001	293	34
5048	2002	293	34
5048	2003	289	34
5048	2004	287	34
5048	2005	298	34
5048	2006	293	34
5048	2007	274	34
5048	2008	286	34
5048	2009	288	34
5048	2010	294	34
5048	2011	298	34
5048	2012	303	34
5048	2013	286	34
5048	2014	261	34
5054	1995	300	21
5054	1996	296	21
5054	1997	295	21
5054	1998	284	21
5054	1999	300	21
5054	2000	291	21
5054	2001	297	21
5054	2002	292	21
5054	2003	290	21
5054	2004	287	21
5054	2005	300	21
5054	2006	297	21
5054	2007	290	21
5054	2008	281	21
5054	2009	293	21
5054	2010	286	21
5054	2011	300	21
5054	2012	302	21
5054	2013	289	21
5054	2014	298	21
5054	2015	296	21
5055	1979	288	16
5055	1980	299	16
5055	1981	291	16
5055	1982	301	16
5055	1983	303	16
5055	1984	298	16
5055	1985	298	16
5055	1986	296	16
5055	1987	295	16
5055	1988	293	16
5055	1989	290	16
5055	1990	287	16
5055	1991	312	16
5055	1992	285	16
5055	1993	280	16
5055	1994	296	16
5059	1979	286	25
5059	1982	302	25
5059	1984	288	25
5059	1986	282	25
5059	1987	292	25
5059	1992	294	25
5059	1993	272	25
5059	1994	286	25
5059	1995	300	25
5059	1996	280	25
5059	1997	306	25
5059	1998	267	25
5059	1999	291	25
5059	2000	284	25
5059	2001	297	25
5059	2002	279	25
5059	2003	290	25
5059	2004	295	25
5059	2005	294	25
5059	2006	299	25
5059	2007	284	25
5059	2008	285	25
5059	2009	288	25
5059	2010	282	25
5059	2011	298	25
5061	1979	282	18
5061	1981	285	18
5061	1983	276	18
5061	1987	284	18
5061	1989	290	18
5061	1990	280	18
5061	1992	257	18
5061	1993	274	18
5061	1996	272	18
5061	1997	273	18
5061	1998	269	18
5061	1999	281	18
5061	2000	280	18
5061	2001	274	18
5061	2002	292	18
5061	2004	280	18
5061	2005	278	18
5061	2006	275	18
5066	1979	300	30
5066	1980	298	30
5066	1981	302	30
5066	1982	302	30
5066	1983	301	30
5066	1984	296	30
5066	1985	292	30
5066	1986	298	30
5066	1987	294	30
5066	1988	294	30
5066	1989	299	30
5066	1990	302	30
5066	1991	307	30
5066	1992	297	30
5066	1993	294	30
5066	1994	297	30
5066	1995	303	30
5066	1996	287	30
5066	1997	292	30
5066	1998	291	30
5066	1999	302	30
5066	2000	294	30
5066	2001	301	30
5066	2002	290	30
5066	2003	282	30
5066	2004	294	30
5066	2005	295	30
5066	2006	302	30
5066	2007	289	30
5066	2008	278	30
5070	1998	292	18
5070	1999	298	18
5070	2000	310	18
5070	2001	306	18
5070	2002	293	18
5070	2003	306	18
5070	2004	299	18
5070	2005	308	18
5070	2006	310	18
5070	2007	304	18
5070	2008	300	18
5070	2009	301	18
5070	2010	298	18
5070	2011	301	18
5070	2012	320	18
5070	2013	298	18
5070	2014	308	18
5070	2015	297	18
5074	1979	283	31
5074	1980	290	31
5074	1981	279	31
5074	1983	281	31
5074	1984	281	31
5074	1985	283	31
5074	1987	292	31
5074	1991	313	31
5074	1992	270	31
5074	1994	294	31
5074	1995	305	31
5074	1996	301	31
5074	1997	299	31
5074	1998	292	31
5074	1999	299	31
5074	2000	302	31
5074	2001	305	31
5074	2002	300	31
5074	2003	291	31
5074	2004	295	31
5074	2005	303	31
5074	2006	306	31
5074	2007	288	31
5074	2008	300	31
5074	2009	295	31
5074	2010	300	31
5074	2011	300	31
5074	2012	331	31
5074	2013	304	31
5074	2014	304	31
5074	2015	300	31
5077	1980	305	31
5077	1982	299	31
5077	1984	301	31
5077	1985	305	31
5077	1986	290	31
5077	1988	295	31
5077	1989	297	31
5077	1991	310	31
5077	1992	301	31
5077	1993	291	31
5077	1994	292	31
5077	1995	305	31
5077	1996	292	31
5077	1997	305	31
5077	1998	305	31
5077	1999	302	31
5077	2000	297	31
5077	2001	305	31
5077	2002	297	31
5077	2003	293	31
5077	2004	292	31
5077	2005	309	31
5077	2006	305	31
5077	2007	316	31
5077	2008	288	31
5077	2009	309	31
5077	2010	285	31
5077	2011	301	31
5077	2012	322	31
5077	2013	294	31
5077	2014	288	31
5078	1979	282	32
5078	1980	301	32
5078	1981	297	32
5078	1982	281	32
5078	1984	310	32
5078	1985	312	32
5078	1986	300	32
5078	1987	307	32
5078	1988	288	32
5078	1989	293	32
5078	1991	300	32
5078	1992	273	32
5078	1993	279	32
5078	1994	294	32
5078	1995	300	32
5078	1996	297	32
5078	1997	282	32
5078	1998	289	32
5078	1999	305	32
5078	2000	300	32
5078	2001	297	32
5078	2002	302	32
5078	2003	286	32
5078	2004	294	32
5078	2006	292	32
5078	2008	273	32
5078	2009	271	32
5078	2010	270	32
5078	2011	271	32
5078	2012	307	32
5078	2013	280	32
5078	2014	290	32
5079	1979	294	19
5079	1980	304	19
5079	1981	304	19
5079	1983	302	19
5079	1984	309	19
5079	1985	320	19
5079	1986	299	19
5079	1987	304	19
5079	1988	308	19
5079	1989	302	19
5079	1991	328	19
5079	1995	298	19
5079	1996	303	19
5079	1997	317	19
5079	1998	299	19
5079	1999	307	19
5079	2000	300	19
5079	2001	303	19
5079	2002	298	19
5080	1979	291	34
5080	1980	299	34
5080	1981	297	34
5080	1982	296	34
5080	1983	299	34
5080	1984	293	34
5080	1985	290	34
5080	1986	288	34
5080	1987	305	34
5080	1988	291	34
5080	1991	300	34
5080	1992	299	34
5080	1993	299	34
5080	1994	297	34
5080	1995	307	34
5080	1996	300	34
5080	1997	306	34
5080	1998	293	34
5080	1999	297	34
5080	2000	293	34
5080	2001	304	34
5080	2002	306	34
5080	2003	305	34
5080	2004	305	34
5080	2005	309	34
5080	2006	313	34
5080	2007	300	34
5080	2008	280	34
5080	2009	298	34
5080	2010	294	34
5080	2012	296	34
5080	2013	281	34
5080	2014	294	34
5080	2015	293	34
5084	1979	290	21
5084	1980	304	21
5084	1981	282	21
5084	1982	298	21
5084	1984	305	21
5084	1985	283	21
5084	1986	294	21
5084	1990	294	21
5084	1992	275	21
5084	1993	292	21
5084	1994	280	21
5084	1995	312	21
5084	1996	285	21
5084	1997	291	21
5084	1998	292	21
5084	1999	298	21
5084	2001	298	21
5084	2002	276	21
5084	2003	291	21
5084	2004	293	21
5084	2005	301	21
5086	1982	308	32
5086	1984	287	32
5086	1985	292	32
5086	1987	302	32
5086	1988	299	32
5086	1989	305	32
5086	1990	296	32
5086	1991	309	32
5086	1992	289	32
5086	1993	288	32
5086	1994	292	32
5086	1995	282	32
5086	1996	290	32
5086	1997	282	32
5086	1998	280	32
5086	1999	298	32
5086	2000	281	32
5086	2001	288	32
5086	2002	291	32
5086	2003	293	32
5086	2004	299	32
5086	2005	303	32
5086	2006	310	32
5086	2007	302	32
5086	2008	291	32
5086	2009	303	32
5086	2010	302	32
5086	2011	303	32
5086	2012	315	32
5086	2013	296	32
5086	2014	293	32
5086	2015	296	32
5091	1979	279	21
5091	1980	285	21
5091	1981	284	21
5091	1982	282	21
5091	1984	292	21
5091	1985	304	21
5091	1986	307	21
5091	1987	296	21
5091	1988	284	21
5091	1990	289	21
5091	1991	309	21
5091	1992	295	21
5091	1993	298	21
5091	1994	303	21
5091	1995	303	21
5091	1996	306	21
5091	1997	309	21
5091	1998	300	21
5091	1999	302	21
5091	2000	310	21
5091	2001	314	21
5098	1979	289	34
5098	1980	286	34
5098	1981	288	34
5098	1983	291	34
5098	1984	288	34
5098	1986	285	34
5098	1987	293	34
5098	1989	287	34
5098	1990	306	34
5098	1991	302	34
5098	1992	281	34
5098	1993	273	34
5098	1994	272	34
5098	1995	295	34
5098	1996	287	34
5098	1997	290	34
5098	1998	282	34
5098	1999	274	34
5098	2000	275	34
5098	2001	273	34
5098	2002	272	34
5098	2003	268	34
5098	2004	303	34
5098	2005	279	34
5098	2006	294	34
5098	2007	272	34
5098	2008	273	34
5098	2009	282	34
5098	2010	275	34
5098	2011	287	34
5098	2012	297	34
5098	2013	281	34
5098	2014	298	34
5098	2015	281	34
5103	1979	288	22
5103	1980	288	22
5103	1981	289	22
5103	1982	286	22
5103	1983	285	22
5103	1984	287	22
5103	1985	286	22
5103	1987	284	22
5103	1989	286	22
5103	1990	287	22
5103	1991	288	22
5103	1992	281	22
5103	1993	284	22
5103	1994	286	22
5103	1995	288	22
5103	1996	290	22
5103	1997	293	22
5103	1998	293	22
5103	1999	292	22
5103	2000	293	22
5103	2001	262	22
5103	2002	295	22
5109	1979	290	20
5109	1980	289	20
5109	1982	291	20
5109	1983	290	20
5109	1984	290	20
5109	1985	298	20
5109	1987	290	20
5109	1989	289	20
5109	1991	274	20
5109	1992	279	20
5109	1993	275	20
5109	1994	280	20
5109	1995	279	20
5109	1996	284	20
5109	1997	283	20
5109	1998	276	20
5109	1999	267	20
5109	2000	268	20
5109	2001	270	20
5109	2002	272	20
5118	1982	298	23
5118	1983	298	23
5118	1985	288	23
5118	1986	291	23
5118	1987	301	23
5118	1988	291	23
5118	1990	292	23
5118	1991	299	23
5118	1992	294	23
5118	1994	288	23
5118	1995	293	23
5118	1996	296	23
5118	1997	300	23
5118	1998	286	23
5118	1999	301	23
5118	2000	283	23
5118	2001	309	23
5118	2002	293	23
5118	2003	291	23
5118	2004	293	23
5118	2005	299	23
5118	2006	303	23
5118	2007	283	23
5126	1985	300	15
5126	1986	286	15
5126	1987	301	15
5126	1989	298	15
5126	1990	300	15
5126	1991	301	15
5126	1992	307	15
5126	1993	299	15
5126	1994	289	15
5126	1995	286	15
5126	1996	280	15
5126	1997	300	15
5126	1998	294	15
5126	1999	298	15
5126	2000	286	15
5128	1981	301	29
5128	1982	296	29
5128	1983	306	29
5128	1985	295	29
5128	1988	293	29
5128	1989	293	29
5128	1990	298	29
5128	1991	303	29
5128	1992	296	29
5128	1993	279	29
5128	1994	287	29
5128	1995	301	29
5128	1996	290	29
5128	1997	303	29
5128	1998	285	29
5128	1999	296	29
5128	2000	291	29
5128	2001	282	29
5128	2002	295	29
5128	2003	293	29
5128	2004	288	29
5128	2005	297	29
5128	2006	299	29
5128	2007	289	29
5128	2008	272	29
5128	2009	296	29
5128	2010	294	29
5128	2011	300	29
5128	2012	306	29
5129	1995	265	20
5129	1996	260	20
5129	1997	280	20
5129	1998	260	20
5129	1999	268	20
5129	2000	277	20
5129	2001	265	20
5129	2002	262	20
5129	2003	270	20
5129	2004	267	20
5129	2005	267	20
5129	2006	267	20
5129	2007	252	20
5129	2008	268	20
5129	2009	266	20
5129	2010	264	20
5129	2011	295	20
5129	2012	303	20
5129	2014	301	20
5129	2015	283	20
5130	1979	292	24
5130	1980	303	24
5130	1983	311	24
5130	1986	292	24
5130	1988	306	24
5130	1992	286	24
5130	1993	258	24
5130	1994	288	24
5130	1995	286	24
5130	1996	282	24
5130	1997	304	24
5130	1998	293	24
5130	1999	294	24
5130	2000	289	24
5130	2001	293	24
5130	2002	304	24
5130	2003	261	24
5130	2004	299	24
5130	2005	301	24
5130	2006	306	24
5130	2007	298	24
5130	2008	293	24
5130	2009	303	24
5130	2010	285	24
5131	1979	282	22
5131	1980	284	22
5131	1981	291	22
5131	1982	290	22
5131	1984	296	22
5131	1985	299	22
5131	1986	289	22
5131	1987	297	22
5131	1988	282	22
5131	1989	299	22
5131	1990	286	22
5131	1991	293	22
5131	1992	297	22
5131	1993	287	22
5131	1994	290	22
5131	1995	299	22
5131	1996	289	22
5131	1997	297	22
5131	1998	300	22
5131	1999	298	22
5131	2000	299	22
5131	2015	293	22
5144	1982	275	30
5144	1984	297	30
5144	1985	281	30
5144	1987	300	30
5144	1989	285	30
5144	1990	287	30
5144	1991	293	30
5144	1992	282	30
5144	1993	281	30
5144	1994	280	30
5144	1995	282	30
5144	1996	281	30
5144	1997	293	30
5144	1998	271	30
5144	1999	293	30
5144	2000	288	30
5144	2001	306	30
5144	2002	300	30
5144	2003	302	30
5144	2004	295	30
5144	2005	289	30
5144	2006	300	30
5144	2007	268	30
5144	2008	284	30
5144	2010	288	30
5144	2011	277	30
5144	2012	299	30
5144	2013	287	30
5144	2014	279	30
5144	2015	285	30
5153	1979	290	29
5153	1980	304	29
5153	1981	292	29
5153	1982	293	29
5153	1983	287	29
5153	1984	288	29
5153	1985	290	29
5153	1986	283	29
5153	1987	294	29
5153	1989	295	29
5153	1990	293	29
5153	1991	294	29
5153	1992	268	29
5153	1995	285	29
5153	1996	291	29
5153	1997	275	29
5153	1998	285	29
5153	1999	289	29
5153	2000	298	29
5153	2001	296	29
5153	2002	289	29
5153	2003	287	29
5153	2004	293	29
5153	2005	304	29
5153	2006	314	29
5153	2007	295	29
5153	2008	292	29
5153	2009	301	29
5153	2010	297	29
5155	1979	285	16
5155	1992	282	16
5155	1997	289	16
5155	1998	284	16
5155	2000	291	16
5155	2001	291	16
5155	2002	289	16
5155	2003	289	16
5155	2004	284	16
5155	2005	297	16
5155	2006	302	16
5155	2007	287	16
5155	2008	288	16
5155	2009	291	16
5155	2010	291	16
5155	2011	297	16
5156	1979	286	33
5156	1980	297	33
5156	1981	287	33
5156	1982	299	33
5156	1983	301	33
5156	1984	290	33
5156	1985	296	33
5156	1987	293	33
5156	1989	302	33
5156	1990	299	33
5156	1991	299	33
5156	1992	297	33
5156	1993	286	33
5156	1994	297	33
5156	1995	301	33
5156	1996	298	33
5156	1997	303	33
5156	1998	287	33
5156	1999	302	33
5156	2000	295	33
5156	2001	304	33
5156	2002	298	33
5156	2003	305	33
5156	2004	306	33
5156	2005	305	33
5156	2006	301	33
5156	2007	291	33
5156	2008	297	33
5156	2009	301	33
5156	2010	294	33
5156	2011	307	33
5156	2012	303	33
5156	2013	303	33
5158	1979	297	37
5158	1980	294	37
5158	1981	292	37
5158	1982	300	37
5158	1983	293	37
5158	1984	298	37
5158	1985	295	37
5158	1986	294	37
5158	1987	301	37
5158	1988	300	37
5158	1989	289	37
5158	1990	300	37
5158	1991	294	37
5158	1992	289	37
5158	1993	286	37
5158	1994	298	37
5158	1995	306	37
5158	1996	291	37
5158	1997	302	37
5158	1998	295	37
5158	1999	299	37
5158	2000	294	37
5158	2001	305	37
5158	2002	303	37
5158	2003	305	37
5158	2004	301	37
5158	2005	305	37
5158	2006	305	37
5158	2007	297	37
5158	2008	296	37
5158	2009	303	37
5158	2010	297	37
5158	2011	301	37
5158	2012	324	37
5158	2013	295	37
5158	2014	298	37
5158	2015	293	37
5159	1986	294	22
5159	1987	300	22
5159	1988	294	22
5159	1989	297	22
5159	1990	295	22
5159	1992	294	22
5159	1993	291	22
5159	1994	294	22
5159	1996	299	22
5159	1999	307	22
5159	2000	306	22
5159	2001	304	22
5159	2002	297	22
5159	2004	283	22
5159	2005	316	22
5159	2007	308	22
5159	2008	298	22
5159	2011	286	22
5159	2012	327	22
5159	2013	309	22
5159	2014	303	22
5159	2015	294	22
5163	1993	287	20
5163	1994	289	20
5163	1995	309	20
5163	1997	304	20
5163	1998	292	20
5163	1999	297	20
5163	2000	291	20
5163	2001	303	20
5163	2002	291	20
5163	2003	298	20
5163	2004	297	20
5163	2005	299	20
5163	2006	300	20
5163	2007	290	20
5163	2008	286	20
5163	2009	278	20
5163	2010	286	20
5163	2011	290	20
5163	2012	298	20
5163	2013	288	20
5171	1979	282	37
5171	1980	298	37
5171	1981	300	37
5171	1982	296	37
5171	1983	299	37
5171	1984	296	37
5171	1985	299	37
5171	1986	285	37
5171	1987	303	37
5171	1988	301	37
5171	1989	300	37
5171	1990	292	37
5171	1991	316	37
5171	1992	303	37
5171	1993	298	37
5171	1994	292	37
5171	1995	320	37
5171	1996	295	37
5171	1997	290	37
5171	1998	285	37
5171	1999	303	37
5171	2000	305	37
5171	2001	305	37
5171	2002	299	37
5171	2003	303	37
5171	2004	299	37
5171	2005	300	37
5171	2006	313	37
5171	2007	295	37
5171	2008	300	37
5171	2009	299	37
5171	2010	291	37
5171	2011	297	37
5171	2012	314	37
5171	2013	294	37
5171	2014	298	37
5171	2015	302	37
5178	1979	282	18
5178	1980	289	18
5178	1981	287	18
5178	1982	287	18
5178	1983	282	18
5178	1984	285	18
5178	1985	289	18
5178	1987	286	18
5178	1989	284	18
5178	1991	293	18
5178	1992	283	18
5178	1993	278	18
5178	1994	278	18
5178	1995	290	18
5178	1996	280	18
5178	1997	285	18
5178	1998	289	18
5178	1999	289	18
5200	1979	286	15
5200	1980	293	15
5200	1981	295	15
5200	1982	300	15
5200	1983	303	15
5200	1984	301	15
5200	1985	297	15
5200	1987	298	15
5200	1988	300	15
5200	1989	297	15
5200	1990	301	15
5200	1991	307	15
5200	1992	306	15
5200	1993	312	15
5200	1994	300	15
5212	1979	288	20
5212	1980	288	20
5212	1981	273	20
5212	1982	291	20
5212	1983	273	20
5212	1984	285	20
5212	1985	294	20
5212	1986	272	20
5212	1987	292	20
5212	1989	295	20
5212	1990	291	20
5212	1991	297	20
5212	1992	288	20
5212	1993	286	20
5212	1994	294	20
5212	1995	294	20
5212	1996	290	20
5212	1997	298	20
5212	1998	280	20
5212	1999	298	20
5213	1979	270	34
5213	1980	290	34
5213	1981	273	34
5213	1982	292	34
5213	1983	285	34
5213	1984	280	34
5213	1985	285	34
5213	1986	290	34
5213	1987	276	34
5213	1991	288	34
5213	1992	297	34
5213	1993	294	34
5213	1994	286	34
5213	1995	288	34
5213	1996	289	34
5213	1997	277	34
5213	1998	272	34
5213	1999	307	34
5213	2000	281	34
5213	2001	278	34
5213	2002	283	34
5213	2003	283	34
5213	2004	288	34
5213	2005	303	34
5213	2006	293	34
5213	2007	268	34
5213	2008	282	34
5213	2009	293	34
5213	2010	288	34
5213	2011	305	34
5213	2012	321	34
5213	2013	293	34
5213	2014	283	34
5213	2015	301	34
5218	1979	295	20
5218	1980	295	20
5218	1981	295	20
5218	1982	304	20
5218	1983	295	20
5218	1984	297	20
5218	1985	306	20
5218	1986	297	20
5218	1987	295	20
5218	1990	285	20
5218	1991	308	20
5218	1992	279	20
5218	1993	293	20
5218	1994	293	20
5218	1995	296	20
5218	1996	300	20
5218	1997	283	20
5218	1998	298	20
5218	1999	307	20
5218	2000	298	20
5231	1981	272	28
5231	1985	310	28
5231	1986	291	28
5231	1988	294	28
5231	1990	311	28
5231	1993	269	28
5231	1994	290	28
5231	1995	308	28
5231	1996	281	28
5231	1997	285	28
5231	1998	293	28
5231	1999	300	28
5231	2000	292	28
5231	2001	295	28
5231	2002	268	28
5231	2003	289	28
5231	2004	297	28
5231	2005	296	28
5231	2006	297	28
5231	2007	291	28
5231	2008	288	28
5231	2009	288	28
5231	2010	293	28
5231	2011	286	28
5231	2012	306	28
5231	2013	295	28
5231	2014	291	28
5231	2015	295	28
5236	1980	304	31
5236	1982	293	31
5236	1983	295	31
5236	1984	294	31
5236	1987	294	31
5236	1988	284	31
5236	1991	301	31
5236	1992	291	31
5236	1993	291	31
5236	1994	291	31
5236	1995	297	31
5236	1996	283	31
5236	1997	307	31
5236	1998	281	31
5236	1999	300	31
5236	2000	278	31
5236	2001	299	31
5236	2002	296	31
5236	2003	299	31
5236	2004	290	31
5236	2005	294	31
5236	2006	295	31
5236	2007	270	31
5236	2008	278	31
5236	2009	296	31
5236	2010	283	31
5236	2011	299	31
5236	2012	303	31
5236	2013	289	31
5236	2014	296	31
5236	2015	293	31
5237	1979	293	36
5237	1980	280	36
5237	1981	290	36
5237	1982	287	36
5237	1983	285	36
5237	1984	293	36
5237	1985	293	36
5237	1987	292	36
5237	1988	286	36
5237	1989	284	36
5237	1990	290	36
5237	1991	286	36
5237	1992	302	36
5237	1993	273	36
5237	1994	282	36
5237	1995	284	36
5237	1996	298	36
5237	1997	305	36
5237	1998	283	36
5237	1999	302	36
5237	2000	286	36
5237	2001	294	36
5237	2002	288	36
5237	2003	281	36
5237	2004	283	36
5237	2005	277	36
5237	2006	290	36
5237	2007	287	36
5237	2008	290	36
5237	2009	296	36
5237	2010	287	36
5237	2011	287	36
5237	2012	306	36
5237	2013	284	36
5237	2014	299	36
5237	2015	304	36
5239	1979	282	17
5239	1980	285	17
5239	1981	285	17
5239	1987	289	17
5239	1989	287	17
5239	1990	289	17
5239	1991	276	17
5239	1992	276	17
5239	1993	269	17
5239	1994	278	17
5239	1995	268	17
5239	1996	264	17
5239	1997	260	17
5239	1998	254	17
5239	1999	253	17
5239	2000	253	17
5239	2001	265	17
5240	1991	286	18
5240	1992	291	18
5240	1993	280	18
5240	1994	303	18
5240	1995	299	18
5240	1996	272	18
5240	1998	282	18
5240	1999	296	18
5240	2000	296	18
5240	2001	301	18
5240	2002	298	18
5240	2003	301	18
5240	2004	292	18
5240	2005	296	18
5240	2006	299	18
5240	2007	295	18
5240	2008	283	18
5240	2009	292	18
5244	1979	282	28
5244	1980	290	28
5244	1981	285	28
5244	1987	285	28
5244	1988	270	28
5244	1989	291	28
5244	1990	290	28
5244	1991	271	28
5244	1992	271	28
5244	1993	268	28
5244	1994	276	28
5244	1995	258	28
5244	1996	264	28
5244	1997	259	28
5244	1998	258	28
5244	1999	254	28
5244	2001	265	28
5244	2002	263	28
5244	2003	244	28
5244	2004	269	28
5244	2005	273	28
5244	2006	267	28
5244	2007	274	28
5244	2009	261	28
5244	2010	254	28
5244	2013	278	28
5244	2014	271	28
5244	2015	258	28
5246	1979	286	32
5246	1980	292	32
5246	1981	278	32
5246	1982	298	32
5246	1983	302	32
5246	1984	294	32
5246	1990	290	32
5246	1991	303	32
5246	1992	290	32
5246	1993	288	32
5246	1994	290	32
5246	1995	292	32
5246	1996	289	32
5246	1997	295	32
5246	1998	297	32
5246	1999	290	32
5246	2000	291	32
5246	2001	293	32
5246	2002	298	32
5246	2003	298	32
5246	2004	297	32
5246	2005	298	32
5246	2006	301	32
5246	2007	297	32
5246	2008	298	32
5246	2009	298	32
5246	2010	297	32
5246	2011	295	32
5246	2012	295	32
5246	2013	283	32
5246	2014	280	32
5246	2015	283	32
5248	1979	277	30
5248	1980	282	30
5248	1981	289	30
5248	1982	294	30
5248	1983	299	30
5248	1984	278	30
5248	1987	299	30
5248	1989	310	30
5248	1991	281	30
5248	1992	278	30
5248	1993	274	30
5248	1994	274	30
5248	1995	298	30
5248	1996	299	30
5248	1997	290	30
5248	1998	289	30
5248	1999	286	30
5248	2000	290	30
5248	2001	299	30
5248	2002	278	30
5248	2003	292	30
5248	2004	290	30
5248	2005	288	30
5248	2006	294	30
5248	2007	300	30
5248	2008	283	30
5248	2009	292	30
5248	2010	297	30
5248	2012	314	30
5248	2013	303	30
5250	1980	292	22
5250	1981	271	22
5250	1984	282	22
5250	1990	281	22
5250	1992	285	22
5250	1993	266	22
5250	1994	283	22
5250	1995	274	22
5250	1996	276	22
5250	1997	283	22
5250	1998	278	22
5250	1999	244	22
5250	2001	290	22
5250	2002	267	22
5250	2003	276	22
5250	2004	266	22
5250	2005	291	22
5250	2006	249	22
5250	2007	287	22
5250	2008	263	22
5250	2009	271	22
5250	2010	275	22
5253	1980	284	17
5253	1981	281	17
5253	1999	296	17
5253	2000	301	17
5253	2001	304	17
5253	2002	304	17
5253	2003	300	17
5253	2004	298	17
5253	2005	303	17
5253	2006	314	17
5253	2007	294	17
5253	2008	305	17
5253	2009	305	17
5253	2010	305	17
5253	2013	292	17
5253	2014	308	17
5253	2015	303	17
5256	1979	280	28
5256	1980	291	28
5256	1981	290	28
5256	1982	290	28
5256	1988	280	28
5256	1989	292	28
5256	1990	281	28
5256	1991	306	28
5256	1993	283	28
5256	1994	297	28
5256	1995	300	28
5256	1996	283	28
5256	1997	285	28
5256	1998	272	28
5256	1999	285	28
5256	2000	274	28
5256	2001	290	28
5256	2002	285	28
5256	2003	280	28
5256	2004	284	28
5256	2005	280	28
5256	2006	290	28
5256	2007	269	28
5256	2008	263	28
5256	2009	285	28
5256	2010	274	28
5256	2011	283	28
5256	2012	312	28
5262	1979	288	35
5262	1980	287	35
5262	1981	280	35
5262	1982	293	35
5262	1983	283	35
5262	1984	283	35
5262	1985	296	35
5262	1987	291	35
5262	1988	285	35
5262	1989	283	35
5262	1990	287	35
5262	1991	296	35
5262	1993	292	35
5262	1994	290	35
5262	1995	307	35
5262	1996	298	35
5262	1997	311	35
5262	1998	293	35
5262	1999	300	35
5262	2000	301	35
5262	2001	304	35
5262	2002	301	35
5262	2003	296	35
5262	2004	299	35
5262	2005	299	35
5262	2006	303	35
5262	2007	295	35
5262	2008	291	35
5262	2009	303	35
5262	2010	303	35
5262	2011	308	35
5262	2012	322	35
5262	2013	299	35
5262	2014	316	35
5262	2015	299	35
5265	1979	293	16
5265	1980	291	16
5265	1981	292	16
5265	1982	297	16
5265	1983	301	16
5265	1984	294	16
5265	1985	301	16
5265	1987	290	16
5265	1989	291	16
5265	1990	287	16
5265	1991	301	16
5265	1992	298	16
5265	1993	282	16
5265	1994	294	16
5265	1995	291	16
5265	1996	300	16
5277	1979	284	28
5277	1982	280	28
5277	1983	291	28
5277	1987	289	28
5277	1989	291	28
5277	1991	298	28
5277	1992	292	28
5277	1993	281	28
5277	1994	283	28
5277	1995	285	28
5277	1996	290	28
5277	1997	301	28
5277	1998	284	28
5277	1999	286	28
5277	2000	293	28
5277	2001	293	28
5277	2002	276	28
5277	2003	272	28
5277	2004	272	28
5277	2005	277	28
5277	2006	278	28
5277	2007	271	28
5277	2008	273	28
5277	2009	268	28
5277	2010	259	28
5277	2012	303	28
5277	2013	273	28
5277	2014	302	28
5281	1979	282	18
5281	1980	298	18
5281	1981	288	18
5281	1982	282	18
5281	1983	298	18
5281	1984	295	18
5281	1985	289	18
5281	1986	299	18
5281	1987	281	18
5281	1990	297	18
5281	1991	310	18
5281	1992	303	18
5281	1993	278	18
5281	1994	300	18
5281	1995	309	18
5281	1996	303	18
5281	1997	303	18
5281	1998	285	18
5283	1982	289	27
5283	1983	284	27
5283	1986	285	27
5283	1988	272	27
5283	1992	284	27
5283	1993	287	27
5283	1994	284	27
5283	1995	288	27
5283	1996	294	27
5283	1998	273	27
5283	1999	293	27
5283	2000	279	27
5283	2001	292	27
5283	2002	285	27
5283	2003	293	27
5283	2004	283	27
5283	2005	298	27
5283	2006	286	27
5283	2007	293	27
5283	2008	283	27
5283	2009	285	27
5283	2010	291	27
5283	2011	304	27
5283	2012	313	27
5283	2013	284	27
5283	2014	281	27
5283	2015	293	27
5292	1993	291	20
5292	1994	285	20
5292	1995	284	20
5292	1996	285	20
5292	1997	287	20
5292	1998	295	20
5292	1999	293	20
5292	2000	289	20
5292	2001	285	20
5292	2002	293	20
5292	2003	295	20
5292	2004	294	20
5292	2005	292	20
5292	2006	288	20
5292	2007	291	20
5292	2008	291	20
5292	2009	291	20
5292	2010	291	20
5292	2011	293	20
5292	2012	322	20
5296	1979	283	33
5296	1983	293	33
5296	1984	291	33
5296	1985	292	33
5296	1986	285	33
5296	1987	291	33
5296	1988	289	33
5296	1989	289	33
5296	1990	282	33
5296	1991	289	33
5296	1992	295	33
5296	1993	302	33
5296	1994	297	33
5296	1995	306	33
5296	1996	299	33
5296	1997	310	33
5296	1998	293	33
5296	1999	297	33
5296	2000	300	33
5296	2001	304	33
5296	2002	302	33
5296	2003	308	33
5296	2004	298	33
5296	2005	307	33
5296	2006	312	33
5296	2007	298	33
5296	2008	300	33
5296	2009	302	33
5296	2010	300	33
5296	2011	304	33
5296	2013	301	33
5296	2014	306	33
5296	2015	304	33
5302	1979	297	34
5302	1980	295	34
5302	1981	286	34
5302	1982	303	34
5302	1983	303	34
5302	1984	294	34
5302	1985	295	34
5302	1987	294	34
5302	1988	293	34
5302	1989	290	34
5302	1991	271	34
5302	1992	283	34
5302	1993	267	34
5302	1994	270	34
5302	1995	273	34
5302	1996	279	34
5302	1997	285	34
5302	1998	296	34
5302	1999	297	34
5302	2000	290	34
5302	2001	297	34
5302	2002	296	34
5302	2003	296	34
5302	2004	292	34
5302	2005	301	34
5302	2006	298	34
5302	2007	301	34
5302	2008	296	34
5302	2009	297	34
5302	2010	291	34
5302	2011	295	34
5302	2013	289	34
5302	2014	314	34
5302	2015	289	34
5305	1979	294	33
5305	1980	289	33
5305	1981	306	33
5305	1982	293	33
5305	1983	291	33
5305	1984	300	33
5305	1985	301	33
5305	1987	300	33
5305	1991	276	33
5305	1992	298	33
5305	1993	290	33
5305	1994	296	33
5305	1995	293	33
5305	1996	294	33
5305	1997	314	33
5305	1998	286	33
5305	1999	289	33
5305	2000	289	33
5305	2001	298	33
5305	2002	288	33
5305	2003	293	33
5305	2004	298	33
5305	2005	288	33
5305	2006	293	33
5305	2007	283	33
5305	2008	301	33
5305	2009	293	33
5305	2010	299	33
5305	2011	303	33
5305	2012	319	33
5305	2013	294	33
5305	2014	293	33
5305	2015	298	33
5307	1991	295	24
5307	1993	275	24
5307	1994	283	24
5307	1995	279	24
5307	1996	284	24
5307	1997	289	24
5307	1998	287	24
5307	1999	290	24
5307	2000	286	24
5307	2001	295	24
5307	2002	289	24
5307	2003	286	24
5307	2004	288	24
5307	2005	290	24
5307	2006	292	24
5307	2007	295	24
5307	2008	289	24
5307	2009	293	24
5307	2010	290	24
5307	2011	303	24
5307	2012	319	24
5307	2013	291	24
5307	2014	299	24
5307	2015	292	24
5317	1979	288	21
5317	1980	288	21
5317	1981	290	21
5317	1982	294	21
5317	1987	285	21
5317	1989	289	21
5317	1990	278	21
5317	1991	298	21
5317	1992	288	21
5317	1993	283	21
5317	1994	295	21
5317	1995	308	21
5317	1996	294	21
5317	1997	307	21
5317	1998	291	21
5317	1999	301	21
5317	2000	306	21
5317	2001	304	21
5317	2002	296	21
5317	2003	293	21
5317	2004	293	21
5321	1992	295	24
5321	1993	285	24
5321	1994	293	24
5321	1995	293	24
5321	1996	292	24
5321	1997	300	24
5321	1998	292	24
5321	1999	297	24
5321	2000	306	24
5321	2001	304	24
5321	2002	298	24
5321	2003	291	24
5321	2004	308	24
5321	2005	301	24
5321	2006	302	24
5321	2007	297	24
5321	2008	285	24
5321	2009	289	24
5321	2010	294	24
5321	2011	300	24
5321	2012	325	24
5321	2013	291	24
5321	2014	297	24
5321	2015	294	24
5325	1979	284	16
5325	1981	295	16
5325	1982	298	16
5325	1994	283	16
5325	2001	300	16
5325	2002	300	16
5325	2003	288	16
5325	2004	295	16
5325	2005	293	16
5325	2006	315	16
5325	2010	296	16
5325	2011	301	16
5325	2012	312	16
5325	2013	293	16
5325	2014	306	16
5325	2015	298	16
5332	1979	304	20
5332	1980	293	20
5332	1981	281	20
5332	1982	292	20
5332	1983	300	20
5332	1984	285	20
5332	1985	299	20
5332	1986	280	20
5332	1988	289	20
5332	1989	282	20
5332	1990	279	20
5332	1991	279	20
5332	1992	292	20
5332	1993	277	20
5332	1994	284	20
5332	1995	280	20
5332	1996	293	20
5332	1997	306	20
5332	1998	293	20
5332	1999	287	20
5333	1979	271	34
5333	1980	273	34
5333	1981	270	34
5333	1982	291	34
5333	1983	287	34
5333	1984	289	34
5333	1985	294	34
5333	1986	275	34
5333	1987	300	34
5333	1988	303	34
5333	1989	289	34
5333	1990	293	34
5333	1991	293	34
5333	1993	298	34
5333	1994	290	34
5333	1995	285	34
5333	1996	285	34
5333	1997	287	34
5333	1998	282	34
5333	1999	276	34
5333	2000	272	34
5333	2001	277	34
5333	2002	285	34
5333	2003	287	34
5333	2004	280	34
5333	2005	286	34
5333	2006	286	34
5333	2007	283	34
5333	2008	284	34
5333	2009	283	34
5333	2010	285	34
5333	2011	283	34
5333	2013	288	34
5333	2014	281	34
5341	1979	287	34
5341	1980	293	34
5341	1981	294	34
5341	1982	291	34
5341	1983	301	34
5341	1984	301	34
5341	1985	301	34
5341	1986	288	34
5341	1987	299	34
5341	1989	284	34
5341	1991	293	34
5341	1992	298	34
5341	1994	292	34
5341	1995	299	34
5341	1996	287	34
5341	1997	308	34
5341	1998	293	34
5341	1999	291	34
5341	2000	291	34
5341	2001	300	34
5341	2002	294	34
5341	2003	307	34
5341	2004	297	34
5341	2005	299	34
5341	2006	314	34
5341	2007	296	34
5341	2008	292	34
5341	2009	299	34
5341	2010	302	34
5341	2011	310	34
5341	2012	318	34
5341	2013	299	34
5341	2014	304	34
5341	2015	295	34
5352	1981	290	28
5352	1982	289	28
5352	1984	290	28
5352	1985	294	28
5352	1986	286	28
5352	1987	292	28
5352	1988	287	28
5352	1989	289	28
5352	1990	283	28
5352	1991	285	28
5352	1992	297	28
5352	1994	277	28
5352	1997	284	28
5352	1998	282	28
5352	2000	294	28
5352	2002	296	28
5352	2003	285	28
5352	2004	289	28
5352	2005	298	28
5352	2006	303	28
5352	2007	290	28
5352	2008	293	28
5352	2009	303	28
5352	2011	291	28
5352	2012	310	28
5352	2013	283	28
5352	2014	304	28
5352	2015	283	28
5356	1979	299	22
5356	1980	290	22
5356	1981	304	22
5356	1982	304	22
5356	1983	302	22
5356	1984	298	22
5356	1985	296	22
5356	1986	289	22
5356	1987	307	22
5356	1988	303	22
5356	1989	302	22
5356	1990	281	22
5356	1991	307	22
5356	1992	298	22
5356	1993	295	22
5356	1994	296	22
5356	1995	302	22
5356	1996	296	22
5356	1997	291	22
5356	1998	302	22
5356	1999	305	22
5356	2000	303	22
5360	1979	289	15
5360	1980	302	15
5360	1981	298	15
5360	1982	291	15
5360	1983	300	15
5360	1984	292	15
5360	1985	300	15
5360	1986	287	15
5360	1987	297	15
5360	1988	288	15
5360	1989	291	15
5360	1991	306	15
5360	1992	296	15
5360	1993	287	15
5360	1994	289	15
5363	1979	276	30
5363	1980	298	30
5363	1981	282	30
5363	1982	275	30
5363	1984	278	30
5363	1991	276	30
5363	1992	273	30
5363	1993	262	30
5363	1994	265	30
5363	1995	278	30
5363	1996	280	30
5363	1997	297	30
5363	1998	286	30
5363	1999	286	30
5363	2000	282	30
5363	2001	280	30
5363	2002	277	30
5363	2003	287	30
5363	2004	296	30
5363	2005	304	30
5363	2006	294	30
5363	2007	277	30
5363	2008	278	30
5363	2009	290	30
5363	2010	292	30
5363	2011	299	30
5363	2012	307	30
5363	2013	286	30
5363	2014	303	30
5363	2015	298	30
5364	1979	285	30
5364	1980	294	30
5364	1981	271	30
5364	1983	291	30
5364	1985	297	30
5364	1989	290	30
5364	1990	280	30
5364	1991	295	30
5364	1992	302	30
5364	1993	284	30
5364	1994	287	30
5364	1995	283	30
5364	1996	280	30
5364	1997	288	30
5364	1998	274	30
5364	2000	272	30
5364	2002	292	30
5364	2003	314	30
5364	2004	290	30
5364	2005	264	30
5364	2006	305	30
5364	2007	284	30
5364	2008	292	30
5364	2009	308	30
5364	2010	297	30
5364	2011	301	30
5364	2012	328	30
5364	2013	293	30
5364	2014	302	30
5364	2015	302	30
5369	1993	316	23
5369	1994	295	23
5369	1995	303	23
5369	1996	291	23
5369	1997	312	23
5369	1998	299	23
5369	1999	305	23
5369	2000	308	23
5369	2001	297	23
5369	2002	295	23
5369	2003	301	23
5369	2004	302	23
5369	2005	295	23
5369	2006	311	23
5369	2007	297	23
5369	2008	289	23
5369	2009	301	23
5369	2010	300	23
5369	2011	304	23
5369	2012	317	23
5369	2013	298	23
5369	2014	310	23
5369	2015	305	23
5370	1992	274	20
5370	1993	267	20
5370	1994	263	20
5370	1995	273	20
5370	1996	274	20
5370	1998	245	20
5370	1999	261	20
5370	2001	274	20
5370	2002	285	20
5370	2003	277	20
5370	2004	271	20
5370	2005	270	20
5370	2006	283	20
5370	2008	273	20
5370	2009	266	20
5370	2010	257	20
5370	2012	296	20
5370	2013	255	20
5370	2014	276	20
5370	2015	273	20
5377	1979	288	30
5377	1981	300	30
5377	1982	277	30
5377	1983	292	30
5377	1986	285	30
5377	1987	292	30
5377	1988	291	30
5377	1989	295	30
5377	1990	275	30
5377	1991	283	30
5377	1993	275	30
5377	1994	268	30
5377	1995	291	30
5377	1998	275	30
5377	1999	298	30
5377	2000	293	30
5377	2001	289	30
5377	2002	285	30
5377	2003	293	30
5377	2004	301	30
5377	2006	264	30
5377	2007	277	30
5377	2008	272	30
5377	2009	273	30
5377	2010	267	30
5377	2011	277	30
5377	2012	302	30
5377	2013	271	30
5377	2014	273	30
5377	2015	278	30
5379	1979	286	15
5379	1980	292	15
5379	1981	287	15
5379	1982	301	15
5379	1983	295	15
5379	1984	295	15
5379	1985	290	15
5379	1986	284	15
5379	1987	282	15
5379	1989	284	15
5379	1990	283	15
5379	1991	303	15
5379	1992	290	15
5379	1993	283	15
5379	1994	288	15
5383	1993	303	15
5383	1994	298	15
5383	1995	307	15
5383	1997	297	15
5383	1998	288	15
5383	1999	284	15
5383	2000	301	15
5383	2001	315	15
5383	2002	300	15
5383	2003	308	15
5383	2004	297	15
5383	2005	310	15
5383	2006	316	15
5383	2007	292	15
5383	2008	271	15
5386	1981	289	15
5386	1983	302	15
5386	1984	298	15
5386	1985	278	15
5386	1986	278	15
5386	1987	292	15
5386	1988	287	15
5386	1991	304	15
5386	1992	300	15
5386	1994	292	15
5386	1995	289	15
5386	1996	286	15
5386	1997	282	15
5386	1998	286	15
5386	1999	294	15
5391	1979	288	22
5391	1980	291	22
5391	1981	293	22
5391	1982	293	22
5391	1983	282	22
5391	1984	293	22
5391	1985	293	22
5391	1987	290	22
5391	1988	287	22
5391	1989	295	22
5391	1990	275	22
5391	1991	290	22
5391	1992	281	22
5391	1993	286	22
5391	1994	291	22
5391	1995	289	22
5391	1996	289	22
5391	1997	303	22
5391	1998	290	22
5391	1999	304	22
5391	2000	291	22
5391	2001	291	22
5394	1979	295	24
5394	1980	305	24
5394	1981	292	24
5394	1984	290	24
5394	1985	285	24
5394	1986	284	24
5394	1987	306	24
5394	1988	300	24
5394	1989	304	24
5394	1990	300	24
5394	1991	295	24
5394	1992	292	24
5394	1993	293	24
5394	1994	291	24
5394	1995	282	24
5394	1996	275	24
5394	1997	282	24
5394	1998	278	24
5394	1999	293	24
5394	2000	289	24
5394	2001	278	24
5394	2002	279	24
5394	2003	286	24
5394	2004	280	24
5397	1979	303	29
5397	1980	292	29
5397	1981	280	29
5397	1982	294	29
5397	1983	287	29
5397	1984	291	29
5397	1985	297	29
5397	1986	285	29
5397	1987	290	29
5397	1988	280	29
5397	1991	270	29
5397	1994	268	29
5397	1995	280	29
5397	1996	287	29
5397	1997	297	29
5397	1998	284	29
5397	1999	299	29
5397	2000	288	29
5397	2001	301	29
5397	2002	285	29
5397	2003	292	29
5397	2004	293	29
5397	2005	294	29
5397	2006	296	29
5397	2007	273	29
5397	2008	277	29
5397	2009	300	29
5397	2010	283	29
5397	2011	297	29
5400	1979	278	16
5400	1980	288	16
5400	1981	284	16
5400	1982	291	16
5400	1983	287	16
5400	1984	293	16
5400	1985	291	16
5400	1986	283	16
5400	1987	293	16
5400	1988	285	16
5400	1989	298	16
5400	1990	291	16
5400	1991	304	16
5400	1992	291	16
5400	1993	281	16
5400	1994	266	16
5402	1987	311	18
5402	1999	279	18
5402	2000	263	18
5402	2001	261	18
5402	2002	276	18
5402	2003	284	18
5402	2004	274	18
5402	2005	278	18
5402	2006	283	18
5402	2007	274	18
5402	2008	283	18
5402	2009	288	18
5402	2010	287	18
5402	2011	290	18
5402	2012	323	18
5402	2013	289	18
5402	2014	298	18
5402	2015	302	18
5403	1982	290	24
5403	1987	295	24
5403	1988	293	24
5403	1995	292	24
5403	1996	289	24
5403	1997	288	24
5403	1998	287	24
5403	1999	301	24
5403	2000	283	24
5403	2001	289	24
5403	2002	293	24
5403	2003	303	24
5403	2004	293	24
5403	2005	289	24
5403	2006	291	24
5403	2007	281	24
5403	2008	280	24
5403	2009	298	24
5403	2010	295	24
5403	2011	291	24
5403	2012	301	24
5403	2013	296	24
5403	2014	279	24
5403	2015	302	24
5406	1979	283	36
5406	1980	298	36
5406	1981	286	36
5406	1982	295	36
5406	1983	295	36
5406	1984	291	36
5406	1985	299	36
5406	1987	292	36
5406	1988	284	36
5406	1989	294	36
5406	1990	285	36
5406	1991	290	36
5406	1992	300	36
5406	1993	305	36
5406	1994	301	36
5406	1995	305	36
5406	1996	301	36
5406	1997	313	36
5406	1998	296	36
5406	1999	303	36
5406	2000	300	36
5406	2001	307	36
5406	2002	299	36
5406	2003	309	36
5406	2004	300	36
5406	2005	300	36
5406	2006	304	36
5406	2007	289	36
5406	2008	292	36
5406	2009	301	36
5406	2010	301	36
5406	2011	298	36
5406	2012	325	36
5406	2013	296	36
5406	2014	302	36
5406	2015	299	36
5409	1979	288	17
5409	1980	300	17
5409	1981	288	17
5409	1982	301	17
5409	1983	296	17
5409	1985	304	17
5409	1986	279	17
5409	1987	296	17
5409	1988	277	17
5409	1989	279	17
5409	1990	287	17
5409	1991	306	17
5409	1992	299	17
5409	1993	280	17
5409	1994	294	17
5409	1995	298	17
5409	1996	288	17
5413	1979	285	35
5413	1980	292	35
5413	1981	286	35
5413	1982	292	35
5413	1983	288	35
5413	1985	298	35
5413	1986	281	35
5413	1987	295	35
5413	1989	283	35
5413	1990	285	35
5413	1991	303	35
5413	1992	296	35
5413	1993	282	35
5413	1994	288	35
5413	1995	297	35
5413	1996	286	35
5413	1997	300	35
5413	1998	285	35
5413	1999	298	35
5413	2000	289	35
5413	2001	298	35
5413	2002	289	35
5413	2003	293	35
5413	2004	296	35
5413	2005	290	35
5413	2006	294	35
5413	2007	286	35
5413	2008	280	35
5413	2009	300	35
5413	2010	281	35
5413	2011	299	35
5413	2012	299	35
5413	2013	287	35
5413	2014	287	35
5413	2015	291	35
5414	1979	281	32
5414	1981	294	32
5414	1983	302	32
5414	1984	298	32
5414	1985	309	32
5414	1986	292	32
5414	1987	313	32
5414	1989	308	32
5414	1990	288	32
5414	1991	300	32
5414	1992	294	32
5414	1993	293	32
5414	1994	296	32
5414	1995	302	32
5414	1996	290	32
5414	1997	310	32
5414	1998	290	32
5414	1999	304	32
5414	2000	300	32
5414	2001	304	32
5414	2002	297	32
5414	2003	308	32
5414	2004	297	32
5414	2005	303	32
5414	2006	315	32
5414	2007	298	32
5414	2008	296	32
5414	2009	301	32
5414	2011	304	32
5414	2013	297	32
5414	2014	298	32
5414	2015	299	32
5415	1979	297	32
5415	1980	292	32
5415	1981	303	32
5415	1982	299	32
5415	1983	300	32
5415	1984	309	32
5415	1985	306	32
5415	1986	290	32
5415	1987	305	32
5415	1988	292	32
5415	1989	294	32
5415	1990	299	32
5415	1991	306	32
5415	1992	285	32
5415	1993	288	32
5415	1994	286	32
5415	1995	289	32
5415	1996	283	32
5415	1997	313	32
5415	1998	287	32
5415	1999	288	32
5415	2000	289	32
5415	2001	287	32
5415	2002	284	32
5415	2003	281	32
5415	2004	283	32
5415	2005	284	32
5415	2006	284	32
5415	2007	280	32
5415	2008	275	32
5415	2009	273	32
5415	2010	271	32
5416	1979	291	19
5416	1980	293	19
5416	1981	298	19
5416	1982	307	19
5416	1983	306	19
5416	1984	312	19
5416	1985	311	19
5416	1986	298	19
5416	1987	307	19
5416	1988	299	19
5416	1989	299	19
5416	1990	296	19
5416	1991	312	19
5416	1992	306	19
5416	1993	305	19
5416	1994	298	19
5416	1995	302	19
5416	1996	299	19
5416	1997	312	19
5417	1979	286	32
5417	1980	289	32
5417	1981	291	32
5417	1982	296	32
5417	1983	294	32
5417	1984	294	32
5417	1985	300	32
5417	1986	291	32
5417	1987	287	32
5417	1988	298	32
5417	1989	295	32
5417	1990	298	32
5417	1991	312	32
5417	1992	289	32
5417	1993	273	32
5417	1994	287	32
5417	1995	293	32
5417	1996	280	32
5417	1997	305	32
5417	1998	285	32
5417	1999	297	32
5417	2000	302	32
5417	2001	300	32
5417	2002	292	32
5417	2003	287	32
5417	2004	290	32
5417	2005	297	32
5417	2006	295	32
5417	2007	278	32
5417	2008	285	32
5417	2009	301	32
5417	2010	288	32
5421	1979	280	30
5421	1980	283	30
5421	1981	265	30
5421	1982	280	30
5421	1984	289	30
5421	1985	293	30
5421	1986	274	30
5421	1987	295	30
5421	1988	289	30
5421	1989	288	30
5421	1990	294	30
5421	1991	299	30
5421	1992	273	30
5421	1993	276	30
5421	1994	284	30
5421	1996	299	30
5421	1997	300	30
5421	1998	274	30
5421	1999	295	30
5421	2000	287	30
5421	2001	302	30
5421	2002	292	30
5421	2003	288	30
5421	2004	295	30
5421	2005	289	30
5421	2006	294	30
5421	2007	276	30
5421	2008	283	30
5421	2009	291	30
5421	2013	287	30
5426	1979	291	19
5426	1983	278	19
5426	1984	274	19
5426	1985	294	19
5426	1986	278	19
5426	1987	285	19
5426	1988	281	19
5426	1989	276	19
5426	1990	280	19
5426	1991	293	19
5426	1992	291	19
5426	1993	280	19
5426	1994	287	19
5426	1995	281	19
5426	1996	278	19
5426	1997	296	19
5426	1998	285	19
5426	1999	287	19
5426	2000	280	19
5427	1979	281	28
5427	1980	272	28
5427	1981	270	28
5427	1983	286	28
5427	1990	280	28
5427	1991	283	28
5427	1992	277	28
5427	1993	265	28
5427	1994	270	28
5427	1995	276	28
5427	1996	279	28
5427	1997	277	28
5427	1998	279	28
5427	1999	282	28
5427	2000	288	28
5427	2001	292	28
5427	2002	281	28
5427	2003	283	28
5427	2004	282	28
5427	2005	293	28
5427	2006	291	28
5427	2007	298	28
5427	2008	281	28
5427	2011	292	28
5427	2012	308	28
5427	2013	292	28
5427	2014	297	28
5427	2015	294	28
5431	1979	285	17
5431	1980	290	17
5431	1982	301	17
5431	1983	286	17
5431	1984	294	17
5431	1985	281	17
5431	1987	294	17
5431	1989	294	17
5431	1990	287	17
5431	1991	289	17
5431	1992	287	17
5431	1993	271	17
5431	1994	291	17
5431	1995	301	17
5431	1996	288	17
5431	1997	293	17
5431	1998	293	17
5433	1979	294	26
5433	1980	290	26
5433	1981	295	26
5433	1982	287	26
5433	1983	280	26
5433	1984	306	26
5433	1985	297	26
5433	1986	283	26
5433	1988	279	26
5433	1989	272	26
5433	1991	283	26
5433	1992	286	26
5433	1993	291	26
5433	1994	286	26
5433	1995	289	26
5433	1996	291	26
5433	1997	287	26
5433	1998	281	26
5433	1999	290	26
5433	2000	285	26
5433	2001	286	26
5433	2002	287	26
5433	2003	301	26
5433	2004	299	26
5433	2005	298	26
5433	2006	291	26
5434	1979	267	30
5434	1980	288	30
5434	1981	288	30
5434	1985	282	30
5434	1987	293	30
5434	1988	275	30
5434	1989	289	30
5434	1990	282	30
5434	1991	276	30
5434	1992	279	30
5434	1993	288	30
5434	1994	280	30
5434	1995	280	30
5434	1996	291	30
5434	1997	271	30
5434	1998	302	30
5434	2001	279	30
5434	2003	296	30
5434	2004	295	30
5434	2005	285	30
5434	2006	284	30
5434	2007	270	30
5434	2008	276	30
5434	2009	295	30
5434	2010	286	30
5434	2011	285	30
5434	2012	303	30
5434	2013	293	30
5434	2014	303	30
5434	2015	294	30
5436	1979	282	34
5436	1980	304	34
5436	1981	299	34
5436	1982	290	34
5436	1983	288	34
5436	1984	302	34
5436	1985	319	34
5436	1986	292	34
5436	1987	311	34
5436	1988	293	34
5436	1989	294	34
5436	1990	291	34
5436	1991	302	34
5436	1992	299	34
5436	1993	289	34
5436	1994	295	34
5436	1995	304	34
5436	1996	296	34
5436	1997	311	34
5436	1998	297	34
5436	1999	304	34
5436	2000	300	34
5436	2001	307	34
5436	2002	298	34
5436	2003	306	34
5436	2004	312	34
5436	2005	305	34
5436	2006	307	34
5436	2007	303	34
5436	2008	304	34
5436	2009	312	34
5436	2010	304	34
5436	2011	310	34
5436	2012	326	34
5439	1979	285	35
5439	1980	287	35
5439	1981	298	35
5439	1982	304	35
5439	1983	311	35
5439	1984	306	35
5439	1985	309	35
5439	1986	294	35
5439	1987	313	35
5439	1988	302	35
5439	1991	303	35
5439	1992	298	35
5439	1993	297	35
5439	1994	297	35
5439	1995	304	35
5439	1996	300	35
5439	1997	312	35
5439	1998	291	35
5439	1999	283	35
5439	2000	321	35
5439	2001	320	35
5439	2002	298	35
5439	2003	307	35
5439	2004	301	35
5439	2005	301	35
5439	2006	313	35
5439	2007	303	35
5439	2008	301	35
5439	2009	304	35
5439	2010	295	35
5439	2011	300	35
5439	2012	329	35
5439	2013	301	35
5439	2014	305	35
5439	2015	298	35
5440	1981	299	19
5440	1982	305	19
5440	1983	290	19
5440	1984	307	19
5440	1985	302	19
5440	1986	291	19
5440	1987	305	19
5440	1988	293	19
5440	1989	293	19
5440	1990	301	19
5440	1991	314	19
5440	1992	306	19
5440	1993	299	19
5440	1994	300	19
5440	1995	305	19
5440	1996	299	19
5440	1997	307	19
5440	1998	299	19
5440	1999	306	19
5443	1979	275	31
5443	1980	301	31
5443	1981	292	31
5443	1982	292	31
5443	1983	285	31
5443	1987	283	31
5443	1990	288	31
5443	1991	279	31
5443	1992	267	31
5443	1993	245	31
5443	1994	281	31
5443	1995	275	31
5443	1996	261	31
5443	1997	276	31
5443	1998	273	31
5443	1999	285	31
5443	2000	268	31
5443	2001	269	31
5443	2002	275	31
5443	2003	278	31
5443	2004	281	31
5443	2005	272	31
5443	2006	270	31
5443	2007	267	31
5443	2008	271	31
5443	2009	273	31
5443	2010	270	31
5443	2011	271	31
5443	2013	280	31
5443	2014	276	31
5443	2015	279	31
5446	1979	288	20
5446	1980	290	20
5446	1981	289	20
5446	1982	296	20
5446	1983	295	20
5446	1984	293	20
5446	1987	286	20
5446	1988	288	20
5446	1989	283	20
5446	1990	285	20
5446	1991	288	20
5446	1992	287	20
5446	1993	278	20
5446	1994	281	20
5446	1995	299	20
5446	1996	292	20
5446	1997	293	20
5446	1998	291	20
5446	1999	298	20
5446	2000	298	20
5449	1991	269	15
5449	2002	290	15
5449	2003	286	15
5449	2004	287	15
5449	2005	293	15
5449	2006	295	15
5449	2007	283	15
5449	2008	284	15
5449	2009	290	15
5449	2010	282	15
5449	2011	298	15
5449	2012	323	15
5449	2013	294	15
5449	2014	293	15
5449	2015	285	15
5450	1979	283	18
5450	1980	292	18
5450	1981	293	18
5450	1982	276	18
5450	1983	272	18
5450	1987	297	18
5450	1988	287	18
5450	1989	291	18
5450	1990	283	18
5450	1991	290	18
5450	1992	297	18
5450	2005	280	18
5450	2006	274	18
5450	2007	268	18
5450	2008	273	18
5450	2009	269	18
5450	2010	268	18
5450	2011	274	18
5457	1979	285	34
5457	1980	291	34
5457	1981	296	34
5457	1982	283	34
5457	1984	282	34
5457	1985	282	34
5457	1986	275	34
5457	1987	284	34
5457	1990	281	34
5457	1991	289	34
5457	1992	283	34
5457	1993	278	34
5457	1994	272	34
5457	1995	275	34
5457	1996	294	34
5457	1997	307	34
5457	1998	283	34
5457	1999	297	34
5457	2000	283	34
5457	2001	303	34
5457	2002	290	34
5457	2003	289	34
5457	2004	296	34
5457	2005	288	34
5457	2006	295	34
5457	2007	290	34
5457	2008	288	34
5457	2009	300	34
5457	2010	297	34
5457	2011	298	34
5457	2012	311	34
5457	2013	292	34
5457	2014	300	34
5457	2015	297	34
5460	1979	280	33
5460	1980	286	33
5460	1981	290	33
5460	1983	282	33
5460	1984	280	33
5460	1985	281	33
5460	1986	280	33
5460	1990	281	33
5460	1991	288	33
5460	1992	263	33
5460	1993	265	33
5460	1994	263	33
5460	1995	265	33
5460	1996	274	33
5460	1997	276	33
5460	1998	278	33
5460	1999	289	33
5460	2000	291	33
5460	2001	293	33
5460	2002	296	33
5460	2003	299	33
5460	2004	298	33
5460	2005	300	33
5460	2006	301	33
5460	2007	297	33
5460	2008	291	33
5460	2009	299	33
5460	2010	301	33
5460	2011	299	33
5460	2012	308	33
5460	2013	293	33
5460	2014	298	33
5460	2015	299	33
5461	1993	309	23
5461	1994	304	23
5461	1995	304	23
5461	1996	301	23
5461	1997	318	23
5461	1998	306	23
5461	1999	306	23
5461	2000	320	23
5461	2001	325	23
5461	2002	304	23
5461	2003	310	23
5461	2004	308	23
5461	2005	305	23
5461	2006	321	23
5461	2007	303	23
5461	2008	304	23
5461	2009	301	23
5461	2010	297	23
5461	2011	305	23
5461	2012	331	23
5461	2013	300	23
5461	2014	290	23
5461	2015	304	23
5462	1979	297	22
5462	1980	293	22
5462	1981	297	22
5462	1982	309	22
5462	1983	298	22
5462	1984	297	22
5462	1985	314	22
5462	1986	283	22
5462	1987	302	22
5462	1988	300	22
5462	1989	309	22
5462	1990	306	22
5462	1991	313	22
5462	1992	288	22
5462	1993	292	22
5462	1994	299	22
5462	1995	302	22
5462	1996	287	22
5462	1997	312	22
5462	1998	296	22
5462	1999	299	22
5462	2000	308	22
5468	1979	304	26
5468	1980	306	26
5468	1981	305	26
5468	1982	307	26
5468	1983	303	26
5468	1984	314	26
5468	1985	316	26
5468	1991	332	26
5468	1992	285	26
5468	1993	286	26
5468	1994	289	26
5468	1995	290	26
5468	1996	289	26
5468	1997	284	26
5468	1998	275	26
5468	1999	284	26
5468	2000	287	26
5468	2001	293	26
5468	2002	275	26
5468	2003	283	26
5468	2004	287	26
5468	2005	303	26
5468	2006	298	26
5468	2007	293	26
5468	2008	287	26
5468	2009	300	26
5470	1979	278	15
5470	1980	288	15
5470	1981	274	15
5470	1982	280	15
5470	1983	279	15
5470	1984	289	15
5470	1985	279	15
5470	1986	279	15
5470	1987	287	15
5470	1989	284	15
5470	1990	281	15
5470	1991	286	15
5470	1992	287	15
5470	1993	291	15
5470	1994	293	15
5477	1979	272	32
5477	1980	282	32
5477	1981	266	32
5477	1983	283	32
5477	1985	280	32
5477	1988	288	32
5477	1989	288	32
5477	1991	286	32
5477	1992	274	32
5477	1993	291	32
5477	1994	294	32
5477	1995	301	32
5477	1996	289	32
5477	1997	273	32
5477	1998	286	32
5477	1999	291	32
5477	2000	287	32
5477	2001	286	32
5477	2002	288	32
5477	2003	297	32
5477	2004	298	32
5477	2005	297	32
5477	2006	293	32
5477	2007	288	32
5477	2008	290	32
5477	2009	304	32
5477	2010	293	32
5477	2011	274	32
5477	2012	323	32
5477	2013	286	32
5477	2014	294	32
5477	2015	281	32
5488	1979	277	29
5488	1980	284	29
5488	1981	284	29
5488	1982	287	29
5488	1983	296	29
5488	1984	293	29
5488	1985	286	29
5488	1988	289	29
5488	1989	301	29
5488	1991	281	29
5488	1992	275	29
5488	1993	270	29
5488	1994	287	29
5488	1995	273	29
5488	1996	275	29
5488	1997	273	29
5488	1998	279	29
5488	1999	293	29
5488	2000	296	29
5488	2001	307	29
5488	2002	303	29
5488	2003	293	29
5488	2004	300	29
5488	2005	303	29
5488	2006	305	29
5488	2007	300	29
5488	2008	290	29
5488	2009	292	29
5488	2010	296	29
5493	1979	288	26
5493	1980	289	26
5493	1981	287	26
5493	1982	299	26
5493	1983	293	26
5493	1984	298	26
5493	1985	289	26
5493	1986	283	26
5493	1987	290	26
5493	1988	287	26
5493	1989	291	26
5493	1990	299	26
5493	1991	299	26
5493	1992	290	26
5493	1993	297	26
5493	1994	285	26
5493	1995	294	26
5493	1996	291	26
5493	1997	294	26
5493	1998	289	26
5493	1999	292	26
5493	2000	289	26
5493	2001	306	26
5493	2002	296	26
5493	2003	298	26
5493	2004	297	26
5494	1980	302	17
5494	1981	303	17
5494	1982	307	17
5494	1984	297	17
5494	1987	291	17
5494	1988	295	17
5494	1989	300	17
5494	1990	280	17
5494	1992	303	17
5494	1993	291	17
5494	1994	298	17
5494	1995	288	17
5494	1996	285	17
5494	1997	293	17
5494	1998	285	17
5494	1999	273	17
5494	2000	291	17
5501	1979	283	36
5501	1980	287	36
5501	1981	283	36
5501	1982	272	36
5501	1983	290	36
5501	1984	287	36
5501	1985	280	36
5501	1986	278	36
5501	1987	292	36
5501	1988	282	36
5501	1990	278	36
5501	1991	288	36
5501	1992	292	36
5501	1993	293	36
5501	1994	292	36
5501	1995	299	36
5501	1996	289	36
5501	1997	298	36
5501	1998	287	36
5501	1999	292	36
5501	2000	292	36
5501	2001	290	36
5501	2002	292	36
5501	2003	292	36
5501	2004	299	36
5501	2005	293	36
5501	2006	302	36
5501	2007	300	36
5501	2008	274	36
5501	2009	294	36
5501	2010	280	36
5501	2011	292	36
5501	2012	309	36
5501	2013	284	36
5501	2014	291	36
5501	2015	291	36
5503	1979	287	36
5503	1980	287	36
5503	1982	300	36
5503	1983	290	36
5503	1984	296	36
5503	1985	301	36
5503	1986	282	36
5503	1987	303	36
5503	1988	292	36
5503	1989	297	36
5503	1990	293	36
5503	1991	291	36
5503	1992	293	36
5503	1993	285	36
5503	1994	293	36
5503	1995	288	36
5503	1996	283	36
5503	1997	293	36
5503	1998	289	36
5503	1999	290	36
5503	2000	288	36
5503	2001	283	36
5503	2002	281	36
5503	2003	288	36
5503	2004	285	36
5503	2005	288	36
5503	2006	300	36
5503	2007	281	36
5503	2008	278	36
5503	2009	283	36
5503	2010	283	36
5503	2011	297	36
5503	2012	320	36
5503	2013	291	36
5503	2014	292	36
5503	2015	299	36
5505	1979	276	20
5505	1980	291	20
5505	1981	285	20
5505	1982	291	20
5505	1983	288	20
5505	1985	278	20
5505	1987	290	20
5505	1988	288	20
5505	1989	288	20
5505	1990	278	20
5505	1991	284	20
5505	1992	285	20
5505	1993	284	20
5505	1994	288	20
5505	1995	300	20
5505	1996	287	20
5505	1997	294	20
5505	1998	288	20
5505	1999	298	20
5505	2000	299	20
5506	1979	277	16
5506	1980	293	16
5506	1982	288	16
5506	1983	286	16
5506	1986	284	16
5506	1988	275	16
5506	1989	287	16
5506	1991	298	16
5506	1992	299	16
5506	1993	294	16
5506	1994	299	16
5506	1995	301	16
5506	1996	291	16
5506	1997	296	16
5506	1998	293	16
5506	1999	298	16
5507	1979	282	34
5507	1980	289	34
5507	1981	273	34
5507	1982	290	34
5507	1983	288	34
5507	1984	284	34
5507	1985	308	34
5507	1986	277	34
5507	1987	289	34
5507	1988	288	34
5507	1989	291	34
5507	1990	289	34
5507	1991	287	34
5507	1995	275	34
5507	1996	286	34
5507	1997	302	34
5507	1998	286	34
5507	1999	301	34
5507	2000	294	34
5507	2001	301	34
5507	2002	290	34
5507	2003	302	34
5507	2004	296	34
5507	2005	295	34
5507	2006	297	34
5507	2007	294	34
5507	2008	288	34
5507	2009	300	34
5507	2010	288	34
5507	2011	301	34
5507	2012	310	34
5507	2013	291	34
5507	2014	294	34
5507	2015	297	34
5508	1979	295	19
5508	1980	287	19
5508	1982	300	19
5508	1983	288	19
5508	1985	279	19
5508	1986	289	19
5508	1987	297	19
5508	1989	283	19
5508	1990	290	19
5508	1991	292	19
5508	1992	287	19
5508	1993	281	19
5508	1994	293	19
5508	1995	286	19
5508	1996	279	19
5508	1997	286	19
5508	1998	280	19
5508	1999	296	19
5508	2000	288	19
5509	1979	279	27
5509	1980	282	27
5509	1981	287	27
5509	1982	288	27
5509	1983	286	27
5509	1984	282	27
5509	1985	286	27
5509	1987	295	27
5509	1988	280	27
5509	1989	289	27
5509	1991	306	27
5509	1992	286	27
5509	1993	290	27
5509	1994	288	27
5509	1995	303	27
5509	1996	275	27
5509	1997	299	27
5509	1998	288	27
5509	1999	291	27
5509	2000	265	27
5509	2001	290	27
5509	2002	293	27
5509	2003	291	27
5509	2004	288	27
5509	2005	298	27
5509	2006	283	27
5509	2007	273	27
5511	1981	277	33
5511	1982	291	33
5511	1984	293	33
5511	1985	280	33
5511	1986	275	33
5511	1988	293	33
5511	1989	290	33
5511	1990	283	33
5511	1991	301	33
5511	1992	288	33
5511	1993	293	33
5511	1994	283	33
5511	1995	295	33
5511	1996	288	33
5511	1997	281	33
5511	1998	283	33
5511	1999	263	33
5511	2000	263	33
5511	2001	285	33
5511	2002	275	33
5511	2003	283	33
5511	2004	296	33
5511	2005	282	33
5511	2006	274	33
5511	2007	271	33
5511	2008	285	33
5511	2009	271	33
5511	2010	278	33
5511	2011	299	33
5511	2012	298	33
5511	2013	282	33
5511	2014	280	33
5511	2015	297	33
5518	1979	281	37
5518	1980	298	37
5518	1981	293	37
5518	1982	291	37
5518	1983	298	37
5518	1984	298	37
5518	1985	300	37
5518	1986	278	37
5518	1987	302	37
5518	1988	299	37
5518	1989	297	37
5518	1990	290	37
5518	1991	304	37
5518	1992	296	37
5518	1993	291	37
5518	1994	297	37
5518	1995	304	37
5518	1996	293	37
5518	1997	303	37
5518	1998	290	37
5518	1999	301	37
5518	2000	304	37
5518	2001	305	37
5518	2002	297	37
5518	2003	304	37
5518	2004	297	37
5518	2005	301	37
5518	2006	305	37
5518	2007	301	37
5518	2008	300	37
5518	2009	299	37
5518	2010	301	37
5518	2011	301	37
5518	2012	322	37
5518	2013	298	37
5518	2014	300	37
5518	2015	299	37
5520	1979	294	36
5520	1980	290	36
5520	1981	285	36
5520	1982	288	36
5520	1983	294	36
5520	1984	290	36
5520	1985	286	36
5520	1986	293	36
5520	1987	289	36
5520	1988	290	36
5520	1989	287	36
5520	1990	276	36
5520	1991	290	36
5520	1992	286	36
5520	1993	281	36
5520	1994	282	36
5520	1995	280	36
5520	1996	275	36
5520	1997	282	36
5520	1998	274	36
5520	1999	293	36
5520	2000	284	36
5520	2001	283	36
5520	2002	282	36
5520	2003	294	36
5520	2004	283	36
5520	2005	293	36
5520	2006	297	36
5520	2007	285	36
5520	2008	273	36
5520	2009	297	36
5520	2010	297	36
5520	2011	293	36
5520	2012	301	36
5520	2013	290	36
5520	2014	274	36
5522	1980	298	30
5522	1981	284	30
5522	1984	289	30
5522	1987	282	30
5522	1988	290	30
5522	1989	293	30
5522	1991	281	30
5522	1992	291	30
5522	1993	279	30
5522	1994	289	30
5522	1996	270	30
5522	1997	272	30
5522	1998	272	30
5522	1999	293	30
5522	2000	276	30
5522	2001	289	30
5522	2002	277	30
5522	2003	312	30
5522	2004	294	30
5522	2005	307	30
5522	2006	299	30
5522	2007	296	30
5522	2008	290	30
5522	2009	290	30
5522	2010	299	30
5522	2011	275	30
5522	2012	312	30
5522	2013	283	30
5522	2014	289	30
5522	2015	299	30
5527	1979	287	16
5527	1980	295	16
5527	1981	273	16
5527	1983	295	16
5527	1985	298	16
5527	1987	295	16
5527	1989	288	16
5527	1991	313	16
5527	1992	298	16
5527	1993	285	16
5527	1994	305	16
5527	1995	283	16
5527	1996	270	16
5527	1997	285	16
5527	1998	263	16
5527	1999	288	16
5528	1979	283	35
5528	1980	283	35
5528	1981	288	35
5528	1982	283	35
5528	1983	282	35
5528	1984	288	35
5528	1986	285	35
5528	1987	289	35
5528	1988	283	35
5528	1990	285	35
5528	1991	283	35
5528	1992	270	35
5528	1993	270	35
5528	1994	268	35
5528	1995	263	35
5528	1996	258	35
5528	1997	254	35
5528	1998	262	35
5528	1999	253	35
5528	2000	251	35
5528	2001	246	35
5528	2002	245	35
5528	2003	244	35
5528	2004	272	35
5528	2005	285	35
5528	2006	288	35
5528	2007	246	35
5528	2008	278	35
5528	2009	283	35
5528	2010	278	35
5528	2011	274	35
5528	2012	320	35
5528	2013	293	35
5528	2014	283	35
5528	2015	283	35
5529	1980	277	34
5529	1981	279	34
5529	1982	294	34
5529	1983	279	34
5529	1984	281	34
5529	1985	283	34
5529	1986	281	34
5529	1987	300	34
5529	1988	306	34
5529	1989	295	34
5529	1992	293	34
5529	1993	294	34
5529	1994	291	34
5529	1995	291	34
5529	1996	293	34
5529	1997	283	34
5529	1998	293	34
5529	1999	293	34
5529	2000	288	34
5529	2001	293	34
5529	2002	292	34
5529	2003	293	34
5529	2004	299	34
5529	2005	289	34
5529	2006	302	34
5529	2007	280	34
5529	2008	289	34
5529	2009	301	34
5529	2010	301	34
5529	2011	298	34
5529	2012	315	34
5529	2013	274	34
5529	2014	299	34
5529	2015	278	34
5535	1979	284	19
5535	1980	285	19
5535	1981	297	19
5535	1982	289	19
5535	1983	302	19
5535	1984	302	19
5535	1985	300	19
5535	1987	282	19
5535	1988	291	19
5535	1989	302	19
5535	1990	284	19
5535	1991	298	19
5535	1992	289	19
5535	1993	282	19
5535	1994	290	19
5535	1995	288	19
5535	1996	281	19
5535	1997	276	19
5535	1998	280	19
5537	1979	272	19
5537	1980	284	19
5537	1981	299	19
5537	1982	303	19
5537	1984	293	19
5537	1985	300	19
5537	1986	290	19
5537	1987	303	19
5537	1988	294	19
5537	1989	286	19
5537	1990	291	19
5537	1991	296	19
5537	1992	289	19
5537	1993	289	19
5537	1994	276	19
5537	1995	298	19
5537	1996	279	19
5537	1997	288	19
5537	1998	290	19
5548	1979	281	18
5548	1980	290	18
5548	1981	287	18
5548	1982	281	18
5548	1983	283	18
5548	1984	291	18
5548	1985	289	18
5548	1986	283	18
5548	1987	280	18
5548	1989	287	18
5548	1990	286	18
5548	1991	295	18
5548	1992	300	18
5548	1993	289	18
5548	1994	298	18
5548	1995	299	18
5548	1996	301	18
5548	1997	301	18
5550	1992	299	23
5550	1993	257	23
5550	1994	291	23
5550	1995	278	23
5550	1996	271	23
5550	1997	280	23
5550	1998	293	23
5550	1999	293	23
5550	2000	300	23
5550	2001	298	23
5550	2002	270	23
5550	2003	286	23
5550	2004	294	23
5550	2005	289	23
5550	2006	287	23
5550	2007	256	23
5550	2008	271	23
5550	2009	300	23
5550	2010	257	23
5550	2011	300	23
5550	2013	275	23
5550	2014	276	23
5550	2015	279	23
5559	1979	278	20
5559	1980	297	20
5559	1981	290	20
5559	1982	304	20
5559	1983	293	20
5559	1984	300	20
5559	1985	307	20
5559	1986	289	20
5559	1987	295	20
5559	1990	298	20
5559	1991	286	20
5559	1992	281	20
5559	1993	289	20
5559	1994	288	20
5559	1995	284	20
5559	1996	288	20
5559	1997	281	20
5559	1998	289	20
5559	1999	283	20
5559	2000	281	20
5570	1992	287	23
5570	1993	291	23
5570	1994	285	23
5570	1995	281	23
5570	1996	277	23
5570	1997	287	23
5570	1998	282	23
5570	1999	287	23
5570	2000	275	23
5570	2001	281	23
5570	2002	283	23
5570	2003	269	23
5570	2004	289	23
5570	2005	288	23
5570	2006	297	23
5570	2007	292	23
5570	2008	286	23
5570	2009	295	23
5570	2010	292	23
5570	2011	299	23
5570	2012	306	23
5570	2013	285	23
5570	2014	309	23
5574	1992	300	20
5574	1993	302	20
5574	1994	302	20
5574	1995	300	20
5574	1996	300	20
5574	1997	305	20
5574	1998	293	20
5574	1999	300	20
5574	2000	291	20
5574	2001	303	20
5574	2002	299	20
5574	2003	297	20
5574	2004	293	20
5574	2005	296	20
5574	2006	305	20
5574	2007	287	20
5574	2008	301	20
5574	2009	285	20
5574	2010	301	20
5574	2011	282	20
5576	1979	299	37
5576	1980	301	37
5576	1981	289	37
5576	1982	293	37
5576	1983	287	37
5576	1984	300	37
5576	1985	300	37
5576	1986	293	37
5576	1987	299	37
5576	1988	292	37
5576	1989	293	37
5576	1990	290	37
5576	1991	300	37
5576	1992	301	37
5576	1993	289	37
5576	1994	291	37
5576	1995	300	37
5576	1996	292	37
5576	1997	315	37
5576	1998	294	37
5576	1999	304	37
5576	2000	297	37
5576	2001	300	37
5576	2002	291	37
5576	2003	305	37
5576	2004	298	37
5576	2005	296	37
5576	2006	309	37
5576	2007	289	37
5576	2008	289	37
5576	2009	296	37
5576	2010	285	37
5576	2011	301	37
5576	2012	318	37
5576	2013	296	37
5576	2014	302	37
5576	2015	295	37
5578	1980	298	28
5578	1981	287	28
5578	1982	296	28
5578	1984	295	28
5578	1986	294	28
5578	1991	293	28
5578	1992	271	28
5578	1994	268	28
5578	1995	267	28
5578	1996	266	28
5578	1997	271	28
5578	1998	268	28
5578	1999	249	28
5578	2000	246	28
5578	2001	244	28
5578	2002	271	28
5578	2004	272	28
5578	2005	273	28
5578	2006	271	28
5578	2007	266	28
5578	2008	273	28
5578	2009	267	28
5578	2010	259	28
5578	2011	282	28
5578	2012	321	28
5578	2013	280	28
5578	2014	305	28
5578	2015	301	28
5580	1983	291	15
5580	1984	281	15
5580	1988	287	15
5580	1989	291	15
5580	1990	282	15
5580	1991	333	15
5580	1992	289	15
5580	1993	267	15
5580	1994	288	15
5580	1995	300	15
5580	1996	290	15
5580	1997	307	15
5580	1998	281	15
5580	1999	299	15
5580	2000	299	15
5583	1979	285	24
5583	1980	280	24
5583	1981	285	24
5583	1983	284	24
5583	1984	295	24
5583	1985	290	24
5583	1987	282	24
5583	1989	290	24
5583	1990	282	24
5583	1991	290	24
5583	1992	278	24
5583	1993	275	24
5583	1994	278	24
5583	1995	278	24
5583	1996	271	24
5583	1997	275	24
5583	1998	272	24
5583	1999	285	24
5583	2000	278	24
5583	2001	271	24
5583	2002	279	24
5583	2003	298	24
5583	2004	293	24
5583	2005	294	24
5586	1979	293	26
5586	1980	296	26
5586	1981	294	26
5586	1982	301	26
5586	1983	302	26
5586	1984	309	26
5586	1985	300	26
5586	1986	281	26
5586	1987	285	26
5586	1989	286	26
5586	1990	302	26
5586	1991	307	26
5586	1992	280	26
5586	1993	303	26
5586	1994	305	26
5586	1995	306	26
5586	1996	293	26
5586	1997	308	26
5586	1998	289	26
5586	1999	307	26
5586	2000	303	26
5586	2001	310	26
5586	2002	295	26
5586	2003	293	26
5586	2004	299	26
5586	2005	305	26
5588	1979	307	23
5588	1980	315	23
5588	1981	302	23
5588	1982	316	23
5588	1983	304	23
5588	1984	302	23
5588	1985	301	23
5588	1986	294	23
5588	1987	299	23
5588	1988	303	23
5588	1989	292	23
5588	1990	298	23
5588	1992	279	23
5588	1993	285	23
5588	1994	292	23
5588	1995	293	23
5588	1996	288	23
5588	2010	292	23
5588	2011	294	23
5588	2012	303	23
5588	2013	293	23
5588	2014	296	23
5588	2015	296	23
5592	1979	265	27
5592	1980	260	27
5592	1982	294	27
5592	1983	292	27
5592	1985	298	27
5592	1987	300	27
5592	1991	286	27
5592	1995	290	27
5592	1996	279	27
5592	1997	304	27
5592	1998	288	27
5592	1999	296	27
5592	2000	290	27
5592	2001	298	27
5592	2002	285	27
5592	2004	298	27
5592	2005	288	27
5592	2006	295	27
5592	2007	280	27
5592	2008	280	27
5592	2009	290	27
5592	2010	286	27
5592	2011	296	27
5592	2012	329	27
5592	2013	285	27
5592	2014	283	27
5592	2015	287	27
5599	1983	291	23
5599	1984	289	23
5599	1985	293	23
5599	1988	282	23
5599	1989	279	23
5599	1992	277	23
5599	1993	285	23
5599	1994	276	23
5599	1995	279	23
5599	1996	288	23
5599	1997	287	23
5599	1998	288	23
5599	1999	300	23
5599	2000	288	23
5599	2001	286	23
5599	2002	284	23
5599	2003	293	23
5599	2004	288	23
5599	2005	288	23
5599	2006	295	23
5599	2007	287	23
5599	2013	273	23
5599	2015	282	23
5606	1984	280	23
5606	1992	278	23
5606	1993	285	23
5606	1996	283	23
5606	1997	274	23
5606	1998	276	23
5606	1999	277	23
5606	2000	273	23
5606	2001	300	23
5606	2002	276	23
5606	2003	284	23
5606	2004	292	23
5606	2005	296	23
5606	2006	291	23
5606	2007	296	23
5606	2008	296	23
5606	2009	283	23
5606	2010	278	23
5606	2011	295	23
5606	2012	294	23
5606	2013	271	23
5606	2014	285	23
5606	2015	273	23
5614	1979	267	36
5614	1980	284	36
5614	1981	293	36
5614	1982	284	36
5614	1983	285	36
5614	1984	302	36
5614	1985	293	36
5614	1986	280	36
5614	1987	289	36
5614	1988	299	36
5614	1990	302	36
5614	1991	292	36
5614	1992	273	36
5614	1993	262	36
5614	1994	268	36
5614	1995	263	36
5614	1996	282	36
5614	1997	281	36
5614	1998	261	36
5614	1999	265	36
5614	2000	263	36
5614	2001	272	36
5614	2002	268	36
5614	2003	275	36
5614	2004	277	36
5614	2005	275	36
5614	2006	273	36
5614	2007	261	36
5614	2008	265	36
5614	2009	266	36
5614	2010	268	36
5614	2011	284	36
5614	2012	295	36
5614	2013	276	36
5614	2014	283	36
5614	2015	295	36
5617	1979	295	37
5617	1980	285	37
5617	1981	290	37
5617	1982	291	37
5617	1983	292	37
5617	1984	280	37
5617	1985	305	37
5617	1986	280	37
5617	1987	310	37
5617	1988	300	37
5617	1989	300	37
5617	1990	298	37
5617	1991	308	37
5617	1992	271	37
5617	1993	274	37
5617	1994	274	37
5617	1995	271	37
5617	1996	283	37
5617	1997	314	37
5617	1998	293	37
5617	1999	300	37
5617	2000	269	37
5617	2001	290	37
5617	2002	280	37
5617	2003	269	37
5617	2004	301	37
5617	2005	298	37
5617	2006	295	37
5617	2007	274	37
5617	2008	274	37
5617	2009	283	37
5617	2010	300	37
5617	2011	303	37
5617	2012	319	37
5617	2013	301	37
5617	2014	311	37
5617	2015	300	37
5621	1979	278	37
5621	1980	285	37
5621	1981	288	37
5621	1982	295	37
5621	1983	298	37
5621	1984	293	37
5621	1985	295	37
5621	1986	283	37
5621	1987	293	37
5621	1988	288	37
5621	1989	295	37
5621	1990	301	37
5621	1991	310	37
5621	1992	301	37
5621	1993	293	37
5621	1994	298	37
5621	1995	300	37
5621	1996	300	37
5621	1997	313	37
5621	1998	299	37
5621	1999	301	37
5621	2000	305	37
5621	2001	311	37
5621	2002	296	37
5621	2003	307	37
5621	2004	302	37
5621	2005	301	37
5621	2006	306	37
5621	2007	300	37
5621	2008	302	37
5621	2009	306	37
5621	2010	302	37
5621	2011	302	37
5621	2012	320	37
5621	2013	302	37
5621	2014	308	37
5621	2015	303	37
5623	1979	285	35
5623	1980	288	35
5623	1981	295	35
5623	1982	280	35
5623	1983	288	35
5623	1986	278	35
5623	1987	293	35
5623	1988	288	35
5623	1989	296	35
5623	1990	300	35
5623	1991	311	35
5623	1992	300	35
5623	1993	288	35
5623	1994	285	35
5623	1995	293	35
5623	1996	291	35
5623	1997	314	35
5623	1998	297	35
5623	1999	304	35
5623	2000	301	35
5623	2001	312	35
5623	2002	298	35
5623	2003	303	35
5623	2004	309	35
5623	2005	285	35
5623	2006	303	35
5623	2007	284	35
5623	2008	283	35
5623	2009	274	35
5623	2010	286	35
5623	2011	318	35
5623	2012	330	35
5623	2013	296	35
5623	2014	288	35
5623	2015	305	35
5625	1979	280	32
5625	1980	292	32
5625	1981	295	32
5625	1982	288	32
5625	1983	285	32
5625	1984	294	32
5625	1987	287	32
5625	1990	277	32
5625	1991	313	32
5625	1992	289	32
5625	1993	291	32
5625	1994	296	32
5625	1995	302	32
5625	1996	293	32
5625	1997	315	32
5625	1998	293	32
5625	1999	300	32
5625	2000	288	32
5625	2001	300	32
5625	2002	294	32
5625	2003	308	32
5625	2004	299	32
5625	2005	295	32
5625	2007	285	32
5625	2008	283	32
5625	2009	302	32
5625	2010	281	32
5625	2011	301	32
5625	2012	310	32
5625	2013	293	32
5625	2014	303	32
5625	2015	297	32
5626	1979	250	35
5626	1980	270	35
5626	1983	269	35
5626	1984	283	35
5626	1985	285	35
5626	1986	300	35
5626	1987	286	35
5626	1988	280	35
5626	1989	268	35
5626	1990	283	35
5626	1991	284	35
5626	1992	260	35
5626	1993	266	35
5626	1994	285	35
5626	1995	285	35
5626	1996	286	35
5626	1997	296	35
5626	1998	285	35
5626	1999	280	35
5626	2000	271	35
5626	2001	283	35
5626	2002	284	35
5626	2003	289	35
5626	2004	287	35
5626	2005	286	35
5626	2006	279	35
5626	2007	277	35
5626	2008	285	35
5626	2009	288	35
5626	2010	280	35
5626	2011	294	35
5626	2012	302	35
5626	2013	289	35
5626	2014	279	35
5626	2015	287	35
5632	1979	285	28
5632	1980	279	28
5632	1981	285	28
5632	1982	288	28
5632	1983	293	28
5632	1984	283	28
5632	1985	280	28
5632	1986	283	28
5632	1987	287	28
5632	1988	287	28
5632	1989	287	28
5632	1991	292	28
5632	1992	281	28
5632	1993	269	28
5632	1994	290	28
5632	1995	298	28
5632	1996	283	28
5632	1997	301	28
5632	1998	275	28
5632	1999	281	28
5632	2000	284	28
5632	2001	283	28
5632	2002	281	28
5632	2003	292	28
5632	2004	294	28
5632	2005	296	28
5632	2006	293	28
5632	2015	301	28
5633	1979	291	19
5633	1980	302	19
5633	1981	305	19
5633	1982	293	19
5633	1983	293	19
5633	1984	301	19
5633	1985	304	19
5633	1986	290	19
5633	1987	301	19
5633	1988	304	19
5633	1989	297	19
5633	1990	290	19
5633	1991	319	19
5633	1992	301	19
5633	1993	285	19
5633	1994	287	19
5633	1995	291	19
5633	1996	288	19
5633	1997	305	19
5634	1979	289	22
5634	1980	292	22
5634	1981	295	22
5634	1982	289	22
5634	1983	284	22
5634	1984	304	22
5634	1985	307	22
5634	1986	311	22
5634	1987	302	22
5634	1989	283	22
5634	1990	296	22
5634	1991	281	22
5634	1992	295	22
5634	1993	296	22
5634	1994	289	22
5634	1995	291	22
5634	1996	304	22
5634	1997	281	22
5634	1998	296	22
5634	1999	297	22
5634	2000	257	22
5634	2001	271	22
5638	1982	279	28
5638	1983	285	28
5638	1984	295	28
5638	1985	291	28
5638	1986	280	28
5638	1987	294	28
5638	1989	294	28
5638	1991	305	28
5638	1992	296	28
5638	1993	296	28
5638	1994	290	28
5638	1995	298	28
5638	1996	306	28
5638	1997	302	28
5638	1998	295	28
5638	1999	301	28
5638	2000	311	28
5638	2001	323	28
5638	2002	305	28
5638	2003	301	28
5638	2004	293	28
5638	2005	308	28
5638	2006	322	28
5638	2007	312	28
5638	2008	307	28
5638	2009	300	28
5638	2010	311	28
5638	2011	314	28
5639	1979	305	17
5639	1980	299	17
5639	1981	288	17
5639	1983	289	17
5639	1992	256	17
5639	1993	269	17
5639	1994	268	17
5639	1998	272	17
5639	2000	282	17
5639	2001	300	17
5639	2005	291	17
5639	2008	277	17
5639	2009	300	17
5639	2010	283	17
5639	2012	296	17
5639	2013	282	17
5639	2015	279	17
5641	1982	282	28
5641	1983	286	28
5641	1984	297	28
5641	1985	291	28
5641	1986	281	28
5641	1987	293	28
5641	1989	294	28
5641	1991	306	28
5641	1992	296	28
5641	1993	297	28
5641	1994	290	28
5641	1995	298	28
5641	1996	305	28
5641	1997	303	28
5641	1998	296	28
5641	1999	300	28
5641	2000	312	28
5641	2001	322	28
5641	2002	295	28
5641	2003	303	28
5641	2004	306	28
5641	2005	309	28
5641	2006	323	28
5641	2007	312	28
5641	2008	306	28
5641	2009	299	28
5641	2010	312	28
5641	2011	316	28
5643	1987	282	26
5643	1991	292	26
5643	1992	277	26
5643	1993	271	26
5643	1994	269	26
5643	1995	269	26
5643	1996	271	26
5643	1997	277	26
5643	1998	268	26
5643	1999	282	26
5643	2000	278	26
5643	2001	283	26
5643	2002	283	26
5643	2003	289	26
5643	2004	271	26
5643	2005	287	26
5643	2006	287	26
5643	2007	279	26
5643	2008	274	26
5643	2009	271	26
5643	2010	276	26
5643	2011	281	26
5643	2012	302	26
5643	2013	282	26
5643	2014	287	26
5643	2015	284	26
5651	1980	296	32
5651	1982	296	32
5651	1983	293	32
5651	1986	286	32
5651	1987	292	32
5651	1989	297	32
5651	1990	285	32
5651	1991	291	32
5651	1992	292	32
5651	1993	291	32
5651	1994	298	32
5651	1995	305	32
5651	1996	299	32
5651	1997	303	32
5651	1998	287	32
5651	1999	303	32
5651	2000	298	32
5651	2001	302	32
5651	2002	296	32
5651	2003	308	32
5651	2004	299	32
5651	2005	298	32
5651	2006	311	32
5651	2007	293	32
5651	2008	293	32
5651	2009	299	32
5651	2010	296	32
5651	2011	295	32
5651	2012	320	32
5651	2013	289	32
5651	2014	287	32
5651	2015	299	32
5656	1979	288	35
5656	1980	284	35
5656	1982	293	35
5656	1983	295	35
5656	1984	292	35
5656	1985	299	35
5656	1986	280	35
5656	1987	303	35
5656	1988	287	35
5656	1989	293	35
5656	1990	302	35
5656	1991	301	35
5656	1992	300	35
5656	1993	290	35
5656	1994	297	35
5656	1995	295	35
5656	1996	289	35
5656	1997	310	35
5656	1998	297	35
5656	1999	298	35
5656	2001	309	35
5656	2002	297	35
5656	2003	309	35
5656	2004	296	35
5656	2005	298	35
5656	2006	321	35
5656	2007	307	35
5656	2008	299	35
5656	2009	303	35
5656	2010	297	35
5656	2011	306	35
5656	2012	331	35
5656	2013	285	35
5656	2014	306	35
5656	2015	311	35
5657	1979	278	17
5657	1981	287	17
5657	1982	281	17
5657	1984	283	17
5657	1985	293	17
5657	1988	280	17
5657	1989	283	17
5657	1990	285	17
5657	1992	263	17
5657	1993	269	17
5657	1994	278	17
5657	1995	287	17
5657	1996	275	17
5657	1997	289	17
5657	1998	264	17
5657	1999	264	17
5657	2000	271	17
5658	1979	275	15
5658	1980	282	15
5658	1981	288	15
5658	1983	291	15
5658	1984	283	15
5658	1985	279	15
5658	1987	284	15
5658	1989	272	15
5658	1991	284	15
5658	1992	277	15
5658	1993	269	15
5658	1994	274	15
5658	1995	280	15
5658	1996	273	15
5658	1997	284	15
5659	1979	267	31
5659	1980	286	31
5659	1981	268	31
5659	1982	271	31
5659	1988	275	31
5659	1990	276	31
5659	1991	275	31
5659	1992	277	31
5659	1993	282	31
5659	1994	271	31
5659	1995	292	31
5659	1996	285	31
5659	1997	289	31
5659	1998	269	31
5659	1999	291	31
5659	2000	282	31
5659	2001	299	31
5659	2002	277	31
5659	2003	280	31
5659	2004	284	31
5659	2005	285	31
5659	2006	300	31
5659	2007	277	31
5659	2008	287	31
5659	2009	283	31
5659	2010	300	31
5659	2011	285	31
5659	2012	300	31
5659	2013	299	31
5659	2014	285	31
5659	2015	284	31
5661	1979	292	31
5661	1980	299	31
5661	1981	296	31
5661	1982	296	31
5661	1989	283	31
5661	1990	276	31
5661	1991	285	31
5661	1992	253	31
5661	1993	265	31
5661	1994	269	31
5661	1995	286	31
5661	1996	277	31
5661	1997	285	31
5661	1998	279	31
5661	1999	277	31
5661	2000	270	31
5661	2001	268	31
5661	2002	288	31
5661	2003	268	31
5661	2004	280	31
5661	2005	272	31
5661	2006	288	31
5661	2007	269	31
5661	2008	273	31
5661	2009	271	31
5661	2010	275	31
5661	2011	274	31
5661	2012	300	31
5661	2013	280	31
5661	2014	274	31
5661	2015	279	31
5662	1997	303	19
5662	1998	274	19
5662	1999	283	19
5662	2000	288	19
5662	2001	301	19
5662	2002	297	19
5662	2003	296	19
5662	2004	296	19
5662	2005	292	19
5662	2006	301	19
5662	2007	294	19
5662	2008	278	19
5662	2009	283	19
5662	2010	293	19
5662	2011	297	19
5662	2012	325	19
5662	2013	286	19
5662	2014	305	19
5662	2015	292	19
5663	1979	283	35
5663	1980	302	35
5663	1981	300	35
5663	1982	302	35
5663	1983	304	35
5663	1984	305	35
5663	1985	314	35
5663	1986	296	35
5663	1987	308	35
5663	1989	303	35
5663	1990	293	35
5663	1991	307	35
5663	1992	303	35
5663	1993	291	35
5663	1994	300	35
5663	1995	310	35
5663	1996	296	35
5663	1997	307	35
5663	1998	289	35
5663	1999	304	35
5663	2000	298	35
5663	2001	313	35
5663	2002	296	35
5663	2003	305	35
5663	2004	300	35
5663	2005	304	35
5663	2006	312	35
5663	2007	301	35
5663	2008	290	35
5663	2009	302	35
5663	2010	299	35
5663	2011	301	35
5663	2013	298	35
5663	2014	309	35
5663	2015	308	35
5670	1979	293	35
5670	1980	298	35
5670	1981	298	35
5670	1982	288	35
5670	1983	293	35
5670	1984	298	35
5670	1985	299	35
5670	1986	290	35
5670	1987	300	35
5670	1989	283	35
5670	1990	293	35
5670	1991	301	35
5670	1992	301	35
5670	1993	298	35
5670	1994	289	35
5670	1995	293	35
5670	1996	288	35
5670	1997	293	35
5670	1998	285	35
5670	1999	294	35
5670	2000	291	35
5670	2001	293	35
5670	2002	286	35
5670	2003	283	35
5670	2004	286	35
5670	2005	291	35
5670	2006	287	35
5670	2007	268	35
5670	2008	288	35
5670	2009	288	35
5670	2010	275	35
5670	2011	300	35
5670	2013	283	35
5670	2014	292	35
5670	2015	296	35
5678	1982	303	22
5678	1983	299	22
5678	1984	296	22
5678	1985	309	22
5678	1986	293	22
5678	1993	284	22
5678	1994	271	22
5678	1995	279	22
5678	1996	266	22
5678	1997	304	22
5678	1998	285	22
5678	1999	297	22
5678	2000	287	22
5678	2001	298	22
5678	2002	292	22
5678	2003	294	22
5678	2004	292	22
5678	2005	295	22
5678	2006	273	22
5678	2008	276	22
5678	2009	274	22
5678	2010	273	22
5684	1979	287	37
5684	1980	307	37
5684	1981	283	37
5684	1982	289	37
5684	1983	289	37
5684	1984	301	37
5684	1985	304	37
5684	1986	281	37
5684	1987	296	37
5684	1988	278	37
5684	1989	287	37
5684	1990	288	37
5684	1991	300	37
5684	1992	278	37
5684	1993	282	37
5684	1994	278	37
5684	1995	288	37
5684	1996	293	37
5684	1997	281	37
5684	1998	283	37
5684	1999	298	37
5684	2000	293	37
5684	2001	283	37
5684	2002	293	37
5684	2003	295	37
5684	2004	288	37
5684	2005	305	37
5684	2006	307	37
5684	2007	285	37
5684	2008	285	37
5684	2009	301	37
5684	2010	302	37
5684	2011	305	37
5684	2012	322	37
5684	2013	301	37
5684	2014	298	37
5684	2015	294	37
5685	1979	284	26
5685	1980	296	26
5685	1981	288	26
5685	1982	282	26
5685	1984	280	26
5685	1985	284	26
5685	1986	287	26
5685	1987	289	26
5685	1988	293	26
5685	1989	283	26
5685	1992	294	26
5685	1998	273	26
5685	1999	287	26
5685	2002	297	26
5685	2003	295	26
5685	2004	301	26
5685	2005	295	26
5685	2006	314	26
5685	2007	285	26
5685	2008	285	26
5685	2010	275	26
5685	2011	296	26
5685	2012	324	26
5685	2013	276	26
5685	2014	283	26
5685	2015	286	26
5687	1980	287	28
5687	1982	280	28
5687	1987	294	28
5687	1990	282	28
5687	1991	293	28
5687	1992	295	28
5687	1993	283	28
5687	1994	293	28
5687	1995	273	28
5687	1996	267	28
5687	1997	267	28
5687	1998	291	28
5687	1999	275	28
5687	2000	274	28
5687	2001	293	28
5687	2002	298	28
5687	2003	298	28
5687	2004	287	28
5687	2005	309	28
5687	2006	285	28
5687	2007	294	28
5687	2008	267	28
5687	2010	301	28
5687	2011	293	28
5687	2012	318	28
5687	2013	297	28
5687	2014	298	28
5687	2015	297	28
5691	1981	294	25
5691	1982	298	25
5691	1983	298	25
5691	1984	298	25
5691	1985	299	25
5691	1986	287	25
5691	1987	302	25
5691	1988	287	25
5691	1989	278	25
5691	1990	293	25
5691	1991	293	25
5691	1992	287	25
5691	1993	286	25
5691	1994	290	25
5691	1995	308	25
5691	1996	297	25
5691	1997	301	25
5691	1998	279	25
5691	1999	294	25
5691	2000	295	25
5691	2001	305	25
5691	2002	281	25
5691	2003	283	25
5691	2004	307	25
5691	2005	293	25
5693	1979	285	35
5693	1980	279	35
5693	1981	276	35
5693	1983	292	35
5693	1984	292	35
5693	1985	313	35
5693	1986	280	35
5693	1987	304	35
5693	1988	289	35
5693	1989	290	35
5693	1990	293	35
5693	1991	313	35
5693	1992	318	35
5693	1993	311	35
5693	1994	303	35
5693	1995	308	35
5693	1996	319	35
5693	1997	322	35
5693	1998	305	35
5693	1999	303	35
5693	2000	292	35
5693	2001	301	35
5693	2002	303	35
5693	2003	299	35
5693	2004	299	35
5693	2005	295	35
5693	2006	293	35
5693	2007	301	35
5693	2008	302	35
5693	2009	293	35
5693	2010	292	35
5693	2011	304	35
5693	2012	303	35
5693	2013	292	35
5693	2014	294	35
5695	1979	285	27
5695	1980	299	27
5695	1981	285	27
5695	1982	295	27
5695	1983	290	27
5695	1984	295	27
5695	1985	298	27
5695	1986	298	27
5695	1987	298	27
5695	1988	290	27
5695	1989	285	27
5695	1990	285	27
5695	1991	285	27
5695	1992	285	27
5695	1995	295	27
5695	1996	300	27
5695	2002	293	27
5695	2003	294	27
5695	2004	288	27
5695	2005	296	27
5695	2006	296	27
5695	2007	285	27
5695	2008	283	27
5695	2009	286	27
5695	2010	301	27
5695	2011	292	27
5695	2013	290	27
5698	1979	275	19
5698	1980	274	19
5698	1981	278	19
5698	1982	281	19
5698	1983	273	19
5698	1985	277	19
5698	1986	273	19
5698	1988	284	19
5698	1989	287	19
5698	1990	277	19
5698	1991	285	19
5698	1992	279	19
5698	1993	273	19
5698	1994	292	19
5698	1995	301	19
5698	1996	297	19
5698	1997	301	19
5698	1998	300	19
5698	1999	298	19
5699	1979	279	24
5699	1980	287	24
5699	1981	285	24
5699	1982	296	24
5699	1983	303	24
5699	1984	304	24
5699	1985	279	24
5699	1986	296	24
5699	1987	284	24
5699	1988	288	24
5699	1989	302	24
5699	1991	285	24
5699	1992	281	24
5699	1993	271	24
5699	1994	293	24
5699	1995	288	24
5699	1996	271	24
5699	1997	314	24
5699	1998	263	24
5699	1999	271	24
5699	2000	276	24
5699	2001	274	24
5699	2002	274	24
5699	2003	274	24
5714	1992	265	20
5714	1993	281	20
5714	1994	298	20
5714	1995	296	20
5714	1996	287	20
5714	2001	303	20
5714	2002	299	20
5714	2003	297	20
5714	2004	299	20
5714	2005	279	20
5714	2006	297	20
5714	2007	293	20
5714	2008	288	20
5714	2009	301	20
5714	2010	298	20
5714	2011	301	20
5714	2012	323	20
5714	2013	281	20
5714	2014	300	20
5714	2015	273	20
5720	1991	305	25
5720	1992	292	25
5720	1993	289	25
5720	1994	298	25
5720	1995	308	25
5720	1996	295	25
5720	1997	307	25
5720	1998	291	25
5720	1999	301	25
5720	2000	293	25
5720	2001	303	25
5720	2002	285	25
5720	2003	303	25
5720	2004	294	25
5720	2005	301	25
5720	2006	294	25
5720	2007	289	25
5720	2008	290	25
5720	2009	300	25
5720	2010	297	25
5720	2011	303	25
5720	2012	313	25
5720	2013	293	25
5720	2014	300	25
5720	2015	297	25
5721	1979	286	36
5721	1980	285	36
5721	1981	292	36
5721	1982	297	36
5721	1983	294	36
5721	1984	296	36
5721	1985	298	36
5721	1986	288	36
5721	1987	287	36
5721	1989	291	36
5721	1990	297	36
5721	1991	301	36
5721	1992	299	36
5721	1993	285	36
5721	1994	292	36
5721	1995	298	36
5721	1996	294	36
5721	1997	296	36
5721	1998	291	36
5721	1999	294	36
5721	2000	299	36
5721	2001	287	36
5721	2002	291	36
5721	2003	297	36
5721	2004	293	36
5721	2005	301	36
5721	2006	303	36
5721	2007	297	36
5721	2008	296	36
5721	2009	298	36
5721	2010	291	36
5721	2011	300	36
5721	2012	308	36
5721	2013	291	36
5721	2014	294	36
5721	2015	297	36
5725	1979	300	34
5725	1980	290	34
5725	1981	290	34
5725	1982	295	34
5725	1983	295	34
5725	1984	300	34
5725	1985	305	34
5725	1986	285	34
5725	1987	310	34
5725	1988	290	34
5725	1991	290	34
5725	1992	290	34
5725	1993	283	34
5725	1994	288	34
5725	1995	283	34
5725	1996	283	34
5725	1997	288	34
5725	1998	291	34
5725	1999	289	34
5725	2000	283	34
5725	2001	283	34
5725	2002	293	34
5725	2003	282	34
5725	2004	293	34
5725	2005	288	34
5725	2006	288	34
5725	2007	278	34
5725	2008	282	34
5725	2009	278	34
5725	2010	279	34
5725	2011	277	34
5725	2012	334	34
5725	2013	288	34
5725	2014	283	34
5729	1983	291	32
5729	1984	292	32
5729	1985	293	32
5729	1986	287	32
5729	1987	289	32
5729	1989	281	32
5729	1990	282	32
5729	1991	289	32
5729	1992	291	32
5729	1993	292	32
5729	1994	295	32
5729	1995	299	32
5729	1996	294	32
5729	1997	309	32
5729	1998	295	32
5729	1999	302	32
5729	2000	303	32
5729	2001	307	32
5729	2002	297	32
5729	2003	300	32
5729	2004	299	32
5729	2005	301	32
5729	2006	298	32
5729	2007	292	32
5729	2008	291	32
5729	2009	293	32
5729	2010	296	32
5729	2011	300	32
5729	2012	329	32
5729	2013	308	32
5729	2014	308	32
5729	2015	299	32
5732	1979	287	20
5732	1980	297	20
5732	1981	284	20
5732	1982	291	20
5732	1983	282	20
5732	1985	297	20
5732	1987	295	20
5732	1988	287	20
5732	1989	288	20
5732	1990	280	20
5732	1991	289	20
5732	1992	292	20
5732	1993	273	20
5732	1994	271	20
5732	1995	285	20
5732	1996	281	20
5732	1997	276	20
5732	1998	287	20
5732	1999	297	20
5732	2000	286	20
5735	1979	280	16
5735	1980	289	16
5735	1981	300	16
5735	1982	279	16
5735	1984	293	16
5735	1985	284	16
5735	1987	295	16
5735	1988	294	16
5735	1989	296	16
5735	1990	296	16
5735	1991	302	16
5735	1992	283	16
5735	1993	292	16
5735	1994	288	16
5735	1995	289	16
5735	1996	277	16
5740	1993	287	21
5740	1994	298	21
5740	1995	311	21
5740	1996	301	21
5740	1997	300	21
5740	1999	303	21
5740	2000	300	21
5740	2001	303	21
5740	2002	301	21
5740	2003	300	21
5740	2004	298	21
5740	2005	301	21
5740	2006	316	21
5740	2007	301	21
5740	2008	296	21
5740	2009	305	21
5740	2010	301	21
5740	2011	305	21
5740	2012	334	21
5740	2013	300	21
5740	2014	300	21
5741	1983	280	26
5741	1991	299	26
5741	1992	285	26
5741	1993	274	26
5741	1994	273	26
5741	1995	274	26
5741	1996	272	26
5741	1997	271	26
5741	1998	273	26
5741	1999	281	26
5741	2000	275	26
5741	2001	277	26
5741	2002	278	26
5741	2003	273	26
5741	2004	283	26
5741	2005	288	26
5741	2006	293	26
5741	2007	288	26
5741	2008	281	26
5741	2009	286	26
5741	2010	285	26
5741	2011	299	26
5741	2012	301	26
5741	2013	287	26
5741	2014	291	26
5741	2015	281	26
5748	1979	302	21
5748	1980	300	21
5748	1981	290	21
5748	1982	303	21
5748	1983	300	21
5748	1984	303	21
5748	1985	289	21
5748	1987	299	21
5748	1988	295	21
5748	1989	298	21
5748	1990	305	21
5748	1991	309	21
5748	1992	299	21
5748	1993	292	21
5748	1994	296	21
5748	1995	315	21
5748	1996	295	21
5748	2012	320	21
5748	2013	295	21
5748	2014	306	21
5748	2015	305	21
5749	1987	294	29
5749	1988	294	29
5749	1989	287	29
5749	1990	280	29
5749	1991	300	29
5749	1992	297	29
5749	1993	270	29
5749	1994	277	29
5749	1995	285	29
5749	1996	288	29
5749	1997	299	29
5749	1998	280	29
5749	1999	297	29
5749	2000	287	29
5749	2001	300	29
5749	2002	293	29
5749	2003	296	29
5749	2004	299	29
5749	2005	298	29
5749	2006	300	29
5749	2007	291	29
5749	2008	288	29
5749	2009	299	29
5749	2010	288	29
5749	2011	300	29
5749	2012	310	29
5749	2013	289	29
5749	2014	280	29
5749	2015	304	29
5753	1979	285	18
5753	1980	287	18
5753	1981	285	18
5753	1987	282	18
5753	1991	284	18
5753	1992	271	18
5753	1993	266	18
5753	1994	268	18
5753	1995	271	18
5753	1996	272	18
5753	1997	274	18
5753	1998	279	18
5753	1999	281	18
5753	2000	286	18
5753	2001	292	18
5753	2002	277	18
5753	2003	279	18
5753	2004	268	18
5756	1979	281	36
5756	1980	288	36
5756	1981	288	36
5756	1982	288	36
5756	1983	291	36
5756	1984	293	36
5756	1985	294	36
5756	1986	278	36
5756	1987	281	36
5756	1989	283	36
5756	1990	286	36
5756	1991	288	36
5756	1992	298	36
5756	1993	292	36
5756	1994	290	36
5756	1995	310	36
5756	1996	294	36
5756	1997	309	36
5756	1998	288	36
5756	1999	292	36
5756	2000	293	36
5756	2001	296	36
5756	2002	290	36
5756	2003	304	36
5756	2004	296	36
5756	2005	304	36
5756	2006	314	36
5756	2007	293	36
5756	2008	294	36
5756	2009	301	36
5756	2010	299	36
5756	2011	301	36
5756	2012	301	36
5756	2013	296	36
5756	2014	294	36
5756	2015	295	36
5757	1979	274	24
5757	1980	283	24
5757	1981	283	24
5757	1982	287	24
5757	1983	289	24
5757	1984	283	24
5757	1985	298	24
5757	1986	283	24
5757	1987	283	24
5757	1990	288	24
5757	1991	293	24
5757	1992	278	24
5757	1993	273	24
5757	1994	273	24
5757	1995	278	24
5757	1996	278	24
5757	1997	258	24
5757	1998	278	24
5757	1999	278	24
5757	2000	278	24
5757	2001	278	24
5757	2002	278	24
5757	2003	274	24
5757	2004	274	24
5764	1981	290	29
5764	1983	295	29
5764	1985	300	29
5764	1986	305	29
5764	1987	299	29
5764	1988	287	29
5764	1990	299	29
5764	1994	271	29
5764	1995	275	29
5764	1996	285	29
5764	1997	282	29
5764	1998	296	29
5764	1999	286	29
5764	2000	274	29
5764	2001	276	29
5764	2002	282	29
5764	2003	293	29
5764	2004	293	29
5764	2005	290	29
5764	2006	298	29
5764	2007	270	29
5764	2008	275	29
5764	2009	288	29
5764	2010	290	29
5764	2011	290	29
5764	2012	315	29
5764	2013	289	29
5764	2014	289	29
5764	2015	291	29
5765	1980	293	30
5765	1987	287	30
5765	1988	283	30
5765	1989	289	30
5765	1990	278	30
5765	1991	288	30
5765	1992	289	30
5765	1993	283	30
5765	1994	282	30
5765	1995	293	30
5765	1996	287	30
5765	1997	273	30
5765	1998	285	30
5765	1999	303	30
5765	2000	289	30
5765	2001	307	30
5765	2002	287	30
5765	2003	288	30
5765	2004	297	30
5765	2005	297	30
5765	2006	305	30
5765	2007	288	30
5765	2008	291	30
5765	2009	292	30
5765	2010	293	30
5765	2011	294	30
5765	2012	305	30
5765	2013	299	30
5765	2014	298	30
5765	2015	301	30
5766	1979	298	24
5766	1980	300	24
5766	1982	295	24
5766	1983	288	24
5766	1984	295	24
5766	1985	293	24
5766	1986	281	24
5766	1987	298	24
5766	1990	301	24
5766	1991	304	24
5766	1992	305	24
5766	1993	291	24
5766	1994	293	24
5766	1995	301	24
5766	1996	301	24
5766	1997	301	24
5766	1998	290	24
5766	1999	297	24
5766	2000	299	24
5766	2001	299	24
5766	2002	297	24
5766	2003	302	24
5766	2004	290	24
5766	2005	303	24
5772	1979	275	20
5772	1980	288	20
5772	1981	274	20
5772	1982	300	20
5772	1984	295	20
5772	1985	306	20
5772	1986	288	20
5772	1987	296	20
5772	1988	285	20
5772	1989	290	20
5772	1990	285	20
5772	1991	303	20
5772	1992	276	20
5772	1993	286	20
5772	1994	273	20
5772	1995	301	20
5772	1996	289	20
5772	1997	283	20
5772	1998	270	20
5772	1999	305	20
5781	1982	302	32
5781	1983	301	32
5781	1984	284	32
5781	1985	305	32
5781	1987	303	32
5781	1988	291	32
5781	1989	287	32
5781	1990	290	32
5781	1991	313	32
5781	1992	285	32
5781	1993	290	32
5781	1994	290	32
5781	1995	314	32
5781	1996	294	32
5781	1997	296	32
5781	1998	293	32
5781	1999	294	32
5781	2000	298	32
5781	2001	310	32
5781	2002	293	32
5781	2003	332	32
5781	2004	289	32
5781	2005	302	32
5781	2007	291	32
5781	2008	288	32
5781	2009	288	32
5781	2010	286	32
5781	2011	303	32
5781	2012	305	32
5781	2013	289	32
5781	2014	301	32
5781	2015	301	32
5788	1979	299	36
5788	1980	294	36
5788	1981	281	36
5788	1982	295	36
5788	1983	291	36
5788	1984	295	36
5788	1985	296	36
5788	1987	292	36
5788	1988	293	36
5788	1989	289	36
5788	1990	286	36
5788	1991	307	36
5788	1992	298	36
5788	1993	296	36
5788	1994	291	36
5788	1995	299	36
5788	1996	286	36
5788	1997	283	36
5788	1998	290	36
5788	1999	298	36
5788	2000	301	36
5788	2001	299	36
5788	2002	292	36
5788	2003	303	36
5788	2004	294	36
5788	2005	304	36
5788	2006	297	36
5788	2007	290	36
5788	2008	294	36
5788	2009	299	36
5788	2010	296	36
5788	2011	305	36
5788	2012	315	36
5788	2013	296	36
5788	2014	290	36
5788	2015	299	36
5790	1979	280	29
5790	1980	292	29
5790	1981	277	29
5790	1982	276	29
5790	1983	294	29
5790	1984	290	29
5790	1987	289	29
5790	1990	278	29
5790	1991	289	29
5790	1992	289	29
5790	1993	275	29
5790	1994	273	29
5790	1995	273	29
5790	1996	295	29
5790	1997	301	29
5790	1998	292	29
5790	1999	300	29
5790	2000	279	29
5790	2001	286	29
5790	2002	284	29
5790	2003	287	29
5790	2004	295	29
5790	2005	299	29
5790	2006	296	29
5790	2007	288	29
5790	2008	294	29
5790	2009	299	29
5790	2010	281	29
5790	2011	295	29
5792	1979	278	29
5792	1980	282	29
5792	1981	292	29
5792	1987	299	29
5792	1991	248	29
5792	1992	283	29
5792	1993	253	29
5792	1994	276	29
5792	1995	269	29
5792	1996	297	29
5792	1997	288	29
5792	1998	293	29
5792	1999	299	29
5792	2000	276	29
5792	2001	304	29
5792	2002	288	29
5792	2003	265	29
5792	2004	275	29
5792	2005	285	29
5792	2006	275	29
5792	2007	268	29
5792	2008	270	29
5792	2009	275	29
5792	2010	287	29
5792	2011	289	29
5792	2012	319	29
5792	2013	290	29
5792	2014	282	29
5792	2015	297	29
5793	1979	290	31
5793	1980	283	31
5793	1981	290	31
5793	1982	283	31
5793	1986	270	31
5793	1987	281	31
5793	1991	258	31
5793	1992	268	31
5793	1993	273	31
5793	1994	286	31
5793	1995	273	31
5793	1996	258	31
5793	1997	258	31
5793	1998	263	31
5793	1999	265	31
5793	2000	263	31
5793	2001	266	31
5793	2002	267	31
5793	2003	271	31
5793	2004	272	31
5793	2005	274	31
5793	2006	278	31
5793	2007	279	31
5793	2008	276	31
5793	2009	278	31
5793	2010	281	31
5793	2011	284	31
5793	2012	308	31
5793	2013	293	31
5793	2014	279	31
5793	2015	284	31
5797	1979	301	22
5797	1980	303	22
5797	1981	305	22
5797	1982	311	22
5797	1983	297	22
5797	1984	301	22
5797	1985	314	22
5797	1986	299	22
5797	1988	299	22
5797	1989	278	22
5797	1990	300	22
5797	1991	310	22
5797	1992	291	22
5797	1993	303	22
5797	1994	292	22
5797	1995	311	22
5797	1996	295	22
5797	1997	292	22
5797	1998	284	22
5797	1999	288	22
5797	2000	296	22
5797	2001	294	22
5803	1990	290	16
5803	1991	300	16
5803	1992	305	16
5803	1993	278	16
5803	1994	295	16
5803	1995	301	16
5803	1996	286	16
5803	1997	297	16
5803	1998	288	16
5803	1999	299	16
5803	2000	297	16
5803	2001	304	16
5803	2002	295	16
5803	2003	302	16
5803	2004	298	16
5803	2005	297	16
5808	1979	293	36
5808	1980	300	36
5808	1981	296	36
5808	1982	310	36
5808	1983	283	36
5808	1984	298	36
5808	1985	293	36
5808	1986	280	36
5808	1987	298	36
5808	1988	293	36
5808	1989	295	36
5808	1990	298	36
5808	1991	308	36
5808	1992	274	36
5808	1993	285	36
5808	1994	278	36
5808	1995	273	36
5808	1996	277	36
5808	1997	273	36
5808	1998	293	36
5808	1999	279	36
5808	2000	272	36
5808	2001	286	36
5808	2002	275	36
5808	2003	279	36
5808	2004	280	36
5808	2005	282	36
5808	2006	274	36
5808	2007	278	36
5808	2008	275	36
5808	2009	293	36
5808	2010	290	36
5808	2011	287	36
5808	2012	294	36
5808	2013	279	36
5808	2014	281	36
5817	1979	288	22
5817	1980	297	22
5817	1981	297	22
5817	1982	297	22
5817	1983	292	22
5817	1984	293	22
5817	1985	291	22
5817	1986	285	22
5817	1987	292	22
5817	1988	290	22
5817	1989	289	22
5817	1990	288	22
5817	1991	293	22
5817	1992	298	22
5817	1993	299	22
5817	1994	295	22
5817	1995	302	22
5817	1996	294	22
5817	1997	297	22
5817	1998	292	22
5817	1999	298	22
5817	2000	299	22
5819	1979	290	20
5819	1980	292	20
5819	1981	286	20
5819	1982	292	20
5819	1984	294	20
5819	1985	295	20
5819	1986	290	20
5819	1987	288	20
5819	1988	291	20
5819	1989	291	20
5819	1990	285	20
5819	1991	288	20
5819	1992	291	20
5819	1993	276	20
5819	1994	293	20
5819	1995	291	20
5819	1996	278	20
5819	1997	295	20
5819	1998	263	20
5819	1999	278	20
5828	1992	297	23
5828	1993	294	23
5828	1994	282	23
5828	1995	277	23
5828	1996	296	23
5828	1997	279	23
5828	1998	300	23
5828	1999	299	23
5828	2000	291	23
5828	2001	300	23
5828	2002	295	23
5828	2004	299	23
5828	2005	292	23
5828	2006	307	23
5828	2007	293	23
5828	2008	291	23
5828	2009	300	23
5828	2010	282	23
5828	2011	298	23
5828	2012	323	23
5828	2013	300	23
5828	2014	279	23
5828	2015	299	23
5839	1980	289	17
5839	1982	308	17
5839	1983	302	17
5839	1987	300	17
5839	1988	275	17
5839	1989	300	17
5839	1990	278	17
5839	1991	300	17
5839	1992	299	17
5839	1993	295	17
5839	1994	287	17
5839	1995	318	17
5839	1996	298	17
5839	1997	302	17
5839	1998	290	17
5839	1999	298	17
5839	2000	295	17
5842	1992	285	19
5842	1993	278	19
5842	1994	294	19
5842	1995	281	19
5842	1996	285	19
5842	1997	281	19
5842	1998	288	19
5842	1999	301	19
5842	2000	297	19
5842	2001	301	19
5842	2002	294	19
5842	2003	296	19
5842	2004	296	19
5842	2005	298	19
5842	2006	302	19
5842	2007	283	19
5842	2008	278	19
5842	2009	282	19
5842	2010	284	19
5851	1980	290	17
5851	1982	302	17
5851	1983	291	17
5851	1985	286	17
5851	1987	284	17
5851	1988	282	17
5851	1989	287	17
5851	1990	281	17
5851	1991	282	17
5851	1992	282	17
5851	1993	273	17
5851	1994	275	17
5851	1995	284	17
5851	1996	272	17
5851	1997	284	17
5851	1998	269	17
5851	1999	287	17
5854	1984	299	27
5854	1985	308	27
5854	1988	307	27
5854	1989	303	27
5854	1991	314	27
5854	1992	285	27
5854	1993	296	27
5854	1994	281	27
5854	1995	278	27
5854	1996	288	27
5854	1997	278	27
5854	1998	275	27
5854	1999	288	27
5854	2000	277	27
5854	2001	268	27
5854	2002	298	27
5854	2003	283	27
5854	2004	285	27
5854	2005	282	27
5854	2006	293	27
5854	2007	293	27
5854	2008	293	27
5854	2009	293	27
5854	2010	285	27
5854	2011	279	27
5854	2012	305	27
5854	2013	297	27
5871	1979	279	20
5871	1980	295	20
5871	1981	290	20
5871	1982	291	20
5871	1983	296	20
5871	1984	297	20
5871	1985	318	20
5871	1987	283	20
5871	1988	290	20
5871	1990	288	20
5871	2006	265	20
5871	2007	278	20
5871	2008	281	20
5871	2009	298	20
5871	2010	272	20
5871	2011	303	20
5871	2012	299	20
5871	2013	296	20
5871	2014	298	20
5871	2015	279	20
5872	1979	278	31
5872	1980	278	31
5872	1981	293	31
5872	1983	272	31
5872	1984	278	31
5872	1986	274	31
5872	1988	270	31
5872	1992	302	31
5872	1993	283	31
5872	1994	273	31
5872	1995	303	31
5872	1996	290	31
5872	1997	273	31
5872	1998	273	31
5872	1999	298	31
5872	2000	275	31
5872	2001	284	31
5872	2002	282	31
5872	2003	292	31
5872	2004	296	31
5872	2005	297	31
5872	2006	294	31
5872	2007	288	31
5872	2008	283	31
5872	2009	289	31
5872	2010	281	31
5872	2011	298	31
5872	2012	306	31
5872	2013	296	31
5872	2014	293	31
5872	2015	298	31
5875	1979	280	29
5875	1980	293	29
5875	1981	288	29
5875	1982	290	29
5875	1986	271	29
5875	1987	280	29
5875	1989	287	29
5875	1993	270	29
5875	1994	261	29
5875	1995	265	29
5875	1996	271	29
5875	1997	291	29
5875	1998	284	29
5875	1999	271	29
5875	2000	276	29
5875	2001	287	29
5875	2002	276	29
5875	2003	285	29
5875	2004	273	29
5875	2005	299	29
5875	2006	300	29
5875	2007	294	29
5875	2008	283	29
5875	2009	294	29
5875	2010	278	29
5875	2012	292	29
5875	2013	266	29
5875	2014	278	29
5875	2015	298	29
5883	1979	280	17
5883	1980	280	17
5883	1981	290	17
5883	1982	275	17
5883	1983	280	17
5883	1984	270	17
5883	1989	300	17
5883	1990	290	17
5883	1991	290	17
5883	1992	288	17
5883	1993	283	17
5883	1994	278	17
5883	1995	303	17
5883	1996	279	17
5883	1997	293	17
5883	1998	288	17
5883	1999	274	17
5888	1979	282	24
5888	1980	299	24
5888	1981	300	24
5888	1982	298	24
5888	1983	304	24
5888	1984	308	24
5888	1985	305	24
5888	1986	292	24
5888	1987	300	24
5888	1988	300	24
5888	1989	303	24
5888	1990	305	24
5888	1991	315	24
5888	1992	302	24
5888	1993	300	24
5888	1994	293	24
5888	1995	310	24
5888	1996	304	24
5888	1997	298	24
5888	1998	294	24
5888	1999	295	24
5888	2000	299	24
5888	2001	312	24
5888	2003	293	24
5890	1982	316	18
5890	1983	308	18
5890	1984	307	18
5890	1986	302	18
5890	1987	309	18
5890	1988	298	18
5890	1991	314	18
5890	1992	305	18
5890	1993	293	18
5890	1994	291	18
5890	1995	303	18
5890	1996	298	18
5890	2010	301	18
5890	2011	302	18
5890	2012	328	18
5890	2013	309	18
5890	2014	300	18
5890	2015	301	18
5891	1979	301	15
5891	1980	289	15
5891	1981	303	15
5891	1982	304	15
5891	1984	306	15
5891	1985	309	15
5891	1986	292	15
5891	1987	283	15
5891	1989	278	15
5891	1990	291	15
5891	1991	320	15
5891	1992	278	15
5891	1993	265	15
5891	1994	271	15
5891	1995	280	15
5893	1979	294	28
5893	1980	299	28
5893	1981	299	28
5893	1982	298	28
5893	1983	286	28
5893	1984	311	28
5893	1985	303	28
5893	1986	297	28
5893	1987	294	28
5893	1989	290	28
5893	1991	299	28
5893	1994	294	28
5893	1995	305	28
5893	1996	292	28
5893	1998	291	28
5893	1999	293	28
5893	2000	293	28
5893	2001	301	28
5893	2005	299	28
5893	2006	298	28
5893	2008	282	28
5893	2009	286	28
5893	2010	288	28
5893	2011	301	28
5893	2012	307	28
5893	2013	296	28
5893	2014	297	28
5893	2015	296	28
5897	1979	280	17
5897	1980	281	17
5897	1981	264	17
5897	1982	290	17
5897	1983	270	17
5897	1984	294	17
5897	1987	290	17
5897	1988	274	17
5897	1990	275	17
5897	1991	297	17
5897	1992	291	17
5897	1993	258	17
5897	1994	278	17
5897	1995	289	17
5897	1996	285	17
5897	1997	281	17
5897	1998	284	17
5901	1979	277	31
5901	1980	280	31
5901	1981	263	31
5901	1983	273	31
5901	1984	317	31
5901	1990	300	31
5901	1991	283	31
5901	1992	293	31
5901	1993	293	31
5901	1994	292	31
5901	1995	312	31
5901	1996	311	31
5901	1997	313	31
5901	1998	293	31
5901	1999	298	31
5901	2000	324	31
5901	2001	305	31
5901	2002	324	31
5901	2003	306	31
5901	2004	303	31
5901	2005	305	31
5901	2006	293	31
5901	2007	299	31
5901	2008	293	31
5901	2009	307	31
5901	2010	305	31
5901	2011	307	31
5901	2012	333	31
5901	2013	281	31
5901	2014	308	31
5901	2015	308	31
5904	1979	287	25
5904	1980	291	25
5904	1981	287	25
5904	1982	303	25
5904	1983	280	25
5904	1985	285	25
5904	1986	288	25
5904	1987	283	25
5904	1988	281	25
5904	1989	281	25
5904	1990	296	25
5904	1991	303	25
5904	1994	285	25
5904	1995	293	25
5904	1996	291	25
5904	1997	303	25
5904	1998	296	25
5904	1999	301	25
5904	2000	273	25
5904	2001	295	25
5904	2002	297	25
5904	2003	296	25
5904	2004	298	25
5904	2005	291	25
5904	2006	276	25
5910	1979	276	20
5910	1980	292	20
5910	1981	274	20
5910	1982	292	20
5910	1983	276	20
5910	1985	284	20
5910	1986	278	20
5910	1987	287	20
5910	1988	283	20
5910	1989	289	20
5910	1990	282	20
5910	1991	293	20
5910	1992	283	20
5910	1993	281	20
5910	1994	291	20
5910	1995	290	20
5910	1996	286	20
5910	1997	278	20
5910	1998	286	20
5910	1999	292	20
5911	1979	289	24
5911	1980	294	24
5911	1981	301	24
5911	1982	308	24
5911	1983	302	24
5911	1984	307	24
5911	1985	303	24
5911	1986	306	24
5911	1987	310	24
5911	1988	306	24
5911	1990	290	24
5911	1991	302	24
5911	1992	293	24
5911	1993	292	24
5911	1994	296	24
5911	1995	297	24
5911	1996	293	24
5911	1997	299	24
5911	1998	294	24
5911	1999	319	24
5911	2000	311	24
5911	2001	312	24
5911	2002	297	24
5911	2003	300	24
5915	1979	284	20
5915	1980	287	20
5915	1981	290	20
5915	1982	288	20
5915	1987	282	20
5915	1990	281	20
5915	1991	276	20
5915	1992	269	20
5915	1993	254	20
5915	1994	275	20
5915	1995	271	20
5915	1996	272	20
5915	1997	281	20
5915	1998	267	20
5915	1999	291	20
5915	2000	270	20
5915	2001	270	20
5915	2002	274	20
5915	2003	282	20
5915	2004	274	20
5920	1985	273	27
5920	1987	284	27
5920	1988	287	27
5920	1990	290	27
5920	1991	305	27
5920	1992	289	27
5920	1993	280	27
5920	1994	289	27
5920	1995	305	27
5920	1996	291	27
5920	1997	301	27
5920	1998	285	27
5920	1999	290	27
5920	2000	297	27
5920	2001	298	27
5920	2002	300	27
5920	2004	297	27
5920	2005	301	27
5920	2006	311	27
5920	2007	295	27
5920	2008	293	27
5920	2009	299	27
5920	2010	299	27
5920	2011	301	27
5920	2012	311	27
5920	2013	291	27
5920	2014	297	27
5924	1980	280	21
5924	1982	297	21
5924	1983	292	21
5924	1985	290	21
5924	1986	272	21
5924	1987	299	21
5924	1989	292	21
5924	1990	287	21
5924	1991	284	21
5924	1992	282	21
5924	1993	286	21
5924	1994	289	21
5924	1995	301	21
5924	1996	286	21
5924	1997	291	21
5924	1998	293	21
5924	1999	303	21
5924	2000	296	21
5924	2001	305	21
5924	2002	285	21
5924	2003	283	21
5928	1979	291	22
5928	1980	292	22
5928	1981	304	22
5928	1982	302	22
5928	1983	298	22
5928	1984	301	22
5928	1985	298	22
5928	1986	298	22
5928	1987	288	22
5928	1990	284	22
5928	1991	298	22
5928	1992	295	22
5928	1993	300	22
5928	1994	297	22
5928	1995	304	22
5928	1996	300	22
5928	1997	308	22
5928	1998	296	22
5928	1999	300	22
5928	2000	300	22
5928	2001	305	22
5928	2002	297	22
5935	1979	287	35
5935	1980	294	35
5935	1981	289	35
5935	1982	296	35
5935	1983	280	35
5935	1984	301	35
5935	1985	291	35
5935	1986	283	35
5935	1987	284	35
5935	1990	283	35
5935	1991	293	35
5935	1992	305	35
5935	1993	295	35
5935	1994	297	35
5935	1995	306	35
5935	1996	304	35
5935	1997	293	35
5935	1998	289	35
5935	1999	289	35
5935	2000	281	35
5935	2001	295	35
5935	2002	296	35
5935	2003	299	35
5935	2004	293	35
5935	2005	296	35
5935	2006	295	35
5935	2007	299	35
5935	2008	285	35
5935	2009	301	35
5935	2010	289	35
5935	2011	303	35
5935	2012	313	35
5935	2013	303	35
5935	2014	303	35
5935	2015	295	35
5940	1979	307	29
5940	1980	285	29
5940	1981	294	29
5940	1982	287	29
5940	1983	279	29
5940	1984	284	29
5940	1985	293	29
5940	1989	293	29
5940	1991	303	29
5940	1992	281	29
5940	1993	274	29
5940	1994	287	29
5940	1995	284	29
5940	1996	292	29
5940	1997	293	29
5940	1998	292	29
5940	1999	299	29
5940	2000	300	29
5940	2001	291	29
5940	2002	292	29
5940	2003	312	29
5940	2004	306	29
5940	2005	297	29
5940	2006	307	29
5940	2007	297	29
5940	2008	288	29
5940	2009	304	29
5940	2010	304	29
5940	2011	300	29
5941	1979	304	19
5941	1980	282	19
5941	1981	288	19
5941	1982	294	19
5941	1983	296	19
5941	1985	288	19
5941	1987	283	19
5941	1989	287	19
5941	1990	283	19
5941	1991	288	19
5941	1992	273	19
5941	1993	264	19
5941	1994	292	19
5941	1995	305	19
5941	1996	287	19
5941	1997	275	19
5941	1998	291	19
5941	1999	288	19
5941	2000	303	19
5942	1979	291	21
5942	1980	289	21
5942	1981	284	21
5942	1982	288	21
5942	1983	272	21
5942	1984	298	21
5942	1985	286	21
5942	1986	285	21
5942	1987	291	21
5942	1990	290	21
5942	1992	278	21
5942	1993	282	21
5942	1994	275	21
5942	1995	280	21
5942	1997	278	21
5942	1998	284	21
5942	1999	296	21
5942	2000	281	21
5942	2001	275	21
5942	2002	280	21
5942	2005	277	21
5943	1979	293	31
5943	1981	293	31
5943	1983	283	31
5943	1985	301	31
5943	1987	274	31
5943	1988	283	31
5943	1989	306	31
5943	1990	298	31
5943	1991	311	31
5943	1994	269	31
5943	1995	298	31
5943	1996	300	31
5943	1997	300	31
5943	1998	289	31
5943	1999	285	31
5943	2000	296	31
5943	2001	308	31
5943	2002	283	31
5943	2003	295	31
5943	2004	296	31
5943	2005	286	31
5943	2006	296	31
5943	2007	282	31
5943	2008	286	31
5943	2009	294	31
5943	2010	285	31
5943	2011	297	31
5943	2012	304	31
5943	2013	296	31
5943	2014	293	31
5943	2015	293	31
5948	1979	266	26
5948	1980	283	26
5948	1984	279	26
5948	1986	268	26
5948	1991	280	26
5948	1992	267	26
5948	1993	252	26
5948	1994	255	26
5948	1995	281	26
5948	1996	270	26
5948	1997	275	26
5948	1998	272	26
5948	1999	283	26
5948	2000	266	26
5948	2001	282	26
5948	2002	279	26
5948	2003	281	26
5948	2004	287	26
5948	2005	281	26
5948	2006	280	26
5948	2007	258	26
5948	2008	263	26
5948	2009	278	26
5948	2010	283	26
5948	2011	269	26
5948	2013	279	26
5949	1979	278	34
5949	1980	282	34
5949	1981	294	34
5949	1982	298	34
5949	1985	303	34
5949	1986	300	34
5949	1987	280	34
5949	1988	296	34
5949	1990	275	34
5949	1991	260	34
5949	1992	282	34
5949	1993	274	34
5949	1994	286	34
5949	1995	297	34
5949	1996	303	34
5949	1997	282	34
5949	1998	282	34
5949	1999	287	34
5949	2000	281	34
5949	2001	284	34
5949	2002	288	34
5949	2003	281	34
5949	2004	292	34
5949	2005	294	34
5949	2006	284	34
5949	2007	278	34
5949	2008	277	34
5949	2009	293	34
5949	2010	301	34
5949	2011	276	34
5949	2012	311	34
5949	2013	301	34
5949	2014	290	34
5949	2015	296	34
5958	1979	277	32
5958	1980	275	32
5958	1981	279	32
5958	1982	280	32
5958	1984	285	32
5958	1985	293	32
5958	1986	277	32
5958	1987	279	32
5958	1989	279	32
5958	1990	279	32
5958	1991	271	32
5958	1992	281	32
5958	1993	275	32
5958	1994	290	32
5958	1995	297	32
5958	1996	283	32
5958	1997	306	32
5958	1998	292	32
5958	1999	299	32
5958	2000	302	32
5958	2001	303	32
5958	2004	276	32
5958	2005	284	32
5958	2006	295	32
5958	2007	287	32
5958	2008	281	32
5958	2009	276	32
5958	2010	278	32
5958	2011	292	32
5958	2012	314	32
5958	2013	295	32
5958	2014	304	32
5963	1979	287	27
5963	1980	295	27
5963	1981	284	27
5963	1982	281	27
5963	1983	282	27
5963	1984	285	27
5963	1985	295	27
5963	1986	280	27
5963	1987	289	27
5963	1988	282	27
5963	1991	297	27
5963	1992	283	27
5963	1993	271	27
5963	1994	285	27
5963	1995	279	27
5963	1996	275	27
5963	1997	306	27
5963	1998	291	27
5963	1999	296	27
5963	2000	291	27
5963	2001	307	27
5963	2002	292	27
5963	2003	297	27
5963	2004	291	27
5963	2005	290	27
5963	2006	289	27
5963	2007	290	27
5968	1979	283	21
5968	1980	293	21
5968	1981	299	21
5968	1982	292	21
5968	1983	311	21
5968	1984	305	21
5968	1985	307	21
5968	1986	286	21
5968	1987	301	21
5968	1988	295	21
5968	1989	298	21
5968	1990	295	21
5968	1991	308	21
5968	1992	304	21
5968	1993	299	21
5968	1994	285	21
5968	1995	301	21
5968	1996	293	21
5968	1997	303	21
5968	1998	291	21
5968	1999	287	21
5977	1979	283	17
5977	1980	285	17
5977	1982	285	17
5977	1987	288	17
5977	1989	290	17
5977	1991	289	17
5977	1992	269	17
5977	1993	275	17
5977	1995	308	17
5977	1996	309	17
5977	1997	308	17
5977	1998	310	17
5977	1999	309	17
5977	2000	311	17
5977	2001	317	17
5977	2002	315	17
5977	2003	313	17
5982	1979	281	33
5982	1980	291	33
5982	1981	284	33
5982	1982	293	33
5982	1983	299	33
5982	1984	282	33
5982	1986	281	33
5982	1987	289	33
5982	1988	287	33
5982	1991	299	33
5982	1992	297	33
5982	1993	273	33
5982	1994	274	33
5982	1995	285	33
5982	1996	285	33
5982	1997	287	33
5982	1998	289	33
5982	1999	292	33
5982	2000	294	33
5982	2001	296	33
5982	2002	287	33
5982	2003	293	33
5982	2004	295	33
5982	2005	290	33
5982	2007	299	33
5982	2008	301	33
5982	2009	303	33
5982	2010	291	33
5982	2011	292	33
5982	2012	308	33
5982	2013	289	33
5982	2014	286	33
5982	2015	297	33
5983	1992	295	24
5983	1993	271	24
5983	1994	292	24
5983	1995	286	24
5983	1996	292	24
5983	1997	284	24
5983	1998	291	24
5983	1999	300	24
5983	2000	295	24
5983	2001	299	24
5983	2002	296	24
5983	2003	303	24
5983	2004	297	24
5983	2005	298	24
5983	2006	306	24
5983	2007	290	24
5983	2008	285	24
5983	2009	289	24
5983	2010	289	24
5983	2011	301	24
5983	2012	314	24
5983	2013	292	24
5983	2014	298	24
5983	2015	297	24
5996	1980	295	33
5996	1981	290	33
5996	1982	289	33
5996	1983	304	33
5996	1984	305	33
5996	1986	310	33
5996	1987	308	33
5996	1988	287	33
5996	1989	290	33
5996	1990	275	33
5996	1992	271	33
5996	1993	266	33
5996	1994	278	33
5996	1995	282	33
5996	1996	281	33
5996	1997	272	33
5996	1998	271	33
5996	1999	298	33
5996	2000	301	33
5996	2001	281	33
5996	2002	288	33
5996	2003	290	33
5996	2004	285	33
5996	2005	291	33
5996	2006	286	33
5996	2007	274	33
5996	2008	265	33
5996	2009	293	33
5996	2010	283	33
5996	2011	290	33
5996	2012	301	33
5996	2013	283	33
5996	2014	288	33
5998	1979	281	34
5998	1980	285	34
5998	1981	285	34
5998	1982	300	34
5998	1983	287	34
5998	1984	294	34
5998	1985	283	34
5998	1986	279	34
5998	1987	297	34
5998	1989	290	34
5998	1992	272	34
5998	1993	271	34
5998	1994	293	34
5998	1995	291	34
5998	1996	289	34
5998	1997	292	34
5998	1998	288	34
5998	1999	291	34
5998	2000	287	34
5998	2001	292	34
5998	2002	286	34
5998	2003	293	34
5998	2004	289	34
5998	2005	293	34
5998	2006	295	34
5998	2007	277	34
5998	2008	274	34
5998	2009	285	34
5998	2010	279	34
5998	2011	276	34
5998	2012	284	34
5998	2013	274	34
5998	2014	261	34
5998	2015	268	34
6006	1982	302	22
6006	1983	306	22
6006	1988	300	22
6006	1992	280	22
6006	1994	284	22
6006	1995	280	22
6006	1997	283	22
6006	1998	278	22
6006	2002	281	22
6006	2003	267	22
6006	2004	288	22
6006	2005	295	22
6006	2006	280	22
6006	2007	269	22
6006	2008	277	22
6006	2009	270	22
6006	2010	268	22
6006	2011	298	22
6006	2012	292	22
6006	2013	289	22
6006	2014	285	22
6006	2015	278	22
6018	1979	291	26
6018	1980	298	26
6018	1981	301	26
6018	1982	300	26
6018	1983	301	26
6018	1984	294	26
6018	1985	301	26
6018	1986	291	26
6018	1987	297	26
6018	1989	281	26
6018	1990	286	26
6018	1991	297	26
6018	1992	293	26
6018	1993	286	26
6018	1994	299	26
6018	1995	314	26
6018	1996	301	26
6018	1997	314	26
6018	1998	305	26
6018	1999	302	26
6018	2000	303	26
6018	2001	304	26
6018	2002	299	26
6018	2003	308	26
6018	2004	309	26
6018	2005	310	26
6020	1979	295	36
6020	1980	298	36
6020	1981	293	36
6020	1982	274	36
6020	1983	294	36
6020	1984	295	36
6020	1985	301	36
6020	1986	284	36
6020	1987	307	36
6020	1989	301	36
6020	1990	289	36
6020	1991	307	36
6020	1992	302	36
6020	1993	292	36
6020	1994	294	36
6020	1995	305	36
6020	1996	297	36
6020	1997	307	36
6020	1998	288	36
6020	1999	299	36
6020	2000	286	36
6020	2001	300	36
6020	2002	298	36
6020	2003	305	36
6020	2004	298	36
6020	2005	300	36
6020	2006	301	36
6020	2007	293	36
6020	2008	289	36
6020	2009	296	36
6020	2010	294	36
6020	2011	294	36
6020	2012	308	36
6020	2013	294	36
6020	2014	293	36
6020	2015	301	36
6024	1979	290	33
6024	1980	298	33
6024	1981	304	33
6024	1982	303	33
6024	1983	306	33
6024	1984	308	33
6024	1987	288	33
6024	1988	276	33
6024	1989	277	33
6024	1990	274	33
6024	1992	288	33
6024	1993	282	33
6024	1994	292	33
6024	1995	291	33
6024	1996	295	33
6024	1997	298	33
6024	1998	293	33
6024	1999	299	33
6024	2000	297	33
6024	2001	298	33
6024	2002	301	33
6024	2003	301	33
6024	2004	297	33
6024	2005	300	33
6024	2006	294	33
6024	2007	302	33
6024	2008	303	33
6024	2009	302	33
6024	2010	302	33
6024	2011	298	33
6024	2012	299	33
6024	2013	296	33
6024	2014	298	33
6028	1979	294	33
6028	1980	298	33
6028	1981	291	33
6028	1982	289	33
6028	1983	283	33
6028	1984	296	33
6028	1985	295	33
6028	1986	301	33
6028	1987	290	33
6028	1990	285	33
6028	1991	289	33
6028	1992	289	33
6028	1993	285	33
6028	1994	283	33
6028	1995	292	33
6028	1996	286	33
6028	1997	287	33
6028	1998	285	33
6028	1999	297	33
6028	2000	290	33
6028	2001	297	33
6028	2002	296	33
6028	2003	307	33
6028	2004	310	33
6028	2005	313	33
6028	2006	315	33
6028	2007	312	33
6028	2008	314	33
6028	2009	319	33
6028	2010	324	33
6028	2012	278	33
6028	2013	312	33
6028	2014	313	33
6030	1979	286	26
6030	1980	298	26
6030	1981	291	26
6030	1982	280	26
6030	1984	297	26
6030	1985	293	26
6030	1986	274	26
6030	1987	294	26
6030	1988	284	26
6030	1989	277	26
6030	1990	279	26
6030	1991	299	26
6030	1992	278	26
6030	1993	269	26
6030	1994	281	26
6030	1995	284	26
6030	1996	286	26
6030	1997	286	26
6030	1998	287	26
6030	2000	291	26
6030	2001	298	26
6030	2002	283	26
6030	2003	283	26
6030	2004	298	26
6030	2005	290	26
6030	2006	293	26
6033	1979	283	21
6033	1980	291	21
6033	1981	282	21
6033	1982	277	21
6033	1983	281	21
6033	1985	296	21
6033	1988	279	21
6033	1989	280	21
6033	1991	292	21
6033	1992	292	21
6033	1993	288	21
6033	1994	290	21
6033	1995	290	21
6033	1996	285	21
6033	1997	295	21
6033	1998	283	21
6033	1999	290	21
6033	2000	292	21
6033	2001	291	21
6033	2002	291	21
6033	2003	290	21
6044	1979	286	22
6044	1980	300	22
6044	1981	285	22
6044	1982	288	22
6044	1983	297	22
6044	1984	295	22
6044	1985	284	22
6044	1986	284	22
6044	1988	281	22
6044	1991	286	22
6044	1992	279	22
6044	1993	273	22
6044	1994	287	22
6044	1995	293	22
6044	1996	290	22
6044	1997	291	22
6044	1998	286	22
6044	1999	290	22
6044	2000	291	22
6044	2001	300	22
6044	2002	295	22
6044	2003	295	22
6045	1979	282	33
6045	1980	292	33
6045	1981	268	33
6045	1982	298	33
6045	1984	293	33
6045	1986	288	33
6045	1987	304	33
6045	1990	279	33
6045	1991	302	33
6045	1992	274	33
6045	1993	283	33
6045	1994	287	33
6045	1995	298	33
6045	1996	286	33
6045	1997	298	33
6045	1998	283	33
6045	1999	292	33
6045	2000	297	33
6045	2001	298	33
6045	2002	288	33
6045	2003	298	33
6045	2004	298	33
6045	2005	301	33
6045	2006	291	33
6045	2007	300	33
6045	2008	286	33
6045	2009	289	33
6045	2010	299	33
6045	2011	290	33
6045	2012	307	33
6045	2013	283	33
6045	2014	287	33
6045	2015	288	33
6055	1979	270	30
6055	1980	279	30
6055	1981	285	30
6055	1987	280	30
6055	1988	274	30
6055	1990	279	30
6055	1991	282	30
6055	1992	279	30
6055	1993	268	30
6055	1994	269	30
6055	1995	276	30
6055	1997	277	30
6055	1998	271	30
6055	1999	269	30
6055	2000	275	30
6055	2001	291	30
6055	2002	268	30
6055	2003	279	30
6055	2004	287	30
6055	2005	289	30
6055	2006	279	30
6055	2007	265	30
6055	2008	273	30
6055	2009	286	30
6055	2010	282	30
6055	2011	287	30
6055	2012	304	30
6055	2013	291	30
6055	2014	286	30
6055	2015	297	30
6056	1979	269	19
6056	1980	292	19
6056	1981	294	19
6056	1982	293	19
6056	1983	299	19
6056	1984	309	19
6056	1985	307	19
6056	1986	299	19
6056	1987	291	19
6056	1988	290	19
6056	1989	294	19
6056	1990	293	19
6056	1991	304	19
6056	1992	288	19
6056	1993	286	19
6056	1994	290	19
6056	1995	302	19
6056	1996	301	19
6056	1997	301	19
6063	1983	294	16
6063	1987	301	16
6063	1989	289	16
6063	1990	280	16
6063	1991	301	16
6063	1992	279	16
6063	1993	271	16
6063	1994	290	16
6063	1995	292	16
6063	1996	281	16
6063	1997	277	16
6063	1998	281	16
6063	1999	294	16
6063	2000	296	16
6063	2001	301	16
6063	2002	303	16
6064	1982	299	32
6064	1983	294	32
6064	1984	303	32
6064	1985	300	32
6064	1986	278	32
6064	1987	285	32
6064	1988	287	32
6064	1989	288	32
6064	1990	283	32
6064	1991	288	32
6064	1992	283	32
6064	1993	283	32
6064	1994	287	32
6064	1995	294	32
6064	1996	278	32
6064	1997	301	32
6064	1998	283	32
6064	1999	297	32
6064	2000	286	32
6064	2001	301	32
6064	2002	295	32
6064	2003	300	32
6064	2004	294	32
6064	2005	296	32
6064	2006	297	32
6064	2007	287	32
6064	2008	287	32
6064	2009	301	32
6064	2010	297	32
6064	2011	305	32
6064	2012	307	32
6064	2013	294	32
6065	1984	300	28
6065	1986	283	28
6065	1987	311	28
6065	1989	294	28
6065	1990	290	28
6065	1991	296	28
6065	1992	300	28
6065	1993	294	28
6065	1994	291	28
6065	1995	301	28
6065	1996	287	28
6065	1997	311	28
6065	1998	308	28
6065	1999	306	28
6065	2000	301	28
6065	2001	299	28
6065	2002	288	28
6065	2003	291	28
6065	2004	295	28
6065	2005	297	28
6065	2006	298	28
6065	2007	281	28
6065	2008	287	28
6065	2009	299	28
6065	2010	293	28
6065	2011	293	28
6065	2012	319	28
6065	2013	275	28
6070	1979	275	33
6070	1980	290	33
6070	1981	282	33
6070	1982	288	33
6070	1983	268	33
6070	1984	284	33
6070	1985	287	33
6070	1987	290	33
6070	1988	282	33
6070	1989	286	33
6070	1991	281	33
6070	1992	288	33
6070	1993	273	33
6070	1994	287	33
6070	1995	281	33
6070	1996	285	33
6070	1997	292	33
6070	1998	289	33
6070	1999	299	33
6070	2000	285	33
6070	2001	299	33
6070	2002	279	33
6070	2003	298	33
6070	2004	290	33
6070	2005	289	33
6070	2006	290	33
6070	2007	270	33
6070	2008	282	33
6070	2009	298	33
6070	2010	283	33
6070	2011	294	33
6070	2012	304	33
6070	2013	281	33
6072	1989	297	26
6072	1991	307	26
6072	1992	288	26
6072	1993	291	26
6072	1994	280	26
6072	1995	293	26
6072	1996	289	26
6072	1997	292	26
6072	1998	277	26
6072	1999	293	26
6072	2000	278	26
6072	2001	290	26
6072	2002	277	26
6072	2003	276	26
6072	2004	293	26
6072	2005	263	26
6072	2006	289	26
6072	2007	271	26
6072	2008	273	26
6072	2009	291	26
6072	2010	301	26
6072	2011	296	26
6072	2012	328	26
6072	2013	301	26
6072	2014	293	26
6072	2015	285	26
6073	1979	282	15
6073	1980	282	15
6073	1981	276	15
6073	1982	293	15
6073	1983	282	15
6073	1984	283	15
6073	1985	291	15
6073	1987	305	15
6073	1989	286	15
6073	1990	281	15
6073	1991	290	15
6073	1992	276	15
6073	1993	274	15
6073	1994	276	15
6073	1995	278	15
6076	1979	280	25
6076	1980	305	25
6076	1981	288	25
6076	1986	305	25
6076	1991	324	25
6076	1992	294	25
6076	1993	295	25
6076	1994	285	25
6076	1995	288	25
6076	1996	298	25
6076	1997	312	25
6076	1998	308	25
6076	1999	301	25
6076	2000	302	25
6076	2001	300	25
6076	2002	298	25
6076	2003	298	25
6076	2004	303	25
6076	2005	301	25
6076	2006	316	25
6076	2007	296	25
6076	2008	294	25
6076	2009	295	25
6076	2011	283	25
6076	2012	277	25
6077	1979	286	29
6077	1980	297	29
6077	1981	284	29
6077	1982	304	29
6077	1984	292	29
6077	1989	280	29
6077	1991	266	29
6077	1992	284	29
6077	1993	277	29
6077	1995	303	29
6077	1996	280	29
6077	1997	290	29
6077	1999	288	29
6077	2000	277	29
6077	2001	301	29
6077	2002	294	29
6077	2003	279	29
6077	2004	298	29
6077	2005	298	29
6077	2006	297	29
6077	2007	299	29
6077	2008	286	29
6077	2009	299	29
6077	2010	299	29
6077	2011	299	29
6077	2012	311	29
6077	2013	282	29
6077	2014	288	29
6077	2015	283	29
6082	1979	300	16
6082	1980	291	16
6082	1981	295	16
6082	1982	302	16
6082	1983	289	16
6082	1984	303	16
6082	1985	292	16
6082	1987	290	16
6082	1989	284	16
6082	1990	282	16
6082	1991	295	16
6082	1992	314	16
6082	1993	295	16
6082	1994	304	16
6082	1995	310	16
6082	1996	304	16
6083	1979	294	16
6083	1980	298	16
6083	1981	298	16
6083	1982	282	16
6083	1983	278	16
6083	1984	289	16
6083	1985	295	16
6083	1986	288	16
6083	1987	292	16
6083	1988	294	16
6083	1989	290	16
6083	1990	285	16
6083	1993	275	16
6083	1994	282	16
6083	1995	298	16
6083	1996	297	16
6086	1990	287	23
6086	1991	296	23
6086	1993	284	23
6086	1994	319	23
6086	1995	319	23
6086	1996	324	23
6086	1997	290	23
6086	1998	298	23
6086	2000	314	23
6086	2001	329	23
6086	2002	314	23
6086	2003	314	23
6086	2004	328	23
6086	2005	311	23
6086	2006	315	23
6086	2007	306	23
6086	2008	333	23
6086	2009	309	23
6086	2010	307	23
6086	2011	303	23
6086	2012	329	23
6086	2014	319	23
6086	2015	311	23
6088	1979	272	24
6088	1980	273	24
6088	1981	286	24
6088	1982	295	24
6088	1983	282	24
6088	1984	288	24
6088	1986	277	24
6088	1987	295	24
6088	1990	286	24
6088	1991	284	24
6088	1993	277	24
6088	1994	285	24
6088	1995	293	24
6088	1996	280	24
6088	1997	287	24
6088	1998	285	24
6088	1999	295	24
6088	2000	293	24
6088	2001	288	24
6088	2002	286	24
6088	2005	283	24
6088	2006	294	24
6088	2007	297	24
6088	2008	279	24
6089	1979	293	24
6089	1980	299	24
6089	1981	290	24
6089	1983	302	24
6089	1984	297	24
6089	1985	290	24
6089	1986	288	24
6089	1987	300	24
6089	1988	289	24
6089	1989	288	24
6089	1990	290	24
6089	1991	306	24
6089	1992	287	24
6089	1993	286	24
6089	1994	290	24
6089	1995	288	24
6089	1996	283	24
6089	1997	295	24
6089	1998	282	24
6089	1999	287	24
6089	2000	294	24
6089	2001	283	24
6089	2002	287	24
6089	2003	284	24
6090	1979	293	36
6090	1980	297	36
6090	1981	285	36
6090	1982	286	36
6090	1983	301	36
6090	1984	307	36
6090	1985	311	36
6090	1986	293	36
6090	1987	286	36
6090	1988	298	36
6090	1989	292	36
6090	1990	289	36
6090	1991	301	36
6090	1992	291	36
6090	1993	291	36
6090	1994	288	36
6090	1995	289	36
6090	1996	283	36
6090	1997	283	36
6090	1998	294	36
6090	1999	302	36
6090	2000	296	36
6090	2001	290	36
6090	2002	291	36
6090	2003	290	36
6090	2005	286	36
6090	2006	293	36
6090	2007	282	36
6090	2008	285	36
6090	2009	291	36
6090	2010	279	36
6090	2011	297	36
6090	2012	302	36
6090	2013	285	36
6090	2014	298	36
6090	2015	281	36
6096	1979	288	26
6096	1980	299	26
6096	1981	303	26
6096	1982	303	26
6096	1983	311	26
6096	1984	297	26
6096	1985	304	26
6096	1986	304	26
6096	1987	304	26
6096	1988	295	26
6096	1989	303	26
6096	1990	305	26
6096	1991	304	26
6096	1992	304	26
6096	1993	297	26
6096	1994	293	26
6096	1995	298	26
6096	1996	295	26
6096	1997	283	26
6096	1998	293	26
6096	1999	288	26
6096	2000	301	26
6096	2001	302	26
6096	2002	293	26
6096	2003	295	26
6096	2004	303	26
6099	1979	278	18
6099	1980	281	18
6099	1981	276	18
6099	1982	301	18
6099	1983	283	18
6099	1984	290	18
6099	1985	304	18
6099	1987	289	18
6099	1989	292	18
6099	1991	284	18
6099	1992	300	18
6099	1993	290	18
6099	1994	294	18
6099	1995	294	18
6099	1996	291	18
6099	1997	301	18
6099	1998	294	18
6099	1999	301	18
6101	1979	265	17
6101	1980	267	17
6101	1981	273	17
6101	1982	310	17
6101	1984	298	17
6101	1985	298	17
6101	1986	283	17
6101	1988	303	17
6101	1991	295	17
6101	2005	288	17
6101	2006	285	17
6101	2007	285	17
6101	2008	288	17
6101	2009	305	17
6101	2013	311	17
6101	2014	313	17
6101	2015	306	17
6103	1980	303	21
6103	1981	290	21
6103	1982	308	21
6103	1983	310	21
6103	1986	293	21
6103	1988	296	21
6103	1989	297	21
6103	1991	306	21
6103	1992	301	21
6103	1993	271	21
6103	1994	273	21
6103	1995	285	21
6103	1996	289	21
6103	1997	291	21
6103	1998	283	21
6103	1999	291	21
6103	2000	280	21
6103	2001	280	21
6103	2002	284	21
6103	2003	285	21
6103	2004	282	21
6107	1979	294	34
6107	1980	306	34
6107	1981	304	34
6107	1982	308	34
6107	1983	308	34
6107	1984	307	34
6107	1986	293	34
6107	1987	298	34
6107	1989	293	34
6107	1991	293	34
6107	1992	291	34
6107	1993	291	34
6107	1994	296	34
6107	1995	302	34
6107	1996	293	34
6107	1997	290	34
6107	1998	295	34
6107	1999	303	34
6107	2000	298	34
6107	2001	301	34
6107	2002	294	34
6107	2003	287	34
6107	2004	293	34
6107	2005	295	34
6107	2006	299	34
6107	2007	291	34
6107	2008	299	34
6107	2009	295	34
6107	2010	297	34
6107	2011	303	34
6107	2012	318	34
6107	2013	306	34
6107	2014	305	34
6107	2015	303	34
6109	1979	288	20
6109	1980	301	20
6109	1981	295	20
6109	1982	292	20
6109	1983	293	20
6109	1984	292	20
6109	1985	296	20
6109	1986	291	20
6109	1987	297	20
6109	1988	292	20
6109	1989	296	20
6109	1990	298	20
6109	1991	302	20
6109	1992	281	20
6109	1993	271	20
6109	1994	269	20
6109	1995	273	20
6109	1996	274	20
6109	1997	271	20
6109	1998	288	20
6113	1979	290	30
6113	1980	289	30
6113	1981	295	30
6113	1984	287	30
6113	1985	304	30
6113	1986	295	30
6113	1988	284	30
6113	1989	287	30
6113	1990	294	30
6113	1991	295	30
6113	1992	295	30
6113	1993	292	30
6113	1994	291	30
6113	1996	297	30
6113	1997	293	30
6113	1998	290	30
6113	1999	291	30
6113	2000	291	30
6113	2001	293	30
6113	2002	290	30
6113	2003	298	30
6113	2004	293	30
6113	2005	295	30
6113	2006	297	30
6113	2007	291	30
6113	2008	292	30
6113	2009	298	30
6113	2010	293	30
6113	2011	290	30
6113	2012	314	30
6114	1979	287	16
6114	1980	302	16
6114	1982	287	16
6114	1983	298	16
6114	1984	293	16
6114	1987	289	16
6114	1989	285	16
6114	1991	270	16
6114	1992	283	16
6114	1993	281	16
6114	1994	282	16
6114	1995	282	16
6114	1996	288	16
6114	1997	288	16
6114	1998	289	16
6114	1999	283	16
6116	1979	301	24
6116	1980	304	24
6116	1981	297	24
6116	1982	307	24
6116	1983	305	24
6116	1984	300	24
6116	1987	289	24
6116	1988	281	24
6116	1991	286	24
6116	1992	281	24
6116	1993	277	24
6116	1994	279	24
6116	1995	281	24
6116	1996	285	24
6116	1997	288	24
6116	1998	291	24
6116	1999	288	24
6116	2000	299	24
6116	2001	314	24
6116	2002	308	24
6116	2003	306	24
6116	2004	310	24
6116	2005	296	24
6116	2006	295	24
6120	1979	298	33
6120	1980	304	33
6120	1981	298	33
6120	1982	299	33
6120	1983	286	33
6120	1984	301	33
6120	1985	296	33
6120	1986	296	33
6120	1987	301	33
6120	1988	297	33
6120	1989	290	33
6120	1990	291	33
6120	1991	300	33
6120	1992	290	33
6120	1993	293	33
6120	1994	287	33
6120	1995	297	33
6120	1997	300	33
6120	1998	289	33
6120	1999	295	33
6120	2000	293	33
6120	2001	299	33
6120	2002	307	33
6120	2003	321	33
6120	2004	302	33
6120	2005	299	33
6120	2006	304	33
6120	2007	310	33
6120	2008	285	33
6120	2009	306	33
6120	2010	302	33
6120	2011	309	33
6120	2012	314	33
6125	1979	280	33
6125	1980	287	33
6125	1981	272	33
6125	1982	304	33
6125	1983	285	33
6125	1984	306	33
6125	1985	288	33
6125	1986	306	33
6125	1990	311	33
6125	1991	261	33
6125	1992	287	33
6125	1993	271	33
6125	1995	263	33
6125	1996	272	33
6125	1997	313	33
6125	1998	272	33
6125	1999	287	33
6125	2000	295	33
6125	2001	287	33
6125	2002	284	33
6125	2003	283	33
6125	2004	288	33
6125	2005	291	33
6125	2006	288	33
6125	2007	287	33
6125	2008	278	33
6125	2009	296	33
6125	2010	288	33
6125	2011	294	33
6125	2012	316	33
6125	2013	293	33
6125	2014	305	33
6125	2015	288	33
6128	1995	291	16
6128	1996	280	16
6128	1998	287	16
6128	1999	292	16
6128	2000	311	16
6128	2001	294	16
6128	2002	288	16
6128	2003	292	16
6128	2004	292	16
6128	2005	291	16
6128	2006	334	16
6128	2007	288	16
6128	2008	292	16
6128	2011	291	16
6128	2012	314	16
6128	2013	296	16
6132	1979	284	36
6132	1980	296	36
6132	1981	292	36
6132	1982	286	36
6132	1983	289	36
6132	1984	293	36
6132	1985	300	36
6132	1987	300	36
6132	1988	285	36
6132	1989	292	36
6132	1990	303	36
6132	1991	298	36
6132	1992	295	36
6132	1993	282	36
6132	1994	292	36
6132	1995	301	36
6132	1996	290	36
6132	1997	313	36
6132	1998	293	36
6132	1999	302	36
6132	2000	300	36
6132	2001	305	36
6132	2002	295	36
6132	2003	307	36
6132	2004	302	36
6132	2005	297	36
6132	2006	305	36
6132	2007	293	36
6132	2008	286	36
6132	2009	301	36
6132	2010	292	36
6132	2011	301	36
6132	2012	324	36
6132	2013	295	36
6132	2014	303	36
6132	2015	299	36
6137	1991	310	24
6137	1992	294	24
6137	1993	284	24
6137	1994	289	24
6137	1995	301	24
6137	1996	293	24
6137	1997	304	24
6137	1998	290	24
6137	1999	297	24
6137	2000	290	24
6137	2001	305	24
6137	2002	288	24
6137	2003	306	24
6137	2004	295	24
6137	2005	302	24
6137	2006	298	24
6137	2007	291	24
6137	2008	285	24
6137	2009	298	24
6137	2010	298	24
6137	2011	304	24
6137	2012	304	24
6137	2013	291	24
6137	2014	303	24
6139	1980	293	28
6139	1981	280	28
6139	1982	279	28
6139	1984	284	28
6139	1989	290	28
6139	1991	304	28
6139	1992	300	28
6139	1994	294	28
6139	1995	307	28
6139	1996	285	28
6139	1998	292	28
6139	1999	302	28
6139	2000	298	28
6139	2001	301	28
6139	2002	295	28
6139	2003	304	28
6139	2004	299	28
6139	2005	290	28
6139	2006	313	28
6139	2007	302	28
6139	2008	284	28
6139	2009	303	28
6139	2010	299	28
6139	2011	297	28
6139	2012	326	28
6139	2013	291	28
6139	2014	307	28
6139	2015	300	28
6141	1979	273	31
6141	1980	287	31
6141	1981	281	31
6141	1983	282	31
6141	1984	283	31
6141	1987	291	31
6141	1989	286	31
6141	1991	288	31
6141	1992	289	31
6141	1993	274	31
6141	1994	281	31
6141	1995	302	31
6141	1996	273	31
6141	1997	291	31
6141	1998	288	31
6141	1999	279	31
6141	2000	283	31
6141	2001	306	31
6141	2002	284	31
6141	2003	311	31
6141	2004	297	31
6141	2005	296	31
6141	2006	296	31
6141	2007	292	31
6141	2008	289	31
6141	2009	302	31
6141	2010	280	31
6141	2011	300	31
6141	2012	302	31
6141	2013	287	31
6141	2014	289	31
6147	1981	281	20
6147	1982	280	20
6147	1984	293	20
6147	1990	284	20
6147	1992	300	20
6147	1993	279	20
6147	1995	288	20
6147	1999	286	20
6147	2000	279	20
6147	2001	275	20
6147	2002	278	20
6147	2003	275	20
6147	2004	281	20
6147	2005	286	20
6147	2006	282	20
6147	2007	283	20
6147	2008	277	20
6147	2009	284	20
6147	2010	284	20
6147	2011	281	20
6148	1980	291	29
6148	1981	268	29
6148	1982	298	29
6148	1983	282	29
6148	1984	308	29
6148	1987	287	29
6148	1988	287	29
6148	1989	284	29
6148	1990	281	29
6148	1996	274	29
6148	1997	277	29
6148	1998	291	29
6148	1999	287	29
6148	2000	274	29
6148	2001	294	29
6148	2002	287	29
6148	2003	286	29
6148	2004	288	29
6148	2005	284	29
6148	2006	293	29
6148	2007	290	29
6148	2008	286	29
6148	2009	301	29
6148	2010	278	29
6148	2011	301	29
6148	2012	303	29
6148	2013	285	29
6148	2014	290	29
6148	2015	296	29
6152	1981	299	18
6152	1982	290	18
6152	1983	290	18
6152	1984	300	18
6152	1985	300	18
6152	1986	283	18
6152	1987	286	18
6152	1989	288	18
6152	1990	288	18
6152	1991	289	18
6152	1992	287	18
6152	1993	287	18
6152	1994	284	18
6152	1995	311	18
6152	1997	288	18
6152	1998	292	18
6152	1999	292	18
6152	2000	302	18
6154	1979	282	17
6154	1993	247	17
6154	1994	262	17
6154	1995	276	17
6154	1996	280	17
6154	1997	294	17
6154	1998	279	17
6154	1999	298	17
6154	2000	282	17
6154	2001	299	17
6154	2002	293	17
6154	2003	298	17
6154	2004	300	17
6154	2005	298	17
6154	2006	302	17
6154	2007	293	17
6154	2008	288	17
6155	1979	288	36
6155	1980	301	36
6155	1981	296	36
6155	1982	295	36
6155	1983	292	36
6155	1984	296	36
6155	1985	299	36
6155	1986	286	36
6155	1987	287	36
6155	1988	282	36
6155	1989	293	36
6155	1990	278	36
6155	1992	298	36
6155	1993	277	36
6155	1994	273	36
6155	1995	281	36
6155	1996	286	36
6155	1997	279	36
6155	1998	281	36
6155	1999	280	36
6155	2000	279	36
6155	2001	288	36
6155	2002	289	36
6155	2003	288	36
6155	2004	293	36
6155	2005	288	36
6155	2006	283	36
6155	2007	283	36
6155	2008	282	36
6155	2009	289	36
6155	2010	286	36
6155	2011	295	36
6155	2012	302	36
6155	2013	283	36
6155	2014	281	36
6155	2015	278	36
6157	1979	282	23
6157	1980	288	23
6157	1981	294	23
6157	1982	298	23
6157	1983	293	23
6157	1984	295	23
6157	1985	299	23
6157	1986	281	23
6157	1987	286	23
6157	1988	291	23
6157	1989	293	23
6157	1990	295	23
6157	1991	301	23
6157	1992	284	23
6157	1993	286	23
6157	1994	287	23
6157	1995	297	23
6157	1996	296	23
6157	1997	290	23
6157	1998	294	23
6157	1999	302	23
6157	2000	308	23
6157	2001	294	23
6158	1979	261	17
6158	1980	278	17
6158	1981	282	17
6158	1985	287	17
6158	1986	275	17
6158	1987	290	17
6158	1989	287	17
6158	1990	286	17
6158	1991	263	17
6158	1992	278	17
6158	1993	275	17
6158	1994	275	17
6158	1995	286	17
6158	1996	279	17
6158	1997	276	17
6158	1998	278	17
6158	1999	278	17
6160	1979	284	32
6160	1980	288	32
6160	1981	284	32
6160	1982	290	32
6160	1987	296	32
6160	1988	290	32
6160	1990	295	32
6160	1991	293	32
6160	1992	281	32
6160	1993	283	32
6160	1994	288	32
6160	1995	301	32
6160	1996	293	32
6160	1997	300	32
6160	1998	285	32
6160	1999	291	32
6160	2000	281	32
6160	2001	298	32
6160	2002	301	32
6160	2003	274	32
6160	2004	283	32
6160	2005	294	32
6160	2006	305	32
6160	2007	286	32
6160	2008	288	32
6160	2009	303	32
6160	2010	310	32
6160	2011	308	32
6160	2012	332	32
6160	2013	298	32
6160	2014	293	32
6160	2015	298	32
6162	1979	288	31
6162	1980	288	31
6162	1981	290	31
6162	1982	278	31
6162	1983	284	31
6162	1985	293	31
6162	1986	285	31
6162	1987	281	31
6162	1989	283	31
6162	1990	282	31
6162	1991	291	31
6162	1992	285	31
6162	1993	281	31
6162	1994	288	31
6162	1995	282	31
6162	1996	285	31
6162	1997	299	31
6162	1998	289	31
6162	1999	291	31
6162	2000	280	31
6162	2001	291	31
6162	2002	286	31
6162	2003	295	31
6162	2004	288	31
6162	2005	288	31
6162	2006	288	31
6162	2007	278	31
6162	2008	258	31
6162	2009	278	31
6162	2010	277	31
6162	2011	285	31
6163	1983	286	28
6163	1984	302	28
6163	1990	293	28
6163	1991	304	28
6163	1992	277	28
6163	1993	267	28
6163	1994	274	28
6163	1995	291	28
6163	1996	275	28
6163	1997	273	28
6163	1998	282	28
6163	1999	271	28
6163	2000	289	28
6163	2001	287	28
6163	2002	274	28
6163	2003	279	28
6163	2004	289	28
6163	2005	304	28
6163	2006	288	28
6163	2007	282	28
6163	2008	270	28
6163	2009	274	28
6163	2010	287	28
6163	2011	288	28
6163	2012	292	28
6163	2013	277	28
6163	2014	264	28
6163	2015	283	28
6164	1979	285	15
6164	1982	278	15
6164	1983	276	15
6164	1985	290	15
6164	1990	290	15
6164	1991	282	15
6164	1992	266	15
6164	1993	263	15
6164	1994	291	15
6164	1995	283	15
6164	1996	283	15
6164	1997	273	15
6164	1998	280	15
6164	1999	265	15
6164	2000	275	15
6175	1979	297	23
6175	1980	287	23
6175	1981	288	23
6175	1982	285	23
6175	1983	301	23
6175	1985	311	23
6175	1987	304	23
6175	1988	301	23
6175	1989	301	23
6175	1991	314	23
6175	1992	283	23
6175	1993	281	23
6175	1994	287	23
6175	1995	287	23
6175	1996	295	23
6175	1997	293	23
6175	1998	297	23
6175	1999	300	23
6175	2000	298	23
6175	2001	301	23
6175	2002	301	23
6175	2003	266	23
6175	2004	276	23
6178	1982	309	25
6178	1983	270	25
6178	1984	300	25
6178	1994	292	25
6178	1995	276	25
6178	1996	280	25
6178	1997	287	25
6178	1998	299	25
6178	1999	292	25
6178	2000	293	25
6178	2001	291	25
6178	2002	287	25
6178	2003	301	25
6178	2004	288	25
6178	2005	293	25
6178	2006	299	25
6178	2007	293	25
6178	2008	285	25
6178	2009	298	25
6178	2010	294	25
6178	2011	301	25
6178	2012	331	25
6178	2013	293	25
6178	2014	283	25
6178	2015	303	25
6179	1979	308	24
6179	1982	293	24
6179	1984	306	24
6179	1992	281	24
6179	1994	262	24
6179	1995	276	24
6179	1996	283	24
6179	1997	274	24
6179	1998	301	24
6179	1999	302	24
6179	2000	300	24
6179	2001	299	24
6179	2002	293	24
6179	2003	293	24
6179	2004	299	24
6179	2005	296	24
6179	2006	310	24
6179	2007	283	24
6179	2008	295	24
6179	2009	299	24
6179	2011	299	24
6179	2013	289	24
6179	2014	309	24
6179	2015	302	24
6180	1979	282	35
6180	1980	280	35
6180	1981	279	35
6180	1982	288	35
6180	1983	288	35
6180	1984	297	35
6180	1985	276	35
6180	1987	287	35
6180	1988	270	35
6180	1989	286	35
6180	1990	286	35
6180	1991	291	35
6180	1992	269	35
6180	1993	274	35
6180	1994	271	35
6180	1995	278	35
6180	1996	277	35
6180	1997	276	35
6180	1998	283	35
6180	1999	283	35
6180	2000	288	35
6180	2002	282	35
6180	2003	260	35
6180	2004	287	35
6180	2005	293	35
6180	2006	300	35
6180	2007	267	35
6180	2008	274	35
6180	2009	283	35
6180	2010	273	35
6180	2011	289	35
6180	2012	304	35
6180	2013	285	35
6180	2014	274	35
6180	2015	283	35
6184	1979	278	22
6184	1981	280	22
6184	1982	295	22
6184	1983	290	22
6184	1984	287	22
6184	1985	294	22
6184	1986	270	22
6184	1987	294	22
6184	1989	287	22
6184	1990	284	22
6184	1991	297	22
6184	1992	288	22
6184	1993	279	22
6184	1994	275	22
6184	1995	278	22
6184	1996	284	22
6184	1997	282	22
6184	1998	281	22
6184	1999	286	22
6184	2000	273	22
6184	2001	278	22
6184	2002	284	22
6188	1979	282	36
6188	1980	295	36
6188	1981	292	36
6188	1982	288	36
6188	1983	292	36
6188	1984	290	36
6188	1985	298	36
6188	1987	293	36
6188	1988	290	36
6188	1989	293	36
6188	1990	290	36
6188	1991	306	36
6188	1992	298	36
6188	1993	278	36
6188	1994	280	36
6188	1995	282	36
6188	1996	278	36
6188	1997	281	36
6188	1998	286	36
6188	1999	293	36
6188	2000	292	36
6188	2001	289	36
6188	2002	289	36
6188	2003	290	36
6188	2004	296	36
6188	2005	296	36
6188	2006	299	36
6188	2007	289	36
6188	2008	287	36
6188	2009	283	36
6188	2010	303	36
6188	2011	295	36
6188	2012	314	36
6188	2013	294	36
6188	2014	291	36
6188	2015	292	36
6191	1979	288	17
6191	1980	300	17
6191	1981	287	17
6191	1982	286	17
6191	1983	290	17
6191	1984	302	17
6191	1987	293	17
6191	1989	292	17
6191	1992	283	17
6191	1993	272	17
6191	1994	269	17
6191	1995	286	17
6191	1996	274	17
6191	1997	278	17
6191	1998	273	17
6191	1999	276	17
6191	2000	278	17
6194	1979	274	15
6194	1980	288	15
6194	1981	285	15
6194	1982	286	15
6194	1983	285	15
6194	1984	292	15
6194	1985	286	15
6194	1987	288	15
6194	1988	283	15
6194	1989	279	15
6194	1990	284	15
6194	1991	289	15
6194	1992	284	15
6194	1993	278	15
6194	1994	279	15
6195	1982	305	20
6195	1992	288	20
6195	1993	305	20
6195	1994	293	20
6195	1995	301	20
6195	1996	285	20
6195	1997	314	20
6195	1998	289	20
6195	1999	300	20
6195	2000	293	20
6195	2001	289	20
6195	2002	296	20
6195	2003	305	20
6195	2004	298	20
6195	2005	306	20
6195	2006	323	20
6195	2007	299	20
6195	2009	304	20
6195	2010	298	20
6195	2011	299	20
6200	1979	280	15
6200	1980	284	15
6200	1981	285	15
6200	1982	271	15
6200	1984	287	15
6200	1989	276	15
6200	1990	292	15
6200	1991	299	15
6200	1992	301	15
6200	1993	291	15
6200	1994	288	15
6200	1995	291	15
6200	1996	298	15
6200	1997	292	15
6200	1998	290	15
6203	1979	283	29
6203	1980	300	29
6203	1982	304	29
6203	1984	292	29
6203	1985	292	29
6203	1986	305	29
6203	1987	303	29
6203	1989	299	29
6203	1990	287	29
6203	1991	278	29
6203	1992	285	29
6203	1993	266	29
6203	1994	291	29
6203	1995	271	29
6203	1996	272	29
6203	1997	284	29
6203	1998	263	29
6203	1999	281	29
6203	2000	266	29
6203	2001	300	29
6203	2003	273	29
6203	2004	283	29
6203	2005	292	29
6203	2006	277	29
6203	2007	271	29
6203	2012	309	29
6203	2013	281	29
6203	2014	294	29
6203	2015	284	29
6204	1979	283	20
6204	1980	295	20
6204	1981	288	20
6204	1982	296	20
6204	1983	285	20
6204	1984	284	20
6204	1985	302	20
6204	1986	288	20
6204	1987	288	20
6204	1991	278	20
6204	1993	279	20
6204	1994	288	20
6204	1995	292	20
6204	1996	285	20
6204	1997	303	20
6204	1998	287	20
6204	1999	292	20
6204	2000	289	20
6204	2001	302	20
6204	2002	283	20
6216	1982	292	24
6216	1983	288	24
6216	1984	289	24
6216	1991	253	24
6216	1992	264	24
6216	1993	269	24
6216	1994	266	24
6216	1995	270	24
6216	1996	267	24
6216	1997	265	24
6216	1998	261	24
6216	2002	270	24
6216	2003	274	24
6216	2004	276	24
6216	2005	279	24
6216	2006	271	24
6216	2007	287	24
6216	2008	276	24
6216	2009	277	24
6216	2010	271	24
6216	2011	265	24
6216	2012	302	24
6216	2014	283	24
6216	2015	301	24
6219	1979	274	24
6219	1986	295	24
6219	1988	297	24
6219	1989	293	24
6219	1991	293	24
6219	1997	303	24
6219	1998	288	24
6219	1999	293	24
6219	2000	296	24
6219	2001	303	24
6219	2002	297	24
6219	2003	305	24
6219	2004	295	24
6219	2005	293	24
6219	2006	318	24
6219	2007	298	24
6219	2008	294	24
6219	2009	294	24
6219	2010	295	24
6219	2011	298	24
6219	2012	331	24
6219	2013	299	24
6219	2014	289	24
6219	2015	295	24
6221	1979	283	21
6221	1980	300	21
6221	1981	282	21
6221	1982	301	21
6221	1983	295	21
6221	1985	288	21
6221	1987	300	21
6221	1988	287	21
6221	1989	295	21
6221	1990	294	21
6221	1991	296	21
6221	1992	303	21
6221	1993	278	21
6221	1994	293	21
6221	1995	293	21
6221	1996	275	21
6221	1997	285	21
6221	1998	283	21
6221	1999	297	21
6221	2000	279	21
6221	2001	282	21
6230	1979	292	25
6230	1980	298	25
6230	1981	297	25
6230	1982	295	25
6230	1983	288	25
6230	1984	298	25
6230	1985	292	25
6230	1987	289	25
6230	1988	280	25
6230	1989	295	25
6230	1990	283	25
6230	1991	260	25
6230	1992	298	25
6230	1993	298	25
6230	1994	298	25
6230	1995	284	25
6230	1996	299	25
6230	1997	293	25
6230	1998	289	25
6230	1999	292	25
6230	2000	284	25
6230	2001	297	25
6230	2002	280	25
6230	2003	296	25
6230	2004	293	25
6233	1987	290	29
6233	1988	299	29
6233	1989	297	29
6233	1990	294	29
6233	1991	311	29
6233	1992	305	29
6233	1993	289	29
6233	1994	293	29
6233	1995	292	29
6233	1996	292	29
6233	1997	288	29
6233	1998	294	29
6233	1999	292	29
6233	2000	291	29
6233	2001	300	29
6233	2002	293	29
6233	2003	305	29
6233	2004	295	29
6233	2005	299	29
6233	2006	296	29
6233	2007	296	29
6233	2008	284	29
6233	2009	286	29
6233	2010	292	29
6233	2011	293	29
6233	2012	302	29
6233	2013	289	29
6233	2014	291	29
6233	2015	296	29
6239	1998	288	18
6239	1999	287	18
6239	2000	290	18
6239	2001	299	18
6239	2002	301	18
6239	2003	270	18
6239	2004	272	18
6239	2005	293	18
6239	2006	281	18
6239	2007	275	18
6239	2008	279	18
6239	2009	273	18
6239	2010	269	18
6239	2011	271	18
6239	2012	289	18
6239	2013	280	18
6239	2014	273	18
6239	2015	283	18
6241	1981	285	35
6241	1982	300	35
6241	1983	293	35
6241	1984	291	35
6241	1985	308	35
6241	1986	275	35
6241	1987	286	35
6241	1988	292	35
6241	1989	289	35
6241	1990	286	35
6241	1991	292	35
6241	1992	291	35
6241	1993	281	35
6241	1994	281	35
6241	1995	286	35
6241	1996	281	35
6241	1997	288	35
6241	1998	284	35
6241	1999	287	35
6241	2000	281	35
6241	2001	289	35
6241	2002	287	35
6241	2003	300	35
6241	2004	290	35
6241	2005	296	35
6241	2006	297	35
6241	2007	292	35
6241	2008	284	35
6241	2009	287	35
6241	2010	298	35
6241	2011	301	35
6241	2012	301	35
6241	2013	289	35
6241	2014	292	35
6241	2015	299	35
6242	1979	287	19
6242	1980	291	19
6242	1981	294	19
6242	1982	302	19
6242	1983	301	19
6242	1984	297	19
6242	1985	296	19
6242	1986	283	19
6242	1987	301	19
6242	1988	290	19
6242	1989	299	19
6242	1990	293	19
6242	1991	299	19
6242	1992	297	19
6242	1993	287	19
6242	1994	292	19
6242	1995	298	19
6242	1996	288	19
6242	1997	300	19
6244	1992	300	16
6244	1993	281	16
6244	1994	288	16
6244	1995	298	16
6244	1996	290	16
6244	1997	296	16
6244	1998	288	16
6244	1999	295	16
6244	2000	285	16
6244	2001	295	16
6244	2002	291	16
6244	2003	293	16
6244	2004	294	16
6244	2005	297	16
6244	2006	298	16
6244	2007	288	16
6246	1992	293	18
6246	1993	278	18
6246	1994	292	18
6246	1995	286	18
6246	1996	288	18
6246	1997	307	18
6246	1998	288	18
6246	1999	298	18
6246	2000	277	18
6246	2001	292	18
6246	2002	288	18
6246	2003	298	18
6246	2004	292	18
6246	2005	294	18
6246	2006	297	18
6246	2007	289	18
6246	2008	294	18
6246	2009	291	18
6248	1979	300	34
6248	1980	292	34
6248	1981	289	34
6248	1982	275	34
6248	1983	289	34
6248	1984	291	34
6248	1985	298	34
6248	1986	296	34
6248	1987	298	34
6248	1989	287	34
6248	1990	285	34
6248	1992	274	34
6248	1994	280	34
6248	1995	280	34
6248	1996	275	34
6248	1997	270	34
6248	1998	275	34
6248	1999	293	34
6248	2000	276	34
6248	2001	285	34
6248	2002	283	34
6248	2003	274	34
6248	2004	280	34
6248	2005	282	34
6248	2006	274	34
6248	2007	272	34
6248	2008	275	34
6248	2009	278	34
6248	2010	275	34
6248	2011	282	34
6248	2012	286	34
6248	2013	281	34
6248	2014	276	34
6248	2015	283	34
6252	1984	291	22
6252	1991	305	22
6252	1992	282	22
6252	1993	288	22
6252	1994	282	22
6252	1995	297	22
6252	1996	297	22
6252	1997	304	22
6252	1998	268	22
6252	1999	279	22
6252	2000	290	22
6252	2001	297	22
6252	2002	267	22
6252	2003	260	22
6252	2004	307	22
6252	2005	293	22
6252	2006	286	22
6252	2007	275	22
6252	2008	269	22
6252	2011	290	22
6252	2012	322	22
6252	2013	282	22
6254	1988	284	27
6254	1990	306	27
6254	1991	295	27
6254	1992	276	27
6254	1993	274	27
6254	1994	277	27
6254	1995	288	27
6254	1996	293	27
6254	1997	292	27
6254	1998	287	27
6254	1999	298	27
6254	2000	295	27
6254	2001	300	27
6254	2002	298	27
6254	2003	297	27
6254	2004	302	27
6254	2005	296	27
6254	2006	302	27
6254	2007	291	27
6254	2008	294	27
6254	2009	288	27
6254	2010	284	27
6254	2011	300	27
6254	2012	318	27
6254	2013	294	27
6254	2014	298	27
6254	2015	302	27
6257	1985	293	30
6257	1987	297	30
6257	1988	286	30
6257	1989	291	30
6257	1990	284	30
6257	1991	303	30
6257	1992	285	30
6257	1993	285	30
6257	1994	288	30
6257	1995	298	30
6257	1996	285	30
6257	1997	289	30
6257	1998	287	30
6257	1999	293	30
6257	2000	285	30
6257	2001	289	30
6257	2002	295	30
6257	2003	288	30
6257	2004	291	30
6257	2005	293	30
6257	2006	297	30
6257	2007	283	30
6257	2008	278	30
6257	2009	288	30
6257	2010	279	30
6257	2011	295	30
6257	2012	298	30
6257	2013	293	30
6257	2014	285	30
6257	2015	293	30
6259	1983	303	30
6259	1985	297	30
6259	1986	297	30
6259	1987	297	30
6259	1988	281	30
6259	1989	285	30
6259	1991	278	30
6259	1992	296	30
6259	1993	282	30
6259	1994	293	30
6259	1995	293	30
6259	1996	291	30
6259	1997	291	30
6259	1998	281	30
6259	1999	285	30
6259	2000	285	30
6259	2001	296	30
6259	2002	289	30
6259	2003	302	30
6259	2004	291	30
6259	2005	298	30
6259	2006	296	30
6259	2007	283	30
6259	2008	293	30
6259	2009	279	30
6259	2010	283	30
6259	2012	302	30
6259	2013	291	30
6259	2014	281	30
6259	2015	287	30
6261	1979	293	34
6261	1980	291	34
6261	1981	286	34
6261	1982	294	34
6261	1983	299	34
6261	1984	298	34
6261	1985	300	34
6261	1986	270	34
6261	1987	292	34
6261	1988	285	34
6261	1989	293	34
6261	1990	287	34
6261	1991	299	34
6261	1992	287	34
6261	1993	278	34
6261	1994	280	34
6261	1995	281	34
6261	1996	283	34
6261	1997	283	34
6261	1998	287	34
6261	1999	288	34
6261	2001	290	34
6261	2002	292	34
6261	2003	292	34
6261	2004	294	34
6261	2005	292	34
6261	2006	294	34
6261	2007	285	34
6261	2008	292	34
6261	2009	293	34
6261	2010	288	34
6261	2011	290	34
6261	2012	310	34
6261	2013	292	34
6276	1979	283	21
6276	1980	291	21
6276	1981	291	21
6276	1982	301	21
6276	1983	299	21
6276	1984	286	21
6276	1985	298	21
6276	1986	282	21
6276	1987	293	21
6276	1988	287	21
6276	1989	292	21
6276	1990	293	21
6276	1992	294	21
6276	1993	275	21
6276	1994	283	21
6276	1995	291	21
6276	1996	277	21
6276	1997	294	21
6276	1998	293	21
6276	1999	295	21
6276	2000	297	21
6277	1980	304	21
6277	1981	293	21
6277	1982	297	21
6277	1983	302	21
6277	1984	307	21
6277	1986	285	21
6277	1987	304	21
6277	1988	291	21
6277	1989	301	21
6277	1990	287	21
6277	1991	307	21
6277	1992	299	21
6277	1993	282	21
6277	1995	306	21
6277	1996	289	21
6277	1997	300	21
6277	1998	297	21
6277	1999	301	21
6277	2000	298	21
6277	2001	304	21
6277	2002	295	21
6280	1981	312	31
6280	1982	283	31
6280	1983	274	31
6280	1984	301	31
6280	1986	279	31
6280	1987	288	31
6280	1988	297	31
6280	1989	286	31
6280	1990	279	31
6280	1991	289	31
6280	1992	273	31
6280	1993	250	31
6280	1994	277	31
6280	1995	281	31
6280	1996	264	31
6280	1997	276	31
6280	1998	274	31
6280	1999	299	31
6280	2000	281	31
6280	2001	277	31
6280	2002	283	31
6280	2003	290	31
6280	2004	288	31
6280	2005	288	31
6280	2006	291	31
6280	2007	274	31
6280	2008	280	31
6280	2009	292	31
6280	2010	281	31
6280	2011	297	31
6280	2012	312	31
6285	1979	272	34
6285	1980	288	34
6285	1981	305	34
6285	1982	282	34
6285	1983	279	34
6285	1984	290	34
6285	1986	280	34
6285	1987	300	34
6285	1989	287	34
6285	1990	280	34
6285	1992	286	34
6285	1993	286	34
6285	1994	273	34
6285	1995	281	34
6285	1996	301	34
6285	1997	287	34
6285	1998	275	34
6285	1999	283	34
6285	2000	281	34
6285	2001	283	34
6285	2002	277	34
6285	2003	283	34
6285	2004	266	34
6285	2005	283	34
6285	2006	289	34
6285	2007	285	34
6285	2008	291	34
6285	2009	294	34
6285	2010	281	34
6285	2011	293	34
6285	2012	306	34
6285	2013	294	34
6285	2014	274	34
6285	2015	275	34
6286	1980	271	23
6286	1982	285	23
6286	1983	281	23
6286	1984	283	23
6286	1985	284	23
6286	1986	293	23
6286	1987	294	23
6286	1988	285	23
6286	1989	286	23
6286	1990	289	23
6286	1991	295	23
6286	1992	293	23
6286	1993	278	23
6286	1994	281	23
6286	1995	286	23
6286	1996	288	23
6286	1997	291	23
6286	1998	284	23
6286	1999	280	23
6286	2000	283	23
6286	2001	319	23
6286	2003	301	23
6286	2004	303	23
6291	1981	285	20
6291	1982	285	20
6291	1983	288	20
6291	1984	294	20
6291	1985	284	20
6291	1986	288	20
6291	1987	308	20
6291	1988	291	20
6291	1989	291	20
6291	1990	283	20
6291	1991	305	20
6291	1992	281	20
6291	1993	279	20
6291	1994	287	20
6291	1995	299	20
6291	1996	285	20
6291	1997	294	20
6291	1998	287	20
6291	1999	294	20
6291	2000	287	20
6296	1980	291	32
6296	1982	302	32
6296	1983	292	32
6296	1984	293	32
6296	1985	286	32
6296	1986	284	32
6296	1987	291	32
6296	1988	283	32
6296	1990	290	32
6296	1991	289	32
6296	1993	278	32
6296	1994	270	32
6296	1995	278	32
6296	1996	285	32
6296	1997	297	32
6296	1998	284	32
6296	1999	295	32
6296	2000	290	32
6296	2001	299	32
6296	2002	289	32
6296	2003	301	32
6296	2004	295	32
6296	2005	295	32
6296	2006	294	32
6296	2007	274	32
6296	2008	278	32
6296	2009	292	32
6296	2010	273	32
6296	2011	280	32
6296	2012	300	32
6296	2013	295	32
6296	2014	291	32
6297	1979	276	17
6297	1980	291	17
6297	1981	295	17
6297	1982	292	17
6297	1983	286	17
6297	1984	297	17
6297	1985	297	17
6297	1986	290	17
6297	1987	302	17
6297	1989	293	17
6297	1990	288	17
6297	1991	287	17
6297	1992	289	17
6297	1993	275	17
6297	1994	279	17
6297	1995	277	17
6297	1996	276	17
6310	1979	262	19
6310	1980	267	19
6310	1981	256	19
6310	1983	270	19
6310	1987	281	19
6310	1989	278	19
6310	1991	282	19
6310	2001	293	19
6310	2002	291	19
6310	2003	290	19
6310	2004	293	19
6310	2005	291	19
6310	2006	296	19
6310	2007	295	19
6310	2010	291	19
6310	2011	292	19
6310	2012	301	19
6310	2013	293	19
6310	2014	289	19
6314	1979	278	18
6314	1980	290	18
6314	1981	272	18
6314	1985	290	18
6314	1987	290	18
6314	1988	290	18
6314	1989	278	18
6314	1990	290	18
6314	1991	280	18
6314	1992	273	18
6314	1993	275	18
6314	1994	275	18
6314	1995	277	18
6314	1996	273	18
6314	1997	283	18
6314	1998	273	18
6314	1999	275	18
6314	2000	291	18
6318	1979	284	20
6318	1980	294	20
6318	1981	290	20
6318	1982	280	20
6318	1983	280	20
6318	1985	280	20
6318	1986	285	20
6318	1987	290	20
6318	1988	288	20
6318	1989	280	20
6318	1991	303	20
6318	1992	275	20
6318	1993	268	20
6318	1994	275	20
6318	1995	281	20
6318	1996	277	20
6318	1997	285	20
6318	1998	271	20
6318	1999	289	20
6318	2000	293	20
6322	1983	297	33
6322	1984	302	33
6322	1985	315	33
6322	1986	300	33
6322	1987	303	33
6322	1988	297	33
6322	1989	295	33
6322	1990	294	33
6322	1991	311	33
6322	1992	300	33
6322	1993	287	33
6322	1994	298	33
6322	1995	300	33
6322	1996	288	33
6322	1997	308	33
6322	1998	286	33
6322	1999	300	33
6322	2000	295	33
6322	2001	299	33
6322	2002	294	33
6322	2003	292	33
6322	2004	294	33
6322	2005	299	33
6322	2006	301	33
6322	2007	289	33
6322	2008	282	33
6322	2009	291	33
6322	2010	284	33
6322	2011	294	33
6322	2012	313	33
6322	2013	288	33
6322	2014	284	33
6322	2015	272	33
6326	1982	293	28
6326	1985	298	28
6326	1986	290	28
6326	1987	302	28
6326	1991	295	28
6326	1992	299	28
6326	1994	293	28
6326	1995	301	28
6326	1996	292	28
6326	1997	295	28
6326	1998	296	28
6326	1999	299	28
6326	2000	299	28
6326	2001	304	28
6326	2002	287	28
6326	2003	314	28
6326	2004	299	28
6326	2005	302	28
6326	2006	300	28
6326	2007	301	28
6326	2008	297	28
6326	2009	293	28
6326	2010	297	28
6326	2011	301	28
6326	2012	306	28
6326	2013	295	28
6326	2014	290	28
6326	2015	303	28
6328	1979	285	15
6328	1980	289	15
6328	1981	293	15
6328	1982	289	15
6328	1983	290	15
6328	1984	299	15
6328	1985	290	15
6328	1986	280	15
6328	1987	291	15
6328	1988	287	15
6328	1989	286	15
6328	1990	289	15
6328	1991	290	15
6328	1994	293	15
6328	1995	293	15
6338	1979	280	34
6338	1980	292	34
6338	1981	298	34
6338	1982	302	34
6338	1983	302	34
6338	1985	299	34
6338	1986	288	34
6338	1987	293	34
6338	1988	305	34
6338	1989	298	34
6338	1990	290	34
6338	1992	297	34
6338	1993	305	34
6338	1995	293	34
6338	1996	293	34
6338	1997	293	34
6338	1998	291	34
6338	1999	298	34
6338	2000	293	34
6338	2001	286	34
6338	2002	289	34
6338	2003	291	34
6338	2004	293	34
6338	2005	299	34
6338	2006	299	34
6338	2007	293	34
6338	2008	291	34
6338	2009	297	34
6338	2010	291	34
6338	2011	284	34
6338	2012	300	34
6338	2013	299	34
6338	2014	301	34
6338	2015	301	34
6347	1979	310	19
6347	1980	300	19
6347	1981	308	19
6347	1982	305	19
6347	1983	304	19
6347	1984	297	19
6347	1985	290	19
6347	1986	281	19
6347	1987	300	19
6347	1988	300	19
6347	1990	309	19
6347	1991	308	19
6347	1992	294	19
6347	1993	282	19
6347	1994	288	19
6347	1995	293	19
6347	1996	288	19
6347	1997	293	19
6347	1998	289	19
6348	1979	284	19
6348	1980	296	19
6348	1981	288	19
6348	1982	281	19
6348	1984	278	19
6348	1985	300	19
6348	1987	290	19
6348	1991	290	19
6348	1992	278	19
6348	1993	284	19
6348	1994	270	19
6348	1995	276	19
6348	1996	292	19
6348	1997	279	19
6348	1998	268	19
6348	1999	269	19
6348	2000	290	19
6348	2001	277	19
6348	2002	284	19
6351	1979	293	22
6351	1980	290	22
6351	1981	298	22
6351	1982	282	22
6351	1983	285	22
6351	1984	300	22
6351	1985	294	22
6351	1986	280	22
6351	1987	291	22
6351	1988	294	22
6351	1989	291	22
6351	1990	286	22
6351	1991	295	22
6351	1992	293	22
6351	1993	288	22
6351	1994	294	22
6351	1995	293	22
6351	1996	294	22
6351	1997	298	22
6351	1998	297	22
6351	1999	299	22
6351	2000	291	22
6352	1979	280	35
6352	1980	301	35
6352	1981	286	35
6352	1982	293	35
6352	1983	292	35
6352	1984	300	35
6352	1985	304	35
6352	1987	297	35
6352	1989	298	35
6352	1990	295	35
6352	1991	303	35
6352	1992	307	35
6352	1993	307	35
6352	1994	303	35
6352	1995	302	35
6352	1996	293	35
6352	1997	301	35
6352	1998	291	35
6352	1999	290	35
6352	2000	299	35
6352	2001	302	35
6352	2002	291	35
6352	2003	289	35
6352	2004	288	35
6352	2005	287	35
6352	2006	296	35
6352	2007	288	35
6352	2008	283	35
6352	2009	293	35
6352	2010	292	35
6352	2011	298	35
6352	2012	319	35
6352	2013	288	35
6352	2014	293	35
6352	2015	293	35
6354	1979	281	36
6354	1980	272	36
6354	1981	282	36
6354	1982	271	36
6354	1983	291	36
6354	1984	285	36
6354	1985	281	36
6354	1987	291	36
6354	1988	281	36
6354	1989	280	36
6354	1990	277	36
6354	1991	290	36
6354	1992	292	36
6354	1993	294	36
6354	1994	291	36
6354	1995	296	36
6354	1996	288	36
6354	1997	298	36
6354	1998	287	36
6354	1999	291	36
6354	2000	290	36
6354	2001	291	36
6354	2002	291	36
6354	2003	290	36
6354	2004	298	36
6354	2005	292	36
6354	2006	301	36
6354	2007	299	36
6354	2008	273	36
6354	2009	291	36
6354	2010	282	36
6354	2011	290	36
6354	2012	308	36
6354	2013	285	36
6354	2014	289	36
6354	2015	291	36
6355	1979	274	27
6355	1980	302	27
6355	1981	281	27
6355	1982	293	27
6355	1983	289	27
6355	1984	291	27
6355	1993	297	27
6355	1994	297	27
6355	1995	297	27
6355	1996	287	27
6355	1997	285	27
6355	1998	288	27
6355	1999	299	27
6355	2000	287	27
6355	2001	269	27
6355	2002	282	27
6355	2003	299	27
6355	2005	290	27
6355	2006	297	27
6355	2007	299	27
6355	2008	290	27
6355	2009	289	27
6355	2010	277	27
6355	2011	286	27
6355	2013	287	27
6355	2014	290	27
6355	2015	301	27
6357	1979	287	32
6357	1980	295	32
6357	1981	293	32
6357	1982	303	32
6357	1985	278	32
6357	1987	292	32
6357	1989	288	32
6357	1990	285	32
6357	1991	284	32
6357	1993	290	32
6357	1994	289	32
6357	1995	284	32
6357	1996	287	32
6357	1997	281	32
6357	1998	289	32
6357	1999	292	32
6357	2000	296	32
6357	2001	293	32
6357	2002	285	32
6357	2003	279	32
6357	2004	292	32
6357	2005	289	32
6357	2006	293	32
6357	2007	280	32
6357	2008	272	32
6357	2009	281	32
6357	2010	278	32
6357	2011	297	32
6357	2012	299	32
6357	2013	285	32
6357	2014	273	32
6357	2015	286	32
6358	1979	291	27
6358	1980	293	27
6358	1981	290	27
6358	1983	297	27
6358	1984	289	27
6358	1987	289	27
6358	1989	296	27
6358	1990	288	27
6358	1991	286	27
6358	1992	282	27
6358	1993	273	27
6358	1994	285	27
6358	1995	280	27
6358	1996	281	27
6358	1997	289	27
6358	1998	287	27
6358	1999	295	27
6358	2000	292	27
6358	2001	298	27
6358	2002	283	27
6358	2003	294	27
6358	2004	298	27
6358	2005	288	27
6358	2007	267	27
6358	2008	284	27
6358	2009	299	27
6358	2010	261	27
6359	1981	303	22
6359	1982	297	22
6359	1983	290	22
6359	1984	294	22
6359	1985	299	22
6359	1986	290	22
6359	1987	299	22
6359	1988	290	22
6359	1989	297	22
6359	1990	299	22
6359	1991	301	22
6359	1992	300	22
6359	1993	290	22
6359	1994	293	22
6359	1995	287	22
6359	1996	297	22
6359	1997	294	22
6359	1998	288	22
6359	1999	295	22
6359	2000	296	22
6359	2001	302	22
6359	2002	293	22
6360	1988	289	28
6360	1989	292	28
6360	1990	283	28
6360	1991	300	28
6360	1992	297	28
6360	1993	308	28
6360	1994	290	28
6360	1995	303	28
6360	1996	297	28
6360	1997	315	28
6360	1998	298	28
6360	1999	306	28
6360	2000	303	28
6360	2001	304	28
6360	2002	299	28
6360	2003	303	28
6360	2004	297	28
6360	2005	308	28
6360	2006	313	28
6360	2007	304	28
6360	2008	283	28
6360	2009	300	28
6360	2010	297	28
6360	2011	299	28
6360	2012	308	28
6360	2013	290	28
6360	2014	305	28
6360	2015	295	28
6362	1979	283	25
6362	1980	295	25
6362	1981	281	25
6362	1982	293	25
6362	1983	293	25
6362	1984	293	25
6362	1985	303	25
6362	1986	283	25
6362	1987	303	25
6362	1988	289	25
6362	1989	295	25
6362	1990	278	25
6362	1997	308	25
6362	1999	303	25
6362	2000	292	25
6362	2001	287	25
6362	2002	294	25
6362	2003	309	25
6362	2005	301	25
6362	2006	305	25
6362	2011	306	25
6362	2012	311	25
6362	2013	295	25
6362	2014	306	25
6362	2015	302	25
6370	1994	292	22
6370	1995	293	22
6370	1996	285	22
6370	1997	274	22
6370	1998	283	22
6370	1999	297	22
6370	2000	279	22
6370	2001	282	22
6370	2002	288	22
6370	2003	288	22
6370	2004	278	22
6370	2005	293	22
6370	2006	299	22
6370	2007	283	22
6370	2008	283	22
6370	2009	288	22
6370	2010	290	22
6370	2011	292	22
6370	2012	303	22
6370	2013	294	22
6370	2014	287	22
6370	2015	290	22
6371	1979	287	36
6371	1980	306	36
6371	1981	304	36
6371	1982	307	36
6371	1983	305	36
6371	1984	303	36
6371	1985	311	36
6371	1986	305	36
6371	1987	298	36
6371	1989	298	36
6371	1990	301	36
6371	1991	303	36
6371	1992	298	36
6371	1993	291	36
6371	1994	285	36
6371	1995	294	36
6371	1996	293	36
6371	1997	287	36
6371	1998	286	36
6371	1999	289	36
6371	2000	287	36
6371	2001	291	36
6371	2002	289	36
6371	2003	291	36
6371	2004	290	36
6371	2005	291	36
6371	2006	293	36
6371	2007	285	36
6371	2008	283	36
6371	2009	283	36
6371	2010	286	36
6371	2011	289	36
6371	2012	308	36
6371	2013	288	36
6371	2014	282	36
6371	2015	293	36
6377	1979	291	16
6377	1980	300	16
6377	1982	292	16
6377	1983	307	16
6377	1984	293	16
6377	1986	299	16
6377	1990	292	16
6377	1991	280	16
6377	1993	257	16
6377	1994	276	16
6377	1995	271	16
6377	1996	278	16
6377	1997	275	16
6377	1998	268	16
6377	1999	265	16
6377	2000	275	16
6379	1992	285	24
6379	1993	275	24
6379	1994	283	24
6379	1995	277	24
6379	1996	279	24
6379	1997	277	24
6379	1998	278	24
6379	1999	277	24
6379	2000	281	24
6379	2001	285	24
6379	2002	277	24
6379	2003	274	24
6379	2004	276	24
6379	2005	279	24
6379	2006	278	24
6379	2007	268	24
6379	2008	271	24
6379	2009	278	24
6379	2010	289	24
6379	2011	297	24
6379	2012	306	24
6379	2013	290	24
6379	2014	291	24
6379	2015	292	24
6381	1979	265	32
6381	1980	287	32
6381	1981	269	32
6381	1982	281	32
6381	1985	293	32
6381	1988	284	32
6381	1989	286	32
6381	1991	284	32
6381	1992	292	32
6381	1993	273	32
6381	1994	270	32
6381	1995	279	32
6381	1996	277	32
6381	1997	289	32
6381	1998	291	32
6381	1999	292	32
6381	2000	287	32
6381	2001	290	32
6381	2002	278	32
6381	2003	282	32
6381	2004	289	32
6381	2005	287	32
6381	2006	289	32
6381	2007	271	32
6381	2008	285	32
6381	2009	273	32
6381	2010	280	32
6381	2011	296	32
6381	2012	329	32
6381	2013	283	32
6381	2014	301	32
6381	2015	295	32
6386	1981	285	33
6386	1982	303	33
6386	1983	297	33
6386	1984	305	33
6386	1985	296	33
6386	1987	296	33
6386	1988	296	33
6386	1989	290	33
6386	1990	285	33
6386	1991	300	33
6386	1992	292	33
6386	1993	292	33
6386	1994	293	33
6386	1995	294	33
6386	1996	291	33
6386	1997	296	33
6386	1998	283	33
6386	1999	291	33
6386	2000	291	33
6386	2001	300	33
6386	2002	288	33
6386	2003	293	33
6386	2004	295	33
6386	2005	298	33
6386	2006	299	33
6386	2007	290	33
6386	2008	288	33
6386	2009	288	33
6386	2010	286	33
6386	2011	298	33
6386	2012	329	33
6386	2013	290	33
6386	2014	292	33
6391	1979	272	18
6391	1980	292	18
6391	1981	293	18
6391	1982	302	18
6391	1983	300	18
6391	1984	291	18
6391	1985	309	18
6391	1986	285	18
6391	1987	295	18
6391	1988	290	18
6391	1991	291	18
6391	1992	298	18
6391	1993	283	18
6391	1994	293	18
6391	1995	300	18
6391	1996	289	18
6391	1997	299	18
6391	1998	289	18
6396	1979	284	22
6396	1980	292	22
6396	1981	289	22
6396	1982	295	22
6396	1983	294	22
6396	1984	300	22
6396	1985	290	22
6396	1986	281	22
6396	1987	294	22
6396	1989	299	22
6396	1990	299	22
6396	1991	308	22
6396	1992	296	22
6396	1993	283	22
6396	1994	290	22
6396	1995	298	22
6396	1996	296	22
6396	1997	308	22
6396	1998	300	22
6396	1999	301	22
6396	2000	294	22
6396	2001	296	22
6398	1979	272	28
6398	1980	298	28
6398	1981	265	28
6398	1985	275	28
6398	1987	284	28
6398	1992	287	28
6398	1993	289	28
6398	1994	286	28
6398	1995	282	28
6398	1996	276	28
6398	1997	293	28
6398	1998	270	28
6398	1999	284	28
6398	2000	272	28
6398	2001	273	28
6398	2002	277	28
6398	2003	286	28
6398	2004	290	28
6398	2005	286	28
6398	2006	294	28
6398	2007	272	28
6398	2008	271	28
6398	2009	276	28
6398	2010	275	28
6398	2012	288	28
6398	2013	291	28
6398	2014	291	28
6398	2015	298	28
6401	1979	286	32
6401	1980	293	32
6401	1983	304	32
6401	1984	295	32
6401	1985	288	32
6401	1986	281	32
6401	1989	283	32
6401	1990	293	32
6401	1992	299	32
6401	1993	286	32
6401	1994	294	32
6401	1995	288	32
6401	1996	288	32
6401	1997	298	32
6401	1998	293	32
6401	1999	303	32
6401	2000	288	32
6401	2001	290	32
6401	2002	296	32
6401	2003	305	32
6401	2004	293	32
6401	2005	296	32
6401	2006	294	32
6401	2007	284	32
6401	2008	280	32
6401	2009	299	32
6401	2010	281	32
6401	2011	293	32
6401	2012	303	32
6401	2013	296	32
6401	2014	285	32
6401	2015	294	32
6406	1984	291	29
6406	1985	277	29
6406	1987	292	29
6406	1989	279	29
6406	1990	281	29
6406	1991	294	29
6406	1992	298	29
6406	1993	295	29
6406	1994	288	29
6406	1995	294	29
6406	1996	295	29
6406	1997	292	29
6406	1998	283	29
6406	1999	291	29
6406	2000	294	29
6406	2001	297	29
6406	2002	295	29
6406	2003	293	29
6406	2004	295	29
6406	2005	290	29
6406	2006	291	29
6406	2007	289	29
6406	2008	287	29
6406	2009	291	29
6406	2010	288	29
6406	2011	285	29
6406	2012	308	29
6406	2013	289	29
6406	2014	292	29
6407	1979	276	21
6407	1980	293	21
6407	1981	273	21
6407	1982	276	21
6407	1983	285	21
6407	1984	286	21
6407	1986	281	21
6407	1987	293	21
6407	1988	273	21
6407	1989	287	21
6407	1990	295	21
6407	1991	284	21
6407	1992	305	21
6407	1993	291	21
6407	1994	279	21
6407	1995	314	21
6407	1996	288	21
6407	1997	298	21
6407	1998	290	21
6407	1999	288	21
6407	2000	300	21
6410	1979	270	28
6410	1980	293	28
6410	1981	269	28
6410	1991	266	28
6410	1992	287	28
6410	1993	272	28
6410	1994	270	28
6410	1995	265	28
6410	1996	266	28
6410	1997	260	28
6410	1998	285	28
6410	1999	269	28
6410	2000	283	28
6410	2001	289	28
6410	2002	291	28
6410	2003	282	28
6410	2004	298	28
6410	2005	288	28
6410	2006	301	28
6410	2007	269	28
6410	2008	274	28
6410	2009	266	28
6410	2010	283	28
6410	2011	280	28
6410	2012	300	28
6410	2013	282	28
6410	2014	281	28
6410	2015	285	28
6412	1979	295	17
6412	1980	300	17
6412	1981	292	17
6412	1982	297	17
6412	1983	301	17
6412	1984	294	17
6412	1985	301	17
6412	1986	306	17
6412	1987	310	17
6412	1988	302	17
6412	1989	298	17
6412	1990	304	17
6412	1991	295	17
6412	1992	294	17
6412	1993	296	17
6412	1994	285	17
6412	1995	291	17
6413	1984	291	20
6413	1985	290	20
6413	1989	272	20
6413	1993	273	20
6413	1996	288	20
6413	1998	268	20
6413	1999	292	20
6413	2000	298	20
6413	2001	297	20
6413	2002	283	20
6413	2003	287	20
6413	2004	283	20
6413	2005	291	20
6413	2006	265	20
6413	2007	291	20
6413	2008	294	20
6413	2009	299	20
6413	2010	298	20
6413	2011	293	20
6413	2013	303	20
6416	1980	285	23
6416	1981	269	23
6416	1982	295	23
6416	1984	297	23
6416	1985	293	23
6416	1987	291	23
6416	1988	289	23
6416	1991	299	23
6416	1992	295	23
6416	1993	282	23
6416	1994	279	23
6416	1995	294	23
6416	1996	286	23
6416	1997	276	23
6416	1998	288	23
6416	1999	296	23
6416	2000	290	23
6416	2001	282	23
6416	2002	277	23
6416	2003	284	23
6416	2004	288	23
6416	2005	290	23
6416	2006	292	23
6419	1979	281	29
6419	1980	281	29
6419	1981	279	29
6419	1983	288	29
6419	1984	301	29
6419	1985	304	29
6419	1987	285	29
6419	1990	283	29
6419	1991	296	29
6419	1992	254	29
6419	1994	272	29
6419	1995	281	29
6419	1996	279	29
6419	1997	282	29
6419	1998	274	29
6419	1999	276	29
6419	2000	282	29
6419	2001	282	29
6419	2002	263	29
6419	2003	290	29
6419	2004	296	29
6419	2005	270	29
6419	2006	272	29
6419	2007	270	29
6419	2008	268	29
6419	2009	302	29
6419	2010	289	29
6419	2011	295	29
6419	2012	302	29
6421	1979	280	16
6421	1980	299	16
6421	1981	267	16
6421	1982	299	16
6421	1983	292	16
6421	1984	300	16
6421	1986	284	16
6421	1987	293	16
6421	1988	286	16
6421	1989	289	16
6421	1990	287	16
6421	1991	289	16
6421	1992	286	16
6421	1993	287	16
6421	2007	259	16
6421	2008	247	16
6424	1979	270	30
6424	1980	284	30
6424	1981	280	30
6424	1982	274	30
6424	1984	291	30
6424	1985	279	30
6424	1986	279	30
6424	1989	280	30
6424	1990	291	30
6424	1991	291	30
6424	1995	304	30
6424	1996	295	30
6424	1997	299	30
6424	1998	296	30
6424	1999	307	30
6424	2000	293	30
6424	2001	307	30
6424	2002	305	30
6424	2003	309	30
6424	2004	299	30
6424	2005	298	30
6424	2006	304	30
6424	2007	286	30
6424	2008	295	30
6424	2009	301	30
6424	2010	302	30
6424	2011	306	30
6424	2012	317	30
6424	2013	291	30
6424	2014	280	30
6426	1979	290	21
6426	1980	294	21
6426	1981	292	21
6426	1982	288	21
6426	1983	291	21
6426	1984	305	21
6426	1985	302	21
6426	1986	294	21
6426	1987	306	21
6426	1988	293	21
6426	1989	294	21
6426	1990	296	21
6426	1991	294	21
6426	1992	296	21
6426	1993	297	21
6426	1994	295	21
6426	1995	302	21
6426	1996	298	21
6426	1997	292	21
6426	1998	289	21
6426	2000	292	21
6428	1981	281	27
6428	1982	290	27
6428	1983	291	27
6428	1984	301	27
6428	1985	304	27
6428	1987	288	27
6428	1988	291	27
6428	1995	302	27
6428	1997	299	27
6428	1998	294	27
6428	1999	285	27
6428	2000	299	27
6428	2001	309	27
6428	2002	290	27
6428	2003	293	27
6428	2004	302	27
6428	2005	283	27
6428	2006	291	27
6428	2007	293	27
6428	2008	281	27
6428	2009	278	27
6428	2010	285	27
6428	2011	296	27
6428	2012	300	27
6428	2013	288	27
6428	2014	294	27
6428	2015	284	27
6429	1979	270	24
6429	1980	290	24
6429	1981	288	24
6429	1982	281	24
6429	1983	277	24
6429	1984	286	24
6429	1985	276	24
6429	1987	283	24
6429	1988	296	24
6429	1991	291	24
6429	1992	293	24
6429	1993	288	24
6429	1994	294	24
6429	1995	296	24
6429	1996	293	24
6429	1997	298	24
6429	1998	296	24
6429	1999	300	24
6429	2000	288	24
6429	2001	300	24
6429	2002	298	24
6429	2003	286	24
6429	2004	291	24
6429	2005	295	24
6431	1981	276	31
6431	1982	288	31
6431	1984	282	31
6431	1985	304	31
6431	1986	281	31
6431	1987	283	31
6431	1989	285	31
6431	1990	301	31
6431	1993	278	31
6431	1994	286	31
6431	1995	288	31
6431	1996	275	31
6431	1997	305	31
6431	1998	292	31
6431	1999	296	31
6431	2000	294	31
6431	2001	275	31
6431	2002	290	31
6431	2003	293	31
6431	2004	279	31
6431	2005	297	31
6431	2006	306	31
6431	2007	276	31
6431	2008	288	31
6431	2009	293	31
6431	2010	282	31
6431	2011	300	31
6431	2012	312	31
6431	2013	293	31
6431	2014	287	31
6431	2015	296	31
6434	1979	284	28
6434	1980	297	28
6434	1981	282	28
6434	1982	304	28
6434	1983	290	28
6434	1984	301	28
6434	1985	316	28
6434	1986	286	28
6434	1987	304	28
6434	1988	290	28
6434	1989	296	28
6434	1990	291	28
6434	1991	296	28
6434	1992	269	28
6434	1993	281	28
6434	1994	294	28
6434	1995	303	28
6434	1996	289	28
6434	1997	289	28
6434	1998	298	28
6434	1999	304	28
6434	2000	304	28
6434	2001	306	28
6434	2002	297	28
6434	2003	307	28
6434	2004	293	28
6434	2005	298	28
6434	2006	302	28
6437	1981	272	18
6437	1984	298	18
6437	1987	290	18
6437	1989	281	18
6437	1990	286	18
6437	1994	287	18
6437	1995	288	18
6437	1996	276	18
6437	1997	297	18
6437	1998	273	18
6437	1999	299	18
6437	2000	289	18
6437	2001	303	18
6437	2002	277	18
6437	2003	297	18
6437	2004	264	18
6437	2005	285	18
6437	2006	301	18
6441	1979	282	22
6441	1980	289	22
6441	1981	264	22
6441	1983	280	22
6441	1988	276	22
6441	1990	279	22
6441	1991	301	22
6441	1994	267	22
6441	1998	285	22
6441	1999	285	22
6441	2002	290	22
6441	2003	289	22
6441	2004	296	22
6441	2005	293	22
6441	2006	293	22
6441	2009	282	22
6441	2010	283	22
6441	2011	298	22
6441	2012	303	22
6441	2013	283	22
6441	2014	293	22
6441	2015	295	22
6450	1987	283	25
6450	1988	289	25
6450	1989	298	25
6450	1990	293	25
6450	1991	298	25
6450	1992	302	25
6450	1993	278	25
6450	1994	288	25
6450	1995	293	25
6450	1996	279	25
6450	1997	288	25
6450	1998	276	25
6450	1999	303	25
6450	2003	287	25
6450	2004	294	25
6450	2005	274	25
6450	2006	293	25
6450	2007	298	25
6450	2008	286	25
6450	2009	295	25
6450	2010	298	25
6450	2012	276	25
6450	2013	274	25
6450	2014	273	25
6450	2015	281	25
6452	1987	293	19
6452	1988	289	19
6452	1989	279	19
6452	1990	286	19
6452	1991	298	19
6452	1992	292	19
6452	1993	263	19
6452	1994	288	19
6452	1995	283	19
6452	1996	271	19
6452	1997	304	19
6452	1998	304	19
6452	1999	296	19
6452	2004	279	19
6452	2005	288	19
6452	2008	280	19
6452	2009	269	19
6452	2010	283	19
6452	2011	271	19
6480	1987	263	20
6480	1988	254	20
6480	1989	248	20
6480	1990	253	20
6480	1993	263	20
6480	1994	258	20
6480	1995	253	20
6480	1996	244	20
6480	1997	245	20
6480	1998	251	20
6480	1999	251	20
6480	2004	277	20
6480	2005	281	20
6480	2006	278	20
6480	2007	270	20
6480	2008	274	20
6480	2009	275	20
6480	2010	274	20
6480	2011	274	20
6480	2012	277	20
6494	1987	288	25
6494	1988	302	25
6494	1989	285	25
6494	1990	289	25
6494	1991	303	25
6494	1992	298	25
6494	1993	293	25
6494	1994	282	25
6494	1995	274	25
6494	1996	271	25
6494	1997	276	25
6494	1998	264	25
6494	1999	264	25
6494	2003	291	25
6494	2004	292	25
6494	2005	292	25
6494	2006	285	25
6494	2007	272	25
6494	2008	279	25
6494	2009	262	25
6494	2010	260	25
6494	2011	258	25
6494	2012	295	25
6494	2013	283	25
6494	2014	289	25
6552	1988	289	15
6552	1989	282	15
6552	1990	266	15
6552	1991	287	15
6552	1993	281	15
6552	1994	292	15
6552	2003	266	15
6552	2004	275	15
6552	2005	287	15
6552	2006	286	15
6552	2007	265	15
6552	2008	277	15
6552	2010	277	15
6552	2011	281	15
6552	2012	291	15
6569	1991	297	19
6569	1992	290	19
6569	1993	288	19
6569	1994	288	19
6569	1995	281	19
6569	1996	282	19
6569	1997	288	19
6569	1998	285	19
6569	1999	289	19
6569	2004	302	19
6569	2005	298	19
6569	2007	288	19
6569	2008	291	19
6569	2010	291	19
6569	2011	291	19
6569	2012	294	19
6569	2013	289	19
6569	2014	288	19
6569	2015	293	19
6572	1987	272	17
6572	1988	271	17
6572	1989	273	17
6572	1990	283	17
6572	1991	315	17
6572	1992	280	17
6572	1993	261	17
6572	1994	273	17
6572	1995	267	17
6572	1997	283	17
6572	1998	287	17
6572	1999	283	17
6572	2003	288	17
6572	2004	281	17
6572	2005	272	17
6572	2006	297	17
6572	2007	273	17
6589	1987	283	22
6589	1988	284	22
6589	1989	309	22
6589	1990	274	22
6589	1991	305	22
6589	1992	294	22
6589	1993	278	22
6589	1994	293	22
6589	1995	268	22
6589	1996	274	22
6589	1997	274	22
6589	1998	293	22
6589	1999	293	22
6589	2003	293	22
6589	2004	299	22
6589	2005	293	22
6589	2006	288	22
6589	2007	276	22
6589	2008	284	22
6589	2009	293	22
6589	2010	305	22
6589	2012	304	22
6596	1987	295	19
6596	1989	276	19
6596	1990	278	19
6596	1991	278	19
6596	1992	278	19
6596	1993	283	19
6596	1994	285	19
6596	1995	282	19
6596	1996	281	19
6596	1997	280	19
6596	1998	286	19
6596	1999	275	19
6596	2003	291	19
6596	2004	294	19
6596	2005	295	19
6596	2006	291	19
6596	2007	284	19
6596	2008	290	19
6596	2010	289	19
6603	1987	285	17
6603	1988	305	17
6603	1989	273	17
6603	1990	273	17
6603	1993	273	17
6603	1994	281	17
6603	1995	296	17
6603	1996	269	17
6603	1997	301	17
6603	1998	274	17
6603	1999	293	17
6603	2003	315	17
6603	2004	294	17
6603	2005	278	17
6603	2006	309	17
6603	2007	280	17
6603	2008	286	17
6620	1988	284	24
6620	1989	289	24
6620	1990	298	24
6620	1992	294	24
6620	1993	283	24
6620	1994	283	24
6620	1995	300	24
6620	1996	284	24
6620	1997	285	24
6620	1998	273	24
6620	1999	277	24
6620	2003	285	24
6620	2004	296	24
6620	2005	295	24
6620	2006	290	24
6620	2007	283	24
6620	2008	276	24
6620	2009	268	24
6620	2010	277	24
6620	2011	275	24
6620	2012	277	24
6620	2013	283	24
6620	2014	286	24
6620	2015	281	24
6634	1987	278	18
6634	1988	268	18
6634	1989	258	18
6634	1990	270	18
6634	1991	259	18
6634	1992	264	18
6634	1993	251	18
6634	1994	268	18
6634	1995	258	18
6634	1996	267	18
6634	1997	265	18
6634	1998	257	18
6634	1999	278	18
6634	2003	255	18
6634	2005	278	18
6634	2007	257	18
6634	2008	279	18
6634	2010	279	18
6662	1987	293	24
6662	1988	298	24
6662	1989	297	24
6662	1990	278	24
6662	1991	281	24
6662	1994	299	24
6662	1995	301	24
6662	1996	298	24
6662	1997	288	24
6662	1998	302	24
6662	1999	296	24
6662	2003	303	24
6662	2004	289	24
6662	2005	293	24
6662	2006	297	24
6662	2007	306	24
6662	2008	287	24
6662	2009	297	24
6662	2010	277	24
6662	2011	298	24
6662	2012	292	24
6662	2013	291	24
6662	2014	298	24
6662	2015	298	24
6689	1987	285	16
6689	1988	279	16
6689	1989	278	16
6689	1990	263	16
6689	1991	268	16
6689	1992	259	16
6689	1993	263	16
6689	1994	263	16
6689	1995	288	16
6689	1996	269	16
6689	1997	268	16
6689	1999	293	16
6689	2003	298	16
6689	2004	330	16
6689	2005	288	16
6689	2006	278	16
6695	1987	288	24
6695	1988	294	24
6695	1989	293	24
6695	1990	272	24
6695	1991	303	24
6695	1992	294	24
6695	1993	295	24
6695	1994	303	24
6695	1995	285	24
6695	1996	286	24
6695	1997	293	24
6695	1998	256	24
6695	1999	272	24
6695	2003	278	24
6695	2004	275	24
6695	2005	274	24
6695	2006	274	24
6695	2007	278	24
6695	2008	286	24
6695	2009	290	24
6695	2011	270	24
6695	2012	271	24
6695	2013	283	24
6695	2015	303	24
6862	1979	291	30
6862	1980	294	30
6862	1981	299	30
6862	1982	297	30
6862	1983	297	30
6862	1984	301	30
6862	1985	298	30
6862	1986	301	30
6862	1987	303	30
6862	1988	302	30
6862	1989	296	30
6862	1990	298	30
6862	1991	293	30
6862	1992	296	30
6862	1993	303	30
6862	1994	303	30
6862	1995	295	30
6862	1996	289	30
6862	1997	295	30
6862	1998	288	30
6862	1999	291	30
6862	2000	297	30
6862	2001	298	30
6862	2002	290	30
6862	2003	291	30
6862	2004	296	30
6862	2006	295	30
6862	2007	298	30
6862	2008	296	30
6862	2009	300	30
6863	1979	284	34
6863	1980	294	34
6863	1981	291	34
6863	1982	293	34
6863	1983	285	34
6863	1984	302	34
6863	1985	295	34
6863	1986	288	34
6863	1987	299	34
6863	1988	303	34
6863	1989	291	34
6863	1990	290	34
6863	1991	294	34
6863	1992	290	34
6863	1993	298	34
6863	1994	303	34
6863	1995	301	34
6863	1996	288	34
6863	1997	285	34
6863	1998	289	34
6863	1999	283	34
6863	2000	284	34
6863	2001	288	34
6863	2002	291	34
6863	2003	292	34
6863	2004	300	34
6863	2005	289	34
6863	2006	291	34
6863	2007	297	34
6863	2008	298	34
6863	2009	296	34
6863	2011	290	34
6863	2012	303	34
6863	2013	294	34
6864	1979	293	20
6864	1980	299	20
6864	1981	301	20
6864	1982	303	20
6864	1983	298	20
6864	1984	304	20
6864	1985	303	20
6864	1986	298	20
6864	1987	301	20
6864	1988	304	20
6864	1989	300	20
6864	1990	301	20
6864	1991	295	20
6864	1993	305	20
6864	1994	303	20
6864	1995	296	20
6864	1996	291	20
6864	1997	302	20
6864	1998	288	20
6864	1999	291	20
6865	1979	301	26
6865	1980	301	26
6865	1981	303	26
6865	1982	303	26
6865	1983	300	26
6865	1984	298	26
6865	1985	299	26
6865	1986	292	26
6865	1987	309	26
6865	1988	302	26
6865	1989	296	26
6865	1990	291	26
6865	1992	296	26
6865	1993	309	26
6865	1994	291	26
6865	1995	302	26
6865	1997	306	26
6865	1998	294	26
6865	2000	312	26
6865	2001	303	26
6865	2002	289	26
6865	2003	309	26
6865	2004	294	26
6865	2005	293	26
6865	2008	335	26
6865	2009	332	26
6866	1979	293	35
6866	1980	292	35
6866	1981	295	35
6866	1982	293	35
6866	1983	284	35
6866	1984	298	35
6866	1985	292	35
6866	1986	283	35
6866	1987	293	35
6866	1988	285	35
6866	1989	288	35
6866	1990	287	35
6866	1991	301	35
6866	1992	299	35
6866	1993	298	35
6866	1994	297	35
6866	1995	303	35
6866	1996	294	35
6866	1997	306	35
6866	1998	293	35
6866	1999	293	35
6866	2000	290	35
6866	2001	296	35
6866	2002	293	35
6866	2003	305	35
6866	2004	297	35
6866	2005	305	35
6866	2006	289	35
6866	2007	297	35
6866	2008	297	35
6866	2009	289	35
6866	2010	303	35
6866	2011	313	35
6866	2012	303	35
6866	2013	303	35
6867	1979	303	20
6867	1980	301	20
6867	1981	300	20
6867	1982	303	20
6867	1983	312	20
6867	1984	315	20
6867	1985	302	20
6867	1986	312	20
6867	1989	292	20
6867	1992	303	20
6867	1993	311	20
6867	1997	312	20
6867	1999	303	20
6867	2000	308	20
6867	2001	304	20
6867	2002	295	20
6867	2003	305	20
6867	2004	313	20
6867	2005	322	20
6867	2006	318	20
6868	1979	290	35
6868	1980	288	35
6868	1981	286	35
6868	1982	291	35
6868	1983	287	35
6868	1984	291	35
6868	1985	295	35
6868	1986	283	35
6868	1987	308	35
6868	1988	296	35
6868	1989	293	35
6868	1990	297	35
6868	1991	309	35
6868	1992	301	35
6868	1993	303	35
6868	1994	305	35
6868	1995	291	35
6868	1996	290	35
6868	1997	310	35
6868	1998	292	35
6868	1999	304	35
6868	2000	307	35
6868	2001	311	35
6868	2002	292	35
6868	2003	306	35
6868	2004	300	35
6868	2005	300	35
6868	2006	298	35
6868	2007	295	35
6868	2008	284	35
6868	2009	297	35
6868	2010	297	35
6868	2011	305	35
6868	2012	301	35
6868	2013	301	35
6869	1979	312	24
6869	1980	303	24
6869	1981	318	24
6869	1982	300	24
6869	1983	314	24
6869	1984	314	24
6869	1985	301	24
6869	1986	306	24
6869	1987	311	24
6869	1988	320	24
6869	1989	295	24
6869	1990	308	24
6869	1994	307	24
6869	1995	308	24
6869	1997	303	24
6869	1998	300	24
6869	1999	301	24
6869	2000	314	24
6869	2001	314	24
6869	2002	293	24
6869	2003	310	24
6869	2004	321	24
6869	2005	315	24
6869	2006	317	24
6870	1979	283	35
6870	1980	288	35
6870	1981	298	35
6870	1982	294	35
6870	1983	290	35
6870	1984	297	35
6870	1985	293	35
6870	1986	287	35
6870	1987	293	35
6870	1988	296	35
6870	1989	297	35
6870	1990	289	35
6870	1991	316	35
6870	1992	298	35
6870	1993	303	35
6870	1994	288	35
6870	1995	293	35
6870	1996	294	35
6870	1997	288	35
6870	1998	296	35
6870	1999	291	35
6870	2000	303	35
6870	2001	301	35
6870	2002	273	35
6870	2003	299	35
6870	2004	288	35
6870	2005	299	35
6870	2006	283	35
6870	2007	296	35
6870	2008	296	35
6870	2009	284	35
6870	2010	293	35
6870	2011	303	35
6870	2012	292	35
6870	2013	287	35
6873	1979	298	35
6873	1980	304	35
6873	1981	301	35
6873	1982	297	35
6873	1983	293	35
6873	1984	303	35
6873	1985	303	35
6873	1986	293	35
6873	1987	297	35
6873	1988	300	35
6873	1989	295	35
6873	1990	295	35
6873	1991	295	35
6873	1992	298	35
6873	1993	302	35
6873	1994	300	35
6873	1995	296	35
6873	1996	296	35
6873	1997	295	35
6873	1998	290	35
6873	1999	300	35
6873	2000	297	35
6873	2001	293	35
6873	2002	272	35
6873	2003	304	35
6873	2004	294	35
6873	2005	302	35
6873	2006	296	35
6873	2007	269	35
6873	2008	298	35
6873	2009	295	35
6873	2010	268	35
6873	2011	265	35
6873	2012	303	35
6873	2013	299	35
6874	1979	303	35
6874	1980	305	35
6874	1981	308	35
6874	1982	290	35
6874	1983	301	35
6874	1984	308	35
6874	1985	301	35
6874	1986	299	35
6874	1987	304	35
6874	1988	303	35
6874	1989	293	35
6874	1990	297	35
6874	1991	301	35
6874	1992	304	35
6874	1993	304	35
6874	1994	301	35
6874	1995	302	35
6874	1996	298	35
6874	1997	310	35
6874	1998	293	35
6874	1999	292	35
6874	2000	305	35
6874	2001	310	35
6874	2002	290	35
6874	2003	309	35
6874	2004	302	35
6874	2005	302	35
6874	2006	301	35
6874	2007	301	35
6874	2008	295	35
6874	2009	306	35
6874	2010	299	35
6874	2011	302	35
6874	2012	308	35
6874	2013	299	35
6875	1979	285	30
6875	1980	294	30
6875	1981	300	30
6875	1982	293	30
6875	1983	303	30
6875	1984	302	30
6875	1985	303	30
6875	1986	307	30
6875	1987	297	30
6875	1988	296	30
6875	1989	297	30
6875	1990	301	30
6875	1991	314	30
6875	1992	301	30
6875	1994	296	30
6875	1995	290	30
6875	1996	274	30
6875	1997	284	30
6875	1998	287	30
6875	1999	279	30
6875	2000	308	30
6875	2001	301	30
6875	2002	277	30
6875	2003	297	30
6875	2004	294	30
6875	2005	291	30
6875	2006	295	30
6875	2007	285	30
6875	2008	282	30
6875	2009	297	30
7012	1987	292	15
7012	1988	283	15
7012	1989	290	15
7012	1990	275	15
7012	1991	271	15
7012	1992	277	15
7012	1993	280	15
7012	1994	276	15
7012	1996	286	15
7012	1997	285	15
7012	1998	283	15
7012	1999	283	15
7012	2003	283	15
7012	2012	280	15
7012	2014	307	15
7015	1987	278	21
7015	1988	289	21
7015	1989	273	21
7015	1990	278	21
7015	1991	273	21
7015	1993	272	21
7015	1994	267	21
7015	1995	293	21
7015	1996	272	21
7015	1997	281	21
7015	1998	276	21
7015	1999	260	21
7015	2003	243	21
7015	2004	284	21
7015	2005	291	21
7015	2006	291	21
7015	2007	265	21
7015	2008	270	21
7015	2009	261	21
7015	2010	267	21
7015	2011	261	21
7058	1980	301	18
7058	1981	273	18
7058	1982	290	18
7058	1983	287	18
7058	1984	296	18
7058	1985	298	18
7058	1986	279	18
7058	1987	290	18
7058	1988	287	18
7058	1989	294	18
7058	1990	291	18
7058	1991	301	18
7058	1994	291	18
7058	1996	281	18
7058	1997	286	18
7058	1998	294	18
7058	1999	302	18
7058	2000	300	18
7062	1979	293	21
7062	1980	304	21
7062	1981	296	21
7062	1982	312	21
7062	1984	303	21
7062	1985	280	21
7062	1986	289	21
7062	1987	300	21
7062	1988	290	21
7062	1989	286	21
7062	1990	292	21
7062	1991	303	21
7062	1992	288	21
7062	1993	290	21
7062	1994	292	21
7062	1995	304	21
7062	1996	277	21
7062	1997	294	21
7062	1998	271	21
7062	1999	295	21
7062	2000	292	21
7071	1979	289	22
7071	1980	302	22
7071	1981	309	22
7071	1982	307	22
7071	1983	291	22
7071	1984	294	22
7071	1985	291	22
7071	1986	294	22
7071	1987	313	22
7071	1988	306	22
7071	1989	296	22
7071	1990	291	22
7071	1991	312	22
7071	1992	299	22
7071	1993	302	22
7071	1994	301	22
7071	1995	283	22
7071	1996	288	22
7071	1997	297	22
7071	1998	275	22
7071	1999	285	22
7071	2000	300	22
7113	1979	287	22
7113	1980	296	22
7113	1981	291	22
7113	1982	297	22
7113	1983	268	22
7113	1984	287	22
7113	1985	292	22
7113	1986	281	22
7113	1987	293	22
7113	1988	285	22
7113	1989	300	22
7113	1990	269	22
7113	1991	273	22
7113	1992	299	22
7113	1993	299	22
7113	1994	294	22
7113	1995	281	22
7113	1996	283	22
7113	1997	300	22
7113	1998	292	22
7113	1999	296	22
7113	2000	297	22
7114	1979	281	21
7114	1980	286	21
7114	1981	289	21
7114	1982	293	21
7114	1983	297	21
7114	1984	293	21
7114	1985	299	21
7114	1986	292	21
7114	1987	268	21
7114	1988	260	21
7114	1989	250	21
7114	1990	292	21
7114	1991	303	21
7114	1992	298	21
7114	1993	293	21
7114	1994	291	21
7114	1995	293	21
7114	1996	298	21
7114	1998	278	21
7114	1999	288	21
7114	2000	283	21
7196	1979	277	15
7196	1980	273	15
7196	1981	277	15
7196	1982	279	15
7196	1986	277	15
7196	1989	277	15
7196	1990	261	15
7196	1991	263	15
7196	1992	258	15
7196	1993	239	15
7196	1995	268	15
7196	1996	281	15
7196	1998	272	15
7196	2000	271	15
7196	2001	255	15
7198	1979	265	26
7198	1980	265	26
7198	1981	262	26
7198	1982	275	26
7198	1983	269	26
7198	1984	261	26
7198	1985	267	26
7198	1986	258	26
7198	1987	285	26
7198	1988	270	26
7198	1989	262	26
7198	1990	265	26
7198	1991	269	26
7198	1992	270	26
7198	1993	258	26
7198	1994	295	26
7198	1995	272	26
7198	1996	291	26
7198	1997	285	26
7198	1998	279	26
7198	1999	301	26
7198	2000	259	26
7198	2001	283	26
7198	2002	273	26
7198	2003	284	26
7198	2004	283	26
7200	1986	227	17
7200	1987	252	17
7200	1988	265	17
7200	1989	288	17
7200	1990	258	17
7200	1991	266	17
7200	1992	277	17
7200	1993	258	17
7200	1994	288	17
7200	1997	239	17
7200	1998	269	17
7200	1999	263	17
7200	2000	266	17
7200	2001	269	17
7200	2002	260	17
7200	2003	253	17
7200	2004	258	17
7201	1979	276	26
7201	1980	278	26
7201	1981	283	26
7201	1982	274	26
7201	1983	289	26
7201	1984	283	26
7201	1985	288	26
7201	1986	271	26
7201	1987	288	26
7201	1988	283	26
7201	1989	276	26
7201	1990	283	26
7201	1991	283	26
7201	1992	293	26
7201	1993	270	26
7201	1994	288	26
7201	1995	278	26
7201	1996	280	26
7201	1997	251	26
7201	1998	261	26
7201	1999	268	26
7201	2000	268	26
7201	2001	303	26
7201	2002	298	26
7201	2003	273	26
7201	2004	273	26
7202	1983	249	22
7202	1984	265	22
7202	1985	259	22
7202	1986	252	22
7202	1987	257	22
7202	1988	258	22
7202	1989	251	22
7202	1990	257	22
7202	1991	259	22
7202	1992	247	22
7202	1993	252	22
7202	1994	253	22
7202	1995	260	22
7202	1996	259	22
7202	1997	260	22
7202	1998	261	22
7202	1999	254	22
7202	2000	257	22
7202	2001	261	22
7202	2002	253	22
7202	2003	268	22
7202	2004	273	22
7204	1982	287	21
7204	1983	255	21
7204	1984	263	21
7204	1985	280	21
7204	1986	266	21
7204	1988	257	21
7204	1989	263	21
7204	1990	244	21
7204	1992	253	21
7204	1993	252	21
7204	1994	263	21
7204	1995	277	21
7204	1996	253	21
7204	1997	263	21
7204	1998	253	21
7204	1999	274	21
7204	2000	253	21
7204	2001	268	21
7204	2002	263	21
7204	2003	255	21
7204	2004	263	21
7205	1979	276	20
7205	1981	276	20
7205	1982	275	20
7205	1984	274	20
7205	1986	261	20
7205	1988	276	20
7205	1989	283	20
7205	1991	263	20
7205	1993	277	20
7205	1994	285	20
7205	1995	266	20
7205	1996	273	20
7205	1997	283	20
7205	1998	273	20
7205	1999	283	20
7205	2000	271	20
7205	2001	274	20
7205	2002	281	20
7205	2003	273	20
7205	2004	286	20
7212	1979	266	20
7212	1980	270	20
7212	1981	250	20
7212	1982	262	20
7212	1986	263	20
7212	1988	268	20
7212	1989	293	20
7212	1990	291	20
7212	1991	283	20
7212	1992	283	20
7212	1993	270	20
7212	1994	283	20
7212	1997	256	20
7212	1998	275	20
7212	1999	269	20
7212	2000	271	20
7212	2001	258	20
7212	2002	263	20
7212	2003	278	20
7212	2004	274	20
7213	1979	224	26
7213	1980	253	26
7213	1981	226	26
7213	1982	224	26
7213	1983	233	26
7213	1984	255	26
7213	1985	260	26
7213	1986	254	26
7213	1987	253	26
7213	1988	240	26
7213	1989	234	26
7213	1990	239	26
7213	1991	255	26
7213	1992	245	26
7213	1993	246	26
7213	1994	275	26
7213	1995	273	26
7213	1996	253	26
7213	1997	258	26
7213	1998	259	26
7213	1999	270	26
7213	2000	242	26
7213	2001	272	26
7213	2002	263	26
7213	2003	248	26
7213	2004	263	26
8016	1979	273	26
8016	1980	272	26
8016	1981	271	26
8016	1982	266	26
8016	1983	263	26
8016	1984	282	26
8016	1985	267	26
8016	1986	257	26
8016	1987	268	26
8016	1988	265	26
8016	1989	269	26
8016	1990	268	26
8016	1991	270	26
8016	1992	282	26
8016	1993	253	26
8016	1994	281	26
8016	1995	279	26
8016	1996	283	26
8016	1997	285	26
8016	1998	279	26
8016	1999	282	26
8016	2000	276	26
8016	2001	281	26
8016	2002	282	26
8016	2003	280	26
8016	2004	281	26
19291	1979	298	36
19291	1980	292	36
19291	1981	303	36
19291	1982	303	36
19291	1983	311	36
19291	1984	319	36
19291	1985	307	36
19291	1986	299	36
19291	1987	320	36
19291	1988	309	36
19291	1989	300	36
19291	1990	300	36
19291	1991	300	36
19291	1992	294	36
19291	1993	298	36
19291	1994	298	36
19291	1995	272	36
19291	1996	292	36
19291	1997	274	36
19291	1998	269	36
19291	1999	271	36
19291	2000	279	36
19291	2001	271	36
19291	2002	273	36
19291	2003	273	36
19291	2004	283	36
19291	2005	291	36
19291	2006	293	36
19291	2007	303	36
19291	2008	300	36
19291	2009	293	36
19291	2010	289	36
19291	2011	285	36
19291	2012	294	36
19291	2013	307	36
19291	2014	283	36
19295	1979	290	34
19295	1980	296	34
19295	1981	295	34
19295	1982	302	34
19295	1983	298	34
19295	1984	293	34
19295	1985	292	34
19295	1986	299	34
19295	1987	291	34
19295	1988	294	34
19295	1989	288	34
19295	1990	293	34
19295	1991	309	34
19295	1992	300	34
19295	1993	300	34
19295	1994	300	34
19295	1995	292	34
19295	1996	294	34
19295	1998	285	34
19295	1999	288	34
19295	2000	284	34
19295	2002	293	34
19295	2003	288	34
19295	2004	302	34
19295	2005	276	34
19295	2006	301	34
19295	2007	289	34
19295	2008	294	34
19295	2009	288	34
19295	2010	293	34
19295	2011	291	34
19295	2012	310	34
19295	2013	314	34
19295	2014	289	34
19296	1979	289	21
19296	1980	285	21
19296	1981	293	21
19296	1982	305	21
19296	1983	294	21
19296	1984	298	21
19296	1985	299	21
19296	1986	298	21
19296	1987	298	21
19296	1988	302	21
19296	1989	293	21
19296	1990	288	21
19296	1991	304	21
19296	1993	299	21
19296	1996	292	21
19296	1997	302	21
19296	1998	295	21
19296	1999	283	21
19296	2000	282	21
19296	2001	303	21
19296	2002	294	21
19300	1979	292	35
19300	1980	299	35
19300	1981	299	35
19300	1982	300	35
19300	1983	303	35
19300	1984	299	35
19300	1985	301	35
19300	1986	298	35
19300	1987	305	35
19300	1988	300	35
19300	1989	287	35
19300	1990	293	35
19300	1991	301	35
19300	1992	302	35
19300	1993	300	35
19300	1994	297	35
19300	1995	295	35
19300	1996	289	35
19300	1997	290	35
19300	1998	289	35
19300	1999	297	35
19300	2000	304	35
19300	2001	304	35
19300	2002	289	35
19300	2004	294	35
19300	2005	293	35
19300	2006	300	35
19300	2007	291	35
19300	2008	293	35
19300	2009	295	35
19300	2010	295	35
19300	2011	296	35
19300	2012	299	35
19300	2013	298	35
19300	2014	297	35
