1,54.7833,9.43333,25
2,54.4,10.15,25
3,54.3333,10.15,29
4,54.3167,10.05,30
5,53.8833,10.6833,10
6,53.8333,10.7167,13
7,53.8333,10.6333,10
8,54.0833,9.98333,25
9,54.4333,9.7,25
10,54.3333,9.7,15
11,54.4333,10.1167,15
12,54.4333,10.1,20
13,54.6167,9.98333,10
14,54.4667,9.83333,5
15,54.4833,9.7,35
16,54.4,9.96667,25
17,54.4833,9.7,12
18,54.4,9.85,15
19,54.4167,9.88333,18
20,54.4,9.93333,18
21,54.4333,9.81667,25
22,54.3667,10.0333,20
23,54.6667,10,15
24,54.4333,10.0167,20
25,54.4333,9.98333,20
26,54.4333,10.05,25
27,54.4,9.6,15
28,54.55,9.81667,25
29,54.4833,10.1167,35
30,54.3333,8.78333,4
31,54.3667,8.9,1
32,54.4,8.8,2
33,54.3667,8.76667,5
34,54.3,8.63333,13
35,54.3167,8.7,3
36,54.3167,8.95,1
37,54.0167,10.5667,60
38,54,10.4833,40
39,53.9167,10.7,5
40,53.95,10.6833,72
41,54.1333,10.6167,40
42,54.0333,10.6667,20
43,54,10.6667,20
44,54.2167,10.6167,60
45,54.1667,10.5667,55
46,54.1833,10.55,35
47,54.2167,10.55,50
48,53.95,10.7333,20
49,53.9,10.65,20
50,53.9333,10.6667,30
51,54.1167,10.6667,60
52,54.15,10.6833,70
53,54.0833,10.6333,25
54,53.9833,10.8,1
55,53.9833,10.85,20
56,54.7333,9.56667,45
57,54.7,9.55,40
58,54.8,9.71667,40
59,54.6167,9.36667,20
60,54.7167,9.63333,40
61,54.75,9.9,12
62,54.8333,9.56667,20
63,54.8333,9.6,15
64,54.7167,9.25,20
65,54.7667,9.31667,40
66,54.7167,9.95,11
67,54.7333,9.1,10
68,54.75,9.51667,60
69,54.7333,9.51667,40
70,54.7333,9.5,50
71,54.8,9.63333,35
72,54.7,9.21667,20
73,54.7167,9.16667,10
74,54.7333,9.71667,45
75,54.7833,9.53333,8
76,54.7833,9.53333,50
77,54.6833,10,5
78,54.8,9.56667,40
79,54.8,9.73333,10
80,54.7167,9.9,25
81,54.7667,9.16667,15
82,54.7167,9.68333,45
83,54.5667,9.31667,9
84,54.7333,9.73333,25
85,54.6667,9.4,25
86,54.8,9.65,35
87,54.7833,9.23333,25
88,54.6833,9.33333,25
89,54.8,9.51667,45
90,54.8167,9.66667,25
91,53.6333,10.6667,30
92,53.5333,10.3167,20
93,53.6,10.6167,35
94,53.4833,10.6333,20
95,53.6833,10.5667,40
96,53.55,10.5333,45
97,53.8,10.75,15
98,53.5833,10.8167,30
99,53.6667,10.9167,40
100,53.7833,10.6333,10
101,53.6833,10.6,30
102,53.3667,10.5667,35
103,53.6167,10.7,30
104,53.6667,10.6167,30
105,53.65,10.6167,50
106,53.7,10.7833,35
107,53.75,10.6167,20
108,53.65,10.8167,40
109,53.7,10.5,55
110,53.5,10.4833,40
111,53.7167,10.4833,60
112,53.45,10.55,35
113,53.5,10.25,40
114,53.45,10.6167,20
115,54.5833,9.01667,6
116,54.65,8.9,4
117,54.6333,8.91667,7
118,54.6167,8.96667,10
119,54.6167,9.03333,15
120,54.4,9.25,10
121,54.5333,9.01667,10
122,54.4167,9.25,8
123,54.4833,9.05,10
124,54.6667,9.13333,20
125,54.5167,8.65,3
126,54.4,9.18333,5
127,54.5,9.13333,15
128,54.5,9.15,18
129,54.4667,9.03333,1
130,54.5667,9.18333,20
131,54.1333,8.86667,3
132,54.3,9.25,5
133,54.2,9.08333,10
134,54.2833,9.16667,5
135,54.1833,8.9,4
136,54.25,9.18333,25
137,54.25,8.93333,4
138,54.2167,9.26667,10
139,54.25,9.08333,10
140,54.2167,8.91667,2
141,54.4333,11.2,8
142,54.5,11.1,6
143,54.5167,11.05,1
144,54.2333,11.0833,8
145,54.25,10.9167,20
146,54.3333,10.9,25
147,54.2333,11.0333,1
148,54.25,10.8333,55
150,54.1833,11.05,3
151,54.4667,11.15,8
152,54.1,10.8167,10
153,54.3,10.9,15
154,54.2833,10.8833,5
155,54.1333,10.8833,25
156,54.1167,10.85,25
157,54.1833,10.75,100
158,54.0833,10.7833,25
159,54.2667,10.75,100
160,53.7833,9.76667,12
161,53.75,9.76667,12
162,53.7,9.8,13
163,53.7667,9.75,8
164,53.7333,9.78333,10
165,53.7667,9.66667,3
166,53.6833,9.98333,30
167,53.6333,9.85,10
168,53.6333,9.6,2
169,53.7,9.91667,25
170,53.6667,9.65,10
171,53.8167,9.78333,7
172,53.6667,9.8,11
173,53.7333,9.9,20
174,53.5833,9.7,15
175,54.15,10.3333,40
176,54.4,10.3167,8
177,54.2833,10.6833,55
178,54.1167,10.4833,55
179,54.1833,10.0667,25
180,54.2333,10.5333,50
181,54.3333,10.2833,20
182,54.3333,10.3833,45
183,54.2333,10.0667,40
184,54.3167,10.5,50
185,54.3667,10.1833,12
186,54.3667,10.1833,12
187,54.2167,10.6667,100
188,54.3167,10.2167,15
189,54.4,10.2167,15
190,54.2833,10.4667,70
191,54.3,10.5833,30
192,54.1667,10.4167,30
193,54.3667,10.3,20
194,54.2333,10.2833,25
195,54.2833,10.2333,25
196,54.2333,10.5167,50
197,54.2667,10.1667,50
198,54.1,10.2,45
199,54.1167,10.1667,45
200,54.3333,10.6,10
201,54.3167,9.95,20
202,54.1667,10.05,35
203,54.3333,9.83333,15
204,54.35,9.85,10
205,54.2,9.75,18
206,54.3167,9.66667,10
207,54.25,9.91667,35
208,54.25,9.55,10
209,54.3,9.6,10
210,54.0833,9.68333,45
211,54.2333,9.51667,15
212,54.1333,9.41667,25
213,54.0833,9.65,60
214,54.3,9.5,10
215,54.2333,9.66667,6
216,54.05,9.7,20
217,54.1667,9.85,30
218,54.3,9.66667,10
219,54.3167,9.7,13
220,54.05,9.48333,25
221,54.2667,9.98333,25
222,54.2833,9.46667,15
223,54.1167,9.43333,25
224,54.1333,9.55,10
225,54.0833,9.9,19
226,54.1667,10.05,20
227,54.2833,9.65,8
228,54.6333,9.95,5
229,54.55,9.56667,30
230,54.6,9.56667,35
231,54.4167,9.4,5
232,54.6167,9.83333,20
233,54.3167,9.31667,10
234,54.5,9.6,10
235,54.3667,9.08333,2
236,54.45,9.33333,5
237,54.5833,9.51667,20
238,54.55,9.4,11
239,54.6667,9.93333,15
240,54.4167,9.51667,15
241,54.55,9.51667,20
242,54.6167,9.78333,30
243,54.7,9.61667,35
244,54.5167,9.56667,18
245,54.5167,9.38333,15
246,54.6333,9.78333,25
247,54.35,9.21667,10
248,54.6333,9.6,40
249,53.9167,9.88333,10
250,53.9333,10.3,40
251,54.0167,10.0333,55
252,54.0667,10.2167,40
253,53.7667,9.91667,30
254,53.95,10.25,45
255,54.05,10.0167,25
256,53.9,10.0667,30
257,53.9667,10.0833,30
258,53.7833,10,35
259,53.85,9.96667,30
260,53.8667,9.88333,25
261,53.9833,10.25,40
262,53.9,10.3833,35
263,53.8167,10.15,40
264,53.9333,10.5167,65
265,54.0167,10.1667,45
266,54.0833,10.3667,35
267,53.85,10.1,35
268,53.85,10.1167,25
269,54.0333,10.3167,40
270,53.9,10.1667,35
271,53.7833,9.98333,40
272,53.95,10.2167,40
273,53.7833,10.0833,35
274,53.9333,10.2167,45
275,53.8667,9.88333,31
276,53.9,9.78333,25
277,53.7833,9.43333,2
278,53.8167,9.61667,10
279,53.9167,9.51667,30
280,53.95,9.71667,20
281,53.85,9.48333,1
282,53.8833,9.56667,4
283,54.0167,9.68333,25
284,53.9667,9.61667,15
285,53.9,9.26667,1
286,54.0167,9.8,40
287,53.9167,9.36667,5
288,53.6833,10.2833,40
289,53.6667,10.2,50
290,53.8,10.3833,15
291,53.7333,10.2667,45
292,53.7,10.2167,30
293,53.7,10.05,30
294,53.6667,10.2833,45
295,53.7,10.0167,40
296,53.8667,10.4167,45
297,53.7333,10.35,35
298,53.5333,10.1667,20
299,53.5167,10.25,35
300,53.8333,10.4833,25
301,53.6333,10.3,60
302,53.6833,10.3833,60
303,53.8667,10.3333,25
304,53.6167,10.4167,30
305,53.7833,10.5,40
306,53.7333,10.1667,30
307,54.15,9.28333,35
308,53.9,9.1,1
309,54,9.26667,30
310,54.0167,8.9,2
311,53.9667,9.01667,2
312,54.15,9.06667,10
313,54.0667,9.18333,8
314,53.95,9.01667,2
315,54.1,9.06667,4
316,54.0833,9.11667,15
317,53.9833,9.11667,20
318,54.0667,9.3,10
319,54.1667,9,2
320,53.9667,9.08333,1
321,53.95,9.15,1
322,54.7333,8.73333,2
323,54.8167,9.15,20
324,54.75,8.96667,12
325,54.7833,8.95,5
326,54.8167,9.18333,30
327,54.8667,8.73333,3
328,54.8,8.81667,2
329,54.75,8.41667,3
330,54.8,9.21667,18
331,54.9,8.33333,9
332,54.9,8.31667,12
333,54.6833,8.56667,8
334,53.65,10.1833,40
335,53.4833,10.2333,25
336,53.5833,9.76667,15
337,53.6667,10.0333,25
338,53.5167,10,2
339,53.55,10.05,3
340,53.7,10.1,30
341,53.4333,9.96667,40
342,53.5667,9.98333,13
343,53.6,10.0167,10
344,53.45,9.98333,20
345,53.5667,9.9,30
346,53.4333,10.2833,4
347,53.5667,9.88333,30
348,53.55,10,10
349,53.6,10.1833,40
350,52.1,9.36667,65
352,52.3667,9.7,63
353,52.3833,9.7,50
354,52.7,8.5,35
355,52.6333,8.6,35
356,52.7667,8.53333,40
357,52.6,8.36667,35
358,52.6333,8.38333,35
359,52.6,8.51667,45
360,52.7667,8.75,55
361,52.7833,8.71667,55
362,52.6,8.83333,40
363,52.75,8.83333,55
364,52.6,8.48333,45
365,52.7333,8.66667,50
366,52.5167,8.7,35
367,52.8,8.83333,55
368,52.6833,8.8,45
369,52.6167,8.73333,40
370,52.55,8.58333,40
371,52.7833,9,50
372,52.85,8.73333,40
373,52.7833,9.13333,19
374,52.9667,9.05,10
375,52.7833,9.21667,20
376,52.95,8.61667,20
377,52.9,8.58333,35
378,52.7667,8.63333,50
379,52.9833,8.7,14
380,52.8667,9.03333,12
381,52.9833,8.81667,11
382,52.8667,8.5,40
383,52.9,9.03333,10
384,52.9167,8.81667,40
385,52.8667,8.9,25
386,52.85,9.18333,15
387,52.1167,9.15,330
388,52.1667,9.25,65
389,52.3667,9.36667,55
390,52.25,9.11667,180
391,52.2833,9.15,120
392,52.2,9.08333,55
393,52.3167,9.36667,110
394,52.2333,9.15,125
395,52.2,9.2,120
396,52.35,9.41667,70
397,52.1,9.41667,75
398,52.1167,9.55,150
399,52.1333,9.58333,150
400,52.1,9.31667,220
401,52.1333,9.25,80
402,52.0667,9.26667,110
403,52.0667,9.25,120
404,52.0833,9.56667,160
405,51.9833,9.25,100
406,52.0667,9.58333,140
407,52.0667,9.36667,75
408,52.0333,9.66667,190
409,52.3833,9.65,55
410,52.3667,9.85,65
411,52.3,9.73333,60
412,52.3333,9.41667,110
413,52.45,9.65,55
414,52.3,9.6,70
415,52.3,9.5,96
416,52.3167,9.8,60
417,52.3,9.8,60
418,52.45,9.73333,50
419,52.4,9.63333,50
420,52.4,9.85,60
421,52.3167,9.66667,80
422,52.45,9.66667,55
423,52.4,9.6,45
424,52.55,9.41667,45
425,52.6,9.6,30
426,52.3833,9.35,50
427,52.4,9.45,50
428,52.7167,9.43333,25
429,52.5,9.45,40
430,52.45,9.58333,50
431,52.5167,9.51667,40
432,52.4333,9.43333,45
433,52.7333,9.31667,25
434,52.7167,9.13333,50
435,52.5667,9.3,60
436,52.6667,8.96667,45
437,52.6667,9.25,25
438,52.7,9.26667,25
439,52.6833,9.23333,25
440,52.5667,9.13333,30
441,52.6167,9.25,30
442,52.4167,8.75,50
443,52.6,9.08333,30
444,52.45,9.15,60
445,52.6667,9.16667,40
446,52.45,9.18333,80
447,52.5,8.98333,35
448,52.65,9.21667,30
449,52.4333,9.21667,70
450,52.7167,9.25,25
451,52.7167,9,55
452,52.6667,9.38333,35
453,52.5,8.9,40
454,52.45,8.85,50
455,52.4,9.11667,65
456,52.2667,9.1,75
457,52.2667,9.05,70
458,52.2333,9.1,70
459,52.3167,9.16667,70
460,52.45,9.4,45
461,52.2333,9.11667,80
462,52.35,9.28333,60
463,52.3667,9.18333,55
464,52.3333,9.2,80
465,52.2167,9.15,100
466,52.4333,9.26667,50
467,52.2167,9.4,160
468,52.1667,9.66667,90
469,52.1667,9.43333,125
470,52.2167,9.71667,100
471,52.2833,9.38333,90
472,52.2167,9.65,95
473,52.2,9.46667,140
474,52.25,9.45,180
475,52.2667,9.76667,70
476,52.2667,9.35,95
477,52.2167,9.55,105
478,52.2167,9.63333,110
479,52.15,9.73333,80
480,51.5333,9.93333,150
481,51.5333,9.95,190
482,52.15,9.95,100
483,52,9.93333,200
484,51.9833,9.81667,90
485,52.0167,9.7,210
486,52.0667,9.71667,120
487,51.95,9.91667,160
488,52.0833,9.78333,80
489,51.9667,10.0167,200
490,52.1167,9.7,95
491,51.9833,9.78333,160
492,51.95,9.85,100
493,51.6333,10.1667,150
494,51.5333,10.2,200
495,51.6167,10.2167,160
496,51.5667,10.3167,170
497,51.5333,10.25,180
498,51.5,10.1833,210
499,51.5667,10.2333,170
500,51.5833,10.3,160
501,51.5833,10.1667,170
502,51.8,9.7,160
503,51.7333,9.95,110
504,51.8167,9.86667,110
505,51.7667,9.76667,180
506,51.8333,9.78333,160
507,51.4667,10.05,250
508,51.4333,9.93333,190
509,51.6167,10,220
510,51.4667,9.85,225
511,51.55,10.0667,260
512,52.0167,10.1333,120
513,52.0333,10,140
514,52.0667,10.0167,140
515,52.1,9.91667,120
516,52.1,10,90
517,52.1,10.1667,100
518,52.1833,10.2,100
519,51.95,10.1167,130
520,52.1,10.0333,100
521,52.2167,10.1667,90
522,52.0833,10.15,110
523,52.2833,9.88333,75
524,52.2333,9.85,65
525,52.1333,10.0667,140
526,51.9833,9.51667,75
527,51.7,9.43333,260
528,51.9667,9.61667,140
529,51.9333,9.65,190
530,51.7333,9.4,190
531,51.95,9.73333,200
532,51.85,9.63333,280
533,51.8333,9.45,100
534,51.8,9.51667,300
535,51.75,9.51667,400
536,51.9167,9.51667,80
537,51.8833,9.63333,270
538,51.35,9.61667,250
539,51.5333,9.61667,120
540,51.3833,9.76667,130
541,51.4667,9.8,310
542,51.35,9.6,300
543,51.5167,9.7,240
544,51.4167,9.66667,220
545,51.4667,9.73333,230
546,51.5,9.8,350
547,51.5833,9.75,190
548,51.6167,9.81667,280
549,51.6667,9.78333,270
550,51.7333,9.8,260
551,51.7167,9.83333,310
552,51.6333,9.93333,140
553,51.7167,10,130
554,51.6833,9.55,220
555,51.6333,10.0333,200
556,51.6667,9.63333,170
557,51.6,10.45,280
558,51.7,10.1667,150
559,51.7667,10.1833,160
560,51.7333,10.1833,160
561,51.65,10.25,180
562,51.65,10.3333,250
563,51.8,10.0333,130
564,51.6333,10.4667,300
565,51.7333,10.25,220
566,51.7333,10.3,260
567,51.6167,10.3167,210
568,51.6,10.55,340
569,51.8167,10.0667,240
570,51.7833,10.1667,250
571,52.3833,10.1667,60
572,52.25,10.1167,90
573,52.3833,10.2667,80
574,52.2333,10.2333,85
575,52.35,10.1,70
576,52.3167,10.2333,65
577,52.25,10.0667,70
578,52.3,10.3167,90
579,51.8,10.45,460
580,51.8167,10.35,600
581,51.8167,10.2333,300
582,51.8667,10.3333,560
583,51.8667,10.3,350
584,51.75,10.3,390
585,51.7167,10.5167,640
586,51.8333,10.4333,460
587,51.7,10.4167,340
588,51.8333,10.2833,500
589,52.6333,10.0833,50
590,53.25,10.4,15
591,52.4333,10.8,60
592,52.5333,9.76667,50
593,52.45,10,55
594,52.5833,9.75,40
595,52.5667,9.85,40
596,52.55,9.76667,40
597,52.4833,10.1,50
598,52.4,10.0667,65
599,52.4667,9.85,80
600,52.3667,9.98333,60
601,52.4667,9.88333,65
602,52.5167,9.7,55
603,52.5333,9.75,50
604,52.6,10.1167,40
605,52.6833,9.81667,30
606,52.8167,9.96667,70
607,52.8333,9.95,70
608,52.5667,10.1333,40
609,52.7333,10.2333,70
610,52.7,10.2333,70
611,52.6333,10,35
612,52.7333,9.98333,50
613,52.5833,10.3167,50
614,52.8333,10.0833,50
615,52.6167,10.25,50
616,52.6167,10.15,40
617,52.55,10.3,45
618,52.7333,9.85,40
619,52.8667,10.1167,55
620,52.55,10.1,40
621,52.8,10.0833,50
622,52.7333,10.1667,75
623,52.8667,10.2667,80
624,52.8333,10.3,100
625,52.8,10.3833,100
626,52.6333,9.83333,35
627,52.6667,9.83333,35
628,52.65,10.3833,70
629,52.8167,9.93333,65
630,52.7667,9.55,25
631,52.8,9.48333,20
632,52.9,9.66667,50
633,52.7667,9.46667,20
634,52.8333,9.63333,45
635,52.8667,9.7,45
636,52.8833,9.53333,50
637,52.9,9.58333,70
638,52.9333,9.73333,70
639,52.6667,9.61667,25
640,52.95,9.53333,45
641,52.8833,9.65,45
642,52.8667,9.6,35
643,52.85,9.73333,60
644,52.5,10.7167,70
645,52.4,10.7,70
646,52.5667,10.7833,80
647,52.7167,10.7167,75
648,52.4167,10.7167,65
649,52.4833,10.55,50
650,52.6667,10.4667,80
651,52.7333,10.6,100
652,52.3667,10.75,100
653,52.6833,10.7,70
654,52.3833,10.55,80
655,52.4,10.75,90
656,52.5333,10.35,50
657,52.4833,10.4833,55
658,52.3833,10.4833,80
659,52.3167,10.8667,120
660,52.4333,10.5167,55
661,52.6333,10.6333,60
662,52.6833,10.4,70
663,52.5,10.5833,55
664,52.35,10.45,70
665,52.6,10.5333,65
666,52.4,10.6667,75
667,52.6167,10.8667,80
668,52.7333,10.7333,85
669,52.65,10.4333,75
670,52.6667,10.85,75
671,53.3333,9.88333,75
672,53.4167,10.2667,4
673,53.15,10.0667,80
674,53.2333,10.1,43
675,53.2333,10.1167,50
676,53.25,10,40
677,53.3667,9.98333,50
678,53.4,10.1667,2
679,53.3667,10.3,3
680,53.45,9.73333,40
681,53.3667,9.95,80
682,53.2,10.1,80
683,53.2833,9.91667,30
684,53.3,10.0167,30
685,53.4,9.7,12
686,53.4,9.71667,20
687,53.4,9.86667,100
688,53.4167,10.3667,5
689,53.2333,9.75,50
690,53.2,10.2,35
691,53.4,9.78333,50
692,53.3333,10.0167,25
693,53.3333,10.1833,7
694,53.35,10.15,12
695,53.3,9.8,80
696,53.2667,10.1167,40
697,53.2833,9.71667,60
698,53.3167,9.8,55
699,53.2667,10.2167,25
700,53.35,9.78333,60
701,53.45,9.8,50
702,53.2333,9.66667,40
703,52.9,10.9667,30
704,52.9167,11.35,25
705,53.05,11.0667,25
706,53.1333,11.1833,12
707,53.1,11.1,13
708,53.0333,11.2667,15
709,53.0333,11.4667,18
710,52.85,10.85,75
711,53.05,11.3667,20
712,53.0167,11.1,18
713,52.95,11.1,20
714,53.0167,11.5667,15
715,53.15,11,25
716,53.15,11.05,30
717,53.0333,11.5333,18
718,53.0833,11.1833,25
719,52.9833,11.2167,15
720,53.1,11.25,20
721,52.9333,11.0833,20
722,52.9333,11.2667,30
723,52.9667,11.15,18
724,52.8667,10.9333,60
725,53.05,11.3833,18
726,53.0333,10.8833,100
727,53.2333,10.9,14
728,52.9,11.2667,20
729,52.9667,11.4,25
730,53.0833,11.0667,20
731,52.9,10.8333,55
732,53.1167,11.2,20
733,53,11.15,15
734,53.0667,11.0833,18
735,53.0333,11.5667,15
736,52.9,10.9,40
737,53.05,11.2167,15
738,53.1,11.05,35
739,52.9333,11.1167,16
740,53.3667,10.4833,10
741,53.3,10.75,9
742,53.35,10.6667,7
743,53.2,10.55,60
744,53.2333,10.2833,40
745,53.1833,10.7167,40
746,53.2833,10.3167,20
747,53.1667,10.8167,60
748,53.1667,10.8667,40
749,53.2167,10.3667,35
750,53.1333,10.2167,60
751,53.25,10.65,30
752,53.2,10.8167,80
753,53.0833,10,80
754,53.0333,9.9,95
755,53.0667,9.95,120
756,53.0833,9.85,80
757,52.9833,10.0667,75
758,53.1167,9.8,90
759,53.0667,9.73333,50
760,53.1,10.0667,75
761,52.9333,10.15,65
762,53.1833,9.73333,50
763,52.9167,9.96667,65
764,53.1667,9.96667,85
765,53.0333,9.83333,75
766,53.1333,10.6,50
767,52.9667,10.4667,70
768,52.95,10.7667,60
769,53.0833,10.5833,30
770,53.15,10.5,20
771,52.9667,10.4667,55
772,53.0167,10.2833,75
773,52.95,10.8333,60
774,53.0333,10.4167,65
775,52.9667,10.8,60
776,52.9667,10.4,50
777,52.9167,10.4667,55
778,53.1,10.7333,60
779,53.0667,10.5833,25
780,53.0833,10.5667,24
781,52.85,10.8167,75
782,53.0167,10.6833,50
783,52.9667,10.5833,40
784,52.8,10.6333,70
785,52.8333,10.7333,70
786,53.0833,10.5167,40
787,52.9,10.45,65
788,52.9167,10.7667,65
789,52.9833,10.7833,60
790,52.9667,10.5667,40
791,52.95,10.55,45
792,53.0667,10.45,70
793,53.0833,10.2833,80
794,52.9333,10.3167,75
795,53.0333,10.3,75
796,53.8667,8.7,2
797,53.8667,8.63333,15
798,53.2667,9.2,30
799,53.4833,9.15,5
800,53.25,9.38333,30
801,53.5167,9.21667,8
802,53.35,9.18333,25
803,53.2833,9.5,30
804,53.35,9.01667,10
805,53.3333,9.13333,19
806,53.3833,9.21667,25
807,53.45,9.11667,5
808,53.2333,9.08333,20
809,53.3,9.38333,20
810,53.8167,8.76667,2
811,53.6833,9.18333,5
812,53.8167,9,3
813,53.6333,9.23333,5
814,53.7333,8.91667,1
815,53.6333,9.1,25
816,53.8,8.76667,2
817,53.6333,8.96667,2
818,53.7667,8.9,1
819,53.8,9.03333,2
820,53.7667,8.83333,2
821,53.7,8.93333,0
822,53.8,8.9,2
823,53.8667,8.65,15
824,53.75,8.81667,8
825,53.75,8.78333,8
826,53.6833,9.15,15
827,53.2,8.61667,20
828,53.15,9,6
829,53.1833,8.98333,6
830,53.2833,8.75,25
831,53.15,8.93333,4
832,53.2667,8.6,6
833,53.2167,8.8,40
834,53.2167,8.98333,8
835,53.2667,8.53333,1
836,53.1833,8.81667,2
837,53.25,8.98333,7
838,53.2333,8.6,12
839,53.3333,8.91667,12
840,53.0667,9.31667,25
841,53.1333,9.5,25
842,53.1333,9.31667,30
843,53.1667,9.66667,45
844,53.0833,9.6,50
845,52.9667,9.51667,55
846,53.2,9.53333,30
847,53.0167,9.48333,50
848,53.0333,9.46667,40
849,53.1167,9.41667,25
850,53.1667,9.48333,30
851,53.1167,9.16667,15
852,53.1167,9.31667,25
853,53.2,9.2,40
854,53.0167,9.51667,45
855,53.5667,9.51667,20
856,53.4,9.45,35
857,53.4,9.5,40
858,53.4333,9.61667,45
859,53.6833,9.43333,1
860,53.6667,9.38333,1
861,53.45,9.38333,30
862,53.4667,9.7,1
863,53.4833,9.26667,20
864,53.6833,9.25,1
865,53.6167,9.36667,8
866,53.45,9.51667,25
867,53.5167,9.48333,25
868,53.6167,9.31667,6
869,53.4167,9.46667,35
870,53.7167,9.28333,1
871,53.5333,9.68333,1
872,53.4833,9.33333,20
873,53.5167,9.3,15
874,53.6667,9.3,0
875,53.8,9.25,2
876,53.4333,9.36667,25
877,53.3667,9.6,40
878,53.6,9.48333,7
879,53.3667,9.41667,30
880,53.0167,9.05,20
881,52.8833,9.2,14
882,53.05,9.18333,18
883,52.8833,9.31667,20
884,52.95,9.31667,45
885,52.95,9.08333,10
886,53.1167,9.15,11
887,52.9333,9.18333,10
888,52.9,9.23333,15
889,53.6167,8.83333,10
890,53.4333,8.81667,10
891,53.6833,8.56667,2
892,53.3833,8.63333,10
893,53.5,8.9,12
894,53.35,8.65,10
895,53.4333,8.61667,5
896,53.5333,8.88333,10
897,53.7167,8.71667,7
898,53.6833,8.68333,10
899,53.4167,8.58333,1
900,53.45,8.61667,5
901,53.4,8.78333,10
902,53.5,8.8,10
903,53.4,8.86667,18
904,53.65,8.51667,2
905,53.3167,8.66667,10
906,52.2833,8.03333,80
907,52.3167,8.05,68
908,52.9,7.3,8
909,52.9667,7.76667,15
910,53,7.3,6
911,52.8667,7.31667,10
912,52.8667,7.28333,8
913,53.0833,7.4,2
914,52.8333,7.51667,35
915,52.85,7.66667,18
916,52.5,7.96667,40
917,52.5333,7.86667,60
918,52.4167,7.98333,45
919,52.55,7.95,35
920,52.5833,7.73333,55
921,52.4833,7.76667,55
922,52.5167,7.68333,50
923,52.6,7.86667,35
924,52.6667,7.95,25
925,52.6333,7.93333,25
926,52.4,7.85,70
927,52.4333,7.75,50
928,52.4167,7.73333,50
929,52.65,8.01667,27
930,52.5333,7.93333,40
931,52.3,7.16667,80
932,52.6,6.85,15
933,52.6333,6.76667,12
934,52.3,7.11667,50
935,52.4667,7.16667,25
936,52.5,6.95,20
937,52.4333,7.08333,20
938,52.2833,7.28333,40
939,52.3167,7.23333,30
940,52.5,6.88333,50
941,52.55,6.73333,15
942,52.5167,7.13333,20
943,52.55,6.85,30
944,52.4167,7.43333,30
945,52.5167,7.41667,35
946,52.6,7.43333,20
947,52.4833,7.55,40
948,52.5333,7.45,30
949,52.55,7.48333,30
950,52.4,7.3,20
951,52.5,7.3,25
952,52.4833,7.41667,45
953,52.5333,7.25,30
954,52.3167,7.31667,35
955,52.25,8.4,120
956,52.2,8.35,80
957,52.2,8.46667,80
958,52.1333,8.4,100
959,52.8167,7.13333,13
960,52.6,7.26667,18
961,52.7667,7.5,30
962,52.7,7.23333,15
963,52.7833,7.23333,10
964,52.6667,7.48333,20
965,52.6333,7.06667,21
966,52.7,7.3,14
967,52.3,8.15,80
968,52.2333,8.16667,80
969,52.25,7.95,80
970,52.2,8.05,100
971,52.2,7.96667,100
972,52.1833,8.13333,140
973,52.2333,7.96667,70
974,52.25,8.03333,90
975,52.15,8.05,120
976,52.1,8.08333,90
977,52.3167,8.03333,90
978,52.2,8.06667,100
979,52.2333,8,80
980,52.2833,8.23333,100
981,52.0833,7.93333,55
982,52.0667,8,60
983,52.25,8.11667,100
984,52.1167,8.05,80
985,52.2833,8.41667,80
986,52.3667,8.31667,60
987,52.3167,8.36667,65
988,52.3167,8.33333,65
989,52.3333,8.26667,65
990,52.4333,8.28333,40
991,52.3333,8.43333,50
992,53.35,7.18333,1
993,53.4667,7.48333,5
994,53.4167,7.6,5
995,53.4333,7.3,0
996,53.5333,7.55,10
997,53.4667,7.43333,3
998,53.55,7.61667,8
999,53.4167,7.38333,0
1000,53.5,7.33333,2
1001,53.4,7.6,5
1002,53.4,7.33333,0
1003,53.3833,7.6,4
1004,53.3667,7.63333,7
1005,53.4667,7.35,1
1006,53.3833,7.53333,0
1007,53.4667,7.51667,8
1008,53.4167,7.73333,14
1009,53.5833,6.66667,10
1010,53.2,7.5,1
1011,53.2167,7.68333,2
1012,53.2667,7.26667,1
1013,53.2333,7.45,3
1014,53.25,7.7,4
1015,53.1667,7.45,2
1016,53.2167,7.45,3
1017,53.3,7.36667,0
1018,53.25,7.58333,3
1019,53.3,7.71667,6
1020,53.3333,7.81667,10
1021,53.2833,7.43333,10
1022,53.3333,7.46667,1
1023,53.1667,7.35,3
1024,53.1333,7.56667,2
1025,53.6,7.3,2
1026,53.65,7.41667,1
1027,53.4833,7.18333,1
1028,53.45,7.06667,1
1029,53.4167,7.15,0
1030,53.6167,7.3,2
1031,53.6833,7,15
1032,53.55,7.3,1
1033,53.6,7.26667,2
1034,53.6,7.21667,2
1035,53.7167,7.13333,10
1036,53.4833,7.06667,1
1037,53.5667,7.2,0
1038,53.5333,7.28333,1
1039,53.5167,7.26667,1
1040,53.6,7.15,1
1041,53.35,7.11667,1
1042,53.5333,7.7,3
1043,53.6333,7.81667,2
1044,53.7,7.8,4
1045,53.6,7.63333,5
1046,53.65,7.61667,3
1047,53.6333,7.8,2
1048,53.4833,7.98333,2
1049,53.75,7.48333,15
1050,53.7,7.7,2
1051,53.7,7.66667,2
1052,53.6833,7.68333,2
1053,53.6167,7.46667,8
1054,53.6167,7.46667,8
1055,53.6667,7.73333,2
1056,53.5833,7.76667,3
1057,52.3333,10.55,85
1058,51.9,10.4333,260
1060,52.1,10.4333,110
1061,51.7167,10.6167,560
1062,51.6333,10.5833,325
1063,51.6667,10.6667,620
1064,51.6333,10.6333,350
1065,52.3,10.4,75
1066,52.25,10.6667,115
1067,52.3,10.65,95
1068,52.2833,10.7,100
1069,52.2833,10.6,70
1070,52.9667,9.01667,8
1071,52.2167,10.3667,85
1072,52.3,10.4333,80
1073,51.7833,9.98333,190
1074,51.9,9.85,200
1075,51.9333,10.3667,210
1076,51.8667,10.0167,130
1077,51.8833,10.0333,160
1078,51.95,10.2167,230
1079,51.9833,10.2667,160
1080,51.8167,10,120
1081,51.8667,10.0667,140
1082,51.8833,10.1667,200
1083,51.7833,10.2167,220
1084,51.9167,10.3167,270
1085,51.9833,10.5167,150
1086,51.9667,10.35,180
1087,52.0333,10.5,110
1088,52.0833,10.4833,115
1089,52.0167,10.4333,150
1090,52.0167,10.4,170
1091,52.0167,10.5333,100
1092,51.95,10.5667,140
1093,51.95,10.5333,150
1094,52.4,11,75
1095,52.25,10.9667,110
1096,52.3167,11.0167,100
1097,52.3667,10.9333,110
1098,52.2333,11,140
1099,52.25,11.0667,175
1100,52.25,10.8167,130
1101,52.1667,11,120
1102,52.1333,11.0333,110
1103,52.5333,10.9,60
1104,52.35,10.9667,100
1105,52.25,10.85,110
1106,52.5,10.8833,65
1107,52.2833,10.75,100
1108,52.1333,10.9667,140
1109,52.1333,10.9167,150
1110,52.4167,10.9333,80
1111,52.4333,10.85,60
1112,52.1833,10.9333,140
1113,52.1,10.85,100
1114,52.1833,10.85,200
1115,52.15,10.4667,90
1116,52.1667,10.5833,100
1117,52.2,10.3333,80
1118,51.8833,10.55,270
1119,52.1833,10.7167,150
1120,52.1,10.6333,100
1121,52.1667,10.5167,90
1122,52.1333,10.7,110
1123,51.8833,10.5667,280
1124,52.1167,10.7167,160
1125,52.1,10.7,110
1126,52.0667,10.7833,95
1127,52.1667,10.55,80
1128,53.05,8.63333,7
1129,53.15,8.2,5
1130,53.25,7.76667,17
1131,53.1333,7.98333,5
1132,53.1167,7.95,5
1133,53.1333,7.88333,5
1134,53.25,8.2,15
1135,53.2833,8.16667,10
1136,53.25,7.91667,8
1137,53.2,7.88333,6
1138,53.3167,7.93333,10
1139,53.25,8.1,15
1140,53.3,8.08333,15
1141,53.1833,8,8
1142,53.1667,7.95,7
1143,53.15,7.93333,8
1144,53.2,7.98333,10
1145,53.0333,7.88333,7
1146,53.1,7.9,9
1147,53.1667,7.73333,2
1148,53,7.95,15
1149,52.8167,8.11667,45
1150,52.7833,8.03333,35
1151,52.85,8.03333,40
1152,52.7167,7.93333,25
1153,53.0333,7.86667,8
1154,52.9667,8.01667,18
1155,52.8,7.85,40
1156,52.7833,7.86667,30
1157,52.7333,7.76667,25
1158,52.9333,7.83333,20
1159,52.8667,7.91667,35
1160,53.0167,7.76667,9
1161,53.0833,7.68333,5
1162,53.4,8.01667,5
1163,53.6667,7.91667,3
1164,53.6667,7.86667,3
1165,53.6833,7.93333,3
1166,53.5833,7.9,3
1167,53.6667,7.98333,2
1168,53.7,7.98333,2
1169,53.7,7.93333,2
1170,53.6833,8.01667,2
1171,53.3833,7.96667,8
1172,53.5167,8,3
1173,53.5333,7.93333,1
1174,53.5167,7.91667,1
1175,53.6,8.03333,1
1176,53.4,8.13333,10
1177,53.3833,8.1,10
1178,53.4167,7.98333,8
1179,52.9667,8.4,35
1180,53.05,8.53333,25
1181,53.0833,8.56667,7
1182,53.1,8.53333,5
1183,52.9833,8.28333,15
1184,52.95,8.21667,35
1185,53.05,8.26667,10
1186,53.1167,8.45,8
1187,53.0667,8.16667,15
1188,52.9,8.43333,20
1189,52.8667,8.4,30
1190,52.75,8.2,30
1191,52.5167,8.2,65
1192,52.65,8.11667,25
1193,52.7833,8.41667,35
1194,52.55,8.16667,75
1195,52.6667,8.23333,50
1196,52.5833,8.21667,55
1197,52.7333,8.28333,35
1198,52.8167,8.35,50
1199,52.8,8.31667,50
1200,53.4833,8.46667,2
1201,53.1833,8.48333,1
1202,53.1833,8.5,2
1203,53.3333,8.48333,3
1204,53.5333,8.33333,1
1205,53.2333,8.46667,1
1206,53.45,8.43333,2
1207,53.3333,8.21667,2
1208,53.55,8.26667,2
1209,53.4833,8.48333,2
1210,53.2833,8.38333,1
1211,53.25,8.28333,2
1212,53.2667,8.28333,2
1213,53.35,8.41667,1
1214,53.4,8.45,2
1215,53.4667,8.36667,1
1216,53.0833,8.93333,3
1217,53.1,8.86667,4
1218,53.0667,8.76667,4
1219,53.1833,8.56667,10
1220,53.1,8.81667,2
1221,53.1667,8.68333,15
1222,53.1333,8.91667,3
1223,53.0333,8.85,4
1224,53.0667,8.93333,5
1225,53.0833,8.81667,1
1226,53.5167,8.6,5
1227,53.5667,8.6,4
1228,51.2,6.78333,40
1229,51.25,6.86667,60
1230,51.3,6.73333,30
1231,51.15,6.86667,42
1232,51.3333,6.61667,35
1233,51.3,6.58333,40
1234,51.3833,6.6,35
1235,51.2,6.45,60
1236,51.1667,7.16667,250
1237,51.1833,7.21667,350
1238,51.2,7.26667,330
1239,51.15,6.45,60
1240,51.2,7.06667,220
1241,51.1667,7.01667,110
1242,51.15,7.1,120
1243,51.15,7.06667,180
1244,51.25,6.4,60
1245,51.2833,7.18333,240
1246,51.2333,7.06667,220
1247,51.25,7.11667,220
1248,51.3333,6.96667,180
1249,51.1667,6.93333,50
1250,51.35,7.11667,140
1251,51.25,6.98333,130
1252,51.3167,7.1,160
1253,51.3167,7.13333,190
1254,51.2833,7.03333,180
1255,51.3333,6.8,35
1256,51.3667,6.86667,65
1257,51.3333,6.83333,40
1258,51.2833,6.9,110
1259,51.2667,6.96667,170
1260,51.0833,6.58333,50
1261,51.1333,6.55,60
1262,51.1,6.45,90
1263,51.15,6.66667,50
1264,51.2333,6.61667,40
1265,51.1,6.5,75
1266,51.0833,6.85,40
1267,51.3667,6.41667,35
1268,51.2833,6.36667,45
1269,51.2667,6.46667,35
1270,51.2833,6.2,50
1271,51.2333,6.18333,40
1272,51.3333,6.35,35
1273,51.3333,6.26667,60
1274,51.3,6.26667,60
1275,51.25,6.48333,35
1276,51.3833,6.45,40
1277,51.3167,6.5,38
1278,51.2333,6.55,40
1279,51.2667,6.55,40
1280,51.3,6.68333,35
1281,51.3167,6.71667,31
1282,51.8,6.15,20
1283,51.7,6.16667,30
1284,51.8,6.16667,20
1285,51.7167,6.35,20
1286,51.75,6.38333,15
1287,51.7833,6.01667,10
1288,51.85,6.08333,13
1289,51.7667,6.26667,15
1290,51.6667,6.26667,30
1291,51.7833,6.45,18
1292,51.8167,6.41667,18
1293,51.6833,6.55,20
1294,51.6833,6.55,30
1295,51.7333,6.5,20
1296,51.8333,6.31667,15
1297,51.15,7.15,150
1298,51.1333,7.33333,220
1299,51.1,6.95,50
1300,51.1,7.01667,70
1301,51.0667,6.93333,40
1302,51.1167,6.88333,40
1303,51.0667,7,50
1304,51.1,7.1,200
1305,51.15,7.21667,300
1306,51.4167,6.81667,50
1307,51.3667,6.78333,35
1308,51.4833,6.76667,30
1309,51.4,6.73333,30
1310,51.4167,6.98333,140
1311,51.4167,6.96667,120
1312,51.4333,6.98333,100
1313,51.4167,6.88333,100
1314,51.5667,6.73333,30
1315,51.5333,6.7,25
1316,51.6667,6.81667,30
1317,51.35,6.95,60
1318,51.5167,6.31667,25
1319,51.45,6.26667,45
1320,51.4833,6.41667,30
1321,51.5167,6.4,25
1322,51.4,6.33333,30
1323,51.4,6.3,40
1324,51.6333,6.18333,20
1325,51.4333,6.41667,30
1326,51.5833,6.25,20
1327,51.5,6.51667,25
1328,51.45,6.63333,25
1329,51.55,6.6,25
1330,51.6667,6.45,20
1331,51.45,6.58333,30
1332,51.4,6.66667,30
1333,51.5833,6.53333,25
1334,51.6167,6.53333,20
1335,51.65,6.61667,25
1336,51.6667,6.75,35
1337,51.6833,6.88333,40
1338,50.7333,7.08333,60
1339,50.9667,6.98333,40
1340,50.9167,7.08333,45
1341,50.9167,6.91667,50
1342,50.9833,6.93333,45
1343,50.95,6.88333,47
1344,50.85,6.76667,90
1345,50.9833,6.56667,60
1346,50.95,6.63333,75
1347,50.9667,6.75,100
1348,50.9333,6.7,80
1349,50.95,6.55,85
1350,50.9167,6.71667,80
1351,50.7333,7.13333,60
1352,50.7,7.16667,70
1353,50.7,7.16667,60
1354,50.6333,6.96667,180
1355,50.7167,7.05,90
1356,50.7,7.03333,140
1357,50.6,6.93333,330
1358,50.6667,6.8,160
1359,50.5667,6.76667,300
1360,50.6833,6.66667,170
1361,50.6167,6.65,260
1362,50.6667,6.71667,180
1363,50.6833,6.81667,145
1364,50.8,6.68333,130
1365,50.7833,6.81667,110
1366,50.8167,6.81667,100
1367,50.5167,6.81667,460
1368,50.4833,6.88333,440
1369,50.6667,6.68333,170
1370,50.7667,6.83333,120
1371,50.8,6.91667,65
1372,50.9167,6.81667,80
1373,50.9667,6.78333,70
1374,50.8667,6.86667,100
1375,50.8667,6.9,90
1376,50.8667,6.96667,50
1377,50.8667,7,50
1378,50.8167,6.95,60
1379,51,6.8,50
1380,51.0333,7.56667,230
1381,51.0333,7.61667,300
1382,51,7.63333,200
1383,50.9833,7.51667,180
1384,50.8667,7.61667,290
1385,50.95,7.5,200
1386,50.9833,7.71667,320
1387,50.9333,7.76667,350
1388,51.0333,7.53333,200
1389,51.0333,7.46667,200
1390,51.0333,7.5,320
1391,50.8833,7.53333,220
1392,51.0833,7.53333,350
1393,50.9833,7.55,200
1394,50.9167,7.56667,300
1395,50.9167,7.58333,240
1396,50.9333,7.55,240
1397,50.95,7.53333,190
1398,50.9833,7.18333,80
1399,50.95,7.21667,100
1400,50.9667,7.23333,100
1401,51,7.13333,90
1402,50.8833,7.06667,60
1403,51.1167,7.4,290
1404,51.1167,7.48333,280
1405,51.0167,7.38333,240
1406,51.05,7.13333,80
1407,51.0333,7.15,120
1408,50.7667,7.23333,150
1409,50.9667,7.33333,120
1410,50.9333,7.31667,230
1411,50.9333,7.3,200
1412,50.9333,7.18333,160
1413,50.9833,7.4,140
1414,51.0167,7.23333,200
1415,51.0667,7.31667,180
1416,51.05,7.3,200
1417,50.65,7.23333,70
1418,50.8,7.2,60
1419,50.8167,7.15,70
1420,50.8,7.55,100
1421,50.7667,7.45,100
1422,50.7833,7.28333,70
1423,50.7333,7.3,200
1424,50.7667,7.33333,65
1425,50.9,7.4,210
1426,50.8,7.66667,260
1427,50.7167,7.36667,220
1428,50.7167,7.38333,225
1429,50.9167,7.25,160
1430,50.6667,7.3,240
1431,50.6833,7.26667,240
1432,50.85,7.23333,65
1433,50.7667,7.16667,65
1434,50.7333,7.18333,140
1435,50.7833,7.2,60
1436,50.8667,7.31667,180
1437,50.7,7.2,120
1438,50.7167,7.28333,120
1439,50.7667,6.08333,180
1440,50.8167,6.26667,140
1441,50.8833,6.1,150
1442,50.7833,6.2,180
1443,50.8167,6.13333,180
1444,50.85,6.16667,150
1445,50.75,6.16667,260
1446,50.7667,6.31667,200
1447,50.8,6.48333,130
1448,50.8,6.41667,135
1449,50.7333,6.48333,150
1450,50.75,6.53333,170
1451,50.8333,6.51667,140
1452,50.6833,6.48333,300
1453,50.6667,6.56667,240
1454,50.7333,6.38333,380
1455,50.7667,6.63333,130
1456,51.0833,6.31667,90
1457,51.05,6.23333,50
1458,51.0333,6.31667,90
1459,51.0167,6.28333,60
1460,51.0833,6.41667,70
1461,51.1333,6.2,80
1462,50.9167,6.35,80
1463,50.8333,6.28333,160
1464,50.8667,6.36667,100
1465,50.9667,6.31667,80
1466,50.8833,6.45,100
1467,50.9333,6.48333,95
1468,50.9667,6.41667,95
1469,50.5667,6.26667,530
1470,50.5333,6.21667,560
1471,50.6,6.33333,540
1472,50.5667,6.35,400
1473,50.65,6.2,420
1474,50.6833,6.21667,340
1475,50.7167,6.25,250
1476,50.6333,6.28333,550
1477,50.5333,6.48333,370
1478,50.55,6.41667,560
1479,50.4333,6.65,460
1480,50.3833,6.73333,380
1481,50.5167,6.41667,540
1482,50.6333,6.45,270
1483,50.5,6.46667,400
1484,50.45,6.43333,640
1485,50.45,6.41667,600
1486,50.4167,6.43333,630
1487,50.6333,6.6,260
1488,50.55,6.55,380
1489,50.55,6.58333,360
1490,50.3833,6.46667,530
1491,50.3833,6.55,500
1492,50.4667,6.58333,540
1493,50.4833,6.63333,460
1494,50.4167,6.55,540
1495,50.4667,6.71667,540
1496,50.9667,6.11667,90
1497,51.0667,6.1,45
1498,50.9167,6.11667,120
1499,51.0333,5.98333,70
1500,50.9833,6,70
1501,50.9333,6.21667,100
1502,51.0167,6.05,75
1503,51.0833,6.01667,40
1504,51.1167,6.15,45
1505,51.85,6.61667,25
1506,51.9667,7.63333,60
1507,51.9667,7.63333,60
1508,52.0833,7,50
1509,52.2167,7.01667,40
1510,51.9833,6.93333,50
1511,52.0333,6.81667,35
1512,52.1833,7.05,40
1513,52.0333,7.1,70
1514,52.1167,7.11667,50
1515,52.0833,7.2,75
1516,52.0833,7.23333,90
1517,52.0667,6.9,45
1518,52.1,6.96667,50
1519,51.7667,7.88333,80
1520,51.75,8.03333,120
1521,51.7,7.83333,60
1522,51.75,8.33333,75
1523,51.8333,8.15,90
1524,51.8,8.2,140
1525,51.8167,7.95,80
1526,51.85,6.86667,50
1527,51.7667,6.61667,25
1528,51.8333,7.05,100
1529,51.8833,6.66667,40
1530,51.8167,6.51667,19
1531,51.8833,6.78333,55
1532,51.9,6.78333,50
1533,51.85,6.7,30
1534,51.8833,6.93333,50
1535,51.8833,6.98333,55
1536,51.95,7.18333,80
1537,51.9667,7.3,110
1538,51.8667,7.36667,65
1539,51.8333,7.3,65
1540,51.85,7.21667,60
1541,51.9667,7.01667,60
1542,52.0333,7.28333,100
1543,51.9833,7.15,85
1544,51.7,7.76667,85
1545,51.6667,7.63333,60
1546,51.8167,7.6,60
1547,51.85,7.48333,55
1548,51.6333,7.51667,60
1549,51.6667,7.48333,70
1550,51.75,7.78333,75
1551,51.7333,7.66667,85
1552,51.7833,7.46667,50
1553,51.7667,7.35,75
1554,51.7333,7.51667,60
1555,51.85,7.55,60
1556,52.1,7.6,45
1557,51.9833,7.41667,85
1558,51.9,7.41667,65
1559,51.9333,7.53333,65
1560,51.9833,7.78333,50
1561,51.9167,7.81667,60
1562,51.9167,7.73333,50
1563,52.1333,7.38333,70
1564,52.15,7.33333,70
1565,52.1833,7.53333,40
1566,52.15,7.6,45
1567,52.1333,7.23333,55
1568,52.2333,7.38333,60
1569,52.0833,7.48333,50
1570,52.2,7.31667,50
1571,52.0833,7.3,110
1572,52.0333,7.38333,80
1573,52.2,7.23333,50
1574,52.1833,7.86667,70
1575,52.2,7.8,60
1576,52.1667,7.88333,65
1577,52.1333,7.73333,50
1578,52.15,7.98333,85
1579,52.1333,7.9,65
1580,52.3167,7.8,70
1581,52.3167,7.88333,70
1582,52.3833,7.61667,40
1583,52.2667,7.78333,100
1584,52.2833,7.73333,70
1585,52.3333,7.51667,35
1586,52.25,7.6,40
1587,52.2167,7.88333,100
1588,52.2167,7.81667,180
1589,51.95,7.98333,55
1590,51.9167,8.11667,60
1591,51.8667,8.08333,90
1592,51.9167,7.96667,60
1593,51.8667,7.91667,65
1594,51.9667,8.23333,65
1595,52.0333,7.83333,50
1596,51.9833,8.05,60
1597,51.6,7.03333,65
1598,51.6167,7.2,95
1599,51.6,7.15,60
1600,51.6,7.1,75
1601,51.6,6.91667,60
1602,51.65,7.35,50
1603,51.7833,7.16667,70
1604,51.8167,7.26667,50
1605,51.7167,7.1,45
1606,51.6667,6.95,35
1607,51.7,7.15,50
1608,51.6333,7.08333,55
1609,51.6333,7.38333,50
1610,52.0333,8.51667,170
1612,52.0667,8.55,80
1613,52.0167,8.56667,110
1614,52,8.5,210
1615,52.1167,8.68333,80
1616,51.9833,8.51667,150
1617,51.95,8.58333,130
1618,51.9667,8.61667,180
1619,52.0833,8.51667,150
1620,51.6,8.81667,200
1621,51.6167,8.9,300
1622,51.6833,8.6,100
1623,51.6833,8.56667,95
1624,51.5167,8.86667,410
1625,51.5167,8.7,300
1626,51.95,9.08333,160
1627,51.95,8.88333,140
1628,51.8667,8.95,220
1629,51.9833,8.8,100
1630,51.9167,8.75,163
1631,51.9,9.16667,200
1632,51.9833,9,160
1633,51.8833,9.3,220
1634,51.9333,8.83333,130
1635,51.8833,9.33333,200
1636,51.8167,8.85,160
1637,51.8333,8.93333,330
1638,51.95,8.85,130
1639,52.1,8.33333,120
1640,52.1,8.3,130
1641,52.05,8.36667,130
1642,52.05,8.3,90
1643,52,8.41667,110
1644,52.0667,8.2,75
1645,52.0333,8.15,70
1646,52.05,8.43333,170
1647,52.1,8.41667,120
1648,52.2,8.6,70
1649,52.1667,8.56667,85
1650,52.1333,8.55,95
1651,52.1833,8.7,60
1652,52.2167,8.7,60
1653,52.15,8.8,130
1654,51.7333,9,260
1655,51.7667,9.38333,100
1656,51.65,9.38333,100
1657,51.7167,9.18333,140
1658,51.75,9.06667,200
1659,51.7667,9.06667,260
1660,51.7333,9.36667,100
1661,51.9667,9.25,100
1662,51.8333,9.11667,200
1663,51.8333,9.05,160
1664,51.8667,9.08333,140
1665,51.8333,9.06667,140
1666,51.85,9.28333,300
1667,52,9.11667,170
1668,52.0333,8.9,100
1669,52.0833,8.75,90
1670,52.0333,9.13333,260
1671,51.9833,8.66667,150
1672,52.1333,9.11667,130
1673,52.0333,9,140
1674,52.1,8.93333,160
1675,52.15,8.96667,100
1676,52.1,8.91667,260
1677,52.0833,8.81667,220
1678,52.3,8.61667,100
1679,52.4167,8.61667,40
1680,52.4333,8.35,60
1681,52.4333,8.38333,70
1682,52.4333,8.46667,60
1683,52.3167,8.65,70
1684,52.2667,8.7,100
1685,52.3833,8.46667,60
1686,52.3,8.48333,60
1687,52.3,8.5,65
1688,52.4333,8.61667,54
1689,52.4167,8.58333,45
1690,52.3,8.91667,50
1691,52.3,8.83333,50
1692,52.3333,8.75,55
1693,52.2333,9.03333,90
1694,52.2,8.91667,70
1695,52.3833,8.9,55
1696,52.2333,8.85,50
1697,52.25,8.73333,100
1698,52.3833,9,40
1699,52.4,9.1,60
1700,51.7833,8.81667,140
1701,51.7167,8.75,130
1702,51.7333,8.96667,320
1703,51.7667,8.56667,100
1704,51.8,8.53333,100
1705,51.6667,8.83333,280
1706,51.65,8.73333,150
1707,51.6833,8.7,130
1708,51.7333,8.68333,105
1709,51.7667,8.66667,100
1710,51.7333,8.71667,100
1711,51.4833,9.15,180
1712,51.5833,9.25,200
1713,51.5833,9.3,230
1714,51.65,9.23333,250
1715,51.6667,9.05,250
1716,51.6833,9.05,280
1717,51.6333,9.03333,230
1718,51.5833,9.03333,270
1719,51.6,9.13333,210
1720,51.4667,9.16667,210
1721,51.5333,9.03333,210
1722,51.45,9.11667,170
1723,51.9167,8.38333,75
1724,51.8333,8.31667,70
1725,51.8833,8.26667,70
1726,51.8,8.48333,80
1727,51.8667,8.55,80
1728,51.9,8.6,110
1729,51.85,8.5,90
1730,51.9167,8.56667,110
1731,51.3833,7.7,280
1732,51.2,7.63333,400
1733,51.25,7.65,392
1734,51.2667,7.68333,190
1735,51.2167,7.85,250
1736,51.2667,7.76667,190
1737,51.1667,7.75,420
1738,51.2,7.5,420
1739,51.2,7.45,380
1740,51.1333,7.58333,390
1741,51.2333,7.53333,250
1742,51.2,7.58333,310
1743,51.1,7.63333,420
1744,51.1167,7.75,430
1745,51.2833,7.78333,400
1746,51.4,8.06667,200
1747,51.3333,7.86667,240
1748,51.3333,8.08333,350
1749,51.3833,8.15,240
1750,51.3667,7.93333,250
1751,51.4,7.91667,300
1752,51.35,7.95,350
1753,51.4,8,200
1754,51.3,8.03333,270
1755,51.3333,8,280
1756,51.3167,8.06667,340
1757,51.4333,8.26667,400
1758,51.45,8.35,320
1759,51.4,8.58333,460
1760,51.2,8.53333,670
1761,51.3333,8.55,420
1762,51.3667,8.5,340
1763,51.25,8.46667,450
1764,51.3167,8.5,370
1765,51.1167,8.63333,400
1766,51.1333,8.61667,430
1767,51.2333,8.66667,500
1768,51.2,8.7,410
1769,51.45,8.9,390
1770,51.4,8.83333,400
1771,51.2,8.46667,780
1772,51.2667,8.51667,520
1773,51.45,8.61667,380
1774,51.4333,8.73333,470
1775,51.3833,8.66667,380
1776,51.3667,7.61667,150
1777,51.4333,7.78333,160
1778,51.45,7.66667,150
1779,51.4667,7.7,115
1780,51.3333,7.71667,370
1781,51.6333,8.51667,110
1782,51.6667,8.35,75
1783,51.6833,8.38333,75
1784,51.55,8.25,170
1785,51.5667,8.33333,200
1786,51.65,8.23333,70
1787,51.6167,8.33333,100
1788,51.45,8.43333,400
1789,51.4833,8.43333,370
1790,51.35,8.33333,360
1791,51.3667,8.43333,300
1792,51.3667,8.38333,290
1793,51.3667,8.38333,290
1794,51.25,8.16667,320
1795,51.2667,8.18333,270
1796,51.1833,8.3,450
1797,51.3333,8.21667,300
1798,51.3333,8.3,260
1799,51.35,8.28333,260
1800,51.3167,8.31667,380
1801,51.1667,8.36667,450
1802,51.1833,8.43333,590
1803,51.15,8.28333,380
1804,51.1667,8.23333,390
1805,51.1833,8.11667,350
1806,51.2,7.96667,260
1807,51.1833,7.96667,270
1808,51.1333,7.91667,260
1809,51.0333,7.83333,320
1810,51.1,7.86667,270
1811,51.1333,7.98333,300
1812,51.0667,7.96667,380
1813,51.05,8,400
1814,51.0167,7.78333,340
1815,51.0333,8.15,410
1816,51.1,8.06667,280
1817,51.1167,8.16667,320
1818,50.9833,8.11667,400
1819,50.9,8.03333,260
1820,50.8667,8.03333,240
1821,50.75,8.08333,380
1822,50.7167,8.15,350
1823,50.8,8.01667,280
1824,50.95,8.01667,290
1825,50.95,8,290
1826,51.0167,7.98333,330
1827,50.9,7.86667,320
1828,50.9667,8.1,310
1829,50.9833,8.05,320
1830,50.8833,8.15,320
1831,50.8833,8.16667,320
1832,50.9167,8.1,350
1833,51.5833,8.11667,100
1834,51.55,7.91667,100
1835,51.6,8.03333,90
1836,51.55,8,100
1837,51.6167,8.18333,80
1838,51.5,7.98333,220
1839,51.5,8.05,200
1840,51.5,8.13333,220
1841,51.65,8.21667,75
1842,51.65,8.13333,75
1843,51.6333,8.1,75
1844,51.6167,7.93333,70
1845,51.4833,7.85,140
1846,51.05,8.4,420
1847,50.9333,8.41667,320
1848,51.0167,8.41667,430
1849,51.1167,8.46667,500
1850,50.9833,8.46667,460
1851,51,8.36667,520
1852,51.1,8.5,530
1853,50.9833,8.26667,500
1854,50.9167,8.36667,370
1855,50.9167,8.45,310
1856,51.0167,8.15,420
1857,50.9167,8.28333,450
1858,51.55,7.3,80
1859,51.4667,7.55,175
1860,51.5,7.53333,120
1861,51.5333,7.36667,90
1862,51.55,7.36667,80
1863,51.5,7.5,125
1864,51.35,7.43333,160
1865,51.35,7.5,180
1866,51.6833,7.85,65
1867,51.65,7.83333,80
1868,51.55,7.21667,60
1869,51.65,7.48333,80
1870,51.6,7.45,75
1871,51.4667,7.36667,140
1872,51.3,7.36667,220
1873,51.3167,7.33333,170
1874,51.4,7.18333,60
1875,51.4167,7.26667,60
1876,51.4,7.43333,120
1877,51.2833,7.3,240
1878,51.4167,7.21667,60
1879,51.3667,7.25,160
1880,51.2667,7.48333,370
1881,51.3167,7.3,255
1882,51.4167,7.11667,100
1883,51.3667,7.18333,140
1884,51.45,7.53333,140
1885,51.4333,7.58333,135
1886,51.4167,7.53333,110
1887,51.5833,7.66667,60
1888,51.5333,7.68333,100
1889,51.6,7.76667,100
1890,51.5,7.63333,130
1891,51.7,7.88333,65
1892,51.5833,7.88333,85
1893,51.5833,7.85,85
1894,51.6333,7.93333,70
1895,51.65,7.86667,50
1896,49.9167,8.65,120
1897,49.85,8.68333,200
1898,49.8833,8.68333,190
1899,50.5833,8.66667,160
1900,50.5833,8.68333,160
1902,50.1,8.76667,100
1903,50.1,8.75,120
1904,50.75,9.26667,260
1905,50.6833,9.05,230
1906,50.75,9.33333,300
1907,50.7833,9.33333,290
1908,50.75,9.46667,280
1909,50.7667,9.11667,260
1910,50.6167,9.21667,420
1911,50.6167,9.11667,320
1912,50.7,9.1,260
1913,50.65,9.26667,370
1914,50.65,9.2,410
1915,49.6833,8.61667,110
1916,49.7,8.63333,180
1917,49.7,8.65,180
1918,49.6833,8.45,90
1919,49.6667,8.55,95
1920,49.6667,8.65,210
1921,49.65,8.65,100
1922,49.65,8.7,210
1923,49.7167,8.76667,420
1924,49.6,8.46667,90
1925,49.55,8.76667,350
1926,49.6,8.73333,170
1927,49.6167,8.66667,220
1928,49.7167,8.68333,200
1929,49.6833,8.73333,460
1930,49.6833,8.73333,440
1931,49.5333,8.56667,100
1932,49.7333,8.61667,100
1933,50.3333,9.06667,140
1934,50.3667,9.03333,190
1935,50.45,9.13333,240
1936,50.3667,9.15,300
1937,50.2667,9.1,150
1938,50.4167,9,130
1939,50.4167,8.98333,160
1940,50.5167,9.11667,300
1941,50.4667,9,170
1942,49.7333,8.63333,120
1943,49.8667,8.56667,95
1944,49.8,8.56667,90
1945,49.75,8.63333,110
1946,49.9333,8.75,150
1947,49.8333,8.75,220
1948,49.8,8.6,100
1949,49.8667,8.76667,200
1950,49.85,8.7,200
1951,49.9,8.58333,100
1952,49.9667,8.93333,130
1953,49.7667,8.88333,180
1954,49.9,8.85,140
1955,49.8667,9.01667,260
1956,49.95,8.85,140
1957,49.8,8.83333,170
1958,49.8667,8.93333,170
1959,49.8333,8.9,200
1960,49.7833,8.81667,270
1961,49.9,9.03333,200
1962,49.8833,9,200
1963,49.9167,9,150
1964,49.9167,8.96667,180
1965,49.5667,8.98333,425
1966,49.6167,9.05,510
1967,49.6667,9,220
1968,49.5667,8.93333,300
1969,49.75,9.1,160
1970,49.5167,9.01667,300
1971,49.5833,9.08333,300
1972,49.5833,8.98333,300
1973,49.7833,8.98333,220
1974,49.7333,9,180
1975,49.6833,9,210
1976,49.8167,9.03333,155
1977,49.6333,8.9,340
1978,49.6833,8.93333,360
1979,49.7167,8.86667,200
1980,49.7167,8.83333,210
1981,49.7833,9.03333,290
1982,49.5,8.91667,450
1983,49.5,8.9,180
1984,49.65,8.93333,310
1985,49.7167,9.1,420
1986,50.2833,8.85,140
1987,50.4333,8.66667,200
1988,50.3333,8.75,140
1989,50.2333,8.76667,120
1990,50.2333,8.86667,130
1991,50.45,8.78333,190
1992,50.3667,8.73333,170
1993,50.3167,8.85,130
1994,50.4,8.66667,200
1995,50.4667,8.65,240
1996,50.2667,8.7,160
1997,50.1833,8.73333,110
1998,50.4,8.81667,180
1999,50.6833,8.83333,200
2000,50.5833,8.75,240
2001,50.6167,8.86667,260
2002,50.6333,8.83333,240
2003,50.6,8.78333,190
2004,50.5333,8.65,175
2005,50.6,8.96667,270
2006,50.5833,8.63333,160
2007,50.4667,8.9,150
2008,50.55,8.98333,200
2009,50.5167,8.81667,170
2010,50.5167,8.91667,190
2011,50.6667,8.73333,210
2012,50.6667,8.96667,330
2013,49.9333,8.38333,90
2014,49.7833,8.46667,90
2015,49.8167,8.5,90
2016,49.8333,8.46667,90
2017,49.8833,8.4,85
2018,49.75,8.48333,90
2019,49.9167,8.48333,90
2020,49.9667,8.56667,100
2021,50,8.58333,100
2022,50.0167,8.58333,100
2023,50.6333,9.45,270
2024,50.4667,9.31667,460
2025,50.5667,9.28333,520
2026,50.4833,9.33333,430
2027,50.5667,9.35,420
2028,50.5333,9.33333,440
2029,50.55,9.3,550
2030,50.6333,9.4,300
2031,50.6167,9.38333,350
2032,50.6833,9.56667,230
2033,50.5333,9.4,410
2034,50.5667,9.45,300
2035,50.5833,9.2,570
2036,50.6833,9.46667,350
2037,50.0167,8.78333,150
2038,50,8.71667,160
2039,50.0167,8.9,130
2040,49.9667,8.66667,130
2041,50.05,8.93333,110
2042,50.0833,8.86667,110
2043,50.0667,8.8,130
2044,50.0333,8.88333,120
2045,49.9833,8.66667,120
2046,50.1167,8.85,110
2047,50.05,8.7,120
2048,50.05,8.96667,110
2049,50.1167,8.91667,110
2050,50.55,9.66667,270
2051,51.3167,9.43333,220
2052,51.3,9.46667,170
2053,50.8167,8.78333,200
2054,51.1833,9.93333,300
2055,51.1833,10.1167,180
2056,51.1833,10.05,180
2057,51.2333,9.93333,240
2058,51.2,9.9,300
2059,51.2,10.0667,160
2060,51.05,10.0833,320
2061,51.2167,10.0167,160
2062,51.15,10,180
2063,51.1,10.1333,370
2064,51.1333,10.1167,280
2065,51.2167,9.96667,220
2066,51.2167,8.98333,350
2067,51.0333,8.81667,300
2068,51.0167,9.05,360
2069,50.9833,8.73333,250
2070,51.0667,8.8,280
2071,50.9833,8.96667,250
2072,51.0333,8.73333,310
2073,51.1833,8.91667,290
2074,50.9833,8.55,380
2075,50.9667,8.5,420
2076,51.1,8.76667,400
2077,51.1667,8.9,260
2078,51.0667,8.98333,480
2079,51.1,8.86667,400
2080,50.9667,8.86667,280
2081,51.0833,8.73333,400
2082,51.0667,9.25,200
2083,51.2167,9.38333,200
2084,51.05,9.28333,220
2085,50.9667,9.51667,360
2086,51.1333,9.28333,180
2087,51.0333,9.4,250
2088,51.2,9.33333,215
2089,50.9333,9.55,360
2090,50.9833,9.26667,215
2091,51.0333,9.53333,260
2092,51,9.41667,270
2093,51,9.36667,220
2094,51.0667,9.16667,220
2095,50.4667,9.85,400
2096,50.5167,9.68333,270
2097,50.4167,9.83333,650
2098,50.5833,9.88333,450
2099,50.4333,9.56667,300
2100,50.45,9.91667,510
2101,50.5,9.56667,340
2102,50.5833,9.65,250
2103,50.4667,9.48333,420
2104,50.5833,10.0167,450
2105,50.4,9.51667,370
2106,50.5833,9.86667,410
2107,50.5,9.48333,380
2108,50.6,9.63333,250
2109,50.55,9.71667,320
2110,50.55,9.85,440
2111,50.6167,9.71667,310
2112,50.5667,9.76667,310
2113,50.4167,9.65,290
2114,50.6,9.51667,260
2115,50.4833,9.95,690
2116,50.55,9.58333,320
2117,50.5667,9.71667,380
2118,50.5167,9.73333,320
2119,50.55,9.93333,510
2120,50.6333,9.51667,290
2121,50.45,9.93333,580
2122,50.5333,9.65,290
2123,50.6333,10.0167,370
2124,50.6333,10.0333,370
2125,50.4833,9.78333,380
2126,50.5,10.0167,560
2127,50.9,9.75,220
2128,50.9,10.0167,220
2129,50.8667,9.7,220
2130,50.8333,9.56667,250
2131,50.9167,9.8,210
2132,50.7833,9.56667,220
2133,50.85,10,240
2134,50.8667,9.76667,220
2135,51.55,9.53333,300
2136,51.6,9.55,160
2137,51.45,9.41667,180
2138,51.4833,9.25,150
2139,51.5,9.38333,160
2140,51.4,9.46667,260
2141,51.4167,9.53333,280
2142,51.4333,9.48333,260
2143,51.65,9.45,120
2144,51.6333,9.56667,120
2145,51.4667,9.48333,300
2146,51.45,9.48333,360
2147,51.6,9.6,120
2148,51.5,9.6,120
2149,50.7,9.73333,250
2150,50.7667,9.8,310
2151,50.8167,9.8,340
2152,50.6833,9.76667,270
2153,50.75,9.81667,370
2154,50.7167,9.9,330
2155,50.6333,9.83333,320
2156,50.7167,9.7,240
2157,50.6667,9.7,360
2158,50.6167,9.9,540
2159,50.7333,9.75,330
2160,50.75,9.71667,340
2161,50.7333,9.66667,260
2162,50.7833,9.86667,320
2163,51.2333,9.5,210
2164,51.2667,9.38333,270
2165,51.2833,9.6,190
2166,51.2833,9.63333,220
2167,51.3167,9.55,160
2168,51.3833,9.51667,170
2169,51.2167,9.6,350
2170,51.2333,9.56667,290
2171,51.2667,9.41667,200
2172,50.8167,8.96667,200
2173,50.7667,8.81667,250
2174,50.8667,8.85,220
2175,50.95,8.88333,290
2176,50.7333,8.81667,210
2177,50.8667,9.01667,260
2178,50.9,8.96667,220
2179,50.8833,8.76667,200
2180,50.8167,8.86667,200
2181,50.8167,8.91667,200
2182,50.6833,8.6,220
2183,50.7333,8.63333,220
2184,50.9333,8.76667,300
2185,50.9667,8.71667,240
2186,50.85,9.11667,240
2187,50.7333,8.7,180
2188,50.8833,8.75,210
2189,50.8833,8.91667,250
2190,50.7667,8.96667,200
2191,50.95,8.7,230
2192,50.8833,8.65,290
2193,50.8333,8.76667,200
2194,50.8833,8.98333,225
2195,50.9667,8.68333,260
2196,51.0667,9.61667,190
2197,51.0833,9.63333,270
2198,51.1333,9.41667,160
2199,51.1667,9.66667,380
2200,51.1667,9.51667,180
2201,51.1,9.71667,280
2202,51.1333,9.4,170
2203,51.1,9.53333,180
2204,51.1333,9.55,170
2205,51.1,9.73333,300
2206,51.15,9.56667,170
2207,51.1167,9.66667,280
2208,50.9833,9.93333,390
2209,50.9667,9.8,200
2210,51.0333,9.9,320
2211,51.0833,9.85,300
2212,50.9333,9.68333,250
2213,51.1,9.96667,190
2214,50.9667,9.91667,340
2215,50.9833,9.71667,250
2216,50.9833,9.53333,370
2217,51.0167,9.93333,330
2218,51.05,9.71667,250
2219,50.95,9.65,280
2220,51.0667,9.71667,280
2221,50.95,10.0333,220
2222,50.95,9.96667,350
2223,51.0333,9.83333,280
2224,50.9833,10.0167,260
2225,50.95,9.86667,230
2226,51,9.73333,190
2227,51.0667,9.93333,240
2228,51,9.65,250
2229,50.95,9.81667,200
2230,51.05,9.86667,300
2231,51.3667,8.81667,350
2232,51.1667,9.08333,200
2233,51.15,9.15,190
2234,51.05,9.06667,380
2235,51.3833,9.01667,280
2236,51.1667,9.13333,200
2237,51.3,9.03333,320
2238,51.3167,8.73333,550
2239,51.2833,9.06667,400
2240,51.1667,8.83333,360
2241,51.1333,9.01667,300
2242,51.35,8.73333,400
2243,51.3833,9,280
2244,51.15,9.05,260
2245,51.2833,8.86667,380
2246,51.35,9.08333,260
2247,51.25,8.95,330
2248,51.3667,8.98333,290
2249,51.3,8.96667,310
2250,51.4667,9.01667,290
2251,51.1333,8.8,340
2252,51.25,9,360
2253,51.35,8.7,420
2254,51.3333,8.76667,400
2255,51.3333,8.96667,250
2256,51.2,9.06667,380
2257,51.1333,9.13333,230
2258,51.3,8.61667,560
2259,51.5167,9,200
2260,51.35,9.81667,150
2261,51.2667,9.78333,360
2262,51.2167,9.83333,490
2263,51.2,9.71667,380
2264,51.3,9.85,210
2265,51.1833,9.81667,300
2266,51.2333,9.81667,350
2267,51.3167,9.91667,230
2268,51.1667,9.78333,440
2269,51.2667,9.96667,160
2270,51.2667,9.85,240
2271,51.2,9.76667,360
2272,51.2667,9.73333,350
2273,51.15,9.73333,360
2274,51.35,9.86667,160
2275,51.2833,9.23333,330
2276,51.2833,9.2,310
2277,51.3333,9.28333,400
2278,51.35,9.35,350
2279,51.3833,9.15,200
2280,51.4,9.25,350
2281,51.25,9.16667,290
2282,51.45,9.25,250
2283,51.4167,9.11667,180
2284,51.3333,9.16667,280
2285,51.3667,9.3,270
2286,51.2333,9.26667,260
2287,50.95,9.21667,210
2288,50.9,9.21667,220
2289,50.9833,9.33333,240
2290,50.95,9.06667,340
2291,50.9,9.4,500
2292,50.8333,9.25,280
2293,50.7667,9.4,380
2294,50.8833,9.35,270
2295,50.8667,9.46667,330
2296,51,9.06667,320
2297,50.9667,9.1,320
2298,50.95,9.11667,340
2299,50.9667,9.31667,260
2300,50.9167,9.18333,210
2301,50.8833,9.25,220
2302,50.9167,9.25,210
2303,50.15,8.73333,170
2304,50.1333,8.71667,120
2305,50.0833,8.51667,95
2306,50.1167,8.65,102
2307,50.0833,8.56667,95
2308,50.1667,8.68333,120
2309,50.15,8.61667,100
2310,50.1333,8.91667,110
2311,50.1,8.3,200
2312,50.05,8.3,150
2313,50.05,8.23333,90
2314,50.1,8.23333,220
2315,50.1,8.18333,240
2316,50.8,8.58333,270
2317,50.9167,8.53333,300
2318,50.9167,8.48333,300
2319,50.8667,8.6,240
2320,50.9333,8.58333,350
2321,50.7667,8.58333,250
2322,50.8167,8.51667,370
2323,50.8833,8.56667,280
2324,50.85,8.5,340
2325,50.8667,8.48333,340
2326,50.8167,8.35,320
2327,50.7833,8.3,270
2328,50.6833,8.3,220
2329,50.6167,8.16667,500
2330,50.7833,8.33333,380
2331,50.7333,8.35,290
2332,50.8333,8.23333,400
2333,50.6667,8.21667,340
2334,50.7167,8.43333,375
2335,50.8167,8.26667,400
2336,50.8,8.33333,290
2337,50.1833,9.18333,140
2338,50.15,9.33333,220
2339,50.35,9.31667,280
2340,50.2,9.5,300
2341,50.1333,9.41667,380
2342,50.2,9.18333,150
2343,50.1167,9.48333,350
2344,50.2167,9.11667,160
2345,50.1667,9.13333,130
2346,50.2333,9.35,190
2347,50.1333,9.1,160
2348,50.45,9.3,460
2349,50.25,9.28333,160
2350,50.2167,9.26667,150
2351,50.15,8.75,120
2352,50.1,8.95,100
2353,50.15,8.83333,120
2354,50.2167,9.03333,160
2355,50.1667,8.98333,120
2356,50.15,9.01667,130
2357,50.2333,8.88333,130
2358,50.3,8.26667,250
2359,50.5,8.01667,220
2360,50.45,8.03333,160
2361,50.3333,8.35,400
2362,50.5333,8.1,290
2363,50.3167,8.15,200
2364,50.3833,8.05,120
2365,50.4667,8.05,140
2366,50.3833,8.03333,120
2367,50.1333,8.33333,215
2368,50.0667,8.41667,200
2369,50.15,8.4,200
2370,50.0167,8.43333,90
2371,50.2167,8.45,820
2372,50.0167,8.35,120
2373,50.0833,8.45,140
2374,50.1333,8.45,200
2375,50.1,8.4,330
2376,50.1,8.35,210
2377,50.1667,8.31667,280
2378,50.1167,8.36667,260
2379,50.5167,8.26667,160
2380,50.4,8.21667,210
2381,50.4833,8.26667,205
2382,50.4333,8.36667,190
2383,50.2333,8.61667,170
2384,50.1833,8.46667,340
2385,50.2,8.58333,200
2386,49.9833,7.86667,100
2387,50,7.9,250
2388,50.0333,8.11667,90
2389,50.0333,8.06667,220
2390,49.9833,7.96667,120
2391,50.0167,7.95,220
2392,50,7.98333,160
2393,50.05,8.08333,160
2394,50.05,7.81667,120
2395,50.05,8.15,120
2396,49.9833,7.93333,95
2397,50.0333,7.95,340
2398,50,8.01667,95
2399,50.25,9.61667,230
2400,50.2667,9.51667,250
2401,50.4,9.68333,400
2402,50.2833,9.36667,150
2403,50.3333,9.51667,210
2404,50.3,9.36667,150
2405,50.3167,9.46667,180
2406,50.3833,9.43333,380
2407,50.3167,9.66667,280
2408,50.2,8.1,290
2409,50.1167,7.95,420
2410,50.2,8.21667,360
2411,50.15,8.15,340
2412,50.2167,8.33333,320
2413,50.2167,8.26667,280
2414,50.2167,7.98333,370
2415,50.1667,8.06667,380
2416,50.0833,8.01667,370
2417,50.0833,8.11667,280
2418,50.15,8.06667,340
2419,50.2333,8.16667,300
2420,50.3,8.51667,350
2421,50.35,8.53333,320
2422,50.3667,8.4,265
2423,50.3667,8.53333,400
2424,50.25,8.35,380
2425,50.2833,8.55,360
2426,50.3,8.5,400
2427,50.3333,8.53333,300
2428,50.3,8.56667,320
2429,50.3667,8.56667,280
2430,50.55,8.6,200
2431,50.4333,8.51667,260
2432,50.5167,8.38333,220
2433,50.6333,8.41667,220
2434,50.5667,8.6,190
2435,50.6167,8.3,420
2436,50.5167,8.58333,210
2437,50.5833,8.48333,160
2438,50.6167,8.35,190
2439,50.6167,8.63333,200
2440,50.55,8.35,140
2441,50.55,8.56667,200
2442,50.5333,8.5,200
2443,50.4667,8.58333,250
2444,50.6667,8.7,180
2445,50.5,8.51667,280
2446,50.5333,8.33333,180
2447,50.5833,8.55,180
2448,50.6,8.41667,170
2449,50.5667,8.5,180
2450,50.6333,8.66667,180
2451,50.35,7.6,80
2452,50.55,7.1,110
2453,50.3833,6.93333,300
2454,50.4,6.95,350
2455,50.4667,7.1,460
2456,50.4833,6.96667,200
2457,50.5333,7.03333,130
2458,50.5,6.93333,470
2459,50.4,6.81667,280
2460,50.4333,6.81667,400
2461,50.3667,6.81667,400
2462,50.45,7.21667,250
2463,50.5,7.15,290
2464,50.5833,7.23333,80
2465,50.6,7.18333,110
2466,50.5833,7.03333,220
2467,50.55,7.1,160
2468,50.5833,7.11667,220
2469,50.5333,7.18333,220
2470,50.55,7.25,80
2471,50.7833,7.95,250
2472,50.6833,7.63333,240
2473,50.6667,7.61667,250
2474,50.6833,7.68333,250
2475,50.7333,7.96667,300
2476,50.7167,7.98333,420
2477,50.65,7.53333,250
2478,50.6,7.51667,270
2479,50.75,7.81667,380
2480,50.7667,7.66667,220
2481,50.8333,7.93333,230
2482,50.7,7.58333,280
2483,50.7833,7.75,160
2484,50.7833,7.73333,160
2485,50.8167,7.75,270
2486,49.65,7.16667,380
2487,49.7167,7.31667,310
2488,49.6167,7.33333,500
2489,49.6333,7.28333,420
2490,49.6167,7.18333,350
2491,49.6833,7.25,370
2492,49.65,7.51667,300
2493,49.6167,7.46667,200
2494,49.7667,7.4,420
2496,49.75,7.3,450
2497,49.7167,7.36667,230
2498,49.7333,7.4,210
2499,50.1,7.11667,120
2500,50.1333,7.23333,100
2501,50.1667,7.2,120
2502,50.2333,7.15,430
2503,50.1833,7.03333,430
2504,50.1167,7.05,410
2505,50.1333,7,310
2506,50.2833,7.55,280
2507,50.3667,7.51667,140
2508,50.3167,7.51667,80
2509,49.85,7.85,110
2510,49.7833,7.46667,180
2511,49.8833,7.9,110
2512,49.9,7.9,100
2513,49.6667,7.6,160
2514,49.8833,7.8,210
2515,49.8667,7.83333,140
2516,49.7667,7.56667,280
2517,49.7833,7.65,160
2518,49.95,7.78333,300
2519,49.8167,7.71667,200
2520,49.8833,7.76667,210
2521,49.8667,7.65,370
2522,50.4333,7.4,80
2523,50.3333,7.23333,240
2524,50.45,7.26667,190
2525,50.4167,7.2,300
2526,50.2667,6.91667,480
2527,50.3167,7.01667,480
2528,50.3333,7.26667,230
2529,50.2833,7.21667,350
2530,50.3833,7.1,550
2531,50.3,7.16667,290
2532,50.3833,7.23333,440
2533,50.35,7.4,190
2534,50.3,7.3,210
2535,50.3333,7.3,200
2536,50.3333,7.31667,200
2537,50.6667,7.43333,260
2538,50.5167,7.31667,70
2539,50.5,7.33333,80
2540,50.4333,7.55,70
2541,50.55,7.41667,120
2542,50.4667,7.48333,75
2543,50.4667,7.45,120
2544,50.6333,7.58333,240
2545,50.5667,7.61667,230
2546,50.5,7.5,280
2547,50.2333,7.58333,200
2548,50.1167,7.71667,110
2549,50.2,7.4,80
2550,50.2667,7.45,120
2551,50.2,7.53333,370
2552,50.1667,7.55,450
2553,49.9833,7.51667,340
2554,49.8833,7.46667,300
2555,49.9,7.48333,290
2556,49.8667,7.51667,480
2557,50.1,7.46667,440
2558,50.0833,7.51667,460
2559,50.0833,7.45,400
2560,50.0833,7.43333,400
2561,49.9667,7.6,460
2562,49.9833,7.43333,390
2563,50.0333,7.18333,140
2564,50.0667,7.35,380
2565,49.9333,7.28333,440
2566,49.9667,7.3,450
2567,49.9833,7.13333,140
2568,49.75,6.65,260
2569,49.75,6.66667,180
2570,49.75,6.7,220
2571,49.7667,6.61667,160
2572,49.7333,6.65,200
2573,49.85,7.11667,450
2574,49.8833,7.21667,510
2575,49.9,7.08333,440
2576,49.8167,7.25,540
2577,49.9167,7,130
2578,49.8167,7.13333,440
2579,49.85,7.05,490
2580,49.8833,7.01667,170
2581,49.8833,6.96667,120
2582,49.8667,7.35,340
2583,49.8333,7.33333,460
2584,49.7667,7.05,480
2585,49.7333,7,470
2586,49.7667,6.91667,460
2587,49.9667,6.53333,340
2588,49.9667,6.55,340
2589,49.9667,6.5,340
2590,50.0167,6.28333,330
2591,50.0167,6.41667,290
2592,49.9667,6.63333,280
2593,50.0333,6.6,280
2594,50.05,6.55,390
2595,50.1,6.55,470
2596,49.9667,6.41667,220
2597,49.9,6.61667,280
2598,49.9333,6.63333,320
2599,50.2,6.83333,400
2600,50.2833,6.78333,470
2601,50.1667,6.88333,460
2602,50.2333,6.66667,380
2603,50.15,6.7,550
2604,50.1667,6.95,420
2605,50.1333,6.9,420
2606,50.3,6.7,485
2607,50.3,6.66667,450
2608,50.3,6.73333,440
2609,50.3333,6.76667,380
2610,50.2833,6.6,450
2611,50.3167,6.6,470
2612,50.3333,6.58333,520
2613,50.2833,6.63333,450
2614,50.1167,6.78333,480
2615,50.2,6.41667,450
2616,50.1167,6.6,340
2617,50.1667,6.58333,450
2618,50.0833,6.26667,500
2619,50.0667,6.18333,470
2620,50.0333,6.15,460
2621,50.1833,6.45,470
2622,50.2333,6.46667,570
2623,50.15,6.46667,400
2624,50.35,6.41667,570
2625,50.1167,6.4,510
2626,50.1333,6.35,360
2627,50.1,6.35,350
2628,49.6167,6.55,180
2629,49.6833,6.55,140
2630,49.7,6.58333,140
2631,49.5833,6.38333,150
2632,49.6167,6.43333,260
2633,49.6,6.68333,360
2634,49.7,6.46667,150
2635,49.8,6.68333,130
2636,49.85,6.63333,220
2637,49.6833,7.08333,520
2638,49.6667,6.95,530
2639,49.7,6.91667,510
2640,49.6333,6.81667,470
2641,49.8,6.91667,400
2642,49.7167,6.8,480
2643,49.6833,6.73333,320
2644,49.8,6.71667,140
2645,49.8167,6.75,130
2646,49.8,6.83333,130
2647,49.7333,6.68333,240
2648,49.7333,6.51667,160
2649,49.85,6.5,340
2650,49.8,6.51667,150
2651,49.85,6.56667,300
2652,49.9833,6.88333,160
2653,50,6.95,200
2654,49.9667,6.7,320
2655,49.9833,6.76667,290
2656,49.9667,7,140
2657,50.0333,6.68333,380
2658,50.0333,6.88333,360
2659,49.9333,6.85,150
2660,50.6333,7.9,330
2661,50.6667,7.81667,360
2662,50.5167,7.91667,320
2663,50.65,7.95,480
2664,50.6833,7.75,290
2665,50.4833,7.88333,330
2666,50.7167,7.76667,300
2667,50.6,8.06667,450
2668,50.6,7.88333,460
2669,50.5167,7.85,400
2670,50.5667,7.96667,340
2671,50.2333,7.86667,310
2672,50.1333,7.75,250
2673,50.0833,7.76667,100
2674,50.1667,7.73333,240
2675,50.2333,7.83333,210
2676,50.2,7.86667,260
2677,50.3,7.61667,80
2678,50.3,7.6,80
2679,50.15,7.73333,120
2680,50.1333,7.88333,400
2681,50.3667,7.98333,175
2682,50.3333,7.71667,100
2683,50.3,7.8,200
2684,50.3833,8.01667,120
2685,50.2333,8.03333,320
2686,50.3,8.06667,160
2687,50.2667,7.98333,290
2688,50.3167,7.8,100
2689,50.3,7.75,250
2690,50.5667,7.83333,380
2691,50.4333,7.66667,250
2692,50.45,7.98333,240
2693,50.4333,7.83333,250
2694,50.5333,7.76667,250
2695,50.4833,7.76667,290
2696,50.0167,8.2,135
2697,49.9833,8.25,130
2698,49.6333,8.36667,95
2699,49.75,8.11667,190
2700,49.8167,8.06667,140
2701,49.7333,8.01667,300
2702,49.8,8.11667,190
2703,49.8333,8.01667,130
2704,49.7833,8.2,150
2705,49.7167,8.11667,200
2706,49.8,7.91667,170
2707,49.8333,8.05,120
2708,49.8333,8.11667,210
2709,49.95,7.91667,90
2710,49.9167,8.13333,130
2711,49.9667,8.05,120
2712,49.9333,8.1,140
2713,49.8667,8,110
2714,49.8667,7.96667,110
2715,49.9667,8.2,200
2716,49.7833,8.35,95
2717,49.9,8.26667,160
2718,49.9,8.2,130
2719,49.85,8.35,120
2720,49.8167,8.28333,190
2721,49.7,8.2,170
2722,49.6667,8.23333,140
2723,49.7333,8.25,170
2724,49.7333,8.31667,100
2725,49.6333,8.28333,120
2726,49.7,8.35,90
2727,49.5333,8.35,95
2728,49.45,7.76667,240
2729,49.2,8.11667,140
2730,49.2,8.15,140
2731,49.4833,8.45,95
2732,49.4833,8.36667,95
2733,49.35,8.13333,140
2734,49.3167,8.43333,95
2735,49.25,7.35,240
2736,49.2,7.96667,250
2737,49.1,8,170
2738,49.0833,8.06667,140
2739,49.1667,7.88333,240
2740,49.0333,8,160
2741,49.2167,7.86667,220
2742,49.5833,8.16667,150
2743,49.5,8.03333,220
2744,49.5667,8.25,110
2745,49.5667,8.2,150
2746,49.5833,8.36667,90
2747,49.1167,8.18333,120
2748,49.0667,8.11667,140
2749,49.1667,8.31667,110
2750,49.0833,8.2,130
2751,49.0333,8.3,100
2752,49.1167,8.15,130
2753,49.25,8.28333,120
2754,49.5,7.91667,290
2755,49.4,7.46667,240
2756,49.4833,7.9,300
2758,49.45,7.91667,270
2759,49.45,7.9,270
2760,49.4167,7.56667,260
2761,49.4667,7.56667,250
2762,49.5833,7.7,260
2763,49.5,7.76667,250
2764,49.3833,7.63333,340
2765,49.5,7.53333,280
2766,49.4667,7.7,260
2767,49.35,7.76667,400
2768,49.65,8.1,180
2769,49.6,8.05,250
2770,49.6667,8.01667,270
2771,49.7167,7.91667,340
2772,49.5333,8.01667,220
2773,49.45,7.31667,300
2774,49.4333,7.28333,360
2775,49.4333,7.36667,250
2776,49.5833,7.53333,210
2777,49.5167,7.58333,350
2778,49.55,7.4,240
2779,49.4,7.43333,240
2780,49.5833,7.4,350
2781,49.6333,7.66667,210
2782,49.5167,7.4,300
2783,49.5833,7.46667,190
2784,49.3833,7.33333,270
2785,49.3167,8.13333,170
2786,49.2667,8.21667,120
2787,49.15,8.21667,130
2788,49.25,8.23333,130
2789,49.2167,8.11667,190
2790,49.3,8.1,240
2791,49.2667,8.08333,270
2792,49.3833,8.3,110
2793,49.4333,8.28333,98
2794,49.4167,8.4,100
2795,49.4667,8.13333,200
2796,49.5167,8.15,210
2797,49.4167,8.18333,150
2798,49.35,7.95,230
2799,49.3,8.23333,120
2800,49.3667,8.26667,110
2801,49.3667,8.06667,170
2802,49.5,8.16667,250
2803,49.4,8.25,110
2804,49.4,8.2,130
2805,49.4333,8.18333,160
2806,49.4167,7.98333,220
2807,49.1,7.81667,190
2808,49.1167,7.56667,280
2809,49.1667,7.81667,220
2810,49.2167,7.56667,350
2811,49.3167,7.71667,430
2812,49.2,7.75,230
2813,49.2833,7.6,390
2814,49.1833,7.65,360
2815,49.0833,7.8,270
2816,49.2167,7.5,310
2817,49.35,7.7,400
2818,49.2667,7.58333,250
2819,49.7333,7.81667,170
2820,49.5833,7.76667,270
2821,49.6667,7.86667,270
2822,49.7667,7.83333,140
2823,49.7333,7.73333,330
2824,49.6333,7.9,340
2825,49.6667,7.76667,280
2826,49.6167,7.81667,200
2827,49.3167,8.4,100
2828,49.3,8.35,110
2829,49.2833,8.4,110
2830,49.2,7.38333,240
2831,49.35,7.41667,280
2832,49.1833,7.5,350
2833,49.25,7.43333,240
2834,49.1833,7.36667,250
2835,49.3,7.4,300
2836,49.2833,7.43333,250
2837,49.2833,7.51667,350
2838,49.2167,7.36667,240
2839,49.2333,7.31667,280
2840,49.15,9.21667,160
2841,48.7333,9.15,420
2842,48.7167,9.21667,391
2843,48.7167,9.1,453
2844,48.7667,9.28333,285
2845,48.7833,9.11667,357
2846,48.75,9.08333,450
2847,48.75,9.16667,440
2848,48.4,9.98333,480
2849,48.8333,10.1,430
2850,48.95,10,470
2851,48.8,10.2667,600
2852,49.0167,10.2167,570
2853,48.9667,10.1333,440
2854,48.95,10.1667,500
2855,48.8667,10.25,490
2856,48.75,10.3333,520
2857,48.8833,9.96667,470
2858,48.7833,10.1,500
2859,48.9833,10.1,470
2860,48.8167,10.2,610
2861,48.8667,10.1167,430
2862,48.9333,10.3333,500
2863,48.95,9.43333,260
2864,48.9333,9.36667,300
2865,49,9.76667,330
2866,48.9333,9.75,530
2867,48.9833,9.36667,290
2868,48.95,9.85,350
2869,48.9833,9.58333,290
2870,48.9833,9.46667,260
2871,49.0333,9.45,330
2872,49,9.5,270
2873,48.6833,8.9,430
2874,48.6833,9.01667,460
2875,48.5167,8.83333,460
2876,48.6,8.86667,440
2877,48.6167,8.96667,480
2878,48.7333,8.96667,430
2879,48.7,9,450
2880,48.65,9.13333,380
2881,49.3,9.96667,460
2882,49.1333,10.0833,410
2883,49.1167,10.0833,420
2884,49.1833,10.15,450
2885,49.1833,10.1667,470
2886,49.25,9.95,440
2887,49.0833,9.98333,450
2888,49.0833,9.96667,480
2889,49.2,9.98333,390
2890,49.1333,10.2333,450
2891,49.1333,10.2,460
2892,49.1167,10.0333,420
2893,49.1333,10.1833,460
2894,49.2333,10.0667,420
2895,49.3,10.0333,470
2896,48.7333,9.3,240
2897,48.6833,9.28333,360
2898,48.7167,9.41667,280
2899,48.7333,9.26667,410
2900,48.75,9.48333,470
2901,48.6833,9.41667,290
2902,48.7333,9.36667,270
2903,48.5833,9.7,510
2904,48.7,9.7,340
2905,48.6167,9.85,460
2906,48.7,9.66667,320
2907,48.7333,9.71667,420
2908,48.6833,9.51667,350
2909,48.65,9.86667,685
2910,48.7,9.58333,290
2911,48.5667,9.63333,600
2912,48.6,10.1333,580
2913,48.7,10.3667,490
2914,48.6333,10.0167,620
2915,48.6167,10.25,460
2916,48.6833,10.1667,490
2917,48.6667,10.15,490
2918,48.6833,10.0667,530
2919,48.6167,10.1667,480
2920,48.75,10.1167,500
2921,48.5333,10.2333,470
2922,48.6667,9.98333,600
2923,49.2167,9.1,200
2924,49.2333,9.38333,190
2925,49.25,9.21667,170
2926,49.1833,9.31667,200
2927,49.1833,9.26667,180
2928,49.1667,9.16667,170
2929,49.2333,9.2,150
2930,49.0833,9.1,200
2931,49.1,8.96667,220
2932,49.2667,9.4,250
2933,49.0833,9.15,170
2934,49.3167,9.35,180
2935,49.2333,9.33333,180
2936,49.15,9.06667,210
2937,49.15,9.28333,220
2938,49.3167,9.41667,190
2939,49.15,9.36667,200
2940,49.2333,9.16667,200
2941,49.0833,9.46667,490
2942,49.2833,9.75,400
2943,49.3833,9.7,240
2944,49.3,9.83333,280
2945,49.3167,9.73333,410
2946,49.3,9.65,220
2947,48.8,9.06667,340
2948,48.8167,8.86667,410
2949,48.8667,9.03333,330
2950,48.8333,9.11667,300
2951,48.8,9.01667,380
2952,48.7667,8.9,400
2953,48.8667,8.86667,350
2954,48.7667,8.93333,410
2955,48.7667,8.98333,420
2956,48.75,8.86667,400
2957,49,9.13333,200
2958,48.9667,9.13333,200
2959,49.05,9.1,220
2960,48.9333,9.3,280
2961,48.9333,9.18333,220
2962,49.0333,9.15,180
2963,49.0167,9.33333,230
2964,48.9,9.18333,290
2965,48.9333,9.26667,230
2966,48.9,9.08333,280
2967,48.8833,9.13333,300
2968,49.4667,10.0333,280
2969,49.5167,9.75,210
2970,49.4333,10.1,420
2971,49.4333,10.1167,420
2972,49.5333,9.85,330
2973,49.5,9.81667,220
2974,49.5,9.8,220
2975,49.45,9.93333,270
2976,49.4833,9.76667,250
2977,49.45,9.93333,270
2978,49.4833,10,300
2979,49.4,9.91667,310
2980,49.4333,9.88333,370
2981,49.4,9.81667,400
2982,49.4333,9.75,290
2983,49.45,9.8,250
2984,49.4833,9.9,230
2985,48.65,9.46667,310
2986,48.55,9.38333,410
2987,48.6167,9.35,290
2988,48.65,9.51667,370
2989,48.5833,9.45,390
2990,48.6167,9.53333,380
2991,48.65,9.3,370
2992,49.2833,9.56667,220
2993,49.2167,9.41667,210
2994,49.2333,9.63333,340
2995,49.25,9.65,340
2996,49.2,9.58333,320
2997,49.15,9.61667,460
2998,49.2,9.5,230
2999,49.2,9.65,500
3000,49.25,9.56667,310
3001,48.8,9.93333,460
3002,48.8,9.68333,290
3003,48.8333,9.8,450
3004,48.8,9.8,320
3005,48.7833,9.8,410
3006,49.0833,9.5,470
3007,49.0167,9.9,410
3008,49.1667,9.91667,440
3009,49.0833,9.56667,460
3010,49.0667,9.56667,470
3011,49.1167,9.73333,300
3012,49.1833,9.71667,400
3013,49.1333,9.9,420
3014,49.0833,9.88333,370
3015,49.05,9.75,370
3016,48.5833,10.0333,610
3017,48.4167,9.78333,510
3018,48.5,10.1167,460
3019,48.55,9.8,690
3020,48.5167,9.85,710
3021,48.5833,9.81667,680
3022,48.9167,8.95,280
3023,49.0667,8.8,190
3024,48.95,8.91667,240
3025,48.9667,8.96667,260
3026,49.0333,8.76667,200
3027,49,8.81667,250
3028,49.0167,8.98333,290
3029,48.9,8.98333,270
3030,48.95,9.01667,220
3031,48.9333,8.95,220
3032,48.7833,9.28333,290
3033,48.9333,9.63333,560
3034,48.9333,9.66667,550
3035,48.8,9.6,380
3036,48.8,9.4,250
3037,48.8,9.51667,260
3038,48.8833,9.35,280
3039,48.8333,9.31667,220
3040,48.8833,9.65,500
3041,49.4167,8.68333,120
3042,49.4,8.73333,520
3043,49.4,8.65,110
3044,49.4167,8.66667,110
3045,49.0333,8.46667,115
3046,49,8.48333,120
3047,48.9833,8.36667,115
3048,49.0167,8.43333,115
3049,49.5333,8.48333,95
3050,49.45,8.45,90
3051,49.5167,8.55,100
3052,49.1333,8.58333,130
3053,49.1,8.65,140
3054,49.1333,8.55,110
3055,49.2167,8.63333,110
3056,49.2,8.65,120
3057,49.15,8.76667,180
3058,49.0833,8.58333,170
3059,49.1833,8.75,160
3060,49.2167,8.71667,160
3061,49.2333,8.46667,100
3062,49.0833,8.55,140
3063,49.2167,8.51667,110
3064,49.1833,8.68333,130
3065,49.4,9.4,230
3066,49.5167,9.43333,320
3067,49.4,9.56667,300
3068,49.5333,9.55,370
3069,49.5333,9.31667,340
3070,49.6333,9.41667,410
3071,49.3667,9.61667,240
3072,49.45,9.3,320
3073,49.6,9.43333,380
3074,49.5833,9.16667,490
3075,49.4333,9.43333,270
3076,49.4667,9.58333,340
3077,49.55,9.16667,500
3078,49.5833,9.36667,400
3079,49.3,8.73333,170
3080,49.3667,8.76667,130
3081,49.2833,8.73333,140
3082,49.4667,8.98333,130
3083,49.3333,8.75,200
3084,49.35,8.68333,110
3085,49.3333,8.8,140
3086,49.3167,8.81667,140
3087,49.25,8.73333,140
3088,49.3833,8.8,130
3089,49.3167,8.7,150
3090,49.25,8.7,140
3091,49.2667,8.75,180
3092,49.3833,8.88333,220
3093,49.3,8.7,150
3094,49.4667,8.76667,340
3095,49.0667,8.46667,110
3096,49.0833,8.48333,110
3097,49.0333,8.7,180
3098,48.9333,8.36667,120
3099,49.0833,8.38333,110
3100,48.95,8.4,130
3101,48.9667,8.31667,110
3102,49.1667,8.48333,110
3103,49.0167,8.5,120
3104,49.1167,8.41667,110
3105,48.9667,8.3,120
3106,48.95,8.53333,220
3107,48.9833,8.53333,150
3108,49.05,8.53333,120
3109,49.0167,8.6,190
3110,49.4,8.53333,100
3111,49.5167,8.6,100
3112,49.6,8.65,100
3113,49.5167,8.66667,150
3114,49.4667,8.61667,100
3115,49.6167,8.65,120
3116,49.6167,8.65,150
3117,49.5167,8.66667,140
3118,49.4833,8.66667,120
3119,49.3833,8.56667,100
3120,49.55,8.68333,140
3121,49.35,8.98333,210
3122,49.35,9,220
3123,49.3,9.08333,290
3124,49.4667,9.21667,390
3125,49.3833,9.13333,210
3126,49.3,9.28333,180
3127,49.4167,9.28333,290
3128,49.3833,9,220
3129,49.45,9.16667,350
3130,49.3833,8.98333,210
3131,49.4667,9.05,490
3132,48.95,8.61667,200
3133,48.9,8.56667,200
3134,48.9,8.75,250
3135,48.8333,8.5,370
3136,48.8833,8.55,210
3137,48.95,8.58333,160
3138,48.85,8.73333,350
3139,49.1833,8.98333,210
3140,49.25,8.98333,240
3141,49.1833,8.81667,240
3142,49.2333,8.76667,160
3143,49.3333,8.91667,210
3144,49.3167,8.86667,160
3145,49.2333,9,240
3146,49.3333,8.98333,180
3147,49.2,8.85,250
3148,49.2167,9,230
3149,49.0833,8.85,200
3150,49.2333,8.78333,170
3151,49.1,8.9,230
3152,49.3,8.96667,170
3153,49.25,9.1,230
3154,49.3667,8.95,230
3155,49.2167,8.91667,180
3156,49.25,8.88333,150
3157,49.2333,8.9,170
3158,49.1,8.85,200
3159,49.4833,9.65,280
3160,49.7667,9.61667,180
3161,49.75,9.31667,140
3162,49.7,9.8,340
3163,49.6667,9.73333,320
3164,49.55,9.63333,330
3165,49.65,9.66667,180
3166,49.55,9.73333,230
3167,49.6667,9.51667,320
3168,49.6167,9.66667,180
3169,49.5167,9.68333,220
3170,49.6667,9.65,190
3171,49.6833,9.68333,250
3172,49.7667,9.51667,200
3173,48.7667,8.25,180
3174,47.9833,7.85,290
3175,47.9833,7.9,320
3176,47.9667,7.83333,290
3177,48.0167,7.86667,257
3178,47.9833,7.81667,240
3179,48.7,8.13333,140
3180,48.7167,8.16667,180
3181,48.6167,8.05,140
3182,48.6,8.11667,450
3183,48.5667,8.16667,380
3184,48.7333,8.06667,130
3185,47.8333,8.53333,710
3186,47.9,8.43333,760
3187,47.95,8.5,690
3188,47.8167,8.53333,580
3189,48.05,8.21667,880
3190,47.9167,8.8,770
3191,47.9,8.5,690
3192,47.9333,8.73333,680
3193,48.0667,8.25,880
3194,48,8.6,725
3195,48.1333,7.73333,220
3196,48.2,8.01667,520
3197,48.1167,8,300
3198,48.0667,7.88333,230
3199,48.1833,8.06667,360
3200,48.1333,7.7,190
3201,48.1667,7.91667,330
3202,48.1833,7.78333,180
3203,48.1833,7.76667,180
3204,48.1833,8.1,490
3205,48.1333,7.8,190
3206,48.1,7.96667,270
3207,48.1667,7.65,170
3208,48.0167,7.61667,190
3209,48.05,7.73333,200
3210,47.9667,7.71667,220
3211,48.0167,7.68333,200
3212,47.9667,7.7,210
3213,48.0833,7.63333,220
3214,48.0167,8.03333,760
3215,47.9833,7.96667,390
3216,47.9833,8.01667,540
3217,47.9833,7.95,380
3218,48.4667,7.81667,140
3219,48.6667,7.93333,130
3220,48.5167,7.81667,140
3221,48.5,7.83333,140
3222,48.5833,7.81667,140
3223,48.6667,7.98333,130
3224,47.7167,9.06667,400
3225,47.7,8.68333,400
3226,47.85,8.78333,530
3227,47.7,8.75,450
3228,47.7667,8.78333,480
3229,47.7333,9.06667,440
3230,47.7,9.2,410
3231,47.7667,9,420
3232,47.6833,9.06667,420
3233,47.7333,8.83333,420
3234,47.7667,8.83333,430
3235,47.8167,8.66667,650
3236,47.6667,9.18333,440
3237,48.3333,7.88333,170
3238,48.2833,7.81667,180
3239,48.3833,7.76667,150
3240,48.25,7.78333,170
3241,48.2833,7.73333,160
3242,48.3167,7.95,220
3243,47.7,7.91667,860
3244,47.7333,7.95,770
3245,47.7,7.61667,300
3246,47.6667,7.53333,260
3247,47.6167,7.65,290
3248,47.6,7.65,400
3249,47.7333,7.86667,700
3250,47.75,7.8,690
3251,47.7833,7.9,540
3252,47.65,7.83333,360
3253,47.65,7.75,330
3254,47.6,7.63333,280
3255,47.75,7.76667,590
3256,47.7833,7.6,260
3257,47.7167,7.55,300
3258,47.8667,7.6,220
3259,47.7167,7.66667,350
3260,47.8167,7.63333,270
3261,47.8167,7.56667,230
3262,47.85,7.66667,270
3263,47.7,7.61667,370
3264,47.8,8.03333,920
3265,47.9333,8.08333,991
3266,47.9,8.36667,800
3267,47.9667,8.26667,960
3268,47.8667,8.03333,999
3269,47.75,8.16667,890
3270,47.9,8.1,880
3271,47.8667,8.23333,850
3272,47.8667,8.2,810
3273,47.9,8.35,800
3274,47.9167,8.21667,830
3275,47.8833,8.3,820
3276,47.7667,8.13333,790
3277,48,8.1,880
3278,47.8333,8.18333,950
3279,47.9333,8.16667,850
3280,48.4,8.01667,180
3281,48.5167,8.11667,210
3282,48.5333,8.08333,190
3283,48.4667,7.95,160
3284,48.4833,8.16667,280
3285,48.4333,8.2,390
3286,48.7333,8.36667,230
3287,48.7,8.35,310
3288,48.6833,8.36667,330
3289,48.6167,8.26667,710
3290,48.8,8.31667,150
3291,48.8333,8.26667,130
3292,48.7167,8.35,270
3293,48.8667,8.2,120
3294,47.5833,8.06667,400
3295,47.6667,7.95,930
3296,47.5667,8.06667,320
3297,47.55,7.93333,290
3298,47.6,7.88333,300
3299,47.6667,8.03333,880
3300,47.7333,8,820
3301,47.7333,8.1,910
3302,47.85,8.85,480
3303,47.9667,9.03333,650
3304,47.8167,9.01667,410
3305,48.1333,8.96667,910
3306,48,9.03333,705
3307,48,9.11667,620
3308,48.1,9,860
3309,47.75,9.53333,480
3310,47.75,9.36667,490
3311,47.8,9.31667,600
3312,47.9,9.35,710
3313,47.8167,9.31667,730
3314,47.85,9.36667,700
3315,47.6833,9.4,420
3316,47.7167,9.38333,500
3317,47.7667,9.31667,440
3318,47.9167,9.26667,650
3319,47.7833,9.28333,450
3320,47.7667,9.16667,400
3321,48.1167,8.46667,700
3322,48.1167,8.33333,860
3323,48.1333,8.48333,670
3324,48.1333,8.23333,680
3325,48.1167,8.25,820
3326,48.0667,8.46667,710
3327,47.6,8.13333,330
3328,47.7167,8.18333,920
3329,47.6833,8.16667,730
3330,47.75,8.31667,790
3331,47.6333,8.15,485
3332,47.7167,8.43333,450
3333,47.65,8.56667,430
3334,47.6167,8.31667,330
3335,47.8167,8.45,680
3336,47.8,8.43333,710
3337,47.65,8.4,450
3338,47.6167,8.21667,340
3339,48.3333,8.03333,195
3340,48.2833,8.08333,220
3341,48.2167,8.23333,360
3342,48.4167,8.08333,400
3343,48.3833,8.28333,420
3344,48.3167,8.36667,360
3345,48.3,8.23333,360
3346,48.2833,8.85,520
3347,48.3167,8.76667,590
3348,48.2167,9.03333,730
3349,48.2167,8.96667,650
3350,48.1667,8.86667,900
3351,48.2,8.88333,840
3352,48.2333,8.86667,600
3353,48.1667,9.86667,540
3354,48.2,9.76667,520
3355,48.2333,9.88333,530
3356,48.0667,9.95,590
3357,48.2167,9.95,520
3358,48.1167,9.95,560
3359,48.0333,10.05,600
3360,48.0167,9.65,570
3361,48.0333,9.8,560
3362,48,10.0833,580
3363,48.6833,8.55,780
3364,48.7667,8.58333,400
3365,48.8333,8.53333,400
3366,48.65,8.78333,450
3367,48.8,8.43333,370
3368,48.8167,8.58333,370
3369,48.6333,8.63333,630
3370,48.55,8.73333,410
3371,48.7333,8.8,530
3372,48.8667,8.53333,300
3373,48.7833,8.65,630
3374,48.6333,8.51667,730
3375,48.6833,8.7,400
3376,48.6167,8.65,590
3377,48.75,8.55,600
3378,48.2833,9.71667,510
3379,48.2333,9.65,520
3380,48.3,9.83333,490
3381,48.35,9.81667,560
3382,48.3833,9.73333,550
3383,48.2333,9.61667,520
3384,48.2,9.51667,530
3385,48.5167,8.36667,580
3386,48.6,8.41667,780
3387,48.4667,8.5,620
3388,48.4667,8.43333,650
3389,48.45,8.4,800
3390,48.4167,8.46667,670
3391,48.5333,8.56667,640
3392,48.4167,8.5,600
3393,48.3667,8.8,450
3394,48.35,8.96667,500
3395,48.4,8.78333,400
3396,48.3167,9.06667,630
3397,48.3833,8.88333,420
3398,48.3833,8.96667,530
3399,48.4667,8.63333,540
3400,48.45,8.68333,560
3401,48.3667,8.63333,420
3402,48.3333,8.66667,510
3403,48.3667,9.33333,750
3404,48.4167,9.43333,750
3405,48.4667,9.61667,750
3406,48.2833,9.48333,660
3407,48.4833,9.68333,760
3408,48.4167,9.5,710
3409,48.3667,9.61667,600
3410,48.2333,9.46667,540
3411,47.9333,9.63333,570
3412,47.8333,9.65,460
3413,47.75,9.6,470
3414,47.7333,9.58333,430
3415,47.7833,9.61667,450
3416,47.8,9.55,570
3417,47.7667,9.53333,510
3418,47.9333,9.75,590
3419,47.8,9.63333,480
3420,47.8167,9.8,670
3421,48.35,9.2,730
3422,48.4,9.2,800
3423,48.5333,9.3,350
3424,48.4833,9.21667,380
3425,48.5333,9.2,360
3426,48.4833,9.41667,460
3427,48.3,8.56667,640
3428,48.2167,8.5,660
3429,48.3,8.5,630
3430,48.2333,8.35,580
3431,48.2,8.7,710
3432,48.2,8.71667,690
3433,48.3,8.56667,510
3434,48.3,8.56667,640
3435,48.1667,8.63333,600
3436,48.2167,8.38333,710
3437,48.0667,8.53333,700
3438,47.9333,9.55,580
3439,48.0833,9.36667,610
3440,48.0667,9.61667,580
3441,48.1833,9.5,530
3442,47.9,9.51667,600
3443,48.0833,9.4,590
3444,48.15,9.55,660
3445,48.15,9.48333,540
3446,48.0167,9.5,590
3447,48.25,9.21667,670
3448,47.9833,9.33333,640
3449,48.0167,9.13333,610
3450,48.1833,9.28333,810
3451,48.0667,9.18333,620
3452,48.0167,9.25,590
3453,47.8833,9.11667,650
3454,48.0833,9.21667,570
3455,48.1333,9.13333,660
3456,48.1833,9.1,680
3457,48.1833,9.21667,640
3458,47.6,9.53333,410
3459,47.6667,9.6,470
3460,48.55,9.05,370
3461,48.45,9.06667,390
3462,48.55,8.96667,380
3463,48.5,9.11667,420
3464,48.4167,9.05,480
3465,48.4,9.03333,510
3466,48.4333,9.06667,420
3467,48.4667,8.93333,350
3468,48.5167,8.86667,440
3469,48.5333,9.05,340
3470,48.5833,9.2,410
3471,48.1333,8.75,660
3472,48.0667,8.75,660
3473,48.0667,8.65,700
3474,47.9833,8.8,650
3475,48.0167,8.78333,670
3476,47.95,9.98333,690
3477,47.7833,9.88333,650
3478,48.75,8.81667,610
3479,47.7167,9.9,680
3480,47.6833,9.83333,560
3481,47.9167,9.9,650
3482,47.7333,12.8833,480
3483,48.4,11.75,470
3484,48.4,11.7333,450
3485,48.75,11.4333,370
3486,48.05,10.8833,590
3487,48.1667,11.6167,500
3488,48.1167,11.6,540
3489,48.1167,11.55,530
3490,48.1667,11.4833,510
3491,48.1167,11.5167,535
3492,47.8667,12.1333,440
3493,47.8667,12.65,600
3494,48.4667,11.1333,450
3495,48.55,11.05,480
3496,48.4333,11.35,480
3497,48.4667,11.1333,450
3498,48.5833,11.0833,410
3499,48.4,11.2,500
3500,48.2333,12.6833,400
3501,48.15,12.8333,380
3502,48.1333,12.5833,460
3503,48.1833,12.7833,430
3504,48.25,12.7,390
3505,48.2167,12.6,410
3506,48.2667,12.65,380
3507,47.8,11.9667,600
3508,47.8833,12.0167,490
3509,47.8833,11.9167,510
3510,47.7833,12,520
3511,47.9,11.8333,530
3512,47.9333,11.9,610
3513,47.85,12.0667,480
3514,47.75,11.45,660
3515,47.7167,11.4167,620
3516,47.6833,11.5667,680
3517,47.5667,11.4333,800
3518,47.7667,11.6333,720
3519,47.8,11.65,710
3520,47.6333,13,550
3521,48.2667,11.4333,500
3522,48.2167,11.4833,490
3523,48.2833,11.3833,490
3524,48.3,11.3833,500
3525,48.3167,11.35,490
3526,48.3833,11.4167,470
3527,48,11.8,620
3528,48.0333,12.05,530
3529,47.9833,11.8667,540
3530,48.1667,12,540
3531,48.05,11.9667,520
3532,48.2,11.8667,510
3533,48.0333,11.9,550
3534,48.05,11.95,530
3535,48.0833,12.0333,520
3536,48.0833,11.8167,560
3537,48.2833,12,490
3538,48.2833,12.15,440
3539,48.3167,11.9167,460
3540,48.2833,11.8333,490
3541,48.2833,11.7833,470
3542,48.3833,12.1833,460
3543,48.5167,11.7667,500
3544,48.2833,11.6833,470
3545,48.4667,11.9333,420
3546,48.4333,11.6667,500
3547,48.2833,11.1667,500
3548,48.1833,11.25,520
3549,48.1333,11.3667,540
3550,48.2167,11.2667,510
3551,48.2167,11.3,510
3552,48.15,11.35,530
3553,47.6667,11.05,860
3554,47.6,11.1833,640
3555,47.4833,11.1,710
3556,47.4667,11.0333,750
3557,47.5,11.2833,870
3558,47.45,11.2667,910
3559,48.8167,11.3667,380
3560,48.8167,11.4667,440
3561,48.8333,11.55,400
3562,48.7833,11.6,360
3563,48.7833,11.2833,410
3564,48.65,11.4667,380
3565,47.95,11.1,550
3566,48.1833,10.9833,550
3567,48.0167,11.0333,630
3568,48.0167,10.9667,670
3569,47.95,10.95,720
3570,48.1,10.8833,600
3571,48.2,10.9333,540
3572,47.9167,11.1,540
3573,47.9667,10.9667,690
3574,48.0833,10.8167,600
3575,48.05,11.1,550
3576,48.1167,10.9167,580
3577,47.8333,12.9833,420
3578,47.8667,12.7167,610
3579,47.95,12.9333,400
3580,47.9167,12.7667,540
3581,48,12.6333,530
3582,48,12.6333,530
3583,47.85,12.8167,500
3584,48,12.7333,470
3585,48.0667,12.7667,390
3586,47.7667,11.7333,730
3587,47.8833,11.8333,570
3588,47.8333,11.9167,730
3589,47.65,11.75,790
3590,47.7833,11.8333,690
3591,47.8,11.6833,760
3592,47.85,11.8,675
3593,47.7333,11.8667,780
3594,47.7333,11.75,730
3595,48.25,12.5,410
3596,48.25,12.4833,410
3597,48.2833,12.5667,400
3598,48.1833,12.4333,460
3599,48.25,12.5167,380
3600,48.3667,12.5167,460
3601,48.35,12.45,460
3602,48.25,12.3667,420
3603,48.2,12.4167,440
3604,48.1667,11.7167,510
3605,48.0333,11.5167,540
3606,48.1167,11.7333,540
3607,48.1,11.4667,560
3608,48.1,11.4167,560
3609,48.0667,11.5167,580
3610,48.0167,11.7333,580
3611,48.6833,11.6167,380
3612,48.45,11.4833,450
3613,48.5333,11.5,430
3614,48.6167,11.4667,400
3615,48.6167,11.5667,410
3616,48.55,11.4333,500
3617,48.6,11.6333,410
3618,47.75,12.1167,510
3619,47.6167,12.1833,490
3620,47.85,12.35,530
3621,47.9,12.2,500
3622,47.8833,12.1833,500
3623,47.7667,12.1833,690
3624,47.85,12.1833,480
3625,47.7333,10.7833,750
3626,47.85,10.9,700
3627,47.8,11.0167,750
3628,47.8,11.0167,980
3629,47.8,10.9333,720
3630,47.8333,10.8,830
3631,47.8167,10.9,710
3632,48.45,11.35,530
3633,48.6333,11.3167,420
3634,48.6333,11.4333,390
3635,48.6333,11.3667,450
3636,48.55,11.3,450
3637,48.5333,11.2333,430
3638,48.5667,11.2667,410
3639,48.5833,11.4333,420
3640,47.95,11.3,650
3641,48.0667,11.3833,570
3642,48,11.1667,560
3643,47.9667,11.15,550
3644,48,11.3167,670
3645,48,11.3333,590
3646,47.8167,12.5833,550
3647,47.8333,12.5333,530
3648,47.8667,12.6333,610
3649,47.7667,12.75,690
3650,47.9,12.5833,580
3651,47.9167,12.6167,560
3652,47.9333,12.6,580
3653,47.85,12.5667,540
3654,47.7167,12.4833,650
3655,47.9833,12.4,560
3656,47.7667,12.65,680
3657,47.7167,12.4,570
3658,48.0833,12.3833,600
3659,47.8167,12.65,610
3660,47.9167,12.5333,560
3661,48.0833,12.5667,480
3662,48.0833,12.5333,540
3663,48.0333,12.55,500
3664,47.8167,12.6833,650
3665,48.1167,12.1167,510
3666,48.05,12.1667,470
3667,48.0333,12.3,540
3668,48.15,12.2833,450
3669,47.9833,12.1333,480
3670,47.9667,12.15,440
3671,48.0667,12.2333,430
3672,47.85,11.0167,750
3673,47.7333,11.2833,650
3674,47.7667,11.1667,610
3675,47.7667,11.3167,600
3676,47.7833,11.3333,600
3677,47.6833,11.2,690
3678,47.9167,11.1833,590
3679,47.75,11.3833,600
3680,47.7167,11.0833,720
3681,47.6833,11.1833,660
3682,47.7167,11.15,660
3683,47.8667,11.15,550
3684,47.8333,11.15,560
3685,47.8833,11.0333,700
3686,47.8333,11.4167,600
3687,47.9333,11.4667,640
3688,47.9,11.3667,670
3689,47.9167,11.6833,670
3690,47.9667,11.65,620
3691,47.9167,11.5333,650
3692,47.9167,11.4167,580
3693,48.8333,12.9667,310
3694,48.8833,12.5833,330
3695,49,12.6333,340
3696,49.0167,12.8167,800
3697,49.0833,12.6833,630
3698,48.9833,12.6833,440
3699,48.9667,12.6833,400
3700,48.9167,12.8167,360
3701,49.0667,12.6167,530
3702,49.05,12.55,610
3703,48.85,13.15,450
3704,48.7833,12.8667,320
3705,48.8167,12.8,320
3706,48.6333,12.5,380
3707,48.65,12.5667,350
3708,48.5667,12.6333,400
3709,48.4167,12.7667,420
3710,48.4667,12.7333,490
3711,48.4333,12.5667,440
3712,48.5333,12.95,360
3713,48.3833,12.8167,480
3714,48.4,12.6167,430
3715,48.4833,12.5667,480
3716,48.5667,12.7333,440
3717,48.8667,13.4,610
3718,48.9333,13.4333,790
3719,48.9167,13.3833,770
3720,48.8333,13.2333,770
3721,48.8667,13.4667,680
3722,48.9333,13.4667,950
3723,48.85,13.3333,560
3724,48.8,13.25,445
3725,48.4167,13.15,355
3726,48.4333,13.1167,350
3727,48.45,13.1833,440
3728,48.4,13.4,310
3729,48.4167,13.2167,340
3730,48.3667,13.1333,430
3731,48.4333,13.4,310
3732,48.3667,13.1833,400
3733,48.4,13.3167,320
3734,48.4667,13.2333,410
3735,48.45,13.2667,350
3736,48.35,13.35,320
3737,48.8167,11.85,370
3738,48.9333,11.8667,480
3739,48.8167,11.7667,350
3740,48.75,11.85,390
3741,48.9,12.0167,380
3742,48.9,11.8333,350
3743,49.3,12.9167,460
3744,49.1333,12.7333,480
3745,49.2167,13.0667,700
3746,49.25,12.9833,410
3747,48.65,12.9,380
3748,48.6667,12.7,390
3749,48.7333,12.75,340
3750,48.5833,12.1833,390
3751,48.6167,12.2,400
3753,48.6333,12.35,370
3754,48.6833,11.7167,440
3755,48.5667,11.75,450
3756,48.6,11.6833,450
3757,48.65,11.8333,460
3758,48.7,12.2167,420
3759,48.7333,12.3,400
3760,48.8,12.3833,370
3761,48.7833,12.25,390
3762,48.8167,12.15,400
3763,48.7333,12.25,400
3764,48.75,12.2167,400
3765,48.8167,12.3667,360
3766,48.8333,12.1333,380
3767,48.7167,12.3667,460
3768,48.85,12.15,380
3769,48.5833,13.3667,360
3770,48.6667,13.4667,460
3771,48.4667,13.4333,310
3772,48.4667,13.4167,330
3773,48.4833,13.4333,310
3774,48.5,12.9333,420
3775,48.3,13.15,340
3776,48.25,12.9833,430
3777,48.4333,13.0167,360
3778,48.3333,13.1167,380
3779,48.4333,12.9333,380
3780,48.2667,13.0333,340
3781,48.4,13,400
3782,49.0667,13.1,690
3783,48.9333,13.2,600
3784,48.9833,13.3,620
3785,49.0167,13.2833,640
3786,48.9667,13.1333,540
3787,48.7333,12.15,420
3788,48.6667,12.0833,480
3789,48.8167,12.05,390
3790,48.65,12.1667,460
3791,48.7667,11.9667,430
3792,48.7,12.0333,450
3793,48.85,12.7667,320
3794,48.7667,12.5167,370
3795,48.9167,12.6,320
3796,48.8333,12.7333,330
3797,48.9833,12.9833,540
3798,49.0833,12.8833,430
3799,48.3833,12.3,480
3800,48.3833,12.3167,490
3801,48.4833,12.2667,460
3802,48.4833,12.5167,490
3803,48.4667,12.5667,480
3804,48.45,12.35,440
3805,48.7,12.9167,330
3806,48.7167,13.2833,420
3807,48.7333,12.9667,320
3808,48.55,13.2333,360
3809,48.7,13.0167,310
3810,48.6333,13.1833,310
3811,48.5667,13.6167,530
3812,48.5667,13.5833,300
3813,48.5333,13.7333,640
3814,48.65,13.6333,550
3815,48.55,13.65,290
3816,48.5667,13.6667,550
3817,48.5833,13.7333,600
3818,48.6,13.75,660
3819,48.9333,13.5833,990
3820,48.8167,13.55,660
3821,48.7333,13.45,460
3822,48.7667,13.5833,530
3823,48.7833,13.5167,450
3824,48.75,13.8167,720
3825,48.85,13.7333,991
3826,48.7833,13.45,550
3827,48.75,13.5167,440
3828,48.75,13.75,775
3829,48.75,13.8,850
3830,48.8667,13.5167,770
3831,48.7333,13.4833,450
3832,49.45,11.8667,370
3833,49.2833,11.4667,430
3834,49.0167,12.1,340
3835,49,12.0833,400
3836,49.0333,12.1167,340
3837,49.3333,12.1167,360
3838,49.6833,12.1667,400
3839,49.4,12.0167,390
3840,49.4833,11.9833,460
3841,49.5333,11.8,390
3842,49.6333,11.7833,400
3843,49.3167,11.95,370
3844,49.6167,11.8,410
3845,49.55,12,400
3846,49.6,11.75,460
3847,49.4667,11.8333,390
3848,49.4,11.7667,540
3849,49.6167,11.8167,400
3850,49.3667,11.9167,370
3851,49.3,11.8,390
3852,49.0333,11.4833,370
3853,49.1167,11.45,380
3854,49.0667,11.45,390
3855,49.05,11.4667,370
3856,49.0167,11.5,500
3857,49.2,12.0333,360
3858,49.1667,11.9667,340
3859,49.1667,12.0833,360
3860,49.2667,11.9167,360
3861,49.2167,12.0833,370
3862,49.2833,12.8167,390
3863,49.2167,12.6667,370
3864,49.2167,12.7,380
3865,49.3167,12.85,400
3866,49.2167,12.7667,480
3867,49.15,12.65,420
3868,49.1833,12.6667,430
3869,49.2667,12.6667,400
3870,49.7,11.6333,430
3871,49.7167,11.9,410
3872,49.8,11.65,530
3873,49.75,11.7333,470
3874,49.6333,11.55,400
3875,49.6167,11.55,440
3876,49.8667,11.9,460
3877,49.95,12.0333,620
3878,49.95,12.05,460
3879,49.45,12.1833,410
3880,49.3833,12.15,360
3881,49.5333,12.1667,370
3882,49.3333,11.4333,406
3883,49.2333,11.55,480
3884,49.1667,11.45,400
3885,49.2667,11.3333,430
3886,49.3,11.2833,440
3887,49.2667,11.4167,425
3888,49.35,12.2833,510
3889,49.3333,12.2667,430
3890,49.35,12.35,500
3891,49.3167,12.3,440
3892,49.3833,12.4833,550
3893,49.8333,12.05,500
3894,49.8167,12.1167,450
3895,49.5833,12.15,390
3896,49.7333,12.0667,550
3897,49.7167,12.1833,410
3898,49.7667,12.1,550
3899,49.5167,12.5667,700
3900,49.4667,12.4167,500
3901,49.4333,12.35,400
3902,49.5167,12.4667,610
3903,49.5167,12.55,650
3904,49.5167,12.6167,690
3905,49.5167,12.65,690
3906,49.5,12.65,580
3907,49.4833,12.3833,450
3909,49.5167,12.4167,670
3910,49.4333,12.4833,520
3911,49.1,11.8167,460
3912,49.15,11.6667,520
3913,49.0333,11.9,420
3914,49.05,11.9167,450
3915,49.05,11.8833,390
3916,49.05,11.7833,500
3917,49.05,11.85,520
3918,49.2167,11.7667,510
3919,49.0667,11.8833,400
3920,49.2833,11.6167,420
3921,49.1667,11.7167,550
3922,49.1167,11.7333,560
3923,49,12.2,330
3924,49.0333,12.2167,370
3925,49.0333,11.9833,350
3926,49,11.9167,500
3927,48.9667,12.0833,400
3928,49.0167,12.3,330
3929,49.0333,11.9667,420
3930,49.0167,11.9333,400
3931,49.0333,11.9333,470
3932,48.9667,12.1667,340
3933,49.0667,12.1,340
3934,49.0667,12.0167,430
3935,49.1667,12.1,360
3936,49.0667,12.45,570
3937,48.9167,12.4333,330
3938,48.8833,12.35,340
3939,49.0333,12.25,325
3940,48.9833,12.2,332
3941,49.15,12.2833,500
3942,48.9167,11.6833,400
3943,48.85,11.65,400
3944,48.9667,11.6833,360
3945,48.9,11.6167,400
3946,49.25,12.3167,370
3947,49.1,12.4833,570
3948,49.1167,12.3167,510
3949,49.2167,12.5167,360
3950,49.2,12.2667,350
3951,49.2667,12.5333,450
3952,49.2333,12.5,410
3953,49.2,12.1667,370
3954,49.1833,12.3833,370
3955,49.55,11.6833,450
3956,49.4667,11.6,500
3957,49.55,11.55,400
3958,49.45,11.6833,490
3959,49.5333,11.6833,420
3960,49.4167,11.65,540
3961,49.5667,11.7167,450
3962,49.8833,12.1,530
3963,49.95,12.2833,550
3964,49.95,12.25,510
3965,49.9833,12.45,550
3966,49.95,12.4667,620
3967,49.7833,12.3167,600
3968,49.8833,12.4333,560
3969,49.8,12.3,540
3970,49.8833,12.3333,500
3971,49.9833,12.0667,550
3972,50,12.3,480
3973,49.9,12.1833,550
3974,49.9167,12.3833,530
3975,49.5667,12.35,470
3976,49.5833,12.3667,490
3977,49.5667,12.3833,630
3978,49.6333,12.2667,450
3979,49.6667,12.3167,550
3980,49.7167,12.4333,670
3981,49.65,12.2667,520
3982,49.55,12.4167,630
3983,49.6167,12.35,570
3984,49.3167,12.75,420
3985,49.3667,12.5333,450
3986,49.4333,12.5833,530
3987,49.3833,12.7167,520
3988,49.9,10.9,260
3989,49.95,11.5667,340
3990,49.9667,11.5667,365
3991,50.2667,10.9667,300
3992,49.7167,11.0667,270
3993,50.3167,11.9167,500
3994,50.3167,11.8833,565
3995,50,12.0833,530
3996,50.3333,11.1167,340
3997,50.1667,12.1333,540
3998,49.85,11,280
3999,50.05,11.1667,490
4000,49.9667,10.8833,260
4001,49.8333,10.75,270
4002,49.9333,10.85,240
4003,49.85,10.5,340
4004,49.8167,10.8667,260
4005,50,11.1333,500
4006,49.9333,10.9167,250
4007,49.8167,11,250
4008,49.9167,11.0167,310
4009,49.9167,11.05,350
4010,49.9,11.0333,350
4011,49.8333,10.8,260
4012,49.9167,11,290
4013,49.7833,10.7,300
4014,49.8,10.9333,260
4015,49.8667,11,290
4016,49.7833,10.95,320
4017,49.9833,11.1667,450
4018,49.9667,11,280
4019,49.9333,10.7833,240
4020,49.9833,10.9,260
4021,50.0167,11.1833,480
4022,49.9333,11.6167,380
4023,50.05,11.6667,400
4024,49.9833,11.6167,360
4025,49.8667,11.7167,500
4026,50.0167,11.7167,530
4027,49.9833,11.8333,659
4028,49.9,11.55,450
4029,49.9667,11.5333,350
4030,49.9167,11.5167,410
4031,50,11.6833,460
4032,49.9167,11.3833,500
4033,50,11.6,370
4034,49.9,11.7167,420
4035,49.9,11.5833,380
4036,49.9,11.5667,440
4037,50,11.7833,630
4038,50.2167,11.0833,310
4039,50.3667,10.8,340
4040,50.3167,10.9,320
4041,50.3,11.0667,380
4042,50.2167,10.9833,290
4043,50.3167,10.9833,320
4044,50.3,11.0333,350
4045,50.2667,11.15,380
4046,50.2167,11.1333,330
4047,50.3333,11.1,340
4048,50.2,11.1833,320
4049,50.2167,11.15,290
4050,50.3,10.9167,310
4051,49.9,11.1667,480
4052,49.7833,11.1833,290
4053,49.8667,11.1667,400
4054,49.9333,11.2833,400
4055,49.95,11.1667,450
4056,49.85,11.2,410
4057,49.8167,11.2167,320
4058,49.75,11.1333,280
4059,49.7,11.2833,520
4060,49.6667,11.1,345
4061,49.7333,11.15,290
4062,49.7,10.7333,280
4063,49.6333,10.95,300
4064,49.5667,10.8833,300
4065,49.7,10.8167,270
4066,49.7,10.7667,280
4067,49.75,10.7167,290
4068,49.7667,10.9,310
4069,50.3167,12.0167,560
4070,50.2667,11.85,550
4071,50.2667,11.9333,480
4072,50.3833,11.8833,570
4073,50.25,11.5,620
4074,50.25,11.4,350
4075,50.25,11.3333,320
4076,50.2,11.2667,300
4077,50.4333,11.2833,480
4078,50.4833,11.4,460
4079,50.25,11.2,320
4080,50.3667,11.5167,590
4081,50.2833,11.55,550
4082,50.45,11.2667,660
4083,50.4,11.3833,610
4084,50.4,11.45,590
4085,50.2333,11.3667,320
4086,50.2667,11.4833,380
4087,49.9667,11.3833,450
4088,50.0333,11.3,470
4089,50.05,11.4,335
4090,50.0333,11.4167,360
4091,50.1,11.3833,300
4092,50.0833,11.35,330
4093,50.1,11.65,470
4094,50.1,11.55,390
4095,50.0167,11.55,350
4096,49.9667,11.3333,520
4097,50.05,11.4333,360
4098,50.1167,11.6167,370
4099,50.1333,11.25,300
4100,50.0167,11.25,480
4101,50.0333,11.1833,480
4102,50.1,11.1667,380
4103,50.0833,11.1833,400
4104,50.1667,11.0333,290
4105,50.15,11.0667,320
4106,50.1667,11.1167,270
4107,50.0667,11.2667,490
4108,50.1167,11.15,360
4109,50.05,11.15,490
4110,50.15,11.1333,290
4111,50.05,11.2167,460
4112,50.0833,11.2333,320
4113,50.2333,11.7167,620
4114,50.25,11.7,620
4115,50.2,11.7833,550
4116,50.15,11.7,550
4117,50.35,11.65,530
4118,50.3833,11.6167,610
4119,50.2667,11.6333,670
4120,50.3667,11.6,630
4121,50.2833,11.7333,610
4122,50.2833,11.6167,670
4123,50.3167,11.75,510
4124,50.3,11.6167,660
4125,49.7333,11.2833,500
4126,49.7667,11.55,440
4127,49.7667,11.35,440
4128,49.85,11.6,480
4129,49.7167,11.3833,580
4130,49.6667,11.4667,460
4131,49.7,11.5,450
4132,49.7667,11.55,420
4133,49.7833,11.4167,370
4134,49.8333,11.6833,420
4135,50.2167,11.9667,520
4136,50.2,12.0833,650
4137,50.1833,12.0833,600
4138,50.2,11.4667,410
4139,50.1833,11.4667,430
4140,50.2167,11.4333,390
4141,50.1667,11.5,350
4142,50.2167,11.5667,580
4143,50.0667,10.95,260
4144,50.1,10.9,300
4145,50.2333,10.8167,280
4146,50.0333,11,320
4147,50.1167,11.0167,260
4148,50.1,11,280
4149,50.0167,10.9333,240
4150,50.0667,12.1833,480
4151,50.15,11.9667,590
4152,50.1333,12,530
4153,50.0833,11.9833,560
4154,50.0333,11.9667,600
4155,50.0167,11.9667,560
4156,50.0167,11.95,600
4157,50.1,11.8833,620
4158,50.05,12,540
4159,49.3,10.5833,420
4160,48.9,11.1833,400
4161,49.6,11.0167,280
4162,49.5833,11,280
4163,49.45,11.0833,320
4164,49.3667,11.0833,330
4165,49.4333,11.0333,310
4166,49.3833,10.1833,420
4167,49.3333,11.0167,380
4168,49.0333,10.9667,420
4169,49.2833,10.8667,380
4170,49.4,10.5167,460
4171,49.3667,10.4833,420
4172,49.3333,10.8,400
4173,49.35,10.5167,410
4174,49.2833,10.6833,390
4175,49.2833,10.7833,440
4176,49.35,10.6,400
4177,49.25,10.8333,380
4178,49.1167,10.5,520
4179,49.1333,10.4833,460
4180,49.0667,10.3167,440
4181,49.0167,10.35,440
4182,49.0667,10.5667,450
4183,49.0333,10.6,420
4184,48.8333,11.2167,440
4185,48.9333,11.45,480
4186,48.9167,11.35,380
4187,48.8,11.2333,400
4188,48.9167,11.2,530
4189,49.6,11.05,290
4190,49.5833,11.2,340
4191,49.6,11.2167,320
4192,49.5667,10.9667,280
4193,49.5667,11.1833,400
4194,49.55,10.95,310
4195,49.5667,11.15,420
4196,49.55,10.95,300
4197,49.55,11.0333,300
4198,49.1667,10.3333,450
4199,49.2,10.65,440
4200,49.15,10.6667,420
4201,49.2667,10.4667,420
4202,49.2,10.1667,470
4203,49.2,10.65,440
4204,49.5,10.85,300
4205,49.5,10.8,310
4206,49.5167,11,290
4207,49.4167,10.7667,320
4208,49.5,10.8833,290
4209,49.45,10.9667,310
4210,49.15,10.8833,460
4211,49.1667,10.7167,420
4212,48.9333,10.7667,520
4213,49.5167,11.4167,340
4214,49.6167,11.5,410
4215,49.5167,11.4333,340
4216,49.4667,11.4,390
4217,49.25,11.2333,390
4218,49.25,11.1667,360
4219,49.2167,11.3,430
4220,49.05,11.3667,400
4221,49.1333,11.1333,410
4222,49.2,11.1833,380
4223,49.0167,11.1833,510
4224,49.1333,11.0833,440
4225,49.2,11.2833,420
4226,49.0833,11.2167,420
4227,49.0833,11.3,400
4228,49.6,10.6333,300
4229,49.55,10.7167,330
4230,49.5833,10.6,290
4231,49.45,10.6,330
4232,49.5833,10.5167,320
4233,49.4833,10.7167,320
4234,49.3833,11.3667,440
4235,49.3667,11.3167,440
4236,49.3667,11.2167,360
4237,49.3667,11.2667,380
4238,49.3167,11.3333,450
4239,49.4,11.4,450
4240,49.3833,10.3333,440
4241,49.2833,10.2667,500
4242,49.45,10.1167,320
4243,49.2667,10.15,420
4244,49.65,10.4167,310
4245,49.7333,10.6,300
4246,49.6833,10.3,290
4247,49.6833,10.5,360
4248,49.6667,10.4667,300
4249,49.2667,10.9333,370
4250,49.3667,11.1,350
4251,49.3667,10.95,380
4252,49.25,11.0833,340
4253,49.35,11.15,340
4254,49.55,10.4333,350
4255,49.6333,10.2333,280
4256,49.45,10.3167,350
4257,49.6,10.2,300
4258,49.5,10.4667,305
4259,49.55,10.4167,320
4260,49.55,10.2333,330
4261,49.5,10.4167,310
4262,48.95,10.9333,400
4263,48.9,10.9333,550
4264,48.9333,10.9833,410
4265,49.1167,10.9833,390
4266,49.0167,11.1167,560
4267,49,11.1667,560
4268,48.9,11,440
4269,49.0333,10.8667,410
4270,49.9833,9.15,120
4271,50.2,10.0667,200
4272,49.7333,10.1667,240
4273,50.05,10.2333,220
4274,50.0833,10.2333,300
4275,49.8,9.93333,220
4276,49.8,9.93333,200
4277,50.0833,9.06667,130
4278,50.0667,9.35,440
4279,50.05,9.31667,400
4280,50.0667,9.13333,170
4281,50.0667,9.15,200
4282,50.0833,9.13333,160
4283,50.0833,9.25,200
4284,49.9333,9.08333,140
4285,49.9667,9.21667,150
4286,50.0333,9.38333,280
4287,50,9.2,150
4288,50,9.06667,120
4289,50.0167,9.13333,240
4290,50.0167,9.26667,200
4291,49.9833,9.31667,200
4292,49.9,9.38333,460
4293,50.1667,10.0833,260
4294,50.2667,10,300
4295,50.2,10.05,260
4296,50.2833,10.2833,310
4297,50.25,10.2,240
4298,50.2333,10.1167,260
4299,50.2167,10.2333,260
4300,50.2333,9.98333,340
4301,50.3,10.0167,320
4302,50.1833,10.1,250
4303,50.1833,10.3333,280
4304,50.1667,10.1667,310
4305,50.2,10.3167,320
4306,50.3167,10.2167,240
4307,50.4,10.0167,450
4308,50.35,10,490
4309,50.3333,10.0333,370
4310,50.4167,10.15,360
4311,50.3333,10,440
4312,50.3167,9.8,330
4313,50.2833,9.7,280
4314,50.4,9.76667,420
4315,50.35,9.88333,450
4316,50.2833,9.8,410
4317,50.2833,9.91667,500
4318,50.25,9.73333,400
4319,50.1,10.8,270
4320,50.0833,10.7667,280
4321,50.1167,10.7833,270
4322,50.2,10.7667,310
4323,50.1667,10.8333,280
4324,50.05,10.7167,330
4325,50.0333,10.8333,270
4326,50.15,9.58333,240
4327,50.05,9.7,160
4328,50.0667,9.65,160
4329,50.0667,9.8,240
4330,50.1167,9.76667,180
4331,50.2,9.61667,210
4332,50.2167,9.61667,220
4333,50.1,9.65,180
4334,50.1,9.73333,170
4335,50.1,9.8,240
4336,49.8833,10.2333,260
4337,49.9,10.35,250
4338,49.8667,10.1833,190
4339,49.8833,10.1833,210
4340,49.95,10.2833,220
4341,49.8167,10.35,250
4342,49.95,10.4167,290
4343,49.8,10.35,250
4344,50.1667,10,230
4345,50.15,9.96667,200
4346,50.1,9.93333,210
4347,50.1167,9.9,180
4348,50.1333,9.95,200
4349,50.2,9.96667,260
4350,50.2,9.83333,410
4351,50.15,9.88333,200
4352,50.1833,9.78333,360
4353,50.1833,9.98333,290
4354,49.9667,10.6833,230
4355,49.9667,10.6667,250
4356,49.9833,10.6833,230
4357,50.0333,10.5,230
4358,50.0167,10.6,280
4359,50.0167,10.6667,330
4360,49.95,10.6,350
4361,50.0167,10.6,230
4362,49.9667,10.5667,270
4363,50,10.6167,240
4364,50.15,10.4333,290
4365,50.0667,10.6,300
4366,50.1667,10.5333,300
4367,50.2167,10.6333,340
4368,50.1333,10.5667,270
4369,50.1333,10.5333,260
4370,50.1333,10.4667,310
4371,50.0833,10.5667,360
4372,50.1833,10.4667,320
4373,50.1833,10.3667,290
4374,50.1667,10.6167,290
4375,49.9833,9.96667,220
4376,50,9.75,210
4377,49.9333,9.96667,310
4378,50.0167,9.88333,210
4379,49.9667,9.91667,210
4380,49.9,9.81667,190
4381,50.0167,10,240
4382,49.9,9.81667,170
4383,49.8,10.1,270
4384,49.8,10.1667,200
4385,49.7833,10.2833,210
4386,49.7167,10.2167,230
4387,49.6667,10.15,200
4388,49.7,10.1333,190
4389,49.8333,10.1667,230
4390,49.8667,10.1333,260
4391,49.85,10.1,290
4392,49.8,10.2333,190
4393,50.3,10.5667,310
4394,50.3,10.4667,280
4395,50.2667,10.5333,300
4396,50.25,10.5667,330
4397,50.3333,10.35,270
4398,50.0667,9.46667,250
4399,50.0667,9.65,200
4400,49.9833,9.56667,160
4401,50,9.41667,260
4402,50.1167,9.36667,390
4403,49.8667,9.5,400
4404,49.8167,9.63333,210
4405,49.85,9.6,150
4406,49.8333,9.46667,400
4407,49.7833,9.41667,140
4408,49.8167,9.55,240
4409,49.9,9.66667,270
4410,50.4,10.2,280
4411,50.4167,10.1667,310
4412,50.4,10.35,310
4413,50.4333,10.3,270
4414,50.4833,10.1833,340
4415,50.5333,10.15,440
4416,50.45,10.2333,300
4417,50.3833,10.4167,380
4418,50.4833,10.1167,490
4419,50.4167,10.3833,340
4420,50.45,10.2667,280
4421,49.65,9.21667,160
4422,49.75,9.16667,130
4423,49.7,9.25,130
4424,49.85,9.16667,120
4425,49.7833,9.18333,140
4426,49.8667,9.08333,150
4427,49.8333,9.13333,120
4428,49.7,10.0833,260
4429,49.65,9.95,300
4430,49.6833,10.0333,180
4431,49.6667,10.0667,190
4432,49.6,10,300
4433,49.5,9.93333,240
4434,49.7,10.0167,190
4435,50,10.1833,210
4436,49.95,10.0833,250
4437,50.0167,10.2833,230
4438,50.1167,10.3167,380
4439,50.1,10.1667,260
4440,50.0667,10.3,210
4441,50,10.05,270
4442,50.05,10.2833,237
4443,49.6833,9.91667,300
4444,49.9,10.05,270
4445,49.8833,10.0333,260
4446,49.7667,9.98333,240
4447,49.6833,9.9,325
4448,49.8667,9.9,280
4449,49.7833,9.86667,280
4450,49.7333,9.83333,370
4451,49.8167,9.98333,210
4452,49.7833,9.76667,250
4453,49.8333,9.86667,190
4454,48.3667,10.9,480
4455,48.5833,10.5,430
4456,48.45,10.2667,450
4457,47.8833,10.6167,680
4458,47.7333,10.3167,680
4459,47.9833,10.1833,600
4460,48.7333,11.1833,390
4461,48.85,10.5,430
4462,47.55,9.68333,400
4463,48.2833,10.7,530
4464,48.4333,10.8833,470
4465,48.3333,10.8667,490
4466,48.35,10.8333,500
4467,48.3667,10.85,480
4468,48.4,10.6,460
4469,48.55,10.3,440
4470,48.7167,10.6167,450
4471,48.6333,10.6167,410
4472,48.5667,10.4333,440
4473,48.5667,10.3167,450
4474,48.6,10.5167,420
4475,48.6167,10.4167,450
4476,48.7833,10.8333,530
4477,48.7167,10.7833,410
4478,48.6333,10.8167,420
4479,48.7833,10.6833,420
4480,48.8167,10.8333,500
4481,48.8333,10.85,490
4482,48.8167,10.9833,510
4483,48.8333,10.9167,480
4484,48.8667,10.7333,500
4485,48.4167,10.9667,480
4486,48.3333,11.0833,510
4487,48.35,10.9833,510
4488,48.2667,10.9833,525
4489,48.2167,10.9667,540
4490,48.4,10.9833,490
4491,47.6167,10.8,810
4492,47.5667,10.7,810
4493,47.6167,10.5,870
4494,47.5667,10.75,810
4495,48.4333,10.4167,460
4496,48.3333,10.45,500
4497,48.3833,10.5,500
4498,48.3667,10.3,480
4499,48.3167,10.4167,490
4500,48.45,10.2167,470
4501,48.4833,10.3667,450
4502,48.3333,10.3,490
4503,48.15,10.25,550
4504,48.25,10.0833,520
4505,48.2333,10.1833,540
4506,48.1667,10.1167,530
4507,48.2333,10.1,525
4508,48.2,10.1167,540
4509,48.15,10.1667,570
4510,48.2,10.1667,530
4511,47.9,10.5,770
4512,47.9333,10.8333,680
4513,47.9,10.7167,710
4514,48,10.7833,640
4515,47.8,10.2167,710
4516,47.7,10.2333,890
4517,47.7167,10.2333,900
4518,47.7167,10.2167,970
4519,47.7,10.35,710
4520,47.75,10.1333,760
4521,47.8,10.1,740
4522,47.75,10.3,680
4523,47.65,10.1333,790
4524,47.6667,10.2167,950
4525,47.6667,10.1,700
4526,47.75,10.1667,820
4527,47.7333,10.25,830
4528,48.25,10.3667,510
4529,48.3167,10.3833,490
4530,47.8833,10.5333,740
4531,47.85,10.35,760
4532,47.7,10.6,810
4533,47.7833,10.6167,740
4534,47.85,10.4167,740
4535,47.7833,10.75,840
4536,47.9,10.4167,700
4537,47.7667,10.5,770
4538,48.0833,10.2,580
4539,47.9667,10.15,610
4540,47.95,10.1667,620
4541,48.0667,10.15,565
4542,47.8667,10.2167,720
4543,48.0667,10.2833,580
4544,47.95,10.4,680
4545,47.9333,10.3,660
4546,48.1,10.15,560
4547,48.0167,10.25,680
4548,48,10.6,620
4549,48.1333,10.5833,640
4550,48.05,10.5,600
4551,48.1167,10.4667,560
4552,48.0667,10.65,600
4553,48.1167,10.55,580
4554,48.65,10.9667,420
4555,48.75,11.0167,400
4556,48.6833,11.4167,370
4557,48.7,10.95,400
4558,48.75,11.1833,400
4559,48.2833,10.2167,530
4560,48.3667,10.15,490
4561,48.3333,10.0667,500
4562,48.4667,10.1,460
4563,48.3,10.15,500
4564,48.3167,10.1,510
4565,49.0167,10.5833,440
4566,48.9833,10.45,480
4567,48.9833,10.5167,460
4568,48.8167,10.65,410
4569,48.7833,10.5333,450
4570,48.8,10.4833,460
4571,48.8,10.5333,438
4572,48.9333,10.5,450
4573,48.2667,10.8333,520
4574,48.1667,10.8333,560
4575,48.1833,10.6,560
4576,48.1833,10.6833,550
4577,48.1833,10.75,550
4578,47.4833,10.2833,750
4579,47.4667,10.1,990
4580,47.5333,10.2667,740
4581,47.5333,10.2833,750
4582,47.4667,10.2833,760
4583,47.4333,10.2833,770
4584,47.5667,10.2167,730
4585,47.6333,10.2333,720
4586,47.55,10.0333,790
4587,47.4,10.2833,810
4588,47.5167,10.2833,740
4589,47.55,10.1,740
4590,47.6,10.4167,910
4591,48.4833,10.6667,450
4592,48.5667,10.7333,430
4593,48.5667,10.6833,420
4594,48.5833,10.75,450
4595,47.6,9.9,760
4596,47.5833,9.61667,400
4597,47.6167,9.96667,660
4598,47.5833,9.85,800
4599,49.2333,6.98333,210
4600,49.1833,7.28333,310
4601,49.2833,7.21667,240
4602,49.3667,7.25,260
4603,49.1667,7.31667,240
4604,49.3167,7.28333,220
4605,49.4167,6.76667,250
4606,49.4167,6.6,250
4607,49.4667,6.7,220
4608,49.5,6.6,180
4609,49.5,6.36667,150
4610,49.5,6.43333,380
4611,49.4667,6.48333,380
4612,49.5333,6.38333,160
4613,49.4667,6.38333,230
4614,49.5,6.4,250
4615,49.4833,6.86667,250
4616,49.5333,6.86667,280
4617,49.5833,6.88333,330
4618,49.35,7.18333,280
4619,49.4167,7.16667,290
4620,49.3167,7.13333,320
4621,49.3,7.16667,250
4622,49.4667,6.93333,390
4623,49.4333,6.96667,260
4624,49.3833,7.03333,260
4625,49.4,7.03333,260
4626,49.3667,7.13333,300
4627,49.2167,6.88333,220
4628,49.2833,6.86667,323
4629,49.2,6.85,200
4630,49.2,7.03333,210
4631,49.3333,6.9,230
4632,49.1667,7.05,230
4633,49.2333,6.81667,220
4634,49.3167,7.05,260
4635,49.3,6.95,350
4636,49.3667,6.71667,180
4637,49.3167,6.81667,200
4638,49.3333,6.75,190
4639,49.35,6.81667,220
4640,49.25,6.7,210
4641,49.4167,6.91667,220
4642,49.4,6.81667,230
4643,49.4667,6.9,260
4644,49.4333,6.85,230
4645,49.35,6.6,210
4646,49.3667,6.66667,180
4647,49.25,6.76667,200
4648,49.2667,7.28333,220
4649,49.2167,7.25,220
4650,49.2333,7.26667,250
4651,49.2,7.11667,280
4652,49.15,7.21667,220
4653,49.25,7.15,255
4654,49.2167,7.21667,330
4655,49.2167,7.15,320
4656,49.4333,7.03333,290
4657,49.4667,7.16667,280
4658,49.5667,7.05,430
4659,49.55,7.25,460
4660,49.5667,7.11667,370
4661,49.5667,7.16667,400
4662,49.6,6.95,420
4663,49.5667,6.96667,350
4664,49.6,7,440
4665,49.5333,7.26667,340
4666,49.4333,7.08333,340
4667,52.4,13.3667,50
4668,52.45,13.4,45
4669,52.45,13.2833,50
4670,52.55,13.15,33
4671,52.4667,13.3333,41
4672,52.65,13.2833,48
4673,52.5833,13.4833,50
4674,52.4667,13.5,40
4675,52.55,13.4833,45
4676,52.6167,13.4333,50
4677,52.4333,13.55,35
4678,52.5,13.5333,50
4679,52.5,13.4667,35
4680,52.3833,13.6167,45
4681,52.4833,13.5167,34
4682,52.6333,13.5,65
4683,52.55,13.45,50
4684,52.5333,13.45,50
4685,52.5833,13.5,50
4686,52.4333,12.5,30
4687,51.7833,14.3167,70
4688,52.15,14.6667,45
4689,52.3667,14.5333,50
4690,52.35,14.5333,50
4691,52.3833,13.05,35
4692,52.3833,13.0667,80
4693,52.4333,13.0333,40
4694,52.4,13.05,40
4695,52.3833,13.1,35
4696,52.45,13.0167,35
4697,53.0333,14,50
4698,53.0167,14,50
4699,53.0167,14,50
4700,53.2167,14.2167,25
4701,53.0833,14.05,20
4702,53.2167,14.3833,10
4703,52.9667,14.0833,35
4704,53.2333,14.3333,45
4705,53.15,14.2,15
4706,53.25,14.25,30
4707,53.25,14.4333,25
4708,53.15,14.1167,15
4709,53.0167,14.15,40
4710,53.1,13.8833,75
4711,53.2833,14.3333,25
4712,53.25,14.1667,55
4713,53.1833,14.0333,65
4714,52.7333,14.2167,5
4715,52.8,13.9667,10
4716,52.7,14.0333,110
4717,52.8833,14.15,15
4718,52.6667,14.1,60
4719,52.8,14.1667,5
4720,52.75,14.2667,5
4721,52.7333,14.1833,5
4722,52.8167,14.0667,5
4723,52.6833,13.8333,90
4724,52.6833,13.85,90
4725,51.5167,13.4,90
4726,51.4667,13.5333,90
4727,51.5333,13.6167,105
4728,51.5333,13.6333,105
4729,51.4,13.6167,95
4730,51.5,13.55,120
4731,51.45,13.3667,90
4732,51.4,13.5333,95
4733,51.4333,13.2167,135
4734,51.4667,13.2833,90
4735,51.45,13.4,90
4736,52.1667,14.25,45
4737,52.1667,14.2667,45
4738,52.25,13.9,37
4739,52.1667,13.9167,75
4740,51.9833,14.3167,58
4741,52.2167,14.1167,100
4742,52.2667,14.1667,10
4743,52.25,13.95,40
4744,52.0833,14.1667,50
4745,52.2167,14,50
4746,52.1333,12.6,95
4747,52.15,12.5833,95
4748,52.2,12.7667,45
4749,52.1667,12.7333,50
4750,52.2,12.65,50
4751,52.0167,12.5333,145
4752,52.0667,12.3833,140
4753,52.0833,12.6833,75
4754,52.1167,12.3667,140
4755,52.1167,12.3833,140
4756,52.1333,12.45,160
4757,52.1167,12.4667,187
4758,52.1167,12.45,170
4759,52.6833,13.6167,75
4760,52.6167,13.6,75
4761,52.6667,13.6333,85
4762,52.95,13.4833,50
4763,52.7667,13.5667,65
4764,52.7333,13.5833,55
4765,52.6333,13.7333,75
4766,52.65,13.5667,70
4767,52.4833,12.45,30
4768,52.2833,12.3833,50
4769,52.2833,12.6,35
4770,52.3167,12.75,35
4771,52.35,12.6833,30
4772,52.5167,12.7,35
4773,52.5167,12.7167,35
4774,52.2667,12.45,50
4775,52.3167,12.3167,50
4776,51.8,13.9667,80
4777,51.7167,13.8667,95
4778,51.6167,14.1,110
4779,51.8167,14.1,55
4780,51.8167,14.05,55
4781,51.8333,14.15,55
4782,51.6667,14.2167,85
4783,51.7167,14.4167,75
4784,51.75,14.15,65
4785,51.8667,14.4167,60
4786,51.8833,14.4167,60
4787,52.9167,13.7167,50
4788,52.9,13.7167,50
4789,52.8333,13.8333,40
4790,52.8167,13.8167,35
4791,52.8333,13.8167,40
4792,53.0333,13.7,85
4793,52.9667,13.7667,75
4794,52.9833,13.75,75
4795,52.7833,13.7,60
4797,52.9333,14.0333,65
4798,52.7833,13.8333,70
4799,52.1333,14.5,100
4800,52.25,14.5833,55
4801,52.2667,14.5833,55
4802,52.1333,14.5833,110
4803,52.25,14.4167,40
4804,52.0833,14.65,80
4805,52.1833,14.5833,75
4806,52.0667,14.75,35
4807,52.0833,14.55,115
4808,51.6333,13.5667,95
4809,51.6333,13.5833,95
4810,51.6333,13.7167,110
4811,51.6333,13.8667,120
4812,51.6,13.7833,125
4813,51.5667,13.55,95
4814,51.5833,13.8167,135
4815,51.6833,13.65,105
4816,51.5333,13.6667,110
4817,51.7167,13.6333,100
4818,51.6167,14.6167,140
4820,51.8,14.5167,65
4821,51.6833,14.7167,90
4822,51.7333,14.5833,80
4823,51.8167,14.5167,65
4824,51.6167,14.7167,130
4825,52.4333,14.0333,65
4826,52.35,14.15,40
4827,52.3667,13.8,35
4828,52.35,14.2833,40
4829,52.4167,13.75,35
4830,52.4333,13.85,20
4831,52.4167,13.8,35
4832,52.4333,14.2167,65
4833,52.4,13.8833,35
4834,52.3167,14.35,80
4835,52.3333,14.0333,50
4836,52.2833,14.0833,50
4837,52.2833,14.0667,50
4838,52.4667,13.6833,40
4839,53.2333,13.1667,60
4840,53,13.25,55
4841,52.9,13.3,50
4842,53.2,13.15,55
4843,53,13.1667,55
4844,52.9,13.15,50
4845,52.9667,13.1,60
4846,53.0333,13.05,70
4847,53.0333,13.4,50
4848,52.9833,13.35,45
4849,53.1,13.1,80
4850,51.9667,14.6333,50
4851,51.8833,14.65,55
4852,51.9667,14.5667,65
4853,51.95,14.7,55
4854,51.95,14.6833,55
4855,51.7667,13.2667,85
4856,51.5833,13.2333,85
4857,51.65,13.2167,85
4858,51.7,13.2333,80
4859,51.7667,13.4833,135
4860,51.7833,13.45,135
4861,51.8167,13.35,85
4862,51.8,13.4167,110
4863,51.6167,13.15,85
4864,51.6167,13.1333,85
4865,51.7167,13.3833,90
4866,51.8167,13.2333,80
4867,51.8167,13.25,80
4868,52.0833,12.95,60
4869,52,12.9,113
4870,52,13.0667,70
4871,52,13.0667,70
4872,51.9167,13.0833,91
4873,51.9833,13.1667,80
4874,51.9167,13.2333,105
4875,51.9,13.2333,105
4876,51.9667,13.25,140
4877,52.1,12.8667,65
4878,51.9,13.0667,90
4879,52.2833,13.75,40
4880,52.3,13.8,35
4881,52.4167,13.45,40
4882,52.05,13.6833,45
4883,52.3,13.6333,35
4884,52.2333,13.6667,45
4885,52.2167,13.7833,40
4886,52.2667,13.6333,40
4887,52.35,13.6333,40
4888,52.9833,12.3,55
4889,52.8,12.3667,30
4890,52.9833,12.25,75
4891,52.9333,12.4167,40
4892,52.9833,12.1167,45
4893,52.85,12.35,30
4894,51.9,14.2,60
4895,52.1,13.9167,45
4896,51.9333,13.8667,55
4897,52.0167,13.8667,57
4898,51.9833,14.2,55
4899,51.9167,13.85,55
4900,51.9333,14.0833,55
4901,51.9167,14.1,53
4902,52.0333,13.9,45
4903,51.8667,13.4333,85
4904,51.9167,13.6167,60
4905,51.9,13.4833,80
4906,51.9667,13.6,58
4907,51.8167,13.5333,135
4908,51.8333,13.6333,85
4909,51.8333,13.3333,85
4910,51.7833,13.6167,115
4911,51.8167,13.6,140
4912,52.0667,13.2333,55
4913,52.2,13.2,40
4914,52.1,13.1833,50
4915,52.15,13.05,45
4916,51.9333,13.3167,110
4917,51.9833,13.3667,145
4918,52.2167,13.2333,40
4919,52.1167,13.2,40
4920,52.1167,13.0333,50
4921,52.6,13,30
4922,52.5667,13.0833,30
4923,52.75,12.5833,30
4924,52.4667,12.85,30
4925,52.6167,12.8833,40
4926,52.6,12.8833,40
4927,52.6333,13.05,35
4928,52.65,12.6167,30
4929,52.65,13.1,35
4930,52.7667,12.7667,40
4931,53.0333,12.9833,60
4932,52.8167,12.7833,35
4933,52.8167,12.7667,35
4934,52.7167,12.7833,30
4935,53.0667,12.7333,95
4936,53.1333,12.8167,65
4937,52.9833,12.6667,55
4938,52.9667,12.9833,40
4939,53.1833,12.8167,65
4940,53.1833,12.8333,65
4941,52.85,12.6833,50
4942,52.9,12.8167,40
4943,52.9333,12.8333,45
4944,53.0833,12.9,75
4945,53.0833,12.9167,55
4946,52.8833,12.9833,40
4947,52.9667,12.7667,55
4948,52.8333,12.9833,40
4949,52.8833,12.6167,40
4950,53.15,12.8833,60
4951,52.7,13.1167,55
4952,52.6333,13.3333,50
4953,52.7333,13.0167,50
4954,52.6333,13.2,35
4955,52.6833,13.2667,50
4956,52.7667,13.05,35
4957,52.75,13.2833,35
4958,52.8667,13.3833,45
4959,52.6333,13.2333,35
4960,52.7,13.1667,35
4961,53.15,11.9167,55
4962,53.0333,11.6667,20
4963,53.2,11.7667,30
4964,52.9667,12.0833,50
4965,53,11.8167,25
4966,53.2333,11.6667,35
4967,52.9833,12.0667,40
4968,53.2,11.5833,35
4969,53.0167,11.8,25
4970,53.0333,11.8,25
4971,53,11.7667,20
4972,53,12.15,45
4973,52.4333,12.9167,45
4974,52.2333,12.9833,40
4975,52.3833,12.7667,55
4976,52.2833,12.8833,70
4977,52.3667,12.9833,35
4978,52.4,13.2,50
4979,52.2833,13.0333,50
4980,52.3833,13.2667,50
4981,52.5,13.1333,45
4982,52.25,13.0833,40
4983,52.4,13.2667,40
4984,52.3667,12.95,200
4985,52.2833,13.0667,40
4986,53.3667,13.7667,50
4987,53.2167,14.0167,65
4988,53.2167,14,65
4989,53.3167,13.9333,55
4990,53.3167,13.9,40
4991,53.1,12.3167,65
4992,53.25,12.2,100
4993,53.0333,12.0833,60
4994,53.3167,12.2333,81
4995,53.3167,12.25,81
4996,53.25,12.05,55
4997,53.2833,12.2833,115
4998,53.3167,12.1333,65
4999,53.0667,12.0833,80
5000,53.1667,12.3167,105
5001,52.5667,12.6167,30
5002,52.65,12.45,35
5003,52.6333,12.3167,70
5004,52.6,12.2333,35
5005,52.7333,12.2333,25
5006,52.6833,12.3333,30
5007,52.6667,12.3333,30
5008,52.65,12.3333,30
5009,52.75,12.5,30
5011,52.5333,12.3167,30
5012,52.6167,12.3333,30
5013,52.75,12.35,30
5014,52.6333,12.4667,40
5015,52.4333,14.45,55
5016,52.6167,14.5,10
5017,52.7,14.4167,10
5018,52.7,14.4,10
5019,52.45,14.55,50
5020,52.65,14.3667,10
5021,52.55,14.55,10
5022,52.5,14.5833,15
5023,52.5333,14.3833,55
5024,51.5,14.0667,105
5025,51.5833,14.0167,115
5026,51.4,14.0167,135
5027,51.5333,13.8333,150
5028,51.3833,13.8,110
5029,51.4833,13.75,95
5030,51.4667,13.9833,100
5031,51.45,13.9833,100
5032,51.45,13.8833,100
5033,51.45,13.8667,100
5034,51.5667,14.4833,140
5035,51.6,14.45,115
5036,51.5167,14.35,115
5037,51.5667,14.3833,130
5038,52.5833,14.05,75
5039,52.55,13.7833,60
5040,52.5167,13.65,60
5041,52.5167,13.85,60
5042,52.5667,14.1833,60
5043,52.5167,14.1167,60
5044,52.5667,13.8833,80
5045,52.5667,13.9,80
5046,53.2667,13.6,80
5047,53.2167,13.8,40
5048,53.2167,13.3333,70
5049,53.2167,13.3167,70
5050,53.0833,13.6,60
5051,53.25,13.3,80
5052,53.05,13.45,55
5053,53.05,13.4667,55
5054,53.0667,12.55,50
5055,53.1167,12.6167,75
5056,53.1167,12.6,75
5057,53.0667,12.4833,60
5058,53.1667,12.4833,65
5059,52.05,13.5167,55
5060,52.0667,13.5,55
5061,52.2,13.3333,40
5062,52.3167,13.3167,40
5063,52.25,13.3833,60
5064,52.2667,13.1833,35
5065,52.35,13.45,40
5066,52.0833,13.4167,50
5067,52.0333,13.5833,70
5068,52.1833,13.4167,40
5069,52.2333,13.4333,40
5070,52.15,13.3667,45
5071,52.15,13.4833,45
5072,52.2333,12.4333,75
5073,54.1,13.3833,5
5074,54.1,13.45,1
5075,54.1,13.4,5
5076,54.0833,12.1167,20
5077,54.0833,12.15,20
5078,54.1333,12.0667,5
5079,54.1667,12.0333,15
5080,54.1833,12.0833,5
5081,54.0667,12.1,35
5082,54.0833,12.1333,20
5083,54.1167,12.0833,5
5084,53.5833,11.4167,45
5085,53.65,11.3667,55
5086,53.65,11.3833,60
5087,53.6333,11.4333,45
5088,53.6,11.4833,40
5089,53.65,11.35,55
5090,53.6333,11.4167,25
5091,53.9,11.4667,25
5092,53.9,11.45,25
5093,53.8833,11.4333,25
5094,53.7667,13.1,90
5095,53.75,13.1167,95
5096,53.6833,13.25,20
5097,53.6833,13.0167,70
5098,53.7167,13.15,70
5099,53.7833,13.2833,40
5100,53.75,13.2833,40
5101,53.85,13.7,6
5102,53.8333,13.7667,5
5103,53.7667,13.7833,10
5104,53.7167,13.7167,10
5105,53.75,13.6167,15
5106,53.7833,13.5333,20
5107,53.7833,13.5167,20
5108,53.8833,13.6,15
5109,54.1,11.9,15
5110,54.1,11.9167,15
5111,54,11.9833,25
5112,54.1,11.7667,105
5113,54.1,11.6167,15
5114,54.05,11.8667,85
5115,53.7667,11.9833,55
5116,53.7667,11.9667,55
5117,53.85,11.8,80
5118,53.8833,11.8333,80
5119,53.8167,11.9333,5
5120,53.9167,12.15,35
5121,53.9333,12.1,5
5122,53.85,11.95,20
5123,53.85,11.9333,20
5124,53.9333,13.3,40
5125,53.9,13.05,20
5126,53.9333,13.0833,10
5127,53.85,12.95,30
5128,53.8667,13.15,25
5129,53.9167,13.25,10
5130,53.6,11.1167,50
5131,53.7667,11.0333,60
5132,53.7,11.1333,30
5133,53.65,11.0667,60
5134,53.65,11.1833,60
5135,53.7167,10.85,30
5136,54.05,13.3,35
5137,54.0667,13.5667,10
5138,54.1333,13.6167,10
5139,54.0667,13.1833,20
5140,54.1667,13.3333,5
5141,54.1,13.7,10
5142,54.1167,13.6167,30
5143,53.9833,13.55,35
5144,53.9833,11.2333,5
5145,53.9,10.9833,15
5146,53.8667,11.1833,30
5147,54,11.0167,5
5148,53.9833,11.0167,5
5149,53.85,10.9333,15
5150,54.1167,13.1,10
5151,54.2167,13.0667,25
5152,54.0667,12.8833,15
5153,54.1167,13.0667,15
5154,54.1167,13.0333,15
5155,54.0833,13.1667,10
5156,54.0833,12.9667,20
5157,53.8667,12.4,40
5158,53.8167,12.0667,15
5159,53.7833,12.2,10
5160,53.7833,12.2167,10
5161,53.9333,12.35,20
5162,53.9,12.3833,35
5163,53.75,12.3833,35
5164,53.8167,12.4167,40
5165,53.6833,12.4333,80
5166,53.7333,12.4333,55
5167,53.75,12.05,15
5168,53.6667,12.15,45
5169,53.95,12.3833,23
5170,53.7833,12.4,35
5171,53.4,10.6833,45
5172,53.3833,10.7333,45
5173,53.3833,10.7167,45
5174,53.3167,10.9167,15
5175,53.5333,11.1167,40
5176,53.3333,11.2667,30
5177,53.25,10.8833,10
5178,53.4333,11.2,25
5179,53.4333,11.1833,25
5180,53.2667,11.0833,13
5181,53.5,10.95,25
5182,53.3833,11.0833,20
5183,53.5833,10.9667,45
5184,53.3,11.1,15
5185,53.3,11.0833,15
5186,53.4667,11.05,45
5187,53.35,11.35,40
5188,53.4167,11.1,40
5189,53.25,10.9667,10
5190,53.35,10.8,10
5191,53.3667,10.85,15
5192,53.1833,11.1,15
5193,53.4,10.9667,25
5194,53.4667,11.1,60
5195,53.55,10.9167,40
5196,53.55,10.8667,35
5197,53.3667,11.6667,40
5198,53.2833,11.55,30
5199,53.2667,11.3167,20
5200,53.3333,11.5167,30
5201,53.3167,11.5,35
5202,53.3333,11.5,30
5203,53.3833,11.45,25
5204,53.4167,11.5833,35
5205,53.2,11.5333,35
5206,53.4,12.2167,100
5207,53.6,12.1,55
5208,53.6,12.1167,55
5209,53.6,12.0833,55
5210,53.4167,12.1333,65
5211,53.5,12.1667,55
5212,53.4667,12.0333,50
5213,53.45,12.2667,75
5214,53.9,12.8667,15
5215,53.9,12.85,15
5216,53.8833,12.8,35
5217,53.7167,12.9667,50
5218,53.5,13.3167,65
5219,53.45,13.2167,65
5220,53.55,13.2,81
5221,53.5667,13.2667,15
5222,53.35,13.45,90
5223,53.3667,13.3167,95
5224,53.4333,13.1,75
5225,53.2667,12.8167,65
5226,53.2667,12.8333,65
5227,53.35,13.0833,65
5228,53.35,12.7167,65
5229,53.3167,12.7667,70
5230,53.5333,11.75,45
5231,53.3167,11.9333,80
5232,53.4333,11.85,45
5233,53.4,11.7167,60
5234,53.4667,14.3167,35
5235,53.5167,14.25,15
5236,53.5167,13.95,30
5237,53.3,14.2333,30
5238,53.2833,14.0667,40
5239,54.3667,12.4167,5
5240,54.3333,12.7167,20
5241,54.3167,12.75,10
5242,54.3667,12.7333,20
5243,54.3833,12.5333,2
5244,54.3,12.3667,2
5245,54.2833,12.3667,2
5246,54.15,12.5833,35
5247,54.15,12.5667,35
5248,54.25,12.45,10
5249,54.25,12.4333,10
5250,54.2167,12.6833,25
5251,54.1833,12.6667,25
5252,54.35,12.4,5
5253,54.4333,12.7,1
5254,53.4,12.4833,75
5255,53.3167,12.4333,75
5256,53.3,12.6667,65
5257,53.3833,12.6,70
5258,54.1667,12.35,35
5259,54.0167,12.2333,40
5260,54.25,12.2333,5
5261,54.2667,12.2667,5
5262,54.0667,12.3167,35
5263,54.0667,12.3333,35
5264,54.15,12.2167,15
5265,54.0833,12.4,45
5266,54.0833,12.3833,45
5267,54.0333,12.4667,10
5268,54.6333,13.3667,10
5269,54.6333,13.35,10
5270,54.4,13.6167,15
5271,54.3,13.6833,5
5272,54.35,13.75,54
5273,54.5833,13.1167,25
5274,54.5667,13.6333,125
5275,54.35,13.4833,25
5276,54.35,13.4667,25
5277,54.6833,13.4333,40
5278,54.3667,13.3,5
5279,54.35,13.3,5
5280,54.5167,13.65,30
5281,54.3667,13.3333,10
5282,54.3833,13.65,15
5283,54.4333,13.2167,2
5284,53.75,11.35,50
5285,53.5833,11.65,45
5286,53.6,11.35,50
5287,53.7333,11.5,40
5288,53.5667,11.4833,65
5289,53.5,11.4333,45
5290,53.75,11.65,40
5291,53.6833,11.6333,20
5292,53.7167,11.8333,15
5293,53.8,11.7167,30
5295,54.1333,12.8,15
5296,54.1833,12.9,10
5297,54.1833,12.8833,10
5298,54.2,12.8167,20
5299,54.1,12.7667,5
5300,54.25,12.85,10
5301,53.4,13.5333,120
5302,53.55,13.8333,55
5303,53.5333,13.55,85
5304,53.5167,13.65,130
5305,53.4833,13.45,105
5306,53.45,13.4667,105
5307,53.4667,13.6167,110
5308,53.4667,13.5833,110
5309,53.4667,13.5667,110
5310,53.7167,12.6167,15
5311,53.6833,12.6,20
5312,53.8,12.5333,60
5313,53.9333,12.7833,40
5314,53.9667,12.7167,15
5315,53.9667,12.7667,20
5316,53.75,12.5,50
5317,53.7333,12.5667,60
5318,53.9833,12.6,15
5319,53.6667,12.5167,25
5320,53.6667,12.6167,15
5321,53.7833,12.5833,20
5322,53.7667,12.6167,45
5323,53.7833,12.6167,50
5324,53.7667,12.5833,35
5325,53.9667,12.55,35
5326,53.95,12.55,35
5327,53.7,13.8333,10
5328,53.6667,13.8833,10
5329,53.7,14.1667,5
5330,53.6,13.8333,20
5331,53.6,13.8167,20
5332,53.6333,14,10
5333,53.75,14.0667,1
5334,53.7167,13.7833,10
5335,53.4833,12.6333,70
5336,53.4833,12.6167,70
5337,53.5667,12.9167,70
5338,53.5,13.0833,50
5339,53.5167,13.0833,75
5340,53.5833,12.85,40
5341,53.5167,12.6667,70
5342,53.5167,12.6833,70
5343,53.8833,11.3333,50
5344,53.8667,11.3333,60
5345,53.9,11.35,40
5346,53.7833,11.5167,50
5347,54,11.4833,5
5348,53.9333,11.3833,5
5349,53.9333,14.1,5
5350,53.9167,13.8667,5
5351,53.9667,14.15,5
5352,54.05,14,5
5353,54.1167,13.75,5
5354,53.9333,14.0333,5
5355,53.95,13.9167,5
5356,54.0167,14.0333,15
5357,53.8667,13.9333,5
5358,53.8667,13.8333,2
5359,53.8667,13.9167,5
5360,54.05,13.7833,8
5361,53.9833,13.75,15
5362,54,13.7667,10
5363,54.0833,13.9167,2
5364,50.8,12.8667,418
5365,50.85,12.9167,325
5366,50.8167,12.9,330
5367,50.7833,12.9167,375
5368,51.0167,13.7667,135
5369,51.0167,13.8167,115
5370,51.0667,13.7833,150
5371,51.0667,13.7,110
5372,51.1167,13.7833,190
5373,51.0167,13.8667,120
5374,51,13.8,160
5375,51.05,13.8,115
5376,51.0167,13.8833,113
5377,51.1667,14.95,225
5378,51.1333,14.95,230
5379,51.3167,12.3167,110
5380,51.3167,12.4167,135
5381,51.35,12.3333,115
5382,51.35,12.4,115
5383,51.3833,12.3667,123
5384,51.35,12.3667,115
5385,51.4,12.4,120
5386,50.5,12.15,375
5387,50.5167,12.1667,360
5388,50.7,12.4833,340
5389,50.55,13,630
5390,50.5667,12.8667,640
5391,50.5833,12.9833,600
5392,50.5167,13.1,780
5393,50.6167,13.0167,560
5394,50.4167,12.9667,925
5395,50.4333,12.95,1200
5396,50.6,12.7167,391
5397,50.6,12.7167,450
5398,50.5833,12.7667,550
5399,50.5333,12.6833,575
5400,50.4333,12.6,850
5401,50.4833,12.6,650
5402,50.5333,12.5667,595
5403,50.5833,12.6333,500
5404,50.5,12.5167,660
5405,50.5333,12.5333,625
5406,50.55,12.65,550
5407,50.6167,12.8167,550
5408,50.4833,12.2833,470
5409,50.4833,12.3667,550
5410,50.45,12.3667,675
5411,50.4333,12.3167,600
5412,50.5,12.4667,650
5413,50.5333,12.3,440
5414,51.1833,14.4333,190
5415,51.25,14.4667,201
5416,51.1167,14.45,250
5417,51.2667,14.3333,150
5418,51.15,14.6333,260
5419,51.2667,14.5,150
5420,51.0333,14.4333,370
5421,51.05,14.3833,340
5422,51.1667,14.1833,250
5423,51.1333,14.25,290
5424,51.15,14.0333,280
5425,51.1,14.3,320
5426,51.15,14.1333,320
5427,51.1,12.3167,150
5428,51.0833,12.4333,155
5429,51.2,12.4167,135
5430,50.7333,13.5,580
5431,50.8,13.5333,600
5432,50.8,13.3167,525
5433,50.8,13.4167,490
5434,50.7,13.4333,650
5435,50.75,12.8833,485
5436,50.85,12.7333,345
5437,50.8667,12.7,310
5438,50.9167,12.8167,320
5439,50.9333,12.8167,290
5440,50.7333,12.9167,450
5441,50.7667,13,425
5442,50.7667,12.8833,375
5443,50.9,13,290
5444,50.8833,12.8833,335
5445,51.45,12.2333,130
5446,51.5167,12.5,100
5447,51.4333,12.3667,115
5448,51.4667,12.2667,110
5449,50.75,13.75,760
5450,50.9,13.6667,375
5451,50.8833,13.6667,375
5452,50.7333,12.9833,440
5453,50.7667,13.8,650
5454,50.7667,13.7833,823
5455,50.9333,13.5833,385
5456,50.7333,13.75,875
5457,51.1167,13.1167,210
5458,51.0833,12.9833,280
5459,51.1667,12.9333,185
5460,51.1167,13.1833,220
5461,51.0667,13,280
5462,51.2,13.7167,155
5463,51.1167,13.7167,200
5464,51.1833,13.8333,180
5465,51.1167,13.9,250
5466,51.1167,13.6833,235
5467,51.0833,13.7,150
5468,51.2167,13.7333,150
5469,51.05,13.9167,300
5470,51.6,12.5833,90
5471,51.45,12.65,115
5472,51.5333,12.8,95
5473,51.5333,12.5833,100
5474,50.7667,13.15,430
5475,50.7667,13.1833,450
5476,50.8167,13.0833,380
5477,50.9,13.2333,400
5478,50.8667,13.0167,300
5479,50.85,13.1667,400
5480,50.85,13.1833,420
5482,50.9,13.35,420
5483,50.9333,13.3333,420
5484,50.9667,13.3,355
5485,50.8667,13.4667,450
5486,50.8667,13.3333,455
5487,50.9833,13.7333,275
5488,50.9833,13.6833,275
5489,51,13.6667,230
5490,50.9833,13.5333,345
5491,50.9,13.55,430
5492,50.95,13.65,320
5493,50.9667,13.7333,290
5494,51.0333,13.55,280
5495,51.0167,12.6,225
5496,50.9667,12.6667,240
5497,51.1333,12.65,170
5498,51.1,12.6167,170
5499,51.0833,12.6833,215
5500,50.8167,12.5667,270
5501,50.8667,12.45,260
5502,50.85,12.6,280
5503,50.8667,12.6167,260
5504,50.8,12.5333,270
5505,50.9,13.6667,275
5506,51.2,14.7,205
5507,51.2667,15.0333,180
5508,51.0333,14.8667,280
5509,51.0333,14.95,210
5510,51.1333,14.8,244
5511,51.1167,12.8,190
5512,51.2333,12.7333,160
5513,51.2,12.75,150
5514,51.2667,12.6333,145
5515,51.2667,12.6,130
5516,51.2667,12.7833,140
5517,51.2833,12.75,130
5518,51.1333,12.8,200
5519,51.2833,13.5167,125
5520,51.2167,13.8,170
5521,51.35,13.7333,155
5522,51.35,13.55,110
5523,51.25,13.5,150
5524,51.2833,13.7,135
5525,51.35,13.5167,105
5526,50.9833,12.9833,280
5527,50.8333,12.6833,350
5528,50.7333,12.65,400
5529,51.4333,14.2167,135
5530,51.4667,14.0667,115
5531,51.5,14.45,110
5532,51.4333,14.15,120
5533,51.3333,14.3833,130
5534,51.3167,13.9667,165
5535,51.2167,13.9167,200
5536,51.2833,14.0667,200
5537,51.25,13.9,185
5538,51.1833,14.15,255
5539,51.2,14.1333,230
5540,50.3167,12.3667,600
5541,50.3,12.3333,540
5542,50.3833,12.3333,690
5543,51.3,12.2333,125
5544,51.4,12.4833,120
5545,51.4167,12.2333,131
5546,51.4,12.2333,125
5547,51.3667,12.5,125
5548,51.05,14.8333,250
5549,50.9833,14.6667,390
5550,50.9833,14.8,310
5551,51.0167,14.75,320
5552,51.0167,14.7333,340
5553,51.1667,14.7,190
5554,51.1,14.6667,260
5555,51.0333,14.5333,350
5556,51.0333,14.7333,350
5557,51.1,14.5,280
5558,50.6333,13.2667,625
5559,50.7333,13.3333,620
5560,50.7333,13.2667,500
5561,50.6833,13.1667,600
5562,50.65,13.15,639
5563,50.65,13.3333,510
5564,50.7,13.35,560
5565,50.6167,13.2167,625
5566,50.7167,13.2167,460
5567,50.7333,13.2167,455
5568,50.5333,13.2,835
5569,50.6333,13.4333,675
5570,51.2,13.4167,130
5571,51.2333,13.4167,130
5572,51.1333,13.3833,220
5573,51.1833,13.3167,165
5574,51.15,13.45,175
5575,51.1833,13.55,140
5576,51.0667,13.2667,245
5577,51.05,13.2833,250
5578,51.2167,13.3667,140
5579,51.1833,13.3667,135
5580,51.15,13.3667,200
5581,51.1,13.5167,220
5582,51.0833,13.5833,200
5583,51.3,14.6667,145
5584,51.35,14.6,130
5585,51.25,14.8833,180
5586,51.2833,14.85,165
5587,51.3333,14.9833,150
5588,50.3333,12.2333,485
5589,50.2167,12.3167,580
5590,50.2333,12.3,650
5591,50.2833,12.2333,520
5592,50.4,12.2,450
5593,50.25,12.3,550
5594,51.3,13.0167,314
5595,51.35,13,150
5596,51.35,13.1667,145
5597,51.2333,13.1333,180
5598,51.2667,12.9667,185
5599,51.3,13.1,150
5600,50.9833,13.8667,115
5601,50.9,14.1167,260
5602,50.8333,13.95,400
5603,50.9833,13.95,170
5604,50.9667,13.9333,150
5605,50.9167,13.9333,185
5606,50.9667,14.05,205
5607,50.9167,13.8667,240
5608,50.4333,12.0333,450
5609,50.5667,12.15,360
5610,50.4333,11.95,550
5611,50.4667,11.95,600
5612,50.4833,11.9833,470
5613,50.5333,11.9667,510
5614,50.6,12.2667,375
5615,51.25,13.3333,125
5616,51.3,13.3,110
5617,51.3,13.25,145
5618,51.05,12.9,280
5619,50.95,12.7667,240
5620,50.9667,12.7667,225
5621,51.0333,12.8,180
5622,51.0333,12.8167,200
5623,51.05,12.9667,280
5624,50.4833,12.7667,700
5625,50.5333,12.7833,500
5626,50.4167,12.7333,780
5627,50.5333,12.8667,600
5628,50.4667,12.8,700
5629,50.4333,12.9,920
5630,50.9333,14.2167,320
5631,51.0167,14.2167,250
5632,51.0667,14.2167,385
5633,50.9667,14.25,350
5634,51.05,14.0833,280
5635,50.7,12.9333,550
5636,50.7333,12.85,420
5637,50.7,12.7167,450
5638,50.7,12.7833,470
5639,50.7,12.7667,470
5640,50.6667,12.7833,525
5641,50.7,12.85,480
5642,51.4833,13.1333,100
5643,51.65,12.8833,80
5644,51.4667,12.9333,125
5645,51.5833,13,85
5646,51.5833,13,85
5647,51.45,14.9667,135
5648,51.5333,14.6333,135
5649,51.4333,14.6,130
5650,51.4,14.7833,145
5651,51.5333,14.5667,145
5652,51.5,14.7333,125
5653,51.4667,14.75,130
5654,51.4667,14.7333,130
5655,51.5,14.65,170
5656,50.7,12.35,320
5657,50.7333,12.3833,320
5658,51.3333,12.6,140
5659,51.3333,12.6167,150
5660,51.35,12.85,155
5661,51.35,11.6333,145
5662,51.4333,12.6833,105
5663,51.3667,12.7333,120
5664,50.85,14.7,450
5665,50.95,14.7333,340
5666,50.8833,14.7833,280
5667,50.9333,14.6167,390
5668,50.9,14.8167,240
5669,50.6667,13.1,550
5670,50.7333,13.0333,450
5671,50.7833,13.0833,400
5672,50.5667,12.5833,480
5673,50.6,12.25,450
5674,50.6333,12.5333,380
5675,50.7833,12.4833,270
5676,50.65,12.5667,350
5677,50.6833,12.55,320
5678,51.5167,11.95,110
5679,51.4833,12,110
5680,51.4833,11.9833,110
5681,51.4667,12,100
5682,51.4667,12.05,95
5683,51.5,11.9333,110
5684,52.1167,11.5833,80
5685,52.0667,11.6667,65
5686,52.1,11.5833,80
5687,51.7667,11.4333,145
5688,51.7667,11.45,145
5689,51.8167,11.2833,115
5690,51.7667,11.5667,120
5691,51.9,11.2833,190
5692,51.8833,11.2833,190
5693,51.7333,11.5,115
5694,51.7333,11.5333,110
5695,51.7167,11.3,190
5696,51.8167,11.35,120
5697,51.8333,11.4,120
5698,51.7167,11.6833,65
5699,51.7,11.65,125
5700,51.8167,11.7,75
5701,51.7667,11.7667,80
5702,51.75,11.85,80
5703,51.85,11.8167,65
5704,51.7667,11.7,70
5705,51.6667,11.7833,90
5706,51.6833,11.7833,90
5707,51.7167,11.7667,65
5708,51.85,11.7,65
5709,51.6333,12.3167,75
5710,51.65,12.3667,85
5711,51.6333,12.0667,80
5712,51.7167,12.3,70
5713,51.7,12.3,70
5714,51.6,12.1167,85
5715,51.7167,12.1833,85
5716,51.6667,12.2833,100
5717,52.2833,11.8167,50
5718,52.2,12.2,75
5719,52.2167,12.2,75
5720,52.2167,12.1667,80
5721,52.2167,11.9833,60
5722,52.0667,11.8333,55
5723,52.2667,11.9833,62
5724,52.1833,12.05,75
5725,52.15,11.9667,60
5726,52.2167,11.8,65
5727,52.2167,11.8167,65
5728,52.2,11.8,65
5729,52.1333,11.8333,60
5730,52.2667,11.7667,40
5731,52.1833,11.9,75
5732,51.55,11.4,330
5733,51.55,11.4167,330
5734,51.5667,11.4833,240
5735,51.4833,11.5333,280
5736,51.5833,11.65,190
5737,51.5833,11.6667,190
5738,51.5167,11.55,150
5739,51.5333,11.55,150
5740,51.4833,11.6333,140
5741,51.5333,11.7,180
5742,51.6,11.55,215
5743,51.5167,11.6,120
5744,52.5167,11.4,45
5745,52.4667,11.3167,60
5746,52.6,11.5333,45
5747,52.5167,11.2333,60
5748,52.6167,11.3,55
5749,52.6833,11.4333,35
5750,52.6667,11.3833,30
5751,52.65,11.4,30
5752,52.3833,12.1667,35
5753,52.35,11.9833,40
5754,52.3167,12,55
5755,52.3167,12.0167,55
5756,52.5,12.0333,20
5757,52.4833,12.2333,30
5758,52.35,12.1,35
5759,51.6667,12.45,100
5760,51.8167,12.4,65
5761,51.8,12.4,65
5762,51.75,12.5167,110
5763,51.7667,12.6,85
5764,51.6833,12.55,150
5765,51.8167,12.55,65
5766,51.7833,12.3167,65
5767,51.7667,12.3167,65
5768,51.65,12.5833,115
5769,51.6333,12.5833,115
5770,51.7167,12.4,85
5771,52.0333,11,105
5772,51.95,10.7667,134
5773,51.9833,10.8333,200
5774,52.0333,10.9,100
5775,51.9833,11.05,120
5776,51.9,11.0167,120
5777,51.9,11.0167,130
5778,51.8667,11.1,115
5779,51.9667,10.9167,200
5780,51.8667,10.9667,175
5781,51.9667,10.7167,150
5782,52.0167,10.8333,95
5783,51.9167,10.95,160
5784,52.2333,11.4333,100
5785,52.25,11.0833,125
5786,52.35,11.15,130
5787,52.3333,11.15,130
5788,52.3833,11.4667,75
5789,52.2167,11.2,140
5790,52.4,11.1667,80
5791,52.35,11.1667,100
5792,52.2833,11.4167,55
5793,52.2,11.3333,130
5794,52.2833,11.0667,110
5795,52.8333,12.0833,40
5796,52.6167,12.0333,30
5797,52.75,12.1,25
5798,52.6833,12.2167,30
5799,52.5333,12.15,30
5800,51.65,11.5167,190
5801,51.65,11.5333,190
5802,51.6833,11.5667,165
5803,51.6833,11.4167,220
5804,51.7,11.4333,170
5805,51.1667,12.1333,160
5806,51.15,12.1167,160
5807,51.1167,12.0333,180
5808,51.7333,13.0333,75
5809,51.7333,13.05,75
5810,51.85,12.9,75
5811,51.75,12.95,75
5812,51.7833,12.9667,72
5813,51.6667,12.9667,75
5814,51.7,13,75
5815,51.9333,12.8833,100
5816,51.6667,12.9333,75
5817,51.8,13.0167,90
5818,51.8833,12.9,80
5819,52.4833,11.0333,57
5820,52.6833,10.9,90
5821,52.6333,11.1667,70
5822,52.6167,11.1667,70
5823,52.5333,11.1333,60
5824,52.5667,11.0333,65
5825,52.5667,11.0167,65
5826,52.5833,11.1,65
5827,52.4333,10.9833,65
5828,52.6333,11.0833,47
5829,52.6833,11.0333,50
5830,51.85,12.05,55
5831,51.7,11.9833,90
5832,51.8167,12.1167,55
5833,51.8,12.05,70
5834,51.6667,12,80
5835,51.6833,11.8667,80
5836,51.7833,11.8833,75
5837,51.75,11.9667,80
5838,51.7167,12.05,80
5839,51.7333,12.0667,80
5840,51.8167,11.9333,65
5841,51.3833,12.1667,110
5842,51.3167,12.1167,105
5843,51.3167,12.1167,105
5844,51.4,11.8833,120
5845,51.35,11.9667,105
5846,51.3667,12,105
5847,51.3,11.8,160
5848,51.4,12.0833,90
5849,51.2667,11.9,140
5850,51.4,11.9833,85
5851,51.1833,11.65,285
5852,51.1167,11.55,210
5853,51.1833,11.7833,110
5854,51.1333,11.7333,185
5855,51.1333,11.7167,185
5856,51.15,11.7167,220
5857,51.1667,11.6833,200
5858,51.15,11.8,125
5859,51.15,11.8167,125
5860,51.15,11.8333,125
5861,51.1,11.7833,260
5862,51.1,11.7167,200
5863,51.1167,11.4833,180
5864,51.0833,11.8167,225
5865,51.2667,11.7667,205
5866,51.2,11.5833,225
5867,51.25,11.65,130
5868,51.2333,11.6833,125
5869,51.2167,11.4167,320
5870,51.2833,11.4667,130
5871,51.2333,11.8167,160
5872,52.0833,11.1167,115
5873,51.95,11.2167,90
5874,51.9333,11.2167,90
5875,52.0167,11.2167,90
5876,52.1333,11.1,130
5877,52.0667,11.0167,85
5878,52.0167,11.1333,85
5879,52.8167,11.9667,25
5880,52.8333,11.6333,30
5881,52.7833,11.7333,30
5882,52.7667,11.5667,30
5883,52.9667,11.55,20
5884,52.95,11.55,20
5885,52.9333,11.6167,20
5886,52.8333,11.5,35
5887,52.75,11.9333,30
5888,52.7167,11.95,30
5889,52.7667,11.8833,25
5890,52.7167,11.8333,30
5891,52.8667,11.8833,25
5892,52.7667,11.7333,30
5893,52.9,11.75,20
5894,52.8667,11.9833,25
5895,51.6833,10.9667,450
5896,51.7167,11.2333,220
5897,51.6833,11.0333,540
5898,51.7,11.05,540
5899,51.7,11.0333,540
5900,51.65,11,410
5901,51.65,11.1333,400
5902,51.65,11.15,400
5903,51.6333,11.1333,400
5904,51.6167,11.1167,435
5905,51.6,11.1167,433
5906,51.7833,11.15,120
5907,51.7833,11.1333,120
5908,51.7333,11.1667,190
5909,51.7333,11.1667,190
5910,51.6167,11.2167,370
5911,51.4,11.55,230
5912,51.3833,11.6,130
5913,51.3167,11.55,165
5914,51.8833,12.5167,80
5915,51.9667,12.35,95
5916,51.5667,12.05,110
5917,51.5667,11.8667,135
5918,51.4333,11.9,90
5919,51.5333,12.1667,105
5920,51.55,12.1,100
5921,51.5,12.05,95
5922,51.6,11.9667,120
5923,51.5667,11.95,100
5924,51.45,11.7833,120
5925,51.45,11.8,110
5926,51.5833,11.8167,105
5927,52.8667,10.9833,35
5928,52.85,11.3833,30
5929,52.8167,10.85,70
5930,52.75,10.8667,75
5931,52.75,10.8833,75
5932,52.7833,11.1,35
5933,52.8,11.3333,40
5934,52.8667,11.2833,25
5935,52.85,11.15,25
5936,52.85,11.1667,25
5937,52.8333,11.15,25
5938,52.75,11.4667,35
5939,51.4,11.3833,135
5940,51.6167,10.95,470
5941,51.5333,11.05,430
5942,51.5,11.4,220
5943,51.5667,11.0833,435
5944,51.4833,11.45,235
5945,51.5333,11.1833,390
5946,51.4333,11.05,160
5947,51.45,11.25,130
5948,51.5,11.1167,270
5949,51.5,11.3667,200
5950,51.5333,10.95,215
5951,51.4833,11.3167,160
5952,51.4667,11.3,160
5953,51.5833,10.9667,320
5954,51.5833,10.95,320
5955,51.4333,11.15,170
5956,51.4833,10.9833,180
5957,51.9667,11.65,100
5958,51.9,11.7167,70
5959,52,11.8333,50
5960,51.9,11.6,85
5961,51.95,11.4333,80
5962,51.8833,11.4833,80
5963,51.9167,11.3667,100
5964,51.85,11.5333,80
5965,51.85,11.65,70
5966,51.95,11.5,75
5967,52.6667,11.9833,50
5968,52.6167,11.7333,45
5969,52.6167,11.8667,35
5970,52.6167,11.85,35
5971,52.55,11.9667,40
5972,52.55,11.9833,40
5973,52.5333,11.6,65
5974,52.5333,11.6667,55
5975,52.3667,11.7667,40
5976,52.3833,11.9,45
5977,52.4333,11.8167,35
5978,52.4333,11.8,35
5979,52.4667,11.8833,35
5980,52,11.5667,85
5981,52.0333,11.6167,65
5982,52.1,11.2333,170
5983,51.9833,11.3,80
5984,52.0833,11.3667,120
5985,52.0667,11.3667,120
5986,52.0333,11.5333,90
5987,52.2,11.15,125
5988,52.1333,11.2,150
5989,51.1333,11.9333,200
5990,51.2667,12.05,105
5991,51.1833,11.9167,110
5992,51.25,12.15,120
5993,51.2333,11.8833,180
5994,51.2,11.9,100
5995,51.2167,11.9667,125
5996,51.6833,10.7167,520
5997,51.6667,10.7167,520
5998,51.8167,11.0333,160
5999,51.7667,10.8,500
6000,51.7,10.85,460
6001,51.7,10.8667,460
6002,51.9,10.85,180
6003,51.8667,10.6833,260
6004,51.8667,10.6667,260
6005,51.7667,10.85,415
6006,51.7667,10.65,600
6007,51.8,11.6167,1142
6008,51.6833,10.6833,560
6009,51.65,10.9333,520
6010,51.9,10.7333,185
6011,51.85,10.7667,240
6012,51.7833,12.6333,70
6013,51.7667,12.6333,70
6014,51.85,12.6333,65
6015,51.7167,12.8,80
6016,51.6833,12.7333,95
6017,51.75,12.7667,70
6018,51.8833,12.65,70
6019,51.8667,12.6,75
6020,51.9167,12.7833,90
6021,52.2,11.6167,50
6022,52.2667,11.5333,50
6023,52.2833,11.6833,50
6024,52.3833,11.6833,60
6025,51,12.0833,270
6026,51.05,12.0167,250
6027,51.0167,12.1833,260
6028,50.9667,12.1333,300
6029,51.0833,11.9333,260
6030,51.05,12.1333,160
6031,51.0667,12.15,160
6032,52.0333,11.8833,50
6033,52.0333,12.3,100
6034,52.0667,11.95,100
6035,52.1,12.0833,75
6036,51.9,12.0333,60
6037,51.9667,11.9333,60
6038,51.9667,12.1,70
6039,50.6667,12.5167,330
6040,50.9833,10.9667,315
6041,50.9833,11,255
6042,50.9833,11.0333,215
6043,50.95,11,215
6044,50.8833,12.0833,200
6045,50.8833,12.1333,310
6046,50.9167,12.0667,220
6047,50.8333,12.1,220
6048,50.9167,12.0333,185
6049,50.8833,11.6167,150
6050,50.9333,11.5833,180
6052,50.6,10.7,425
6053,50.6167,10.7,450
6054,50.6167,10.7167,450
6055,50.9667,11.35,255
6056,50.9833,11.3167,265
6057,50.9833,11.3333,235
6058,50.9833,12.4333,210
6059,51,12.4333,200
6060,50.9833,12.45,205
6061,51.1,12.3333,155
6062,51.0167,12.3667,200
6063,51.05,12.45,165
6064,51.05,12.35,180
6065,50.95,12.6,250
6066,51.0333,11.5167,180
6067,51.0833,11.6333,135
6068,50.8333,10.95,280
6069,50.8333,11.0667,355
6070,50.7833,10.7833,480
6071,50.75,10.8167,420
6072,50.75,10.95,450
6073,50.8167,10.9,400
6074,50.8333,11.1833,380
6075,50.7833,11.0833,350
6076,50.8833,10.9,265
6077,51.3833,11.3,165
6078,51.3833,11.3167,130
6079,51.3667,11.3,140
6080,51.3667,11.3,130
6081,51.35,11.1833,150
6082,51.2667,11.1833,130
6083,51.35,11.1,140
6084,51.3167,11.05,200
6085,51.35,11.3667,125
6086,51.3,11.2167,153
6087,51.3,11.1667,130
6088,51.3167,11.3833,130
6089,51.4,11.0167,200
6090,51.4,11.0833,380
6091,51.4,11.0667,380
6092,50.7333,9.96667,290
6093,50.7167,10.1167,370
6094,50.7667,10.0833,450
6095,50.7833,10.2833,310
6096,50.6333,10.15,485
6097,50.65,10.15,450
6098,50.7,10,355
6099,50.8333,10.35,315
6100,50.8167,10.3667,350
6101,50.8167,10.2167,270
6102,50.8167,10.2333,240
6103,50.6667,9.91667,380
6104,50.7833,10.1333,290
6105,50.8333,10.3667,480
6106,50.7,10.1667,395
6107,50.7833,10.0667,410
6108,51.05,10.25,200
6109,51.1167,10.2667,200
6110,50.9667,10.0833,215
6111,50.9667,10.0667,215
6112,51.1333,10.3333,280
6113,50.9,10.3667,470
6114,51.1333,10.25,195
6115,50.9333,10.2667,280
6116,50.95,11.75,250
6117,50.95,11.7667,250
6118,50.95,11.7833,250
6119,50.9667,13.1333,325
6120,50.9667,11.9833,200
6121,51,11.7667,330
6122,51.1,11.05,160
6123,50.95,10.9167,290
6124,51.1167,10.95,150
6125,51.0667,10.8333,240
6126,51.05,10.8333,200
6127,50.9167,10.9333,235
6128,51.05,11.0167,175
6129,51.1,11.15,170
6130,51.05,11.1333,175
6131,51,11.15,215
6132,50.8,12.2333,315
6133,50.8,12.2167,310
6134,50.9333,12.0167,200
6135,50.85,11.9667,260
6136,50.85,11.95,260
6137,50.7833,12.0667,250
6138,50.7667,12.0667,250
6139,51.0333,10.7167,260
6140,51.0167,10.7167,270
6141,50.8333,10.5833,505
6142,50.8667,10.5667,400
6143,50.8667,10.8167,290
6144,50.8667,10.8333,290
6145,50.8333,10.7333,370
6146,50.8333,10.75,380
6147,50.9833,10.6833,270
6148,50.8,10.6167,470
6149,50.8167,10.5833,500
6150,50.9,10.5833,380
6151,50.75,12.1667,235
6152,50.6,12.1667,320
6153,50.6667,12.1833,320
6154,50.6167,12.1333,380
6155,50.7,12.1667,350
6156,50.7167,12.25,345
6157,51.3833,9.96667,220
6158,51.3167,10.1667,350
6159,51.4,10.2167,270
6160,51.3333,9.95,320
6161,51.35,9.95,360
6162,51.3,10.1,380
6163,51.2667,10.1667,250
6164,51.3167,10.2,430
6165,51.2333,10.15,215
6166,51.4167,10.1667,265
6167,51.4,10.15,320
6168,51.3833,10.15,280
6169,51.4333,10.1167,300
6170,51.3333,10.2167,450
6171,51.35,10.0667,300
6172,51.3167,10.1,490
6173,51.3833,10.1,250
6174,51.2833,10.1167,340
6175,51.4,10.05,280
6176,51.3667,10.0667,230
6177,51.3667,10.0833,250
6178,50.4333,10.9167,430
6179,50.3667,10.6,320
6180,50.25,10.6833,300
6181,50.25,10.7,300
6182,50.4167,10.7833,385
6183,50.5,10.9333,650
6184,50.4333,10.7333,375
6185,50.4167,10.7333,360
6186,50.4667,10.85,460
6187,50.3833,10.6167,254
6188,50.5167,10.85,600
6189,50.5,10.6167,330
6190,50.4667,10.6,485
6191,50.2667,10.8167,285
6192,50.7,10.8667,520
6193,50.5833,10.8667,760
6194,50.5833,11,670
6195,50.6833,10.9167,505
6196,50.7333,10.8833,430
6197,50.6167,10.8167,710
6198,50.6,10.8167,720
6199,50.8,11.55,240
6200,51.05,11.7,135
6201,51.0167,11.6667,300
6202,51.0167,11.6833,300
6203,50.8333,11.4167,420
6204,50.8,11.5333,250
6205,50.8167,11.5167,240
6206,50.9667,11.5167,325
6207,50.9667,11.5333,325
6208,50.8,11.5833,180
6209,50.7833,11.5333,280
6210,51.0667,11.7333,165
6211,51.1,10.65,190
6212,51.2,10.6333,240
6213,51.0667,10.5,435
6214,51.1667,10.6333,186
6215,51.1167,10.8333,155
6216,51.1833,10.7,240
6217,51.1833,10.7167,240
6218,51.15,10.75,225
6219,51.0167,10.5167,290
6220,50.4,11.7,480
6221,50.4833,11.6667,520
6222,50.3833,11.5333,630
6223,50.4833,11.45,640
6224,50.45,11.65,515
6225,50.45,11.7,450
6226,50.4333,11.6,600
6227,50.5333,11.6333,485
6228,50.5167,11.5833,550
6229,50.5,11.4833,550
6230,50.4667,11.5333,560
6231,50.4167,10.4167,340
6232,50.5333,10.5,310
6233,50.55,10.2833,380
6234,50.5333,10.05,740
6235,50.5667,10.3833,450
6236,50.55,10.0667,760
6237,50.4167,10.55,325
6238,50.5667,10.2333,500
6239,50.5,10.35,410
6240,50.5667,10.4167,315
6241,50.5167,10.4333,305
6242,50.45,10.3667,365
6243,50.45,10.3833,360
6244,50.6,10.3,440
6245,50.5333,10.4167,290
6246,50.6667,10.3667,270
6247,51.2167,10.3167,480
6248,51.1667,10.3333,370
6249,51.2167,10.6333,275
6250,51.3333,10.45,450
6251,51.2667,10.4833,350
6252,51.1167,10.4333,270
6253,51.15,10.4167,235
6254,51.25,10.4,260
6255,51.25,10.4333,260
6256,51.2167,10.2333,340
6257,51.2,10.4667,230
6258,51.2667,10.5167,375
6259,50.5667,11.0667,420
6260,50.55,11.05,500
6261,50.4667,11.1667,620
6262,50.5,11.3167,635
6263,50.6,11.1,450
6264,50.6,11.1333,380
6265,50.5,11.1333,845
6266,50.5,11.15,820
6267,50.5833,11.15,630
6268,50.5,11.2167,700
6269,50.5667,11.25,720
6270,50.5,11.0667,620
6271,50.5333,11.2167,720
6272,50.5333,11.2333,760
6273,50.4667,11.05,785
6274,50.5,11.25,670
6275,51.4833,10.8333,170
6276,51.5833,10.6667,270
6277,51.5,10.7,195
6278,51.5,10.6833,195
6279,51.55,10.8167,224
6280,51.55,10.8833,320
6281,51.5833,10.7833,250
6282,51.6333,10.7833,530
6283,51.4667,10.5167,300
6284,51.5833,10.8667,480
6285,51.4333,11.7333,240
6286,51.5167,10.7667,200
6287,51.5,10.7833,180
6288,51.55,10.9167,265
6289,51.5333,10.9167,240
6290,51.4667,10.8,175
6291,51.4833,10.9,190
6292,51.45,10.8333,170
6293,51.5667,10.7333,220
6294,51.55,10.7167,220
6295,50.7167,11.5,300
6296,50.6167,11.6,450
6297,50.75,11.5833,185
6298,50.7333,11.75,315
6299,50.7167,11.65,240
6300,50.6667,11.65,470
6301,50.7,11.6,250
6302,50.6833,11.2667,225
6303,50.6167,11.2333,415
6304,50.6667,11.1,390
6305,50.7667,10.2333,315
6306,50.65,11.1833,275
6307,50.65,11.2,275
6308,50.7833,11.3167,340
6309,50.75,11.4667,200
6310,50.6667,11.3,400
6311,50.75,11.5,200
6312,50.6167,11.4,240
6313,50.5833,11.5833,530
6314,50.6333,11.4833,430
6315,50.65,11.4833,340
6316,50.7,11.4,280
6317,50.6833,11.45,315
6318,50.5667,11.4333,335
6319,50.5667,11.4667,295
6320,50.5333,11.3833,360
6322,50.6667,11.3833,260
6323,50.6667,11.3667,220
6324,50.5833,11.3667,320
6325,50.4333,11.8667,560
6326,50.6333,11.8667,400
6327,50.6333,11.8833,400
6328,50.5333,11.7167,410
6329,50.6,11.8167,450
6330,50.6333,11.7667,470
6331,50.45,11.9167,560
6332,50.4833,11.8333,550
6333,50.5667,11.8,500
6334,50.5833,11.8167,460
6335,50.4167,11.8167,440
6336,50.6167,11.7333,500
6337,50.6167,11.65,315
6338,50.75,10.35,255
6339,50.75,10.3333,255
6340,50.85,10.4667,910
6341,50.85,10.4833,730
6342,50.8333,10.4333,600
6343,50.85,10.45,560
6344,50.8167,10.4333,580
6345,50.75,10.4833,365
6346,50.7,10.2167,375
6347,50.7,10.5333,480
6348,50.7167,10.4333,300
6349,50.7,10.4833,400
6350,50.7,10.3667,260
6351,50.7,10.5667,500
6352,50.7833,10.4,315
6353,50.7833,10.4167,315
6354,50.8833,12.3667,110
6355,51.1167,11.4167,180
6356,51.1333,11.4167,180
6357,51.1833,10.95,180
6358,51.1167,11.3333,170
6359,51.15,11.2833,160
6360,51.2167,11.0833,140
6361,51.15,11.2,140
6362,51.1833,11.4167,200
6363,51.1667,11.4167,200
6364,51.1667,11.1333,140
6365,51.1667,11,150
6366,51.1667,10.9833,150
6367,51.2333,10.95,165
6368,51.3667,10.7,400
6369,51.4,10.8,235
6370,51.3,10.7667,275
6371,51.2833,11.0167,320
6372,51.3,11.0167,270
6373,51.2333,10.85,280
6374,51.3667,10.8333,225
6375,51.3667,10.8667,240
6376,50.3167,11.2167,360
6377,50.3667,11.2833,450
6378,50.4333,11.2333,720
6379,50.3,11.2333,330
6380,50.3167,11.25,400
6381,50.35,11.0667,490
6382,50.3833,11.1833,625
6383,50.45,11.15,495
6384,50.4333,11.1667,600
6385,50.8333,11.7167,215
6386,50.85,11.6667,250
6387,50.8833,11.85,340
6388,50.9167,11.8667,330
6389,50.8333,11.8,320
6390,50.8333,11.8333,240
6391,50.8667,11.7333,210
6392,50.8333,11.75,215
6393,50.6167,10.6667,500
6394,50.6,10.5,460
6395,50.5667,10.7167,520
6396,50.65,10.6,400
6397,50.65,10.7667,935
6398,50.6833,10.8,700
6399,50.6167,10.5,460
6400,50.5833,10.5,330
6401,50.5167,10.7667,385
6402,50.65,10.6667,530
6403,50.6667,10.6667,530
6404,50.9,11.2833,285
6405,51.05,11.25,320
6406,51.0667,11.3333,220
6407,50.95,11.3,350
6408,50.9667,11.4833,320
6409,50.85,11.4333,425
6410,50.8667,11.2,300
6411,50.85,11.2,300
6412,50.8333,11.35,430
6413,50.9167,11.45,280
6414,50.9,11.45,280
6415,50.9167,11.3833,350
6416,51.0167,11.2167,250
6417,51.0667,11.4,260
6418,50.85,11.3667,365
6419,50.8667,11.25,295
6420,50.85,11.25,295
6421,50.95,11.3833,235
6422,50.9833,11.2667,290
6423,50.9833,11.4333,260
6424,51.4,10.4833,263
6425,51.3667,10.35,320
6426,51.3167,10.3167,345
6427,51.2333,10.25,460
6428,51.4,10.4167,285
6429,51.4833,10.4833,270
6430,51.5,10.4,350
6431,51.35,10.3333,350
6432,51.35,10.3833,350
6433,51.2833,10.2833,435
6434,51.4,10.3167,355
6435,51.3833,10.3167,355
6436,51.35,10.4333,350
6437,51.4333,10.35,330
6438,51.4167,10.35,330
6439,50.7167,11.8833,400
6440,50.5667,12.05,480
6441,50.7,11.9833,400
6442,50.6667,12.0333,410
6443,50.65,11.9,395
6444,50.6167,12.05,450
6445,50.65,11.9833,430
6446,48.2167,14.4167,225
6447,47.4,13.9333,1005
6448,47.2167,12.1667,1009
6449,46.8667,15.9,303
6450,47.7833,13.2333,787
6451,48.6833,14.8833,580
6452,47.9667,13.1,508
6453,47.4333,13.9,766
6454,47.65,15.8333,825
6455,47.4,12.65,1022
6456,47.3667,12.6833,1022
6457,48.2333,16.35,155
6458,48.3833,15.15,810
6459,48.2333,16.35,198
6460,47.6,14.75,492
6461,47.0333,15.4833,435
6462,48.0667,15.8,600
6463,47.9833,13.25,542
6464,47.1333,9.83333,567
6465,48.3667,15.15,810
6466,47.2167,9.65,478
6467,46.5833,14.1833,530
6468,46.5833,14.2833,498
6469,48.2,15.35,240
6470,47.85,16.5333,184
6471,46.8333,13.4333,580
6472,47.1667,15.4833,725
6473,47.55,13.3333,714
6474,47.3,12.7833,753
6475,47.25,16.0167,429
6476,46.6167,13.6833,907
6477,48.05,15.2,297
6478,47.7,16,415
6479,47.3167,12.7833,766
6480,46.8,13.5667,719
6481,48.4333,15.1167,911
6482,48.0833,13.8667,360
6483,47.25,10.0833,1263
6484,48.3167,13.85,370
6485,48.2333,16.35,202
6486,47.1333,10.9333,1041
6487,46.7167,14.1,556
6488,48.25,16.45,161
6489,48.6167,16.9,155
6490,47.75,16.5,160
6491,47.2167,13,945
6492,47.25,10.1833,1475
6493,47.2167,12.9833,941
6494,46.7,13.6833,748
6495,46.7833,13.4833,559
6496,46.7667,13.5333,524
6497,46.75,12.4333,1075
6498,47.6833,14.6167,513
6499,48.25,16.4,163
6500,47.7267,13.415,545
6501,47.6,16.6167,192
6502,47.5667,12.15,492
6503,47.7833,15.3,872
6504,46.4833,14.5833,623
6505,47.2,9.7,519
6506,47.2667,14.7667,855
6507,47.5167,12.1167,594
6508,47.5,15.4333,567
6509,47.2667,14.7833,855
6510,47.0333,12.8333,1242
6511,47.1333,10.5667,818
6512,47.1333,10.5667,785
6513,47.3833,13.45,845
6514,48.0167,16,397
6515,46.8333,14.1833,705
6516,47.2167,16.0833,400
6517,48.5667,15.7167,302
6518,48.3,14.6333,542
6519,46.7333,13.7667,750
6520,47.5333,14.1333,640
6521,47.25,12.2667,854
6522,46.6333,14.55,437
6523,47.3833,13.4167,854
6524,46.6333,14.5333,453
6525,47.45,12.25,830
6526,48.25,16.45,161
6527,47.4167,13.35,963
6528,47.45,16.65,198
6529,48.5167,15.7833,346
6530,48.3167,14.8167,595
6531,47.5,14.1,710
6532,47.4833,14.0833,702
6533,48.3333,13.3667,350
6534,47.1,13.65,1094
6535,48.1833,14.7,244
6536,47.3,11.0667,634
6537,47.0833,13.6167,1049
6538,48.1667,15.9333,501
6539,47.25,15.4,926
6540,46.6333,13.15,646
6541,46.85,12.85,1190
6542,46.7167,14.4167,1023
6543,48.2167,13.4833,435
6544,47.5,9.75,436
6545,48.3667,14.8,686
6546,47.1167,13.8,1025
6547,47.9,15.9667,429
6548,47.3,9.66667,809
6549,47,12.5333,975
6550,46.9833,16.2667,243
6551,47.4,9.7,410
6552,47.55,16.0833,498
6553,47.15,13.7333,1153
6554,47.95,13.5667,501
6555,47.8167,16.0333,932
6556,47,12.45,1198
6557,48.1333,16.4667,163
6558,48.7333,15.25,500
6559,47.5167,9.86667,1020
6560,48.7333,15.25,504
6561,48.55,16.3667,457
6562,48.0167,16.85,167
6563,47.3667,9.7,411
6564,48.6833,15.3667,596
6565,48.0167,16.85,167
6566,47.7333,14.2833,594
6567,48.4,16.7,189
6568,48.3333,15.3333,860
6569,47.1,15.7,375
6570,48.6167,15.2,506
6571,48.4833,16.65,196
6572,47.0833,9.85,670
6573,46.7333,15.1167,928
6574,47.5333,14.1,645
6575,47.5167,16.1333,579
6576,47.3833,11.75,530
6577,46.7833,13.7,685
6578,48.3,16.6833,163
6579,47.1333,13.6833,1122
6580,47.45,9.83333,721
6581,48.8667,15.1333,560
6582,48.3,14.2833,263
6583,47.6333,13.6167,506
6584,47.0833,9.91667,1083
6585,46.7167,15.2667,394
6586,48.1833,16.7333,149
6587,47.8833,15.4,840
6588,47.2833,12.9667,750
6589,47.4,16.25,615
6590,48.75,15.95,256
6591,47,14.4167,650
6592,48.5667,13.9833,602
6593,47.25,10.3333,1100
6594,47.2167,15.6333,465
6595,46.7167,13.85,870
6596,48.45,14.3333,685
6597,48.25,13.0333,351
6598,47.1167,13.1333,1100
6599,47.2167,16.3333,267
6600,48.25,15.3333,211
6601,47.3333,9.66667,405
6602,48.4333,14.3,824
6603,48.7,13.95,920
6604,47.2333,13.2,900
6605,48.6167,16.05,245
6606,48.6,16.05,253
6607,47.15,11.85,643
6608,48.3667,15.4167,223
6609,47.3667,13.65,1080
6610,47.3333,9.73333,639
6611,47.7833,13.05,420
6612,47.6,15.6833,700
6613,47.45,16.2,769
6614,48.55,15.8333,259
6615,48.6,14.75,934
6616,46.85,15.7333,391
6617,47.4167,13.6333,1203
6618,46.7167,14.05,675
6619,47.6,13.7667,665
6620,46.95,14.4167,634
6621,47.45,12.35,791
6622,48.4,14.8333,608
6623,48.2,16.2333,226
6624,47.5667,14.45,646
6625,47.35,16.2167,350
6626,47.05,15.1833,400
6627,46.5833,14.75,500
6628,48.35,14.8833,788
6629,48.25,16.1667,281
6630,46.55,14.75,527
6631,48.2833,14.9167,600
6632,47.8667,15.8667,709
6633,46.7333,14.6167,1159
6634,48.7833,15.5667,520
6635,47.25,12.5667,803
6636,47.3667,15.6833,623
6637,46.75,14.35,475
6638,47.8,14.9167,527
6639,47.2333,12.5667,796
6640,47.3833,11.2667,964
6641,47.7333,14.3333,596
6642,48.2,13.8167,400
6643,47.3,10.0167,835
6644,46.8333,14.3833,637
6645,47.3333,15,580
6646,47.1333,13.8667,1122
6647,48.1167,16.25,260
6648,47.5333,12.0667,625
6649,47.85,15.0667,614
6650,47.4333,15.6667,1020
6651,46.8,14.3667,613
6652,46.6167,13.3667,597
6653,48.1833,15.0667,231
6654,46.9167,13.2167,808
6655,48.1,13.6667,634
6656,46.9,10.5,1360
6657,47.3833,12.4167,923
6658,48.1167,14.9833,240
6659,47.8167,13.7167,1618
6660,47.3,14.3667,1069
6661,47.4,13.2167,550
6662,48.85,15.5,470
6663,48,16.8333,167
6664,46.9667,10.5333,976
6665,47.5333,15.2333,784
6666,47.4,13.2167,543
6667,47.0167,16.0667,273
6668,48.4167,15.6167,207
6669,47.55,15.2333,780
6670,47.3,13.1833,634
6671,48.5833,14.1333,800
6672,48.0833,13.7667,500
6673,47.3167,13.1333,600
6674,48.2,15.6167,272
6675,47.8333,16.9167,124
6676,46.95,10.4333,0
6677,48.4667,15.7,210
6678,47.75,15.3,780
6679,48.3,14.55,341
6680,47.2333,11.4833,900
6681,48.55,14.15,650
6682,47.8,15.7,612
6683,47.4333,11.9,514
6684,48.05,15.5833,520
6685,47.5,10.75,870
6686,46.8167,12.7833,668
6687,47,12.6333,1350
6688,46.8167,12.8,659
6689,48.35,14.5333,416
6690,48,16.25,249
6691,47.2167,14.8333,650
6692,48.5333,14.1667,900
6693,48.3167,16.1167,175
6694,46.65,14.3333,447
6695,48.95,15.0333,559
6696,46.6333,14.3167,450
6697,46.8833,12.6667,850
6698,48.9667,15.0333,570
6699,48.3167,15.8167,210
6700,48.0333,14.45,366
6701,48.0333,16.2833,222
6702,47.1667,14.65,0
6703,48.0167,15.5833,681
6704,48.0333,16.2667,218
6705,47.5667,12.6833,629
6706,47.2167,10.15,1444
6707,48.3,15.8333,220
6708,48.0667,14.45,340
6709,47.4333,16.5333,237
6710,48.4333,15.7333,193
6711,47.2167,12.1833,1000
6712,48.4,15.7833,187
6713,46.6833,12.8833,1047
6714,46.5,7.56667,1350
6715,46.8667,8.66667,470
6716,46.6,9.41667,985
6717,47.3333,9.41667,775
6718,45.9667,8.98333,660
6719,46.2333,8.71667,350
6720,47.0833,9.48333,480
6721,47.55,7.58333,315
6722,47.3667,8.88333,640
6723,47.2667,7.16667,930
6724,47.1333,7.25,490
6725,47.35,8.45,500
6726,46.4667,6.9,600
6727,46.3333,9.55,825
6728,47.15,9.46667,450
6729,46.1833,6.01667,400
6730,47.05,6.9,800
6731,46.3167,8.6,430
6732,46.4,6.23333,435
6733,46.4667,6.83333,655
6734,47.05,6.98333,1150
6735,46.85,9.51667,600
6736,46.85,9.51667,600
6737,46.9167,6.63333,750
6738,47.6833,8.75,410
6739,47.6833,8.75,410
6740,47.4833,7.61667,300
6741,47.1333,8.75,910
6742,46.9167,9.16667,1000
6743,47.25,9.21667,900
6744,46.9833,8.06667,765
6745,46.9,7.93333,910
6746,46.8333,6.85,450
6747,46.9833,9.66667,910
6748,46.4,8.13333,1100
6749,47.4167,9.18333,630
6750,47.55,8.88333,405
6751,46.7333,8.35,1205
6752,47.1667,7.88333,610
6753,46.9833,9.65,650
6754,47.5333,8.81667,460
6755,47.7,8.45,430
6756,47.45,9.43333,800
6757,47.1833,7.7,450
6758,46.7167,7.56667,720
6759,47.2667,8.58333,450
6760,47.0833,7.5,520
6761,46.9333,9.71667,800
6762,46.5,7.66667,1175
6763,47.5167,9.1,570
6764,46.3333,7.01667,1250
6765,46.1833,7.21667,480
6766,47.4833,7.73333,350
6767,46.9167,9,650
6768,46.1667,8.8,200
6769,46.5,6.26667,900
6770,47.05,8.31667,600
6771,46.7167,8.2,850
6772,47.7667,8.61667,540
6773,47.0167,9.5,305
6774,46.6667,6.8,500
6775,46.3833,7.38333,530
6776,47.1,9.21667,500
6777,47.2667,8.33333,550
6778,47.1,9.06667,440
6779,47.6833,8.61667,435
6780,47.4833,8.33333,490
6781,46.8167,7.73333,950
6782,47.1333,7.61667,485
6783,47.1333,7.61667,485
6784,47.15,7.21667,700
6785,47.65,8.48333,410
6786,46.7667,7.1,680
6787,46.4,8.63333,750
6788,47.6167,8.55,515
6789,47.6333,9.05,595
6790,47.5667,9.38333,405
6791,47.4667,9.5,450
6792,45.85,9.05,670
6793,47.05,9.43333,480
6794,47.3667,8,450
6795,46.8,10.3,1240
6796,46.8167,10.3333,1440
6797,47.35,8.16667,550
6798,47.2167,8.58333,480
6799,46.7833,8.66667,510
6800,46.35,9.6,1000
6801,47.3833,9.4,830
6802,46.7167,6.38333,850
6803,46.6167,9.18333,1250
6804,46.2833,6.16667,440
6805,47.4667,8.15,415
6806,47.4667,8.15,415
6807,46.3,7.9,650
6808,47.2167,8.68333,480
6809,47.2833,8.95,620
6810,47.2833,9.1,625
6811,47.2,9.35,1100
6812,47.2833,8.03333,650
6813,47.4667,9.05,600
6814,47.5,8.73333,580
6815,47.05,8.08333,580
6816,46.9167,7.55,600
6817,47.25,7.81667,450
6818,47.0833,7.81667,850
6819,46.9333,9.56667,600
6820,47.35,8.51667,530
6821,47.3833,8.56667,555
6822,47.35,8.48333,815
6823,47.3667,8.58333,620
6824,46.55,7.36667,965
6825,46.9833,6.6,1050
6826,46.25,7.08333,1100
6827,46.35,7.15,1200
6828,46.3667,7.06667,1265
6829,47.5667,9.13333,510
6830,46.65,7.18333,1050
6831,46.9667,9.63333,960
6832,46.75,6.48333,660
6833,47,6.73333,1120
6834,47.05,6.75,1020
6835,47.3833,9.35,825
6836,46.2667,7.06667,1100
6837,47.3167,8.81667,555
6838,46.2167,7.6,1650
6839,46.9667,9.68333,700
6840,47.2167,9.51667,580
6841,47.3833,7.21667,865
6842,46.8167,9.83333,1560
6843,45.9833,7.18333,1350
6844,46.05,7,1300
6845,46.4667,9.18333,1625
6846,46.2333,8.6,1100
6847,46.3833,9.66667,1460
6848,46.5,9.83333,1800
6849,46.5,9.9,1780
6850,46.6,9.95,1750
6851,46.8833,10.4667,1050
6852,47.05,8.33333,820
6853,46.25,6.85,1380
6854,46.7,8.85,1200
6855,46.7,8.85,1200
6856,46.1667,8.78333,370
6857,47.0167,8.81667,1500
6858,46.7833,9.66667,1900
6859,47.1667,7,1200
6860,46.6,10.4167,1390
6861,46.7167,9.53333,1500
6862,46.0167,15.7,179
6863,46.25,15.25,244
6864,45.9333,15.5833,150
6865,45.5667,14.25,424
6866,46.5667,15.95,310
6867,45.8333,13.9333,130
6868,46.0667,14.5167,299
6869,45.9,13.6333,55
6870,45.8,15.1833,220
6871,45.4833,13.6167,2
6872,46.5,13.7167,864
6873,46.4667,15.7667,240
6874,46.8333,16.3,308
6875,46.2,15.5333,245
6876,47.7667,18.4833,110
6877,47.9,17.45,105
6878,49,18.2667,122
6879,48.0333,17.3167,130
6880,48.0667,18.95,137
6881,48.15,18.2333,129
6882,48.2167,18.6,163
6883,48.2667,17.75,125
6884,48.3333,18.45,234
6885,48.3333,17.3,168
6886,48.3833,17.6,148
6887,48.4667,18.3167,342
6888,48.5667,18.3,232
6889,48.6,18.1,233
6890,48.6333,17.15,177
6891,48.6833,17.6667,297
6892,48.6833,17.0167,159
6893,48.7167,17.7833,173
6894,48.85,17.9333,283
6895,48.2167,19.95,220
6896,48.3,20.2833,175
6897,48.3333,19.3833,425
6898,48.3667,19.2,610
6899,48.4333,19.7,240
6900,48.4667,18.75,310
6901,48.55,18.9667,275
6902,48.6,20.1,330
6903,48.6833,19.95,460
6904,48.5667,18.75,300
6905,48.65,18.9167,380
6906,48.7333,19.5,475
6907,48.85,19.4667,510
6908,48.75,18.9333,660
6909,48.8,18.4833,310
6910,48.9167,18.8833,480
6911,49.1,19,390
6912,49,18.2333,255
6913,48.8667,20.0167,765
6914,49.0333,19.5333,675
6915,49.2167,19.3,475
6916,49.3,18.7833,355
6917,49.3833,19.3,715
6918,49.5167,19.45,700
6919,48.6167,20.2333,235
6920,48.3667,21.7667,100
6921,48.4333,21.6667,160
6922,48.55,20.4167,270
6923,48.5833,21.5667,157
6924,48.6333,21.5167,250
6925,48.7167,20.9,390
6926,48.7167,20.4833,355
6927,48.7167,20.2667,415
6928,48.6833,21.7667,105
6929,48.7333,21.6167,200
6930,48.7333,21.4333,240
6931,48.7667,22.2333,155
6932,48.8,21.1167,375
6933,48.8167,21.5667,348
6934,48.85,20.85,400
6935,48.8667,21.25,246
6936,48.8667,21.8333,133
6937,48.9833,20.15,753
6938,48.9833,20.3167,620
6939,48.9833,22.4333,345
6940,49.05,21.0167,519
6941,49.0667,20.85,770
6942,49.1,20.6833,860
6943,49.1167,21.5167,240
6944,49.1833,20.3833,710
6945,49.25,21.9167,308
6946,49.3,20.7,540
6947,49.3833,20.35,499
6948,48.75,19.8,620
6949,49.3667,18.4833,590
6950,48.45,18.1,221
7004,56.7167,21.6,56
7005,56.5333,26.4,103
7006,56.1,27.5167,170
7007,56.6167,23.3,51
7008,57.15,23.2167,1
7009,56.3333,21.6667,4
7010,56.2,25.3,74
7011,57.3833,21.85,47
7012,48.25,16.35,203
7013,48.2,16.5667,153
7014,48.7167,16.3833,187
7015,48.2667,16.7,150
7016,47.7,13.6,480
7017,47.2333,10.7333,910
7018,47.7,13.3167,761
7019,48.1833,13.2833,440
7020,46.6167,14.3,445
7021,46.2667,10.1167,800
7022,47.5667,8.06667,330
7023,46.9,8.25,500
7024,46.7167,9.43333,700
7025,46.6,7.91667,1300
7026,49.1167,18.25,340
7036,63.4833,10.8833,25
7037,60.2667,5.35,50
7039,59.6667,10.7833,95
7041,55.9667,13.3333,50
7042,69.75,27,180
7043,64.5167,26.45,115
7044,60.3833,22.55,10
7045,55.8667,12.5,40
7046,55.6667,12.3,30
7047,55.5333,10.5667,5
7048,57.2333,9.91667,20
7049,51.0833,-0.883333,84
7050,51.6667,-1.3,60
7053,50.9833,3.8,15
7054,50,5.73333,500
7055,51.9833,5.66667,25
7056,51.9667,7.63333,60
7057,53.6667,10.2667,50
7058,53.65,10.2,46
7059,51.3333,9.66667,500
7060,50.1,8.78333,99
7061,49.9833,7.96667,118
7062,49.75,6.66667,265
7063,48.7167,9.21667,380
7064,48.8167,9.11667,330
7065,48.05,7.6,285
7066,48,7.85,270
7067,48.0167,7.98333,500
7068,47.9167,7.9,1210
7069,47.8667,8,1485
7070,47.95,8.51667,680
7071,48.1833,11.1667,540
7072,48.4,11.7333,460
7073,48.85,13.5167,737
7074,48.9167,13.3167,756
7075,48.9333,13.3333,956
7076,48.9333,13.5167,1370
7077,50.9833,13.5333,360
7078,51.95,11.1333,123
7079,53.7333,9.88333,13
7080,47.5667,12.95,1430
7081,47.5833,12.9667,950
7082,52.2,13.2,42
7083,54.5333,9.55,43
7085,49.7667,7.05,480
7095,52.25,17.1,74
7096,53.7833,21.5833,127
7097,41.25,-8.5,30
7099,47.3333,8.8,600
7100,47.2833,11.4,600
7101,47.25,11.5,900
7102,48.25,16.3667,202
7103,48.25,16.7167,150
7104,47.8,13.0667,440
7106,50.4667,14.1667,158
7107,50,14.8667,345
7108,49.3167,16.75,457
7109,48.3333,18.3667,180
7110,48.45,18.9333,540
7111,47.6,19.35,220
7112,47.3333,21.1333,90
7113,46.0667,14.5,310
7114,46.0333,16.5667,146
7115,45.7833,19.1167,90
7116,43.75,18.0167,1000
7117,42.7167,17.9833,64
7118,42.0833,19.0833,5
7119,44.3667,20.95,121
7120,41.9833,22.85,240
7121,44.7833,20.5333,245
7122,43.8167,22.85,150
7123,42.0667,23.85,1490
7125,41.25,23.6167,1550
7129,49.0167,-0.033333,70
7138,59.3667,18.5,50
7139,48.0667,7.68333,265
7140,54.3,18.2,218
7141,54.2,21.7,120
7142,53.8,17.2,140
7143,53.8,15.4,38
7144,53.7,23.4,150
7145,52.8,18.1,90
7146,52.3,23,137
7147,51.1,21.8,156
7148,51,18.4,200
7149,49.7,19.1,346
7150,49.7,18.7833,400
7151,49.4,20.7,370
7152,49.4,21.8,431
7153,60.05,23.0333,15
7154,60.35,24.9833,55
7155,60.4333,22.75,50
7156,60.6167,26.1667,30
7157,60.5333,27.5333,25
7158,61.0167,24.45,130
7159,61.3833,25.0333,120
7160,62.0167,23.0333,113
7161,62.0667,24.4833,135
7162,61.6,21.4333,5
7163,61.8,29.3167,81
7164,62.6333,27.05,119
7165,62.6,29.7167,80
7166,62.7667,30.9667,148
7167,63.0667,29.8167,135
7168,63.55,29.0167,142
7169,63,27.7167,115
7170,63.0667,21.7167,5
7171,62.7333,25.1833,160
7172,63.9167,23.8833,40
7173,64.8,26,25
7174,64.65,28.05,295
7175,66.3667,29.3,170
7176,66.35,26.7167,153
7177,67.0167,27.25,215
7178,67.7333,29.6,320
7179,67.5833,24.2,335
7180,67.35,23.8167,160
7181,68.0167,24.15,275
7182,68.3833,23.65,300
7183,68.4,27.3833,300
7184,69.05,27.1,155
7185,69.75,27,120
7186,66.3,25,117
7187,66.8167,28.4,195
7188,54.1,23.7,119
7189,54.1,24.05,137
7190,54.2167,23.5167,118
7191,54.2167,23.8167,152
7192,54.25,24.55,110
7193,54.55,23.15,110
7194,54.95,23.1667,74
7195,54.9667,23.5,83
7196,55.05,24.95,126
7197,55.0667,24.2667,65
7198,55.1167,22.3,33
7199,55.15,21.9667,35
7200,55.1667,23.9,54
7201,55.2667,23.4667,91
7202,55.35,21.4667,11
7203,55.3667,26.3,180
7204,55.4,23.8667,82
7205,55.4667,23.15,60
7206,55.5667,23.6167,118
7207,55.5167,26.3167,164
7208,55.6167,22.9167,128
7209,55.8167,24.9667,101
7210,55.9167,24.9,81
7211,56.0167,24.1667,78
7212,56.1,24.15,77
7213,56.15,22.8,93
7214,56.2,24.75,67
7215,56.25,25.05,83
7470,52.3833,6.63333,0
7471,50.9,5.85,0
7472,52.2667,4.75,0
7473,53.3333,6,0
7474,51.9333,6.58333,0
7475,51.2833,3.43333,0
7476,51.5,5.65,0
7477,52.2667,4.98333,0
7478,52.3667,4.6,0
7479,51.9,6.08333,0
7480,51.8667,4.66667,0
7481,52.6333,4.75,0
7482,52.35,6.66667,0
7483,52.35,6.68333,0
7484,50.8667,5.73333,0
7485,52,5.46667,0
7486,52.15,5.38333,0
7487,52.3,4.86667,0
7488,52.3667,4.9,0
7489,53.05,6.7,0
7490,52.2,5.96667,0
7491,53.3167,6.85,0
7492,51.9833,5.91667,0
7493,53,6.56667,0
7494,52.4833,4.73333,0
7495,51.4,5.75,0
7496,51.2667,3.91667,0
7497,52.2167,5.28333,0
7498,52.35,4.78333,0
7499,51.2167,5.88333,0
7500,53.3667,6.51667,0
7501,51.5,5.75,0
7502,52.5667,4.65,0
7503,52.7833,4.85,0
7505,52.2167,6.75,0
7506,50.9333,5.8,0
7507,52.1667,5.96667,0
7508,53.0667,6.06667,0
7509,52.8667,6.51667,0
7510,52,5.68333,0
7511,52.0833,4.53333,0
7512,51.8167,5.91667,0
7513,52.6667,4.7,0
7514,51.6,6.03333,0
7515,51.5,4.3,0
7516,53.2,5.98333,0
7517,51.5833,5.15,0
7518,52.6333,5,0
7519,52.5333,6.13333,0
7520,52.4833,4.65,0
7521,51.3333,3.7,0
7522,52.1333,5.21667,0
7523,52.2667,5.23333,0
7524,53.1,7.06667,0
7525,52.4,4.61667,0
7526,51.6,5.68333,0
7527,52.2,6.8,0
7528,52.1167,6.53333,0
7529,51.0333,5.81667,0
7530,52.3,6.76667,0
7531,52.0667,4.65,0
7532,52.7,5.25,0
7533,51.65,5.95,0
7534,51.5833,4.78333,0
7535,51.4833,6.16667,0
7536,52.0833,6.16667,0
7537,52.0667,5.2,0
7538,53.45,5.8,0
7539,52.2833,5.16667,0
7540,52.55,4.66667,0
7541,51.5,4.86667,0
7542,52.6667,6.75,0
7543,51.6,3.85,0
7544,52.25,6.21667,0
7545,52.7,6.76667,0
7546,52.5167,6.25,0
7547,53.2833,6,0
7548,52.1167,5.18333,0
7549,52.85,6.03333,0
7550,53.15,6.56667,0
7551,53.1,4.76667,0
7552,53.1167,6.61667,0
7553,52.5667,4.85,0
7554,52.0167,6.05,0
7555,52.0167,4.35,0
7556,53.3333,6.91667,0
7557,51.7167,4.28333,0
7558,51.6833,5.31667,0
7559,53.05,4.8,0
7560,52.0833,4.3,0
7561,52.9667,4.76667,0
7562,51.6667,4.81667,0
7563,52.5667,6.28333,0
7564,52.3833,7,0
7565,51.4667,5.78333,0
7566,52.2667,6.16667,0
7567,52.0167,6.15,0
7568,52.9667,6.3,0
7569,51.5667,3.5,0
7570,51.6167,4.93333,0
7571,52.0333,5.35,0
7572,51.9667,5.78333,0
7573,51.8,4.66667,0
7574,51.5833,4.85,0
7575,53.1,6.1,0
7576,51.6833,3.98333,0
7577,52.05,5.28333,0
7578,52.45,4.63333,0
7579,51.7,4.81667,0
7580,52.5167,5.73333,0
7581,51.8,4.7,0
7582,51.7333,4.96667,0
7583,51.1,5.86667,0
7584,52.8667,5.8,0
7585,52.7167,6.41667,0
7586,51.9667,5.45,0
7587,52.0333,5.66667,0
7588,52.0667,5.58333,0
7589,52.1667,6.23333,0
7590,53.1333,6.56667,0
7591,52.1833,5.31667,0
7592,52.1,6.06667,0
7593,51.7333,5.05,0
7594,52.6167,4.65,0
7595,52.6167,4.63333,0
7596,52.1,6.65,0
7597,51.45,5.46667,0
7598,52.2333,6.08333,0
7599,51.7333,3.81667,0
7600,52.2833,5.78333,0
7601,51.9833,5.48333,0
7602,52.7833,6.9,0
7603,51.7333,5.33333,0
7604,52.7,5.28333,0
7605,52.2333,6.9,0
7606,52.35,5.98333,0
7607,51.4667,5.15,0
7608,51.5667,4.63333,0
7609,51.8667,5.73333,0
7610,53.2,7.1,0
7611,53.1833,5.53333,0
7612,52.85,6.18333,0
7613,52.2333,5.71667,0
7614,52.9667,6.78333,0
7615,53.0333,6.66667,0
7616,52.1333,6.53333,0
7617,52.4167,6.73333,0
7618,51.8833,5.28333,0
7619,50.9667,5.83333,0
7620,51.7,5.98333,0
7621,50.9167,5.75,0
7622,51.55,4.78333,0
7623,53.1333,6.63333,0
7625,51.5,3.88333,0
7626,51.5167,5.06667,0
7627,51.8333,4.96667,0
7628,51.8333,4.96667,0
7629,53,6.05,0
7630,52.2,6.2,0
7631,52.0167,4.71667,0
7632,51.3833,3.5,0
7633,52.0333,6.61667,0
7634,50.9167,6.05,0
7635,53.2167,6.56667,0
7636,50.8,5.73333,0
7637,51.9333,4.81667,0
7638,52.15,6.75,0
7639,51.7,3.73333,0
7640,52.3833,4.63333,0
7641,51.5333,4.26667,0
7642,51.6833,5.86667,0
7643,53.2167,5.93333,0
7644,52.5667,6.63333,0
7645,52.35,5.63333,0
7646,51.8,5.58333,0
7647,53.15,6.63333,0
7648,53.2167,6.7,0
7649,53.1667,5.43333,0
7650,52.4833,6.08333,0
7651,52.7667,6.23333,0
7652,52.1,4.6,0
7653,52.5167,4.68333,0
7654,52.3667,4.61667,0
7655,52.3833,6.05,0
7656,52.95,5.93333,0
7657,50.8833,5.98333,0
7658,50.9167,5.95,0
7659,51.7333,5.53333,0
7660,51.65,5.46667,0
7661,51.8333,4.46667,0
7662,51.3167,6,0
7663,51.4833,5.66667,0
7664,52.4167,4.83333,0
7665,51.9333,5.7,0
7666,51.85,4.65,0
7667,52.05,6.3,0
7668,52.2667,6.8,0
7669,51.7333,5.13333,0
7670,51.95,4.46667,0
7671,52.2833,4.58333,0
7672,52.2333,5.18333,0
7673,51.9833,4.13333,0
7674,52.1167,5.88333,0
7675,52.2,5.11667,0
7676,52.7,6.53333,0
7677,53.4333,5.65,0
7678,52.3,4.7,0
7679,52.7333,6.5,0
7680,53.1667,6.76667,0
7681,52.9167,6.55,0
7682,52.7,5.18333,0
7683,52.1667,4.58333,0
7684,51.8667,4.35,0
7685,52.65,5.06667,0
7686,51.65,4.9,0
7687,52.3,5.23333,0
7688,53.2,5.78333,0
7689,51.2833,4.05,0
7690,53.0167,5.63333,0
7691,52.45,4.6,0
7692,51.3167,3.61667,0
7693,51.95,5.48333,0
7694,52.9667,5.8,0
7695,52.0333,5.08333,0
7696,52.1167,4.9,0
7697,52.5667,5.91667,0
7698,51.5833,3.71667,0
7699,51.4833,3.95,0
7700,51.5667,3.88333,0
7701,52.2,4.41667,0
7702,52.2,4.41667,0
7703,52.2,4.4,0
7704,51.9,5.38333,0
7705,50.8833,6.06667,0
7706,51.8,5.4,0
7707,52.7333,6.98333,0
7708,51.5,3.91667,0
7709,51.4,5.35,0
7710,52.9,5.51667,0
7711,51.5667,3.8,0
7712,51.4833,3.56667,0
7713,51.4333,4.11667,0
7714,52.0833,6.06667,0
7715,51.7,4.7,0
7716,52.25,5.23333,0
7717,52.2,6.36667,0
7718,52.0167,5.43333,0
7719,53.2,5.78333,0
7720,52.1667,4.5,0
7721,52.0833,4.4,0
7722,51.85,5.86667,0
7723,52.1333,5.43333,0
7724,52.8333,6.4,0
7725,51.4167,5.81667,0
7726,52.0667,4.91667,0
7727,53.0167,6.08333,0
7728,52.2667,4.56667,0
7729,51.8667,6.13333,0
7730,52.1667,6.43333,0
7731,52.2167,5.01667,0
7732,52.05,4.25,0
7733,52.2667,7.01667,0
7734,52.0833,5.61667,0
7735,52.6833,5.2,0
7736,52.0667,5.4,0
7737,52.15,5.03333,0
7738,52.15,5.18333,0
7739,50.9833,5.73333,0
7740,51.9667,4.21667,0
7741,51.9333,4.26667,0
7742,50.85,5.68333,0
7743,53.05,5.4,0
7744,51.7833,5.85,0
7745,52.1667,6.6,0
7746,51.9667,5.43333,0
7747,52.7667,5.1,0
7748,50.8833,5.75,0
7749,51.4167,5.4,0
7750,52.7,6.18333,0
7751,51.45,6.03333,0
7752,51.5,3.61667,0
7753,51.7667,4.16667,0
7754,52.5333,5.01667,0
7755,53.35,6.65,0
7756,52.55,4.91667,0
7757,52.8167,5,0
7758,53.2,7,0
7759,51.45,5.61667,0
7760,51.4667,5.63333,0
7761,52.0167,4.18333,0
7762,51.1333,5.95,0
7763,51.75,5.88333,0
7764,50.9167,5.76667,0
7765,52.3333,5.06667,0
7766,51.9833,4.2,0
7767,52.3,5.16667,0
7768,51.2833,5.75,0
7769,52.1333,6.61667,0
7770,50.9667,5.81667,0
7771,51.8333,5.81667,0
7772,52.75,4.88333,0
7773,53.0833,6.96667,0
7774,51.7,5.18333,0
7775,51.4833,3.66667,0
7776,53.15,6.03333,0
7777,52.8333,6.16667,0
7778,52.2333,5.48333,0
7779,51.8333,5.85,0
7780,52.3667,6.46667,0
7781,52.7,4.81667,0
7782,52.2333,4.43333,0
7783,52.2667,4.5,0
7784,53.15,6.3,0
7785,51.7167,5.43333,0
7786,51.7333,4.45,0
7787,50.9167,5.88333,0
7788,52.1833,4.46667,0
7789,52.45,5.9,0
7790,52.3,6.93333,0
7791,52.5167,6.43333,0
7792,51.3333,3.5,0
7793,52.45,5.85,0
7794,51.9833,5.83333,0
7795,52.7667,6.71667,0
7796,51.65,4.86667,0
7797,52.2,5.96667,0
7798,53.1833,6.06667,0
7799,52.4667,5.88333,0
7800,52.9833,6.3,0
7801,51.5667,3.55,0
7802,53.3667,6.16667,0
7803,51.4667,3.6,0
7804,53.3,5.06667,0
7805,51.9167,4.11667,0
7806,53.1333,6.06667,0
7807,51.6,5.88333,0
7808,51.5833,4.46667,0
7809,52.6167,6.38333,0
7810,51.8333,4.41667,0
7811,52.2167,4.63333,0
7812,53.1167,6,0
7813,52.95,5.86667,0
7814,51.5833,4.51667,0
7815,52.7167,4.88333,0
7816,53.4333,6.83333,0
7817,52.0333,4.88333,0
7818,52.7167,4.81667,0
7819,52.2167,5.1,0
7820,52.1333,5.06667,0
7821,51.7667,5.8,0
7822,52.4,4.61667,0
7823,51.3333,5.98333,0
7824,53.15,6.55,0
7825,53.15,6.5,0
7826,52.7667,4.66667,0
7827,51.1167,6.03333,0
7828,52.2667,5.6,0
7829,52.3833,6.28333,0
7830,51.8,5.65,0
7831,52.05,4.7,0
7832,52.1,6.73333,0
7833,51.9833,5.73333,0
7834,51.95,5.58333,0
7835,52.05,4.31667,0
7836,51.8,5.03333,0
7837,51.8833,4.06667,0
7838,53.1333,6.43333,0
7839,51.2,6,0
7840,52.9833,6.65,0
7841,51.5333,4.46667,0
7842,51.7167,5.36667,0
7843,51.9167,4.48333,0
7844,52,5.96667,0
7845,52.7667,6.36667,0
7846,52.0833,6.45,0
7847,52.35,4.96667,0
7848,51.8833,6.25,0
7849,52.4333,4.63333,0
7850,53.1667,6.8,0
7851,52.2167,4.51667,0
7852,53.2833,6.53333,0
7853,50.9,6.01667,0
7854,52.8,4.8,0
7855,52.6167,5,0
7856,52.6333,5.11667,0
7857,52.1,4.28333,0
7858,51.9167,4.4,0
7859,53.4833,6.15,0
7860,50.9,5.83333,0
7861,50.85,5.86667,0
7862,50.9333,5.88333,0
7863,52.6667,6.88333,0
7864,51.55,4.55,0
7865,53.2167,5.5,0
7866,52.25,5.11667,0
7867,52.0833,4.3,0
7868,52,4.16667,0
7869,51.8667,6.25,0
7870,50.85,5.83333,0
7871,53.1,6.21667,0
7872,53.2833,5.65,0
7873,53.2667,5.61667,0
7874,52.7667,4.75,0
7875,51.6333,5.36667,0
7876,52.9333,5.75,0
7877,51.5667,5.46667,0
7878,51,5.86667,0
7879,51.8,4.96667,0
7880,51.8167,4.78333,0
7881,51.8833,5.8,0
7882,52.9,5.63333,0
7883,51.3167,3.4,0
7884,51.3167,3.4,0
7885,51.2667,3.83333,0
7886,53.0333,5.66667,0
7887,52.1833,5.3,0
7888,52.1167,5.28333,0
7889,51.3833,5.7,0
7890,52.4167,4.68333,0
7891,52.65,6.21667,0
7892,52.8833,5.35,0
7893,52.8833,5.35,0
7894,52.7833,6.13333,0
7895,50.9667,5.75,0
7896,51.8,4.01667,0
7897,53.1833,6,0
7898,52.4167,5.88333,0
7899,52.8333,4.76667,0
7900,53.3667,6.76667,0
7901,52.8833,7.06667,0
7902,51.9167,6.36667,0
7903,51.6333,4.75,0
7904,51.3333,3.83333,0
7905,53.4,5.35,0
7906,50.8667,6.03333,0
7907,53.0167,6.05,0
7908,51.6167,4.81667,0
7909,53.1,4.76667,0
7910,51.8833,5.43333,0
7911,51.5667,5.06667,0
7912,51.9,5.26667,0
7913,52.25,6.1,0
7914,53.0833,6.61667,0
7915,53.2333,5.55,0
7916,50.85,5.93333,0
7917,51.6667,5.61667,0
7918,52.1833,5.95,0
7919,52.5333,4.71667,0
7920,53.4167,6.73333,0
7921,50.9,5.78333,0
7922,53.35,6.33333,0
7923,52.1,5.11667,0
7924,50.7667,6.03333,0
7925,52.2833,5.96667,0
7926,52.1833,4.43333,0
7927,51.35,5.46667,0
7928,52.8333,6.88333,0
7929,51.95,6.46667,0
7930,53.1,6.88333,0
7931,52.0167,5.55,0
7932,51.6167,5.53333,0
7933,51.4167,5.4,0
7934,52,5.96667,0
7935,52.4667,4.63333,0
7936,51.6,6,0
7937,50.7833,5.96667,0
7938,51.7,5.46667,0
7939,51.9,4.33333,0
7940,53.0333,7.1,0
7941,52.8667,6.21667,0
7942,51.45,3.56667,0
7943,52.3167,4.58333,0
7944,52.6833,5.95,0
7945,52.0667,4.36667,0
7946,51.8667,4.16667,0
7947,51.1,6.05,0
7948,52.1833,5.6,0
7949,52.1,6.31667,0
7950,52.2333,5.03333,0
7951,52.4167,6.61667,0
7952,51.65,5.3,0
7953,51.6833,5.06667,0
7954,51.9667,5.68333,0
7955,52.4333,6.08333,0
7956,53.3833,6.56667,0
7957,52.2,4.51667,0
7958,52.15,6.23333,0
7959,52.15,4.41667,0
7960,51.3167,3.55,0
7961,52.3,5.05,0
7962,51.9667,6.21667,0
7963,51.75,5.2,0
7964,51.5167,4,0
7966,52.5833,4.9,0
7967,52.8833,4.93333,0
7968,51.5333,3.45,0
7969,52.6833,5.13333,0
7970,52.4667,6,0
7971,52.85,5.03333,0
7972,52.5,4.6,0
7973,52.8167,6.51667,0
7974,53.0833,6.86667,0
7975,51.5333,3.9,0
7976,52.5333,5.96667,0
7977,52.45,6.13333,0
7978,53.1333,7.03333,0
7979,53.15,5.63333,0
7980,51.9833,6.71667,0
7981,51.5833,3.75,0
7982,53.2833,6.75,0
7983,52.0833,4.88333,0
7984,51.5333,3.81667,0
7985,52.8833,6,0
7986,52.5,4.81667,0
7987,52.4833,4.81667,0
7988,52.0833,5.41667,0
7989,53.0333,5.53333,0
7990,52.4333,4.83333,0
7991,52.4667,4.81667,0
7992,51.8,5.25,0
7993,51.9,6.26667,0
7994,52.1,5.25,0
7995,51.9333,5.7,0
7996,52.0167,4.58333,0
7997,51.65,3.93333,0
7998,52.05,4.48333,0
7999,51.5,3.48333,0
8000,52.75,6.9,0
8001,53.1667,6.86667,0
8002,52.5167,4.95,0
8003,52.6667,6.43333,0
8004,51.3333,3.45,0
8005,52.15,6.2,0
8006,52.7167,7.05,0
8007,52.8,6.73333,0
8008,51.8167,4.63333,0
8009,52.5167,6.1,0
8010,63.8167,20.3167,33
8011,64.2333,19.7667,225
8012,60.8833,14.4,320
8013,57.1667,14.7833,180
8014,56.7,13.1167,80
8015,54.6333,25.1,142
8016,54.4833,23.5,197
8017,48.7,14.9,573
8018,47.7,13.65,512
8019,47.5,13.8833,845
8020,47.5,16.0333,950
8021,47.4167,9.65,403
8022,47.4,10.9167,960
8023,47.3,10.9167,991
8024,47.3,10.9167,991
8025,47.2667,11.3833,575
8026,47.4333,11.6667,936
8027,47.4333,11.6667,936
8028,47.1333,10.55,797
8029,47.25,10.8667,663
8030,47.1333,11.45,1100
8031,47.0667,15.4333,363
8032,48.25,16.7,149
8033,48.15,16.1167,344
8034,48.1667,16.3333,184
8035,48.45,14.35,722
8036,48.25,15.6833,238
8037,47.7,16.0167,393
8038,47.8,13.0333,419
8039,47.85,13.0167,428
8040,47.5,16.0333,950
8041,47.8833,13.1833,548
8042,47.95,14.7667,440
8043,48.2167,14.2333,274
8044,47.4333,16.0667,529
8045,48.2833,15.9333,194
8046,48.3333,16.3333,168
8047,48.1167,16.1833,379
8048,48.0333,14.4167,308
8049,48.0167,15.9,492
8050,47.8,13.0333,419
8051,48.1667,16.4167,161
8052,48.2167,13.0167,355
8053,46.95,14.7833,1200
8054,47.5167,14.0667,659
8055,47.8,13.0333,419
8056,48.0833,13.8667,368
8057,48.4667,15.6,299
8058,47.3667,15.0833,539
8059,48.3,16.3167,195
8060,46.8,14.85,433
8061,48.3,15.6333,282
8062,47.8,16.6,145
8063,48.3167,16.05,176
8064,48.0333,15.75,600
8065,48.2333,15.6333,280
8066,47.5,16.0333,1000
8067,48.1833,16.3,191
8068,48.1667,16.3333,184
8069,47.7167,16.2167,338
8070,47.05,16.3167,293
8071,47.4,15.2667,481
8072,47.0833,13.6333,1060
8073,46.6167,13.8667,515
8074,47.3333,9.6,420
8075,47.3,16.4333,346
8076,48.1833,16.3,290
8077,47.9833,16.85,179
8078,46.9333,15.3333,325
8079,48.05,14.1833,345
8080,47.0833,15.4333,427
8081,48.25,16.4,162
8082,48.25,16.4,162
8083,47.2333,11.4333,850
8084,47.5667,15.6167,700
8085,48.3167,14.8167,600
8086,48.15,13.6333,510
8087,47.7667,16.05,420
8088,48.0333,15.6667,375
8089,48.2,16.35,201
8090,48.1833,16.2833,223
8091,48.15,16.1667,260
8092,48.1667,16.3333,184
8093,48.3,14.2833,261
8094,48.1167,16.2667,248
8095,46.6333,14.9333,690
8096,48.7,16.1,196
8097,48.2,14.3667,293
8098,47.2667,9.63333,475
8099,48,16.4667,184
8100,48.2167,16.3833,160
8101,47.8,13.0333,419
8102,48.2167,16.3167,322
8103,48.15,16.0833,300
8104,48.2167,15.6167,290
8105,48.15,16.3,202
8106,48.15,16.3,202
8107,48.2167,16.4333,159
8108,47.4333,9.65,403
8109,48.0667,16.4333,170
8110,48.35,16.2667,170
8111,47.5167,12.25,741
8112,48.8167,15.2833,486
8113,46.6667,14.3333,496
8114,48.2167,16.45,159
8115,48.0333,15.7667,410
8116,48.55,16.7667,200
8117,47.6667,15.9333,447
8118,47.0667,16.3333,270
8119,47.6167,13.6333,692
8120,47.2667,11.4333,573
8121,48.2667,16.6333,153
8122,48.1833,16.2833,223
8123,47.8667,16.15,282
8124,46.5667,14.2833,521
8125,48.1,17,149
8126,48.1,17,149
8127,48.6,16.9167,155
8128,54.7667,9.71667,35
8129,53.7333,9.88333,13
8130,54.2167,9.88333,28
8131,54.8333,9.05,13
8132,53.5667,9.96667,11
8133,52.5,8.73333,40
8134,53.3833,10.4167,65
8135,53.25,8.7,44
8136,53.4333,8.81667,7
8137,52.25,8.05,95
8138,52.2167,8.11667,155
8139,53.2667,7.65,3
8140,51.9,9.86667,285
8141,53.05,8.63333,7
8143,53.5833,8.36667,2
8145,51.2167,6.86667,40
8147,51.25,6.78333,40
8148,50.7667,7.13333,60
8149,50.65,7.2,130
8150,50.9167,7.65,310
8151,50.7667,7.46667,180
8153,50.7667,6.45,230
8154,51.7667,6.66667,40
8155,51.8,7.71667,63
8156,52.1,7.6,45
8157,51.65,7.23333,73
8158,51.7833,8.83333,157
8159,51.5333,8.28333,225
8160,50.5333,8.68333,172
8163,51.3333,8.9,290
8164,50.7833,8.3,270
8165,50.3,9.25,172
8166,50.3,8.26667,250
8167,50.35,8.16667,120
8168,50.1667,8.25,420
8169,50.4667,6.98333,250
8170,49.9667,6.5,340
8171,50.6667,7.96667,547
8172,49.5667,7.61667,220
8173,49.2333,7.48333,250
8174,48.9667,8.31667,116
8176,47.6667,7.85,450
8177,48.15,8.25,800
8178,48.0667,9.95,620
8179,47.85,9.83333,330
8180,48.2167,11.5167,492
8181,48.1333,11.4667,530
8183,48.6167,12.5333,400
8185,48.6167,13.5,445
8186,48.6,13.1333,330
8187,49.35,11.5667,585
8188,49.4667,11.1,310
8189,49.4167,11.0833,320
8190,49.15,10.5,436
8191,48.9333,10.7667,520
8192,49.15,11.0333,370
8193,49.7667,10.5167,320
8194,49.2333,10.9,377
8195,50.2333,10.0833,282
8197,48.2333,10.9833,525
8198,48.9833,10.4833,473
8199,52.5333,13.2833,35
8200,51.6833,14,90
8201,51.6667,13.7,105
8202,52.3833,13.8,38
8203,52.9,12.75,45
8204,53.0833,11.8667,40
8205,53.9,13.7333,15
8206,54.1,11.85,30
8207,53.7667,11.25,45
8208,53.8333,11.1833,20
8209,54.3833,13.6333,40
8210,51.35,12.3667,115
8211,51.2,12.3,125
8212,51.1333,13.8833,250
8213,51.1167,13.6,120
8214,51.3167,12.85,141
8215,51.8333,12.2167,60
8216,52.7667,12,30
8217,50.3,10.8167,240
8218,50.9667,13.1333,325
8219,54.5,9.06667,1
8220,54.1833,7.9,4
8222,55.0167,8.41667,26
8223,52.5833,8.35,39
8224,52.5333,9.46667,37
8225,51.5167,9.95,200
8226,53.8667,8.71667,5
8227,53.05,7.26667,3
8229,51.1667,7.16667,250
8230,51.7833,6.45,18
8231,50.0333,7.13333,92
8232,51.7333,7.18333,50
8233,49.7167,9.1,453
8234,52.2833,10.75,100
8235,49.0333,8.36667,112
8236,49.5167,8.55,96
8237,47.6833,9.18333,443
8238,48.2833,12.5,405
8239,48.55,13.35,476
8240,49.1167,13.1333,1436
8241,48.8333,12.5667,350
8242,49.05,12.1,366
8243,49.6667,12.1833,438
8245,49.8833,10.9167,239
8246,49.9333,9.36667,355
8247,47.7167,10.3333,705
8248,52.4167,13.25,42
8249,52.4167,12.7,33
8250,53.55,13.2667,40
8251,53.65,13.6,20
8252,53.7,12.5333,15
8253,53.8167,11.4667,36
8254,51.1333,13.75,227
8255,50.55,12.65,550
8256,50.7333,12.9833,440
8257,51.3,13.1,150
8258,51.3,13.0667,170
8259,52.8833,11.7333,20
8260,51.85,10.7167,285
8261,51.2167,10.3167,480
8262,51.35,10.3333,350
8263,53,12.8333,50
8264,53.2167,10.1667,0
8265,50.0833,8.78333,119
8266,50.6,7.45,485
8267,49.3833,11.65,480
8268,52.55,14.55,10
8270,52.0833,11.3667,120
8271,49.2167,9.51667,276
8272,47.4833,11.0667,719
8273,51.9333,-10.2167,14
8274,52.3833,-6.93333,80
8275,52.45,-6.56667,60
8276,53.3333,-6.23333,30
8277,54.95,-7.71667,60
8283,54.5833,-6.65,64
8309,49.883,-6.333,-1
8310,49.917,-6.3,-1
8311,49.967,-5.2,-1
8312,49.95,-7.417,-1
8313,50.033,-5.2,-1
8314,50.05,-5.117,-1
8315,50.05,-5.133,-1
8316,50.067,-5.183,-1
8317,49.983,-7.467,-1
8318,50.067,-5.617,-1
8319,50.083,-5.083,-1
8320,50.1,-5.117,-1
8321,50.1,-5.267,-1
8322,50.1,-5.533,-1
8323,50.1,-5.367,-1
8324,50.1,-5.35,-1
8325,50.117,-5.333,-1
8327,50.1,-5.6,-1
8328,50.117,-5.533,-1
8329,50.117,-5.417,-1
8330,50.117,-5.167,-1
8331,50.133,-5.133,-1
8333,50.133,-5.417,-1
8334,50.15,-5.1,-1
8335,50.15,-5.067,-1
8336,50.167,-3.883,-1
8337,50.15,-5.483,-1
8338,50.15,-5.083,-1
8339,50.15,-5.067,-1
8340,50.15,-5.55,-1
8341,50.15,-5.367,-1
8342,50.15,-5.067,-1
8343,50.15,-5.667,-1
8344,50.15,-5.567,-1
8345,50.167,-5.1,-1
8346,50.167,-5.5,-1
8347,50.167,-5.55,-1
8348,50.183,-5.283,-1
8349,50.183,-5.583,-1
8350,50.183,-5.45,-1
8351,50.183,-5.4,-1
8352,50.2,-5.2,-1
8354,50.233,-0.633,-1
8355,50.233,-3.767,-1
8356,50.2,-5.5,-1
8357,50.2,-5.467,-1
8358,50.2,-5.383,-1
8359,50.2,-5.3,-1
8360,50.25,-3.8,-1
8361,50.233,-3.767,-1
8362,50.217,-5.3,-1
8364,50.233,-5.25,-1
8365,50.233,-5.067,-1
8366,50.233,-4.8,-1
8367,50.25,-3.817,-1
8368,50.267,-3.7,-1
8369,50.233,-5.217,-1
8370,50.267,-3.85,-1
8371,50.25,-5.2,-1
8372,50.25,-5.05,-1
8373,50.25,-5.15,-1
8374,50.283,-3.767,-1
8375,50.267,-5.067,-1
8376,50.267,-5.033,-1
8377,50.283,-4.85,-1
8378,50.267,-4.8,-1
8379,50.267,-4.783,-1
8380,50.3,-3.65,-1
8381,50.283,-5.233,-1
8382,50.283,-5.233,-1
8383,50.3,-4.8,-1
8384,50.317,-4.033,-1
8385,50.317,-3.85,-1
8386,50.317,-3.8,-1
8387,50.317,-3.583,-1
8388,50.3,-5.183,-1
8390,50.317,-4.2,-1
8391,50.317,-4.067,-1
8392,50.317,-5.183,-1
8393,50.317,-5.167,-1
8394,50.317,-5.117,-1
8395,50.317,-5.067,-1
8396,50.317,-4.8,-1
8397,50.333,-4.5,-1
8398,50.333,-4.2,-1
8399,50.333,-4.2,-1
8400,50.35,-3.6,-1
8401,50.333,-4.783,-1
8402,50.35,-3.983,-1
8403,50.35,-3.883,-1
8404,50.35,-3.7,-1
8405,50.35,-3.583,-1
8406,50.35,-3.583,-1
8407,50.333,-4.75,-1
8408,50.333,-4.733,-1
8409,50.35,-4.2,-1
8410,50.35,-4.083,-1
8411,50.367,-3.967,-1
8412,50.35,-3.883,-1
8413,50.367,-3.7,-1
8414,50.35,-4.883,-1
8415,50.35,-4.75,-1
8416,50.367,-4.35,-1
8418,50.35,-5.117,-1
8419,50.35,-4.7,-1
8420,50.367,-4.6,-1
8421,50.367,-4.3,-1
8422,50.367,-4.167,-1
8423,50.367,-4.133,-1
8424,50.367,-4.117,-1
8425,50.383,-4.217,-1
8426,50.383,-4.15,-1
8427,50.383,-4.117,-1
8428,50.383,-4.117,-1
8429,50.383,-4.05,-1
8430,50.383,-3.833,-1
8431,50.383,-3.55,-1
8432,50.383,-3.517,-1
8433,50.383,-3.5,-1
8434,50.367,-4.867,-1
8435,50.383,-4.417,-1
8436,50.383,-4.133,-1
8437,50.383,-4.117,-1
8438,50.383,-4.033,-1
8439,50.4,-3.967,-1
8440,50.383,-3.933,-1
8441,50.383,-3.917,-1
8442,50.4,-3.867,-1
8443,50.4,-3.833,-1
8444,50.4,-3.7,-1
8445,50.4,-3.517,-1
8447,50.4,-3.95,-1
8449,50.4,-3.55,-1
8450,50.367,-5.967,-1
8451,50.383,-4.733,-1
8452,50.4,-4.217,-1
8453,50.4,-4.217,-1
8454,50.4,-4.167,-1
8455,50.4,-4.133,-1
8456,50.417,-3.783,-1
8457,50.417,-3.583,-1
8458,50.417,-3.55,-1
8459,50.4,-4.833,-1
8460,50.4,-4.667,-1
8461,50.4,-4.633,-1
8462,50.417,-4.167,-1
8463,50.417,-4.1,-1
8464,50.417,-4,-1
8465,50.417,-3.967,-1
8466,50.4,-5.117,-1
8467,50.4,-4.983,-1
8469,50.433,-4.133,-1
8470,50.417,-4.117,-1
8471,50.433,-3.817,-1
8472,50.433,-3.8,-1
8473,50.433,-3.683,-1
8474,50.433,-3.567,-1
8475,50.433,-4.517,-1
8476,50.433,-4.15,-1
8478,50.433,-4.133,-1
8479,50.433,-4.083,-1
8480,50.433,-3.783,-1
8481,50.433,-3.7,-1
8482,50.45,-3.667,-1
8483,50.433,-3.583,-1
8484,50.45,-3.583,-1
8485,50.45,-3.567,-1
8486,50.417,-5.033,-1
8487,50.433,-4.983,-1
8488,50.433,-4.783,-1
8489,50.45,-4.333,-1
8491,50.45,-3.567,-1
8492,50.45,-3.55,-1
8493,50.433,-4.4,-1
8494,50.45,-4.383,-1
8495,50.45,-4.25,-1
8496,50.45,-4.05,-1
8497,50.467,-3.717,-1
8498,50.467,-3.583,-1
8499,50.467,-3.55,-1
8500,50.45,-4.75,-1
8501,50.45,-4.517,-1
8502,50.45,-4.467,-1
8503,50.45,-4.367,-1
8504,50.467,-4.3,-1
8505,50.467,-4.15,-1
8506,50.467,-3.583,-1
8507,50.467,-3.533,-1
8508,50.467,-3.5,-1
8509,50.45,-4.983,-1
8510,50.45,-4.967,-1
8513,50.467,-4.133,-1
8514,50.467,-4.1,-1
8515,50.483,-3.783,-1
8516,50.483,-3.533,-1
8517,50.433,-5.85,-1
8518,50.467,-4.733,-1
8519,50.483,-3.783,-1
8521,50.483,-3.633,-1
8522,50.483,-3.55,-1
8523,50.467,-4.717,-1
8524,50.483,-4.667,-1
8525,50.483,-4.15,-1
8526,50.483,-4.083,-1
8527,50.5,-3.583,-1
8528,50.5,-3.567,-1
8529,50.5,-3.517,-1
8531,50.5,-4.183,-1
8533,50.5,-4.05,-1
8534,50.5,-4.533,-1
8535,50.5,-4.533,-1
8536,50.5,-4.25,-1
8537,50.517,-4.1,-1
8538,50.5,-4.083,-1
8539,50.517,-3.6,-1
8540,50.517,-3.55,-1
8541,50.517,-3.517,-1
8542,50.467,-5.95,-1
8543,50.5,-4.983,-1
8544,50.5,-4.967,-1
8545,50.517,-4.35,-1
8546,50.517,-4.217,-1
8547,50.517,-4.067,-1
8548,50.533,-3.617,-1
8549,50.517,-3.6,-1
8550,50.517,-3.583,-1
8551,50.517,-3.567,-1
8552,50.533,-2.433,-1
8553,50.5,-4.917,-1
8554,50.517,-4.817,-1
8555,50.517,-4.65,-1
8556,50.517,-4.417,-1
8557,50.517,-4.217,-1
8558,50.533,-3.667,-1
8559,50.533,-3.633,-1
8560,50.533,-3.617,-1
8561,50.533,-3.6,-1
8562,50.533,-3.55,-1
8563,50.517,-4.7,-1
8564,50.533,-4.117,-1
8565,50.533,-3.783,-1
8566,50.533,-3.583,-1
8567,50.533,-3.517,-1
8568,50.533,-4.817,-1
8570,50.533,-4.3,-1
8571,50.533,-4.3,-1
8572,50.55,-4,-1
8573,50.55,-3.583,-1
8574,50.55,-3.533,-1
8575,50.55,-3.5,-1
8576,50.55,-3.483,-1
8578,50.533,-5,-1
8579,50.533,-4.75,-1
8580,50.55,-4.15,-1
8581,50.567,-3.583,-1
8582,50.567,-3.517,-1
8583,50.55,-3.483,-1
8585,50.533,-4.933,-1
8586,50.55,-4.85,-1
8587,50.55,-4.7,-1
8588,50.567,-3.467,-1
8589,50.583,-1.283,-1
8590,50.567,-4,-1
8591,50.583,-3.8,-1
8592,50.583,-3.667,-1
8593,50.583,-3.467,-1
8594,50.583,-2.15,-1
8596,50.583,-3.683,-1
8597,50.583,-3.467,-1
8598,50.583,-3.45,-1
8599,50.583,-2.467,-1
8600,50.6,-2.45,-1
8601,50.6,-1.95,-1
8602,50.6,-1.25,-1
8603,50.6,-1.217,-1
8604,50.6,-1.183,-1
8605,50.583,-4.117,-1
8606,50.6,-3.667,-1
8607,50.6,-3.517,-1
8608,50.6,-3.483,-1
8609,50.6,-2.45,-1
8610,50.6,-2.017,-1
8611,50.6,-2,-1
8612,50.617,-1.983,-1
8613,50.6,-1.967,-1
8614,50.6,-1.95,-1
8615,50.567,-5.383,-1
8616,50.583,-4.717,-1
8617,50.583,-4.467,-1
8618,50.6,-4.117,-1
8619,50.6,-3.75,-1
8620,50.6,-3.583,-1
8621,50.6,-3.583,-1
8622,50.617,-2.483,-1
8624,50.617,-1.95,-1
8625,50.617,-1.3,-1
8626,50.583,-4.817,-1
8627,50.583,-4.733,-1
8629,50.6,-3.65,-1
8630,50.617,-2.483,-1
8631,50.617,-2.45,-1
8632,50.617,-2.45,-1
8634,50.633,-1.967,-1
8635,50.617,-1.35,-1
8636,50.617,-1.167,-1
8637,50.6,-4.7,-1
8638,50.6,-4.5,-1
8639,50.617,-4.067,-1
8640,50.617,-3.383,-1
8641,50.633,-3.317,-1
8642,50.633,-2.433,-1
8643,50.633,-2.417,-1
8644,50.633,-2.267,-1
8645,50.633,-2.05,-1
8646,50.633,-1.233,-1
8647,50.633,-1.183,-1
8648,50.633,-1.167,-1
8649,50.633,-3.317,-1
8651,50.633,-2.433,-1
8652,50.633,-1.183,-1
8653,50.617,-4.733,-1
8655,50.633,-3.8,-1
8656,50.633,-3.717,-1
8657,50.633,-3.367,-1
8658,50.65,-2.55,-1
8659,50.65,-2.45,-1
8660,50.65,-2.417,-1
8661,50.65,-2.4,-1
8662,50.65,-2.083,-1
8663,50.65,-1.417,-1
8664,50.65,-1.3,-1
8665,50.65,-1.167,-1
8666,50.65,-3.633,-1
8667,50.65,-3.483,-1
8668,50.65,-3.417,-1
8669,50.65,-3.317,-1
8670,50.667,-2.267,-1
8671,50.667,-2.05,-1
8672,50.65,-1.167,-1
8673,50.65,-4.367,-1
8674,50.65,-3.45,-1
8676,50.667,-1.167,-1
8677,50.65,-4.617,-1
8678,50.65,-4.333,-1
8679,50.65,-4.083,-1
8680,50.667,-3.617,-1
8681,50.683,-2.633,-1
8682,50.683,-2.25,-1
8683,50.683,-2.167,-1
8684,50.667,-1.55,-1
8685,50.683,-1.533,-1
8686,50.683,-1.517,-1
8687,50.683,-1.483,-1
8688,50.683,-1.383,-1
8689,50.667,-4.25,-1
8690,50.667,-3.833,-1
8691,50.667,-3.383,-1
8692,50.683,-3.233,-1
8693,50.683,-2.467,-1
8694,50.683,-2.367,-1
8695,50.683,-2.333,-1
8696,50.683,-2.183,-1
8697,50.683,-2.1,-1
8698,50.683,-2.1,-1
8699,50.683,-1.517,-1
8700,50.683,-1.133,-1
8701,50.683,-3.867,-1
8702,50.683,-3.667,-1
8703,50.683,-3.45,-1
8704,50.683,-3.433,-1
8705,50.683,-3.4,-1
8706,50.683,-3.233,-1
8707,50.7,-2.317,-1
8708,50.7,-2.1,-1
8709,50.7,-1.467,-1
8710,50.683,-1.3,-1
8711,50.683,-1.283,-1
8712,50.7,-1.1,-1
8713,50.683,-1.083,-1
8714,50.683,-4.467,-1
8715,50.683,-4.067,-1
8716,50.683,-3.883,-1
8717,50.683,-3.817,-1
8718,50.7,-3.55,-1
8719,50.7,-3.283,-1
8720,50.7,-3.233,-1
8721,50.7,-2.4,-1
8722,50.7,-2.1,-1
8723,50.7,-2.083,-1
8724,50.7,-1.317,-1
8725,50.7,-1.3,-1
8726,50.7,-1.283,-1
8727,50.683,-4.683,-1
8728,50.683,-4.317,-1
8729,50.7,-3.817,-1
8730,50.7,-3.783,-1
8731,50.7,-3.5,-1
8732,50.717,-3.267,-1
8733,50.717,-2.633,-1
8734,50.717,-2.417,-1
8735,50.717,-2.417,-1
8736,50.717,-1.933,-1
8737,50.717,-1.883,-1
8738,50.717,-1.433,-1
8739,50.717,-1.3,-1
8740,50.717,-1.3,-1
8741,50.717,-1.2,-1
8742,50.7,-1.117,-1
8743,50.717,-1.1,-1
8744,50.7,-3.533,-1
8745,50.717,-3.5,-1
8747,50.717,-3,-1
8748,50.717,-2.733,-1
8749,50.717,-2.7,-1
8750,50.717,-2.4,-1
8751,50.717,-1.95,-1
8752,50.717,-1.833,-1
8753,50.717,-1.783,-1
8755,50.717,-1.3,-1
8756,50.717,-1.133,-1
8757,50.717,-1.117,-1
8758,50.717,-4.433,-1
8759,50.717,-4.283,-1
8760,50.717,-3.517,-1
8761,50.717,-3.5,-1
8762,50.717,-3.483,-1
8764,50.717,-3.317,-1
8765,50.733,-2.967,-1
8766,50.733,-2.933,-1
8767,50.733,-2.75,-1
8768,50.733,-2.45,-1
8769,50.733,-1.983,-1
8770,50.733,-1.967,-1
8771,50.733,-1.933,-1
8772,50.733,-1.9,-1
8773,50.733,-1.883,-1
8774,50.733,-1.867,-1
8775,50.733,-1.85,-1
8776,50.733,-1.8,-1
8777,50.733,-1.783,-1
8778,50.733,-1.75,-1
8779,50.733,-1.75,-1
8780,50.733,-1.733,-1
8781,50.733,-1.583,-1
8782,50.733,-1.583,-1
8783,50.733,-1.317,-1
8784,50.717,-1.233,-1
8785,50.733,-1.15,-1
8786,50.733,-3.55,-1
8787,50.733,-3.55,-1
8788,50.733,-3.533,-1
8789,50.733,-3.517,-1
8790,50.733,-3.467,-1
8791,50.733,-3.3,-1
8793,50.733,-2.9,-1
8794,50.733,-2.75,-1
8795,50.733,-2.733,-1
8796,50.733,-2.45,-1
8797,50.733,-2.3,-1
8798,50.733,-2.167,-1
8799,50.75,-2.067,-1
8800,50.75,-2,-1
8801,50.733,-1.967,-1
8802,50.733,-1.917,-1
8803,50.733,-1.867,-1
8804,50.733,-1.85,-1
8805,50.75,-1.75,-1
8806,50.733,-1.717,-1
8807,50.733,-1.7,-1
8808,50.75,-1.683,-1
8809,50.733,-1.667,-1
8810,50.733,-1.633,-1
8811,50.733,-1.583,-1
8812,50.75,-1.3,-1
8813,50.733,-1.3,-1
8814,50.733,-0.783,-1
8815,50.733,-0.767,-1
8816,50.733,-3.783,-1
8817,50.733,-3.583,-1
8818,50.733,-3.533,-1
8819,50.733,-3.5,-1
8820,50.75,-3.467,-1
8821,50.75,-3.383,-1
8822,50.75,-3.283,-1
8823,50.75,-3.1,-1
8824,50.75,-2.95,-1
8825,50.75,-2.933,-1
8826,50.75,-2.85,-1
8827,50.75,-2.85,-1
8829,50.75,-2.733,-1
8830,50.75,-2.217,-1
8831,50.75,-1.983,-1
8832,50.75,-1.983,-1
8833,50.75,-1.95,-1
8834,50.75,-1.95,-1
8835,50.75,-1.933,-1
8836,50.75,-1.9,-1
8837,50.75,-1.883,-1
8838,50.75,-1.867,-1
8839,50.75,-1.85,-1
8840,50.75,-1.817,-1
8842,50.75,-1.767,-1
8843,50.75,-1.717,-1
8844,50.75,-1.65,-1
8846,50.75,-1.583,-1
8847,50.75,-1.55,-1
8848,50.75,-1.533,-1
8849,50.75,-1.517,-1
8850,50.75,-1.317,-1
8851,50.75,-1.3,-1
8852,50.733,-4.617,-1
8853,50.733,-3.967,-1
8854,50.75,-3.517,-1
8855,50.75,-3.483,-1
8856,50.75,-3.367,-1
8857,50.75,-3.25,-1
8858,50.75,-2.9,-1
8860,50.767,-2,-1
8861,50.75,-1.967,-1
8862,50.75,-1.967,-1
8864,50.767,-1.867,-1
8865,50.75,-1.85,-1
8866,50.767,-1.833,-1
8867,50.75,-1.767,-1
8869,50.767,-1.633,-1
8870,50.767,-1.533,-1
8871,50.75,-1.317,-1
8872,50.75,-1.3,-1
8873,50.75,-1.283,-1
8874,50.75,-3.35,-1
8875,50.767,-3.05,-1
8876,50.767,-2.8,-1
8877,50.767,-2.783,-1
8878,50.767,-2.767,-1
8879,50.767,-2.433,-1
8880,50.767,-2.017,-1
8881,50.767,-2,-1
8882,50.767,-1.917,-1
8883,50.767,-1.9,-1
8884,50.767,-1.883,-1
8885,50.767,-1.633,-1
8887,50.767,-0.783,-1
8888,50.75,0.25,-1
8889,50.75,-4.033,-1
8890,50.767,-3.9,-1
8891,50.767,-3.433,-1
8892,50.767,-3.417,-1
8893,50.783,-2.567,-1
8894,50.783,-2.4,-1
8895,50.783,-2.317,-1
8896,50.767,-2.267,-1
8897,50.783,-2.133,-1
8898,50.783,-2.067,-1
8899,50.783,-2,-1
8900,50.783,-1.733,-1
8901,50.767,-1.65,-1
8902,50.783,-1.6,-1
8903,50.767,-1.567,-1
8904,50.767,-1.5,-1
8905,50.767,-1.467,-1
8906,50.75,0.2,-1
8907,50.75,0.25,-1
8908,50.767,-3.9,-1
8909,50.767,-3.5,-1
8910,50.783,-2.983,-1
8911,50.783,-2.583,-1
8912,50.783,-2.567,-1
8913,50.783,-2,-1
8914,50.783,-1.983,-1
8916,50.783,-1.95,-1
8917,50.783,-1.883,-1
8918,50.783,-1.733,-1
8919,50.783,-1.717,-1
8920,50.783,-1.6,-1
8921,50.783,-1.133,-1
8922,50.783,-1.083,-1
8923,50.783,-0.95,-1
8924,50.783,-0.867,-1
8925,50.783,-0.8,-1
8926,50.783,-0.7,-1
8927,50.767,0.1,-1
8929,50.767,0.267,-1
8930,50.767,-4.217,-1
8931,50.767,-4.167,-1
8934,50.8,-2.95,-1
8935,50.8,-1.967,-1
8936,50.8,-1.883,-1
8937,50.783,-1.717,-1
8938,50.783,-1.417,-1
8939,50.8,-1.183,-1
8940,50.783,-1.133,-1
8941,50.783,-1.117,-1
8942,50.783,-1.05,-1
8943,50.783,-1.033,-1
8944,50.783,-1,-1
8945,50.783,-0.967,-1
8946,50.783,-0.85,-1
8947,50.783,-0.667,-1
8948,50.783,-0.617,-1
8949,50.767,0.083,-1
8950,50.767,0.15,-1
8951,50.767,0.233,-1
8952,50.767,0.25,-1
8953,50.783,-3.783,-1
8954,50.8,-3.667,-1
8955,50.783,-3.65,-1
8956,50.8,-3.183,-1
8957,50.8,-2.383,-1
8958,50.8,-1.983,-1
8959,50.8,-1.967,-1
8960,50.8,-1.95,-1
8961,50.8,-1.367,-1
8962,50.8,-1.2,-1
8963,50.8,-1.183,-1
8964,50.8,-1.133,-1
8965,50.8,-1.117,-1
8966,50.8,-1.05,-1
8968,50.8,-0.683,-1
8969,50.8,-0.633,-1
8970,50.8,-0.633,-1
8972,50.783,0.033,-1
8973,50.783,0.067,-1
8974,50.783,0.233,-1
8975,50.783,0.267,-1
8976,50.8,-3.817,-1
8977,50.8,-3.6,-1
8978,50.8,-3.533,-1
8979,50.8,-3.25,-1
8980,50.8,-3.167,-1
8981,50.8,-3.167,-1
8982,50.817,-3.017,-1
8983,50.8,-2.983,-1
8984,50.8,-2.733,-1
8985,50.817,-2.617,-1
8986,50.817,-2.133,-1
8988,50.817,-1.9,-1
8989,50.817,-1.567,-1
8990,50.817,-1.567,-1
8991,50.8,-1.367,-1
8992,50.817,-1.35,-1
8993,50.817,-1.333,-1
8994,50.817,-1.317,-1
8995,50.817,-1.2,-1
8996,50.817,-1.133,-1
8997,50.817,-1.05,-1
8998,50.8,-0.733,-1
8999,50.8,-0.6,-1
9000,50.8,-0.567,-1
9001,50.8,-0.517,-1
9002,50.8,-0.417,-1
9003,50.8,0.033,-1
9004,50.783,0.3,-1
9005,50.8,-4.217,-1
9006,50.817,-3.9,-1
9007,50.8,-3.567,-1
9008,50.817,-3.333,-1
9010,50.817,-2.783,-1
9011,50.817,-2.117,-1
9012,50.817,-1.967,-1
9013,50.817,-1.867,-1
9014,50.817,-1.7,-1
9015,50.817,-1.567,-1
9016,50.817,-1.517,-1
9017,50.817,-1.367,-1
9018,50.817,-1.217,-1
9019,50.817,-1.2,-1
9020,50.817,-0.767,-1
9021,50.817,-0.5,-1
9022,50.817,-0.467,-1
9023,50.817,-0.417,-1
9024,50.817,-0.4,-1
9025,50.817,-0.367,-1
9026,50.817,-0.367,-1
9027,50.817,-0.35,-1
9028,50.8,0,-1
9029,50.8,0.033,-1
9031,50.8,0.183,-1
9032,50.8,0.233,-1
9033,50.8,0.267,-1
9034,50.8,0.3,-1
9035,50.8,-4.7,-1
9036,50.8,-4.517,-1
9037,50.833,-2.75,-1
9038,50.833,-2.133,-1
9039,50.833,-1.883,-1
9040,50.833,-1.833,-1
9041,50.833,-1.817,-1
9042,50.833,-1.217,-1
9043,50.833,-1.167,-1
9044,50.817,-0.783,-1
9045,50.817,-0.5,-1
9047,50.817,-0.4,-1
9048,50.817,-0.383,-1
9049,50.817,-0.333,-1
9050,50.817,-0.1,-1
9051,50.817,0.15,-1
9052,50.8,0.233,-1
9053,50.8,0.25,-1
9054,50.8,0.3,-1
9055,50.817,-4.45,-1
9056,50.817,-3.9,-1
9057,50.833,-3.1,-1
9058,50.833,-2.25,-1
9060,50.833,-1.933,-1
9061,50.833,-1.8,-1
9062,50.85,-1.767,-1
9063,50.833,-1.767,-1
9064,50.85,-1.667,-1
9065,50.833,-1.133,-1
9066,50.833,-1.117,-1
9067,50.833,-0.85,-1
9068,50.833,-0.817,-1
9069,50.833,-0.783,-1
9070,50.833,-0.783,-1
9071,50.833,-0.767,-1
9072,50.833,-0.683,-1
9073,50.833,-0.633,-1
9074,50.833,-0.433,-1
9075,50.817,-0.4,-1
9076,50.833,-0.383,-1
9077,50.833,-0.367,-1
9079,50.833,-0.15,-1
9080,50.833,-0.15,-1
9081,50.833,-0.117,-1
9082,50.817,-0.083,-1
9083,50.817,0.15,-1
9084,50.817,0.25,-1
9085,50.817,0.25,-1
9086,50.817,0.283,-1
9087,50.817,0.3,-1
9088,50.817,-4.533,-1
9089,50.833,-4.05,-1
9090,50.833,-3.95,-1
9091,50.833,-3.817,-1
9092,50.833,-3.367,-1
9093,50.833,-3.15,-1
9094,50.85,-2.95,-1
9095,50.85,-2.95,-1
9096,50.85,-2.717,-1
9097,50.85,-2.717,-1
9098,50.85,-2.433,-1
9099,50.85,-2.15,-1
9100,50.85,-1.867,-1
9101,50.85,-1.783,-1
9102,50.85,-1.65,-1
9103,50.85,-1.383,-1
9104,50.85,-1.283,-1
9105,50.85,-1.233,-1
9106,50.85,-1.217,-1
9107,50.85,-1.167,-1
9108,50.85,-1.133,-1
9109,50.85,-1.033,-1
9110,50.833,-1.017,-1
9111,50.85,-0.967,-1
9112,50.85,-0.933,-1
9113,50.85,-0.9,-1
9114,50.85,-0.783,-1
9115,50.833,-0.783,-1
9116,50.85,-0.617,-1
9117,50.833,-0.317,-1
9118,50.833,-0.317,-1
9119,50.833,-0.267,-1
9120,50.833,-0.217,-1
9121,50.833,-0.083,-1
9122,50.833,-0.067,-1
9123,50.833,-0.05,-1
9124,50.833,-4.533,-1
9125,50.833,-4.533,-1
9126,50.833,-4.5,-1
9127,50.833,-4.367,-1
9128,50.833,-3.967,-1
9129,50.833,-3.75,-1
9130,50.85,-3.4,-1
9131,50.85,-3.317,-1
9133,50.85,-3.15,-1
9134,50.85,-2.9,-1
9135,50.85,-2.15,-1
9136,50.85,-1.95,-1
9137,50.85,-1.767,-1
9138,50.85,-1.75,-1
9139,50.85,-1.4,-1
9140,50.85,-1.283,-1
9141,50.85,-1.267,-1
9142,50.85,-1.267,-1
9143,50.85,-1.217,-1
9144,50.85,-1.2,-1
9145,50.85,-1.167,-1
9146,50.85,-1.1,-1
9147,50.85,-1.05,-1
9148,50.85,-1.033,-1
9149,50.85,-1,-1
9150,50.85,-1,-1
9151,50.85,-0.967,-1
9152,50.85,-0.967,-1
9153,50.85,-0.9,-1
9154,50.85,-0.767,-1
9155,50.85,-0.65,-1
9156,50.85,-0.55,-1
9157,50.85,-0.4,-1
9158,50.85,-0.367,-1
9159,50.85,-0.317,-1
9160,50.833,-0.317,-1
9161,50.833,-0.267,-1
9162,50.833,-0.233,-1
9163,50.85,-0.2,-1
9164,50.85,-0.183,-1
9165,50.833,-0.15,-1
9166,50.85,-0.133,-1
9167,50.833,-0.1,-1
9168,50.85,-0.1,-1
9169,50.833,-0.067,-1
9170,50.833,0.017,-1
9171,50.833,0.133,-1
9172,50.833,0.2,-1
9173,50.85,-4.283,-1
9174,50.85,-4.083,-1
9175,50.867,-3.383,-1
9176,50.85,-3.217,-1
9177,50.867,-2.8,-1
9178,50.867,-2.55,-1
9179,50.867,-2.3,-1
9180,50.867,-2.15,-1
9181,50.867,-1.267,-1
9182,50.867,-1.25,-1
9183,50.867,-1.233,-1
9184,50.867,-1.2,-1
9185,50.867,-1.183,-1
9186,50.867,-1.167,-1
9187,50.867,-1.033,-1
9188,50.867,-1.017,-1
9189,50.867,-1,-1
9190,50.867,-0.967,-1
9191,50.867,-0.833,-1
9192,50.867,-0.7,-1
9193,50.867,-0.65,-1
9194,50.85,-0.6,-1
9195,50.85,-0.567,-1
9196,50.85,-0.383,-1
9197,50.85,-0.383,-1
9198,50.85,-0.267,-1
9201,50.85,-0.15,-1
9202,50.85,-0.15,-1
9203,50.85,-0.133,-1
9204,50.85,-0.1,-1
9205,50.85,0.417,-1
9206,50.833,0.433,-1
9207,50.833,0.45,-1
9208,50.833,0.45,-1
9210,50.867,-3.3,-1
9211,50.867,-3.3,-1
9212,50.867,-2.6,-1
9213,50.867,-2.55,-1
9214,50.867,-2.35,-1
9215,50.883,-2.067,-1
9216,50.883,-2,-1
9217,50.867,-1.867,-1
9218,50.867,-1.85,-1
9219,50.883,-1.567,-1
9220,50.867,-1.417,-1
9221,50.867,-1.4,-1
9222,50.883,-1.283,-1
9223,50.867,-1.25,-1
9224,50.867,-1.2,-1
9225,50.867,-1,-1
9226,50.867,-0.917,-1
9227,50.867,-0.867,-1
9228,50.867,-0.633,-1
9229,50.867,-0.633,-1
9230,50.867,-0.433,-1
9231,50.867,-0.067,-1
9232,50.85,-0.067,-1
9233,50.867,-0.017,-1
9234,50.867,-0.017,-1
9235,50.85,0.183,-1
9236,50.85,0.25,-1
9237,50.85,0.267,-1
9239,50.85,0.467,-1
9240,50.85,0.517,-1
9241,50.883,-2.95,-1
9242,50.883,-2.833,-1
9243,50.883,-2.783,-1
9244,50.883,-2.783,-1
9245,50.883,-2.35,-1
9246,50.883,-2.117,-1
9247,50.883,-1.883,-1
9248,50.883,-1.3,-1
9249,50.883,-1.2,-1
9250,50.883,-1.017,-1
9251,50.883,-1.017,-1
9252,50.883,-0.783,-1
9253,50.867,-0.517,-1
9254,50.867,-0.317,-1
9256,50.867,0,-1
9257,50.867,0.117,-1
9258,50.867,0.15,-1
9259,50.867,0.2,-1
9260,50.867,0.25,-1
9261,50.85,0.467,-1
9262,50.85,0.533,-1
9263,50.85,0.567,-1
9264,50.867,-4.483,-1
9265,50.867,-4.333,-1
9267,50.883,-2.383,-1
9268,50.9,-1.517,-1
9269,50.883,-1.433,-1
9270,50.9,-1.367,-1
9271,50.883,-1.333,-1
9272,50.9,-1.183,-1
9273,50.9,-1.133,-1
9274,50.883,-1.05,-1
9275,50.883,-1.017,-1
9276,50.9,-1,-1
9277,50.883,-0.317,-1
9278,50.883,-0.3,-1
9279,50.883,-0.15,-1
9280,50.867,-0.083,-1
9281,50.883,-0.033,-1
9282,50.883,0,-1
9283,50.883,0,-1
9284,50.883,0.017,-1
9285,50.867,0.217,-1
9286,50.867,0.25,-1
9287,50.867,0.567,-1
9288,50.867,0.567,-1
9289,50.867,0.583,-1
9290,50.867,0.6,-1
9291,50.883,-4.05,-1
9292,50.883,-4,-1
9293,50.883,-3.883,-1
9294,50.9,-3.433,-1
9295,50.9,-3.283,-1
9296,50.9,-3.017,-1
9297,50.9,-2.917,-1
9298,50.9,-2.533,-1
9299,50.9,-2.133,-1
9300,50.9,-1.583,-1
9301,50.9,-1.5,-1
9302,50.9,-1.35,-1
9303,50.9,-1.333,-1
9304,50.9,-1.183,-1
9306,50.9,-1,-1
9307,50.9,-1,-1
9308,50.9,-0.933,-1
9309,50.9,-0.717,-1
9310,50.9,-0.533,-1
9311,50.883,0.217,-1
9312,50.883,0.25,-1
9313,50.883,0.317,-1
9314,50.883,0.483,-1
9315,50.883,0.5,-1
9316,50.867,0.517,-1
9317,50.883,0.55,-1
9318,50.867,0.6,-1
9319,50.867,0.617,-1
9320,50.867,0.65,-1
9321,50.867,0.65,-1
9322,50.9,-3.483,-1
9323,50.9,-3.45,-1
9324,50.9,-3.417,-1
9325,50.9,-2.667,-1
9327,50.917,-1.533,-1
9328,50.9,-1.483,-1
9329,50.9,-1.417,-1
9330,50.9,-1.417,-1
9332,50.9,-1.367,-1
9333,50.917,-1.333,-1
9334,50.9,-1.317,-1
9335,50.917,-1.3,-1
9336,50.9,-1.083,-1
9337,50.9,-1.067,-1
9338,50.9,-1.017,-1
9339,50.9,-1,-1
9340,50.883,0.05,-1
9341,50.883,0.05,-1
9342,50.9,0.133,-1
9343,50.9,0.183,-1
9344,50.883,0.4,-1
9345,50.883,0.55,-1
9346,50.883,0.567,-1
9347,50.883,0.583,-1
9348,50.883,0.633,-1
9349,50.9,-3.95,-1
9351,50.9,-3.467,-1
9352,50.917,-3.433,-1
9353,50.917,-3.317,-1
9354,50.917,-3.267,-1
9355,50.917,-3.25,-1
9356,50.917,-3.217,-1
9357,50.917,-2.933,-1
9358,50.917,-2.783,-1
9359,50.917,-2.75,-1
9360,50.917,-2.65,-1
9361,50.917,-2.55,-1
9362,50.917,-2.3,-1
9363,50.917,-2.233,-1
9364,50.917,-2.183,-1
9365,50.917,-1.533,-1
9367,50.917,-1.467,-1
9368,50.917,-1.417,-1
9369,50.917,-1.4,-1
9370,50.917,-1.383,-1
9371,50.917,-1.367,-1
9373,50.917,-1.35,-1
9374,50.917,-1.317,-1
9375,50.917,-1.3,-1
9376,50.917,-1,-1
9377,50.9,-0.55,-1
9378,50.9,-0.533,-1
9379,50.917,-0.433,-1
9380,50.9,-0.317,-1
9381,50.9,-0.217,-1
9382,50.9,0.067,-1
9383,50.9,0.283,-1
9384,50.9,0.433,-1
9385,50.9,0.567,-1
9386,50.917,-4.117,-1
9387,50.933,-3.183,-1
9388,50.917,-3.017,-1
9389,50.933,-2.95,-1
9390,50.917,-2.933,-1
9391,50.917,-2.9,-1
9392,50.933,-2.883,-1
9393,50.933,-2.583,-1
9394,50.933,-2.283,-1
9395,50.933,-2.183,-1
9396,50.933,-1.783,-1
9397,50.917,-1.65,-1
9398,50.933,-1.483,-1
9399,50.933,-1.433,-1
9400,50.917,-1.433,-1
9401,50.933,-1.417,-1
9402,50.933,-1.4,-1
9403,50.933,-1.367,-1
9404,50.933,-1.317,-1
9405,50.917,-1.233,-1
9406,50.917,-0.45,-1
9407,50.917,0.017,-1
9408,50.917,0.033,-1
9409,50.9,0.317,-1
9410,50.9,0.65,-1
9411,50.883,0.8,-1
9413,50.917,-3.9,-1
9414,50.933,-3.5,-1
9415,50.933,-3.4,-1
9416,50.933,-3.1,-1
9417,50.933,-2.95,-1
9418,50.933,-2.633,-1
9419,50.933,-2.633,-1
9420,50.933,-2.267,-1
9421,50.933,-1.717,-1
9422,50.933,-1.4,-1
9423,50.933,-1.383,-1
9424,50.933,-1.35,-1
9425,50.933,-1.317,-1
9426,50.933,-1.217,-1
9427,50.933,-1.183,-1
9428,50.933,-1.167,-1
9429,50.933,-1,-1
9430,50.933,-0.967,-1
9431,50.933,-0.467,-1
9433,50.933,-0.4,-1
9434,50.933,-0.3,-1
9435,50.933,-0.25,-1
9436,50.917,-0.15,-1
9437,50.917,-0.133,-1
9438,50.917,-0.117,-1
9439,50.933,-0.1,-1
9440,50.917,-0.083,-1
9441,50.917,0.383,-1
9442,50.933,-4.133,-1
9443,50.933,-4.033,-1
9445,50.933,-3.1,-1
9446,50.95,-2.933,-1
9447,50.95,-2.8,-1
9448,50.95,-2.75,-1
9449,50.95,-2.65,-1
9450,50.95,-2.633,-1
9451,50.933,-2.633,-1
9452,50.95,-2.5,-1
9453,50.95,-2.183,-1
9454,50.95,-1.367,-1
9455,50.933,-1.367,-1
9456,50.933,-0.45,-1
9457,50.933,-0.167,-1
9458,50.933,-0.133,-1
9459,50.933,-0.117,-1
9460,50.933,-0.05,-1
9461,50.933,0.067,-1
9462,50.933,0.133,-1
9463,50.917,0.5,-1
9464,50.917,0.667,-1
9466,50.917,0.717,-1
9467,50.933,-4.517,-1
9468,50.95,-3.117,-1
9471,50.95,-2.667,-1
9472,50.95,-2.65,-1
9473,50.95,-2.633,-1
9474,50.95,-2.617,-1
9475,50.967,-2.367,-1
9476,50.95,-2.367,-1
9477,50.95,-2.283,-1
9478,50.95,-1.85,-1
9480,50.967,-1.633,-1
9481,50.95,-1.317,-1
9482,50.95,-1.217,-1
9484,50.95,-1.117,-1
9485,50.95,-0.7,-1
9486,50.95,-0.45,-1
9487,50.95,-0.45,-1
9488,50.933,-0.433,-1
9489,50.933,-0.183,-1
9490,50.933,-0.167,-1
9491,50.933,-0.117,-1
9492,50.933,0.05,-1
9493,50.933,0.483,-1
9494,50.933,0.533,-1
9495,50.933,-4.517,-1
9496,50.95,-3.383,-1
9498,50.95,-3.017,-1
9499,50.967,-2.833,-1
9500,50.967,-2.467,-1
9501,50.967,-2.45,-1
9502,50.967,-2.3,-1
9503,50.967,-1.55,-1
9504,50.967,-1.55,-1
9505,50.967,-1.35,-1
9506,50.967,-1.317,-1
9507,50.967,-1.3,-1
9508,50.967,-1.133,-1
9509,50.95,-0.567,-1
9510,50.95,-0.5,-1
9511,50.95,-0.467,-1
9512,50.95,-0.433,-1
9513,50.95,-0.3,-1
9514,50.95,-0.133,-1
9515,50.95,-0.117,-1
9516,50.95,0,-1
9517,50.95,0.183,-1
9518,50.95,0.217,-1
9519,50.95,0.233,-1
9520,50.95,0.283,-1
9521,50.95,0.317,-1
9523,50.95,-4.15,-1
9524,50.967,-3.217,-1
9525,50.967,-3.217,-1
9526,50.967,-3.083,-1
9527,50.967,-2.75,-1
9528,50.967,-2.45,-1
9529,50.967,-2.317,-1
9530,50.967,-1.933,-1
9531,50.967,-1.6,-1
9532,50.967,-1.583,-1
9533,50.967,-1.583,-1
9534,50.967,-1.433,-1
9535,50.967,-1.417,-1
9536,50.967,-1.383,-1
9537,50.967,-1.35,-1
9538,50.967,-1.333,-1
9539,50.967,-1.3,-1
9540,50.967,-0.917,-1
9541,50.967,-0.867,-1
9542,50.967,-0.533,-1
9543,50.95,-0.133,-1
9544,50.967,-0.117,-1
9545,50.95,-0.1,-1
9546,50.95,0.1,-1
9547,50.95,0.133,-1
9548,50.95,0.217,-1
9549,50.95,0.583,-1
9550,50.933,0.683,-1
9552,50.967,-3.5,-1
9553,50.967,-3.417,-1
9554,50.967,-3.35,-1
9555,50.983,-2.783,-1
9556,50.983,-2.733,-1
9557,50.983,-2.633,-1
9558,50.983,-2.517,-1
9559,50.983,-2.383,-1
9560,50.983,-2.15,-1
9561,50.983,-1.717,-1
9562,50.983,-1.65,-1
9563,50.983,-1.567,-1
9565,50.983,-1.433,-1
9566,50.983,-1.367,-1
9567,50.983,-1.35,-1
9568,50.983,-1.317,-1
9569,50.983,-1.3,-1
9570,50.983,-1.167,-1
9571,50.983,-0.933,-1
9572,50.983,-0.867,-1
9573,50.967,-0.583,-1
9574,50.967,-0.567,-1
9575,50.967,-0.417,-1
9576,50.967,-0.133,-1
9577,50.967,-0.1,-1
9578,50.967,-0.067,-1
9579,50.967,0,-1
9580,50.967,0.1,-1
9581,50.967,0.15,-1
9582,50.967,0.233,-1
9583,50.967,0.317,-1
9584,50.95,0.6,-1
9585,50.95,0.6,-1
9586,50.95,0.717,-1
9587,50.95,0.733,-1
9588,50.983,-3.533,-1
9589,50.983,-3.35,-1
9593,51,-2.217,-1
9594,51,-2.033,-1
9595,50.983,-1.7,-1
9596,50.983,-1.483,-1
9597,50.983,-1.467,-1
9598,51,-1.467,-1
9599,51,-1.383,-1
9600,50.983,-1.367,-1
9601,50.983,-1.35,-1
9602,50.983,-1.35,-1
9603,50.983,-1.317,-1
9604,51,-1.283,-1
9605,50.983,-1.117,-1
9606,50.983,-1.1,-1
9607,50.983,-0.85,-1
9608,50.983,-0.733,-1
9609,50.983,-0.733,-1
9610,50.983,-0.667,-1
9611,50.983,-0.6,-1
9612,50.983,0,-1
9613,50.967,0,-1
9614,50.967,0.083,-1
9615,50.967,0.633,-1
9616,50.967,0.75,-1
9617,50.983,-4.3,-1
9618,50.983,-4.183,-1
9619,50.983,-3.75,-1
9620,51,-3.383,-1
9621,51,-3,-1
9622,51,-2.683,-1
9623,51,-2.2,-1
9624,51,-2.183,-1
9625,51,-2.167,-1
9626,51,-2.133,-1
9627,51,-1.483,-1
9628,51,-1.467,-1
9629,51,-1.367,-1
9630,51,-1.317,-1
9631,51,-0.917,-1
9632,51,-0.8,-1
9633,51,-0.767,-1
9634,50.983,-0.267,-1
9635,50.983,-0.1,-1
9636,50.983,0,-1
9637,50.983,0.1,-1
9638,50.983,0.317,-1
9639,50.983,0.367,-1
9640,50.967,0.683,-1
9641,50.983,-4.317,-1
9642,50.983,-4.25,-1
9643,50.983,-4.217,-1
9644,51,-4.183,-1
9645,51,-3.767,-1
9646,51,-3.767,-1
9647,51,-3.667,-1
9648,51,-3.133,-1
9649,51,-3.117,-1
9650,51,-3.1,-1
9651,51,-3.083,-1
9652,51,-3.067,-1
9653,51,-2.183,-1
9654,51.017,-2.183,-1
9655,51.017,-1.65,-1
9656,51,-1.467,-1
9657,51.017,-1.333,-1
9658,51,-0.933,-1
9659,51,-0.833,-1
9660,51,-0.667,-1
9661,51,-0.533,-1
9662,51,-0.4,-1
9664,51,-0.167,-1
9665,50.983,-0.117,-1
9666,51,-0.05,-1
9667,50.983,0.467,-1
9668,50.967,0.867,-1
9669,51,-4.5,-1
9670,51,-4.467,-1
9671,50.983,-4.4,-1
9672,51,-4.267,-1
9673,51,-4.133,-1
9674,51,-4.017,-1
9675,51.017,-3.2,-1
9676,51.017,-3.183,-1
9677,51.017,-3.117,-1
9678,51.017,-3.1,-1
9679,51.017,-3.083,-1
9680,51.017,-3.083,-1
9681,51.017,-3.067,-1
9682,51.017,-3.033,-1
9683,51.017,-2.567,-1
9684,51.017,-2.133,-1
9685,51.017,-1.3,-1
9686,51.017,-1.017,-1
9687,51.017,-0.833,-1
9688,51,-0.433,-1
9689,51.017,-0.3,-1
9691,51,-0.117,-1
9692,51,-0.1,-1
9693,51,-0.083,-1
9694,51,0.183,-1
9695,51,0.367,-1
9696,50.983,0.367,-1
9697,50.983,0.95,-1
9699,51.033,-3.25,-1
9700,51.017,-3.233,-1
9701,51.017,-3.1,-1
9702,51.017,-3.083,-1
9703,51.017,-3.067,-1
9704,51.017,-2.867,-1
9705,51.017,-2.717,-1
9706,51.033,-2.3,-1
9707,51.033,-2.183,-1
9708,51.017,-2.117,-1
9709,51.033,-1.817,-1
9710,51.017,-1.733,-1
9711,51.017,-1.567,-1
9712,51.033,-1.383,-1
9713,51.033,-1.333,-1
9714,51.017,-1.317,-1
9715,51.033,-0.933,-1
9716,51.017,-0.5,-1
9717,51.017,-0.433,-1
9718,51.017,-0.433,-1
9719,51.017,-0.133,-1
9720,51.017,-0.1,-1
9721,51.017,-0.05,-1
9722,51,0.117,-1
9723,51,0.15,-1
9724,51,0.4,-1
9725,51,0.467,-1
9726,51,0.533,-1
9727,51,0.6,-1
9728,51.017,-4.15,-1
9729,51.017,-4.1,-1
9730,51.017,-3.95,-1
9731,51.033,-3.4,-1
9732,51.033,-3.217,-1
9733,51.033,-3.117,-1
9734,51.033,-3.083,-1
9735,51.033,-3.083,-1
9736,51.033,-3.017,-1
9737,51.033,-2.833,-1
9738,51.033,-2.55,-1
9740,51.033,-2.267,-1
9741,51.033,-2.267,-1
9742,51.033,-2.217,-1
9743,51.033,-2.2,-1
9744,51.033,-0.917,-1
9745,51.033,-0.617,-1
9746,51.033,-0.55,-1
9747,51.033,-0.383,-1
9748,51.033,-0.383,-1
9749,51.033,-0.333,-1
9750,51.017,-0.083,-1
9751,51.017,0.05,-1
9752,51.017,0.233,-1
9753,51,0.783,-1
9754,51.033,-3.767,-1
9755,51.05,-3.3,-1
9756,51.033,-3.05,-1
9757,51.05,-2.933,-1
9758,51.033,-1.533,-1
9759,51.05,-1.333,-1
9760,51.05,-0.85,-1
9761,51.033,-0.8,-1
9762,51.033,-0.7,-1
9763,51.033,-0.367,-1
9764,51.033,-0.35,-1
9765,51.033,-0.267,-1
9766,51.033,-0.267,-1
9767,51.033,-0.017,-1
9768,51.033,0.083,-1
9769,51.017,0.367,-1
9770,51,0.85,-1
9771,51.033,-4.233,-1
9772,51.033,-4.033,-1
9773,51.033,-3.883,-1
9774,51.05,-3.35,-1
9775,51.05,-3.25,-1
9776,51.05,-3.167,-1
9777,51.05,-3.083,-1
9778,51.05,-2.767,-1
9779,51.05,-2.1,-1
9780,51.05,-1.8,-1
9781,51.05,-1.783,-1
9782,51.05,-1.333,-1
9783,51.05,-1.317,-1
9784,51.05,-1.3,-1
9785,51.05,-1.167,-1
9786,51.05,-1.117,-1
9787,51.05,-0.717,-1
9788,51.05,-0.55,-1
9789,51.05,-0.533,-1
9790,51.05,-0.467,-1
9791,51.033,-0.383,-1
9792,51.05,-0.35,-1
9793,51.033,0.083,-1
9794,51.033,0.45,-1
9795,51.033,0.517,-1
9796,51.017,0.933,-1
9798,51.05,-3.967,-1
9799,51.05,-3.2,-1
9800,51.05,-3.2,-1
9801,51.05,-3.183,-1
9802,51.067,-3.1,-1
9803,51.05,-2.85,-1
9804,51.067,-2.717,-1
9805,51.067,-2.55,-1
9806,51.067,-2.267,-1
9807,51.067,-2.167,-1
9808,51.067,-2.083,-1
9809,51.067,-1.8,-1
9810,51.067,-1.783,-1
9811,51.067,-1.767,-1
9812,51.067,-1.767,-1
9813,51.067,-1.333,-1
9814,51.05,-1.333,-1
9815,51.067,-1.317,-1
9816,51.067,-1.3,-1
9817,51.067,-1.283,-1
9818,51.067,-0.9,-1
9819,51.067,-0.8,-1
9820,51.05,-0.317,-1
9821,51.05,-0.083,-1
9822,51.033,0.267,-1
9823,51.033,1,-1
9825,51.05,-4.033,-1
9826,51.067,-3.733,-1
9827,51.067,-3.167,-1
9828,51.067,-2.683,-1
9829,51.067,-2.4,-1
9830,51.067,-2.317,-1
9831,51.067,-2.167,-1
9832,51.067,-2.083,-1
9833,51.067,-1.867,-1
9834,51.083,-1.817,-1
9835,51.083,-1.8,-1
9836,51.067,-1.783,-1
9837,51.067,-1.383,-1
9838,51.067,-1.333,-1
9839,51.067,-1.333,-1
9840,51.067,-1.317,-1
9841,51.067,-0.783,-1
9842,51.067,-0.4,-1
9843,51.067,-0.367,-1
9844,51.067,-0.333,-1
9845,51.05,-0.317,-1
9846,51.067,-0.3,-1
9847,51.067,-0.133,-1
9848,51.05,-0.117,-1
9849,51.05,-0.1,-1
9850,51.05,0.15,-1
9851,51.05,0.167,-1
9852,51.05,0.217,-1
9853,51.05,0.233,-1
9854,51.05,0.333,-1
9855,51.05,0.383,-1
9856,51.05,0.4,-1
9857,51.05,0.467,-1
9858,51.05,0.567,-1
9859,51.05,0.783,-1
9861,51.067,-4.033,-1
9862,51.067,-3.283,-1
9863,51.083,-2.933,-1
9864,51.067,-2.817,-1
9865,51.083,-2.8,-1
9866,51.083,-2.533,-1
9867,51.083,-2.167,-1
9868,51.083,-2.1,-1
9869,51.083,-1.783,-1
9871,51.083,-1.65,-1
9872,51.083,-1.317,-1
9873,51.067,-0.533,-1
9874,51.067,-0.333,-1
9875,51.067,-0.333,-1
9876,51.067,-0.067,-1
9877,51.067,0.133,-1
9878,51.067,0.15,-1
9879,51.067,0.167,-1
9880,51.067,0.3,-1
9881,51.05,0.6,-1
9882,51.05,0.617,-1
9883,51.067,-4.517,-1
9884,51.067,-4.133,-1
9885,51.067,-4.1,-1
9886,51.067,-4.083,-1
9887,51.067,-4.033,-1
9888,51.083,-3.3,-1
9889,51.083,-3.233,-1
9891,51.083,-2.883,-1
9892,51.083,-2.8,-1
9893,51.083,-2.5,-1
9894,51.083,-2.5,-1
9895,51.1,-2.483,-1
9896,51.083,-2.267,-1
9897,51.083,-2.25,-1
9898,51.1,-2.117,-1
9899,51.083,-2.033,-1
9900,51.083,-1.817,-1
9902,51.083,-1.767,-1
9903,51.083,-1.3,-1
9904,51.083,-1.3,-1
9905,51.083,-1.25,-1
9906,51.083,-0.983,-1
9907,51.083,-0.733,-1
9908,51.083,-0.717,-1
9909,51.083,-0.7,-1
9910,51.083,-0.333,-1
9911,51.067,-0.317,-1
9912,51.067,-0.3,-1
9913,51.067,-0.033,-1
9914,51.083,0.133,-1
9915,51.067,0.633,-1
9916,51.067,0.717,-1
9917,51.067,0.833,-1
9918,51.083,-4.067,-1
9919,51.083,-4.05,-1
9920,51.083,-4.033,-1
9921,51.083,-3.833,-1
9922,51.1,-3.017,-1
9923,51.1,-3,-1
9924,51.1,-2.65,-1
9925,51.1,-2.533,-1
9926,51.1,-2.267,-1
9927,51.1,-1.65,-1
9928,51.1,-0.883,-1
9929,51.1,-0.717,-1
9930,51.083,-0.45,-1
9931,51.083,-0.317,-1
9932,51.083,-0.3,-1
9933,51.083,-0.017,-1
9934,51.083,0.017,-1
9935,51.083,0.1,-1
9936,51.083,0.333,-1
9937,51.067,0.617,-1
9938,51.067,0.683,-1
9939,51.067,0.7,-1
9940,51.067,0.85,-1
9941,51.067,1.05,-1
9942,51.083,-4.067,-1
9944,51.1,-1.467,-1
9945,51.1,-1.033,-1
9946,51.1,-0.85,-1
9947,51.1,-0.683,-1
9948,51.1,-0.433,-1
9949,51.1,-0.4,-1
9950,51.1,-0.283,-1
9951,51.1,-0.167,-1
9952,51.1,-0.15,-1
9954,51.083,0.45,-1
9955,51.083,0.683,-1
9956,51.067,1.05,-1
9957,51.067,1.083,-1
9958,51.1,-4.133,-1
9959,51.1,-3.917,-1
9960,51.117,-3,-1
9961,51.117,-2.733,-1
9962,51.117,-1.033,-1
9963,51.117,-1.033,-1
9964,51.117,-0.85,-1
9966,51.117,-0.733,-1
9967,51.117,-0.733,-1
9968,51.1,-0.267,-1
9969,51.1,-0.217,-1
9970,51.1,-0.183,-1
9971,51.1,-0.183,-1
9972,51.1,0.017,-1
9973,51.1,0.1,-1
9975,51.1,0.383,-1
9976,51.1,0.55,-1
9977,51.083,0.85,-1
9978,51.083,1.067,-1
9979,51.083,1.133,-1
9980,51.083,1.167,-1
9981,51.1,-4.15,-1
9982,51.1,-4.133,-1
9983,51.117,-3.95,-1
9984,51.117,-3.233,-1
9985,51.133,-3.083,-1
9987,51.117,-2.983,-1
9988,51.133,-2.65,-1
9989,51.133,-2.483,-1
9990,51.117,-2.383,-1
9991,51.117,-1.717,-1
9992,51.133,-1.15,-1
9993,51.117,-1.067,-1
9994,51.117,-0.85,-1
9995,51.117,-0.633,-1
9996,51.117,-0.217,-1
9997,51.117,-0.183,-1
9998,51.117,-0.167,-1
9999,51.117,-0.133,-1
10000,51.1,-0.083,-1
10001,51.1,-0.033,-1
10002,51.117,0.1,-1
10003,51.1,0.217,-1
10004,51.1,0.517,-1
10005,51.1,0.783,-1
10006,51.1,0.85,-1
10007,51.083,1.033,-1
10008,51.083,1.167,-1
10009,51.117,-4.083,-1
10010,51.117,-3.967,-1
10011,51.133,-3.333,-1
10012,51.133,-3.1,-1
10013,51.133,-3.083,-1
10014,51.133,-3.017,-1
10015,51.133,-3,-1
10016,51.133,-2.967,-1
10017,51.133,-2.967,-1
10018,51.133,-2.85,-1
10019,51.133,-2.8,-1
10020,51.133,-1.8,-1
10021,51.133,-1.05,-1
10022,51.133,-0.983,-1
10023,51.133,-0.733,-1
10024,51.117,-0.583,-1
10025,51.133,-0.483,-1
10026,51.117,-0.25,-1
10027,51.117,-0.2,-1
10028,51.133,-0.2,-1
10029,51.117,-0.183,-1
10030,51.133,-0.167,-1
10031,51.117,-0.15,-1
10032,51.117,-0.133,-1
10033,51.117,-0.117,-1
10034,51.117,-0.033,-1
10035,51.117,0.117,-1
10036,51.117,0.25,-1
10037,51.117,0.45,-1
10038,51.1,0.733,-1
10039,51.1,0.817,-1
10040,51.083,1.133,-1
10041,51.1,1.183,-1
10042,51.133,-3.383,-1
10043,51.15,-3.25,-1
10044,51.133,-3.2,-1
10045,51.133,-3.167,-1
10046,51.133,-3.15,-1
10047,51.15,-3.05,-1
10048,51.15,-2.717,-1
10049,51.15,-2.7,-1
10050,51.15,-1.25,-1
10051,51.133,-0.483,-1
10052,51.117,-0.067,-1
10053,51.133,-0.017,-1
10054,51.133,-0.017,-1
10055,51.133,0,-1
10056,51.133,0.017,-1
10057,51.117,0.25,-1
10058,51.117,0.267,-1
10059,51.117,0.45,-1
10060,51.117,0.517,-1
10061,51.117,0.617,-1
10063,51.117,0.733,-1
10064,51.1,1.2,-1
10065,51.133,-4.217,-1
10066,51.133,-4.183,-1
10067,51.15,-3.15,-1
10068,51.15,-3.05,-1
10069,51.15,-2.867,-1
10070,51.15,-2.7,-1
10071,51.15,-2.7,-1
10072,51.15,-2.033,-1
10073,51.15,-1.917,-1
10074,51.15,-1.433,-1
10075,51.15,-0.983,-1
10076,51.15,-0.967,-1
10077,51.15,-0.967,-1
10078,51.15,-0.883,-1
10079,51.15,-0.5,-1
10080,51.15,-0.483,-1
10081,51.133,-0.4,-1
10082,51.133,-0.1,-1
10083,51.133,-0.017,-1
10084,51.133,0,-1
10085,51.133,0.2,-1
10086,51.133,0.217,-1
10087,51.133,0.233,-1
10088,51.133,0.25,-1
10089,51.133,0.25,-1
10090,51.133,0.267,-1
10091,51.133,0.283,-1
10092,51.117,0.65,-1
10093,51.117,0.75,-1
10094,51.117,0.85,-1
10095,51.117,0.917,-1
10097,51.167,-3.35,-1
10098,51.15,-3.317,-1
10099,51.15,-3.3,-1
10100,51.15,-3.083,-1
10101,51.167,-3.067,-1
10102,51.167,-2.9,-1
10103,51.167,-2.75,-1
10104,51.167,-2.583,-1
10105,51.15,-1.433,-1
10106,51.167,-1.283,-1
10107,51.15,-1.05,-1
10108,51.15,-0.95,-1
10109,51.15,-0.65,-1
10110,51.15,-0.633,-1
10111,51.15,-0.633,-1
10112,51.15,-0.6,-1
10113,51.15,-0.433,-1
10114,51.15,-0.317,-1
10115,51.15,-0.25,-1
10117,51.15,-0.033,-1
10118,51.133,0.217,-1
10119,51.133,0.25,-1
10120,51.133,0.25,-1
10121,51.133,0.267,-1
10122,51.133,0.283,-1
10123,51.133,0.317,-1
10124,51.133,0.35,-1
10125,51.133,0.75,-1
10126,51.133,0.867,-1
10127,51.117,0.983,-1
10128,51.15,-4.117,-1
10129,51.15,-3.983,-1
10130,51.167,-3.367,-1
10131,51.167,-3.267,-1
10133,51.167,-2.967,-1
10134,51.167,-2.933,-1
10135,51.167,-2.7,-1
10136,51.167,-2.617,-1
10137,51.167,-2.217,-1
10138,51.167,-2.067,-1
10139,51.167,-1.75,-1
10140,51.183,-1.6,-1
10141,51.167,-1.517,-1
10142,51.167,-1.367,-1
10143,51.167,-0.683,-1
10144,51.167,-0.617,-1
10145,51.167,-0.4,-1
10146,51.15,-0.2,-1
10147,51.15,0,-1
10148,51.15,0,-1
10149,51.15,0.2,-1
10150,51.15,0.217,-1
10151,51.15,0.25,-1
10152,51.15,0.25,-1
10153,51.15,0.3,-1
10154,51.15,0.433,-1
10155,51.133,0.8,-1
10156,51.133,0.817,-1
10157,51.133,0.833,-1
10158,51.133,0.85,-1
10159,51.133,0.9,-1
10160,51.133,1.2,-1
10161,51.117,1.267,-1
10162,51.167,-3.117,-1
10163,51.183,-3,-1
10164,51.183,-2.133,-1
10165,51.167,-1.083,-1
10166,51.183,-0.833,-1
10167,51.167,-0.817,-1
10168,51.183,-0.783,-1
10169,51.183,-0.783,-1
10170,51.183,-0.667,-1
10171,51.167,-0.65,-1
10172,51.167,-0.617,-1
10173,51.167,-0.6,-1
10174,51.183,-0.533,-1
10175,51.167,-0.45,-1
10176,51.167,-0.283,-1
10177,51.167,-0.2,-1
10178,51.167,-0.133,-1
10179,51.15,0.25,-1
10180,51.15,0.55,-1
10181,51.15,0.883,-1
10182,51.133,1.283,-1
10183,51.183,-3.317,-1
10184,51.183,-2.55,-1
10185,51.183,-2.533,-1
10186,51.2,-2.067,-1
10187,51.2,-1.5,-1
10188,51.183,-0.6,-1
10189,51.183,-0.167,-1
10190,51.167,-0.167,-1
10191,51.183,-0.15,-1
10192,51.167,0,-1
10193,51.167,0.2,-1
10194,51.167,0.25,-1
10195,51.167,0.55,-1
10196,51.167,0.65,-1
10197,51.15,1.1,-1
10198,51.15,1.267,-1
10199,51.133,1.283,-1
10200,51.183,-4.133,-1
10201,51.183,-3.15,-1
10202,51.2,-2.317,-1
10203,51.2,-2.2,-1
10204,51.2,-2.15,-1
10205,51.2,-2.117,-1
10206,51.2,-1.583,-1
10207,51.2,-1.467,-1
10209,51.2,-0.583,-1
10210,51.183,-0.567,-1
10211,51.183,-0.183,-1
10212,51.183,-0.05,-1
10213,51.167,0.45,-1
10214,51.167,0.483,-1
10215,51.167,0.55,-1
10216,51.167,0.617,-1
10217,51.167,0.867,-1
10218,51.167,0.883,-1
10219,51.167,0.95,-1
10220,51.167,0.967,-1
10221,51.167,1.217,-1
10222,51.2,-3.583,-1
10223,51.2,-3.483,-1
10225,51.2,-3.467,-1
10226,51.2,-3.183,-1
10227,51.2,-2.95,-1
10228,51.2,-2.8,-1
10229,51.217,-2.767,-1
10230,51.2,-2.7,-1
10231,51.2,-2.683,-1
10232,51.2,-2.65,-1
10233,51.2,-2.633,-1
10234,51.217,-2.617,-1
10235,51.2,-2.367,-1
10236,51.2,-1.767,-1
10237,51.2,-1.667,-1
10238,51.2,-1.517,-1
10239,51.2,-1.483,-1
10240,51.2,-1.467,-1
10241,51.2,-0.8,-1
10242,51.2,-0.6,-1
10243,51.2,-0.467,-1
10244,51.2,-0.317,-1
10245,51.2,-0.3,-1
10246,51.2,-0.1,-1
10247,51.183,0.067,-1
10248,51.183,0.183,-1
10249,51.183,0.267,-1
10250,51.183,0.267,-1
10252,51.183,0.383,-1
10253,51.167,0.65,-1
10254,51.167,0.883,-1
10255,51.167,0.95,-1
10256,51.167,1.167,-1
10257,51.15,1.267,-1
10258,51.2,-4.167,-1
10260,51.2,-3.483,-1
10261,51.2,-3.467,-1
10262,51.217,-2.75,-1
10263,51.217,-2.617,-1
10264,51.217,-2.483,-1
10265,51.217,-2.15,-1
10266,51.217,-1.833,-1
10267,51.217,-1.5,-1
10268,51.217,-1.483,-1
10269,51.217,-1.4,-1
10270,51.217,-0.85,-1
10271,51.217,-0.8,-1
10272,51.217,-0.8,-1
10273,51.217,-0.783,-1
10274,51.2,-0.55,-1
10276,51.2,-0.45,-1
10277,51.2,-0.233,-1
10278,51.2,-0.15,-1
10279,51.2,-0.117,-1
10280,51.2,0.05,-1
10281,51.2,0.267,-1
10282,51.2,0.433,-1
10283,51.183,0.683,-1
10284,51.183,0.767,-1
10285,51.183,0.917,-1
10286,51.217,-4.083,-1
10287,51.217,-2.667,-1
10288,51.217,-2.333,-1
10289,51.217,-2.3,-1
10290,51.217,-1.767,-1
10291,51.217,-1.467,-1
10293,51.217,-0.8,-1
10294,51.217,-0.633,-1
10295,51.217,-0.583,-1
10296,51.217,-0.533,-1
10297,51.217,-0.4,-1
10298,51.217,-0.183,-1
10299,51.217,-0.033,-1
10300,51.2,0.067,-1
10301,51.2,0.267,-1
10302,51.2,0.317,-1
10303,51.2,0.467,-1
10304,51.2,0.8,-1
10305,51.183,1.117,-1
10306,51.233,-2.7,-1
10307,51.233,-2.383,-1
10308,51.233,-2.333,-1
10309,51.233,-2.317,-1
10310,51.233,-2.283,-1
10311,51.233,-1.333,-1
10312,51.233,-1.167,-1
10313,51.233,-1.117,-1
10314,51.233,-1,-1
10315,51.233,-0.933,-1
10316,51.233,-0.8,-1
10317,51.233,-0.783,-1
10318,51.233,-0.583,-1
10319,51.217,-0.567,-1
10320,51.217,-0.35,-1
10321,51.233,-0.317,-1
10322,51.217,-0.167,-1
10323,51.217,0.25,-1
10324,51.217,0.267,-1
10325,51.217,0.3,-1
10326,51.2,0.35,-1
10327,51.2,0.433,-1
10328,51.217,0.55,-1
10329,51.2,0.667,-1
10330,51.2,0.8,-1
10331,51.2,0.867,-1
10332,51.183,1.217,-1
10333,51.183,1.367,-1
10334,51.183,1.4,-1
10335,51.233,-3.833,-1
10336,51.233,-2.467,-1
10337,51.233,-2.45,-1
10338,51.25,-2.3,-1
10339,51.25,-2.217,-1
10340,51.233,-1.4,-1
10341,51.25,-1.25,-1
10342,51.233,-1.167,-1
10343,51.233,-1.167,-1
10344,51.233,-1.133,-1
10346,51.25,-1.1,-1
10347,51.233,-1.083,-1
10348,51.233,-0.9,-1
10349,51.233,-0.85,-1
10350,51.233,-0.75,-1
10351,51.233,-0.583,-1
10352,51.233,-0.583,-1
10353,51.233,-0.567,-1
10354,51.233,-0.55,-1
10355,51.233,-0.333,-1
10356,51.233,-0.267,-1
10357,51.233,-0.25,-1
10358,51.233,-0.2,-1
10359,51.233,-0.167,-1
10360,51.233,-0.05,-1
10361,51.233,0.033,-1
10362,51.217,0.067,-1
10363,51.217,0.217,-1
10364,51.217,0.267,-1
10365,51.217,0.333,-1
10367,51.217,0.75,-1
10368,51.2,1.15,-1
10369,51.2,1.267,-1
10370,51.25,-2.95,-1
10371,51.25,-2.917,-1
10372,51.25,-2.5,-1
10373,51.25,-2.45,-1
10374,51.25,-2.183,-1
10375,51.25,-1.383,-1
10376,51.25,-1.333,-1
10377,51.25,-1.233,-1
10378,51.25,-1.15,-1
10379,51.25,-1.133,-1
10380,51.25,-1.083,-1
10381,51.25,-0.75,-1
10382,51.25,-0.7,-1
10383,51.233,-0.667,-1
10384,51.233,-0.567,-1
10385,51.25,-0.533,-1
10386,51.25,-0.517,-1
10388,51.233,-0.3,-1
10389,51.233,-0.25,-1
10390,51.25,-0.233,-1
10391,51.233,-0.2,-1
10392,51.233,-0.183,-1
10393,51.233,-0.167,-1
10394,51.233,-0.133,-1
10395,51.233,-0.083,-1
10396,51.233,0,-1
10397,51.233,0.183,-1
10398,51.217,0.517,-1
10399,51.233,0.6,-1
10400,51.233,0.633,-1
10401,51.217,0.95,-1
10402,51.217,1.133,-1
10403,51.217,1.383,-1
10404,51.25,-2.35,-1
10405,51.267,-2.183,-1
10406,51.25,-1.167,-1
10407,51.267,-1.1,-1
10408,51.25,-1.067,-1
10409,51.25,-0.967,-1
10410,51.267,-0.917,-1
10411,51.25,-0.833,-1
10412,51.25,-0.75,-1
10413,51.25,-0.667,-1
10414,51.25,-0.65,-1
10415,51.25,-0.6,-1
10416,51.25,-0.583,-1
10417,51.25,-0.567,-1
10418,51.25,-0.55,-1
10419,51.25,-0.533,-1
10420,51.25,-0.483,-1
10421,51.25,-0.417,-1
10422,51.25,-0.283,-1
10423,51.25,-0.2,-1
10424,51.25,-0.2,-1
10425,51.25,-0.167,-1
10426,51.25,-0.117,-1
10427,51.25,0,-1
10428,51.233,0.467,-1
10429,51.233,0.483,-1
10430,51.233,0.533,-1
10431,51.233,0.583,-1
10432,51.217,1.05,-1
10433,51.233,1.083,-1
10434,51.217,1.233,-1
10436,51.217,1.383,-1
10437,51.267,-2.233,-1
10438,51.267,-2.15,-1
10439,51.267,-1.117,-1
10440,51.267,-1.067,-1
10441,51.267,-1.05,-1
10442,51.267,-1.033,-1
10443,51.267,-1.033,-1
10444,51.267,-0.85,-1
10445,51.267,-0.85,-1
10446,51.267,-0.833,-1
10447,51.267,-0.717,-1
10448,51.267,-0.6,-1
10449,51.267,-0.583,-1
10450,51.25,-0.383,-1
10451,51.25,-0.367,-1
10452,51.267,-0.133,-1
10453,51.25,0.033,-1
10454,51.25,0.4,-1
10455,51.233,0.7,-1
10456,51.233,1,-1
10457,51.217,1.233,-1
10458,51.217,1.383,-1
10459,51.267,-2.85,-1
10460,51.283,-2.783,-1
10461,51.283,-2.767,-1
10462,51.283,-2.5,-1
10463,51.283,-1.95,-1
10464,51.267,-1.133,-1
10465,51.267,-1.083,-1
10466,51.283,-1.05,-1
10467,51.267,-0.833,-1
10468,51.267,-0.817,-1
10469,51.267,-0.8,-1
10470,51.267,-0.7,-1
10471,51.267,-0.617,-1
10473,51.267,-0.45,-1
10474,51.267,-0.433,-1
10475,51.267,-0.383,-1
10476,51.267,-0.367,-1
10477,51.267,-0.283,-1
10478,51.267,0.067,-1
10479,51.25,0.183,-1
10480,51.25,0.183,-1
10481,51.25,0.3,-1
10482,51.25,0.383,-1
10483,51.25,0.4,-1
10484,51.25,0.433,-1
10485,51.25,0.517,-1
10486,51.25,0.55,-1
10487,51.25,0.567,-1
10488,51.25,0.633,-1
10489,51.25,1.067,-1
10490,51.233,1.1,-1
10491,51.233,1.2,-1
10492,51.233,1.333,-1
10493,51.283,-3,-1
10494,51.283,-2.483,-1
10495,51.3,-2.45,-1
10496,51.283,-2.167,-1
10497,51.283,-2.017,-1
10498,51.283,-1.967,-1
10501,51.283,-1.1,-1
10502,51.283,-1.067,-1
10503,51.283,-0.95,-1
10504,51.283,-0.833,-1
10505,51.283,-0.833,-1
10506,51.283,-0.75,-1
10507,51.283,-0.733,-1
10508,51.283,-0.633,-1
10509,51.283,-0.617,-1
10510,51.283,-0.367,-1
10511,51.267,-0.317,-1
10512,51.283,-0.267,-1
10513,51.267,-0.117,-1
10514,51.267,-0.1,-1
10515,51.267,-0.083,-1
10516,51.267,-0.067,-1
10517,51.267,0.25,-1
10518,51.267,0.383,-1
10519,51.267,0.467,-1
10520,51.267,0.467,-1
10521,51.267,0.5,-1
10522,51.267,0.533,-1
10523,51.25,0.533,-1
10524,51.267,0.567,-1
10525,51.267,0.8,-1
10526,51.25,0.983,-1
10527,51.25,1.117,-1
10528,51.25,1.117,-1
10529,51.25,1.3,-1
10530,51.3,-2.933,-1
10531,51.3,-2.533,-1
10532,51.3,-2.467,-1
10533,51.3,-2.45,-1
10534,51.3,-2.283,-1
10535,51.3,-2.2,-1
10536,51.3,-1.8,-1
10537,51.3,-1.767,-1
10538,51.3,-1.1,-1
10539,51.3,-1.05,-1
10540,51.3,-0.9,-1
10541,51.283,-0.85,-1
10542,51.283,-0.767,-1
10543,51.283,-0.733,-1
10544,51.283,-0.65,-1
10545,51.283,-0.533,-1
10546,51.283,-0.367,-1
10547,51.283,-0.333,-1
10548,51.283,-0.3,-1
10550,51.283,-0.1,-1
10551,51.283,-0.083,-1
10552,51.283,-0.067,-1
10553,51.283,0.117,-1
10554,51.283,0.183,-1
10555,51.283,0.2,-1
10556,51.267,0.467,-1
10557,51.267,0.483,-1
10558,51.267,0.5,-1
10559,51.267,0.55,-1
10560,51.267,0.567,-1
10561,51.267,1.033,-1
10562,51.25,1.1,-1
10563,51.3,-2.85,-1
10564,51.3,-2.833,-1
10565,51.3,-2.533,-1
10566,51.3,-2.4,-1
10567,51.3,-2.25,-1
10568,51.3,-2.2,-1
10569,51.317,-2.033,-1
10570,51.3,-1.5,-1
10571,51.3,-1.017,-1
10572,51.3,-0.817,-1
10573,51.3,-0.783,-1
10574,51.3,-0.767,-1
10575,51.3,-0.7,-1
10576,51.3,-0.583,-1
10577,51.3,-0.55,-1
10578,51.3,-0.533,-1
10579,51.3,-0.317,-1
10581,51.3,-0.1,-1
10582,51.283,-0.083,-1
10583,51.3,-0.067,-1
10584,51.283,-0.017,-1
10585,51.283,0.183,-1
10586,51.283,0.183,-1
10587,51.283,0.267,-1
10588,51.283,0.3,-1
10589,51.283,0.483,-1
10590,51.283,0.483,-1
10591,51.283,0.533,-1
10592,51.283,0.533,-1
10593,51.267,0.583,-1
10594,51.267,0.8,-1
10595,51.267,0.917,-1
10596,51.267,0.917,-1
10597,51.267,1.033,-1
10598,51.267,1.067,-1
10599,51.267,1.083,-1
10600,51.267,1.283,-1
10601,51.25,1.3,-1
10602,51.317,-2.95,-1
10603,51.317,-2.933,-1
10604,51.317,-2.817,-1
10605,51.317,-2.633,-1
10606,51.317,-2.517,-1
10607,51.317,-2.217,-1
10608,51.317,-2.2,-1
10609,51.317,-2.167,-1
10610,51.317,-2,-1
10611,51.317,-1.933,-1
10612,51.3,-0.783,-1
10613,51.3,-0.633,-1
10614,51.317,-0.583,-1
10615,51.3,-0.567,-1
10616,51.317,-0.55,-1
10617,51.3,-0.25,-1
10618,51.3,-0.167,-1
10619,51.3,-0.133,-1
10620,51.3,-0.117,-1
10621,51.3,0.017,-1
10622,51.3,0.017,-1
10623,51.283,0.283,-1
10624,51.3,0.4,-1
10625,51.3,0.433,-1
10626,51.283,0.467,-1
10627,51.283,0.517,-1
10628,51.283,0.683,-1
10629,51.283,0.7,-1
10630,51.283,0.8,-1
10631,51.283,0.933,-1
10632,51.283,1.05,-1
10633,51.267,1.067,-1
10634,51.283,1.083,-1
10635,51.283,1.15,-1
10636,51.267,1.2,-1
10637,51.317,-2.967,-1
10638,51.317,-2.917,-1
10639,51.333,-2.717,-1
10640,51.317,-2.667,-1
10641,51.333,-2.55,-1
10642,51.317,-2.533,-1
10643,51.317,-2.383,-1
10644,51.333,-2.317,-1
10645,51.333,-2.3,-1
10647,51.333,-2.183,-1
10648,51.317,-2.167,-1
10649,51.317,-1.883,-1
10650,51.333,-1.733,-1
10651,51.317,-1.233,-1
10652,51.317,-1.033,-1
10653,51.317,-1,-1
10654,51.317,-0.8,-1
10655,51.317,-0.75,-1
10656,51.317,-0.717,-1
10657,51.317,-0.6,-1
10658,51.317,-0.583,-1
10659,51.317,-0.567,-1
10660,51.317,-0.55,-1
10661,51.317,-0.533,-1
10662,51.317,-0.533,-1
10663,51.317,-0.517,-1
10664,51.317,-0.417,-1
10665,51.317,-0.383,-1
10666,51.317,-0.3,-1
10667,51.317,-0.3,-1
10668,51.317,-0.167,-1
10669,51.317,-0.117,-1
10670,51.3,-0.067,-1
10671,51.3,-0.017,-1
10672,51.317,0.017,-1
10673,51.3,0.033,-1
10674,51.317,0.15,-1
10675,51.317,0.183,-1
10676,51.3,0.2,-1
10677,51.3,0.217,-1
10678,51.3,0.367,-1
10679,51.3,0.433,-1
10680,51.3,0.45,-1
10681,51.3,0.567,-1
10682,51.283,0.75,-1
10684,51.283,1.067,-1
10685,51.283,1.083,-1
10686,51.333,-2.95,-1
10687,51.333,-2.917,-1
10688,51.333,-2.517,-1
10689,51.333,-2.467,-1
10690,51.333,-2.3,-1
10691,51.333,-2.267,-1
10692,51.333,-2.183,-1
10693,51.333,-1.767,-1
10694,51.333,-1.767,-1
10695,51.333,-1.333,-1
10696,51.333,-1.25,-1
10697,51.333,-1.05,-1
10698,51.333,-0.833,-1
10699,51.333,-0.817,-1
10700,51.333,-0.733,-1
10701,51.317,-0.7,-1
10702,51.317,-0.683,-1
10703,51.317,-0.567,-1
10704,51.317,-0.55,-1
10705,51.317,-0.533,-1
10706,51.317,-0.517,-1
10707,51.317,-0.5,-1
10708,51.317,-0.467,-1
10709,51.317,-0.367,-1
10710,51.317,-0.333,-1
10711,51.317,-0.3,-1
10712,51.317,-0.3,-1
10713,51.317,-0.267,-1
10714,51.317,-0.267,-1
10715,51.317,-0.25,-1
10716,51.317,-0.233,-1
10717,51.317,-0.183,-1
10718,51.317,-0.15,-1
10719,51.317,-0.133,-1
10720,51.317,-0.117,-1
10721,51.317,-0.017,-1
10722,51.317,0.033,-1
10723,51.317,0.183,-1
10724,51.317,0.433,-1
10725,51.3,0.467,-1
10726,51.3,0.483,-1
10727,51.3,0.933,-1
10728,51.3,1.033,-1
10729,51.283,1.067,-1
10730,51.283,1.283,-1
10731,51.283,1.35,-1
10732,51.35,-2.483,-1
10733,51.35,-2.25,-1
10734,51.35,-2.25,-1
10735,51.35,-2.233,-1
10736,51.333,-2.05,-1
10737,51.333,-1.983,-1
10738,51.333,-1.75,-1
10739,51.333,-1.6,-1
10740,51.333,-1.417,-1
10741,51.333,-1.15,-1
10742,51.35,-1.117,-1
10743,51.333,-0.833,-1
10744,51.333,-0.817,-1
10745,51.333,-0.8,-1
10746,51.333,-0.75,-1
10747,51.333,-0.733,-1
10748,51.333,-0.65,-1
10749,51.333,-0.517,-1
10750,51.333,-0.5,-1
10751,51.333,-0.5,-1
10752,51.333,-0.467,-1
10753,51.333,-0.45,-1
10754,51.333,-0.433,-1
10755,51.333,-0.367,-1
10756,51.333,-0.283,-1
10757,51.333,-0.25,-1
10758,51.333,-0.233,-1
10759,51.333,-0.233,-1
10760,51.333,-0.167,-1
10761,51.317,-0.167,-1
10762,51.317,-0.15,-1
10763,51.317,-0.133,-1
10764,51.317,-0.117,-1
10765,51.333,-0.1,-1
10766,51.333,-0.083,-1
10767,51.317,0.683,-1
10769,51.3,1.017,-1
10770,51.3,1.117,-1
10771,51.3,1.117,-1
10772,51.3,1.217,-1
10773,51.35,-2.95,-1
10775,51.35,-2.233,-1
10776,51.35,-2.117,-1
10777,51.35,-2,-1
10778,51.35,-1.983,-1
10780,51.35,-1.45,-1
10781,51.35,-1.133,-1
10782,51.35,-1.033,-1
10783,51.35,-0.8,-1
10784,51.35,-0.783,-1
10785,51.35,-0.733,-1
10786,51.35,-0.667,-1
10787,51.35,-0.5,-1
10788,51.333,-0.5,-1
10789,51.35,-0.35,-1
10790,51.333,-0.317,-1
10791,51.333,-0.267,-1
10792,51.333,-0.25,-1
10793,51.333,-0.2,-1
10794,51.333,-0.083,-1
10795,51.333,-0.083,-1
10796,51.333,-0.05,-1
10797,51.333,0.05,-1
10798,51.333,0.067,-1
10799,51.333,0.15,-1
10800,51.333,0.167,-1
10801,51.333,0.183,-1
10802,51.333,0.25,-1
10803,51.333,0.317,-1
10804,51.333,0.333,-1
10805,51.317,0.433,-1
10806,51.333,0.483,-1
10807,51.317,0.75,-1
10808,51.317,0.883,-1
10809,51.317,0.9,-1
10810,51.3,1.117,-1
10811,51.35,-2.967,-1
10812,51.35,-2.95,-1
10813,51.35,-2.933,-1
10814,51.35,-2.917,-1
10815,51.367,-2.633,-1
10816,51.367,-2.45,-1
10817,51.367,-2.383,-1
10818,51.367,-2.367,-1
10819,51.367,-2.333,-1
10820,51.367,-2.183,-1
10821,51.35,-1.783,-1
10822,51.367,-1.1,-1
10823,51.35,-1.033,-1
10824,51.35,-0.5,-1
10825,51.35,-0.483,-1
10826,51.35,-0.283,-1
10827,51.35,-0.25,-1
10828,51.35,-0.233,-1
10829,51.35,-0.217,-1
10830,51.35,-0.183,-1
10831,51.35,-0.167,-1
10832,51.35,-0.133,-1
10833,51.35,-0.133,-1
10834,51.35,-0.083,-1
10835,51.35,-0.067,-1
10836,51.35,-0.033,-1
10837,51.333,0.233,-1
10838,51.333,0.25,-1
10839,51.333,0.333,-1
10840,51.333,0.5,-1
10841,51.333,0.533,-1
10842,51.333,0.7,-1
10843,51.333,0.717,-1
10844,51.333,0.717,-1
10845,51.333,0.8,-1
10846,51.333,0.85,-1
10847,51.317,0.883,-1
10848,51.317,1.1,-1
10849,51.317,1.133,-1
10850,51.317,1.167,-1
10851,51.317,1.167,-1
10852,51.317,1.25,-1
10853,51.367,-2.917,-1
10854,51.367,-2.9,-1
10855,51.367,-2.8,-1
10856,51.367,-2.8,-1
10857,51.367,-2.6,-1
10858,51.367,-2.567,-1
10859,51.367,-2.383,-1
10860,51.367,-2.35,-1
10861,51.367,-2.117,-1
10862,51.367,-1.767,-1
10863,51.367,-1.383,-1
10864,51.367,-0.933,-1
10865,51.367,-0.783,-1
10866,51.367,-0.767,-1
10867,51.367,-0.767,-1
10868,51.367,-0.6,-1
10869,51.367,-0.5,-1
10870,51.367,-0.383,-1
10871,51.367,-0.35,-1
10872,51.367,-0.333,-1
10873,51.35,-0.317,-1
10874,51.367,-0.3,-1
10875,51.35,-0.25,-1
10876,51.35,-0.233,-1
10877,51.35,-0.2,-1
10878,51.35,-0.183,-1
10879,51.35,-0.167,-1
10880,51.35,-0.167,-1
10881,51.35,-0.15,-1
10882,51.35,-0.117,-1
10883,51.35,-0.067,-1
10884,51.35,-0.05,-1
10885,51.35,-0.05,-1
10886,51.35,0.1,-1
10887,51.35,0.3,-1
10888,51.35,0.417,-1
10889,51.35,0.567,-1
10890,51.333,0.8,-1
10891,51.383,-2.95,-1
10892,51.383,-2.933,-1
10893,51.367,-2.917,-1
10894,51.367,-2.8,-1
10895,51.367,-2.517,-1
10896,51.383,-2.367,-1
10897,51.383,-2.35,-1
10898,51.383,-2.35,-1
10899,51.383,-2.333,-1
10900,51.383,-2.167,-1
10901,51.383,-2.033,-1
10902,51.383,-1.767,-1
10903,51.367,-1.267,-1
10904,51.383,-0.95,-1
10905,51.367,-0.867,-1
10906,51.367,-0.8,-1
10907,51.367,-0.767,-1
10908,51.367,-0.683,-1
10909,51.367,-0.667,-1
10910,51.367,-0.45,-1
10912,51.367,-0.35,-1
10913,51.367,-0.333,-1
10915,51.367,-0.3,-1
10917,51.367,-0.25,-1
10918,51.367,-0.233,-1
10919,51.367,-0.217,-1
10920,51.367,-0.217,-1
10921,51.367,-0.15,-1
10922,51.367,-0.133,-1
10923,51.367,-0.067,-1
10924,51.367,-0.05,-1
10925,51.367,-0.017,-1
10926,51.367,0,-1
10927,51.35,0.1,-1
10928,51.35,0.167,-1
10929,51.35,0.333,-1
10930,51.35,0.45,-1
10931,51.35,0.467,-1
10932,51.35,0.5,-1
10933,51.35,0.517,-1
10934,51.35,0.567,-1
10935,51.35,0.583,-1
10936,51.35,0.6,-1
10937,51.35,0.617,-1
10938,51.35,0.633,-1
10939,51.35,0.65,-1
10940,51.333,1.033,-1
10941,51.333,1.283,-1
10942,51.333,1.3,-1
10943,51.333,1.383,-1
10945,51.383,-2.9,-1
10946,51.383,-2.817,-1
10947,51.383,-2.683,-1
10948,51.383,-2.383,-1
10950,51.383,-2.367,-1
10951,51.383,-2.333,-1
10952,51.383,-2.317,-1
10953,51.383,-2.2,-1
10954,51.383,-1.917,-1
10956,51.383,-1.633,-1
10957,51.383,-1.45,-1
10958,51.383,-1.383,-1
10959,51.383,-1.333,-1
10960,51.383,-1.317,-1
10961,51.383,-1.033,-1
10962,51.383,-0.967,-1
10963,51.383,-0.85,-1
10964,51.383,-0.817,-1
10965,51.383,-0.483,-1
10966,51.367,-0.4,-1
10967,51.383,-0.283,-1
10968,51.383,-0.25,-1
10969,51.383,-0.233,-1
10970,51.367,-0.217,-1
10971,51.367,-0.2,-1
10972,51.367,-0.183,-1
10973,51.367,-0.167,-1
10974,51.367,-0.117,-1
10975,51.367,-0.083,-1
10976,51.367,-0.067,-1
10977,51.367,-0.033,-1
10978,51.367,0,-1
10979,51.367,0.05,-1
10980,51.367,0.067,-1
10981,51.367,0.083,-1
10982,51.367,0.1,-1
10983,51.367,0.2,-1
10984,51.367,0.3,-1
10985,51.367,0.35,-1
10986,51.367,0.433,-1
10987,51.367,0.583,-1
10988,51.35,0.583,-1
10989,51.35,1,-1
10990,51.35,1.05,-1
10991,51.35,1.117,-1
10992,51.333,1.267,-1
10993,51.333,1.417,-1
10994,51.383,-3.433,-1
10995,51.4,-3.3,-1
10996,51.4,-2.783,-1
10997,51.4,-2.45,-1
10998,51.4,-2.383,-1
10999,51.4,-2.383,-1
11000,51.4,-2.35,-1
11001,51.4,-2.35,-1
11002,51.4,-2.333,-1
11003,51.4,-2.317,-1
11004,51.4,-2.15,-1
11005,51.4,-1.317,-1
11006,51.4,-1.3,-1
11007,51.4,-1.133,-1
11008,51.4,-1.033,-1
11009,51.4,-0.9,-1
11010,51.383,-0.767,-1
11011,51.383,-0.733,-1
11012,51.4,-0.65,-1
11013,51.383,-0.5,-1
11014,51.383,-0.483,-1
11015,51.383,-0.383,-1
11016,51.383,-0.317,-1
11017,51.383,-0.317,-1
11018,51.383,-0.267,-1
11019,51.383,-0.267,-1
11020,51.383,-0.233,-1
11021,51.383,-0.2,-1
11022,51.383,-0.083,-1
11023,51.383,-0.067,-1
11024,51.383,-0.033,-1
11025,51.383,-0.017,-1
11026,51.383,0,-1
11027,51.383,0.083,-1
11028,51.367,0.283,-1
11029,51.383,0.35,-1
11030,51.367,0.45,-1
11031,51.367,0.483,-1
11032,51.367,0.5,-1
11033,51.367,0.6,-1
11034,51.367,0.617,-1
11035,51.35,1.017,-1
11036,51.367,1.033,-1
11037,51.35,1.067,-1
11038,51.35,1.067,-1
11039,51.35,1.133,-1
11040,51.35,1.133,-1
11041,51.35,1.4,-1
11042,51.35,1.433,-1
11043,51.4,-3.467,-1
11044,51.4,-3.283,-1
11045,51.4,-3.2,-1
11046,51.4,-2.75,-1
11047,51.4,-2.7,-1
11048,51.4,-2.567,-1
11049,51.4,-2.567,-1
11050,51.4,-2.55,-1
11051,51.4,-2.5,-1
11052,51.4,-2.467,-1
11053,51.4,-2.383,-1
11054,51.4,-2.3,-1
11055,51.4,-1.517,-1
11056,51.4,-1.5,-1
11057,51.4,-1.317,-1
11058,51.4,-1.317,-1
11059,51.4,-1.25,-1
11060,51.4,-1.083,-1
11061,51.4,-1.05,-1
11062,51.4,-0.867,-1
11063,51.4,-0.867,-1
11064,51.4,-0.817,-1
11065,51.4,-0.8,-1
11067,51.4,-0.75,-1
11068,51.4,-0.667,-1
11069,51.4,-0.65,-1
11070,51.4,-0.633,-1
11071,51.4,-0.617,-1
11072,51.4,-0.617,-1
11073,51.4,-0.567,-1
11074,51.4,-0.55,-1
11075,51.4,-0.5,-1
11076,51.4,-0.45,-1
11077,51.4,-0.433,-1
11078,51.4,-0.4,-1
11079,51.4,-0.35,-1
11080,51.4,-0.3,-1
11081,51.383,-0.3,-1
11082,51.4,-0.283,-1
11083,51.4,-0.25,-1
11084,51.4,-0.233,-1
11085,51.4,-0.217,-1
11086,51.383,-0.183,-1
11087,51.383,-0.033,-1
11088,51.4,-0.017,-1
11089,51.383,0,-1
11090,51.383,0.033,-1
11091,51.383,0.067,-1
11092,51.383,0.233,-1
11093,51.383,0.3,-1
11094,51.383,0.467,-1
11095,51.367,0.5,-1
11096,51.383,0.533,-1
11097,51.383,0.583,-1
11098,51.367,0.583,-1
11099,51.367,0.667,-1
11100,51.367,1.033,-1
11101,51.367,1.05,-1
11102,51.35,1.267,-1
11103,51.367,1.4,-1
11104,51.4,-3.483,-1
11105,51.4,-3.467,-1
11106,51.4,-3.417,-1
11107,51.4,-3.4,-1
11108,51.4,-3.283,-1
11109,51.417,-3.267,-1
11110,51.417,-3.2,-1
11111,51.417,-2.817,-1
11112,51.417,-2.767,-1
11113,51.417,-2.617,-1
11114,51.417,-2.583,-1
11117,51.417,-2.25,-1
11118,51.417,-2.167,-1
11120,51.417,-1.517,-1
11121,51.417,-1.5,-1
11122,51.417,-1.483,-1
11123,51.417,-1.333,-1
11124,51.417,-1.3,-1
11125,51.417,-1.3,-1
11126,51.4,-0.867,-1
11127,51.4,-0.85,-1
11128,51.4,-0.833,-1
11129,51.4,-0.817,-1
11130,51.4,-0.75,-1
11131,51.417,-0.733,-1
11132,51.4,-0.717,-1
11133,51.4,-0.667,-1
11134,51.4,-0.65,-1
11135,51.4,-0.633,-1
11136,51.4,-0.417,-1
11137,51.4,-0.35,-1
11138,51.4,-0.3,-1
11139,51.4,-0.283,-1
11140,51.4,-0.267,-1
11141,51.4,-0.25,-1
11142,51.4,-0.25,-1
11143,51.4,-0.233,-1
11144,51.4,-0.117,-1
11145,51.4,-0.1,-1
11146,51.4,-0.083,-1
11147,51.4,-0.033,-1
11148,51.4,-0.017,-1
11149,51.4,0,-1
11150,51.4,0,-1
11151,51.4,0.017,-1
11152,51.4,0.033,-1
11153,51.4,0.083,-1
11154,51.4,0.15,-1
11155,51.4,0.233,-1
11156,51.4,0.3,-1
11157,51.4,0.3,-1
11158,51.4,0.333,-1
11159,51.383,0.467,-1
11160,51.383,0.5,-1
11161,51.383,0.517,-1
11162,51.383,0.533,-1
11163,51.367,1.1,-1
11164,51.367,1.133,-1
11165,51.367,1.3,-1
11166,51.417,-3.467,-1
11167,51.417,-3.383,-1
11168,51.417,-3.317,-1
11169,51.417,-3.233,-1
11170,51.417,-2.833,-1
11171,51.417,-2.783,-1
11172,51.417,-2.767,-1
11173,51.417,-2.683,-1
11174,51.417,-2.55,-1
11175,51.417,-2.55,-1
11176,51.433,-2.45,-1
11177,51.417,-2.45,-1
11178,51.417,-2.2,-1
11179,51.417,-2.183,-1
11180,51.417,-2.167,-1
11181,51.417,-2.1,-1
11182,51.417,-1.167,-1
11183,51.417,-1,-1
11184,51.417,-0.967,-1
11185,51.417,-0.917,-1
11186,51.417,-0.867,-1
11187,51.417,-0.817,-1
11188,51.417,-0.75,-1
11190,51.417,-0.717,-1
11191,51.417,-0.683,-1
11192,51.417,-0.633,-1
11193,51.417,-0.567,-1
11194,51.417,-0.55,-1
11195,51.417,-0.517,-1
11196,51.417,-0.483,-1
11197,51.417,-0.417,-1
11198,51.417,-0.417,-1
11199,51.417,-0.367,-1
11200,51.417,-0.283,-1
11201,51.417,-0.25,-1
11202,51.417,-0.217,-1
11203,51.417,-0.2,-1
11204,51.4,-0.2,-1
11205,51.417,-0.167,-1
11206,51.417,-0.15,-1
11207,51.417,-0.117,-1
11208,51.4,-0.067,-1
11209,51.417,-0.033,-1
11210,51.4,-0.017,-1
11211,51.4,0,-1
11212,51.417,0.017,-1
11213,51.4,0.1,-1
11214,51.4,0.167,-1
11215,51.4,0.233,-1
11217,51.4,0.317,-1
11218,51.4,0.417,-1
11219,51.4,0.467,-1
11221,51.4,0.533,-1
11222,51.383,1.333,-1
11223,51.383,1.367,-1
11224,51.367,1.417,-1
11225,51.367,1.433,-1
11226,51.433,-3.2,-1
11227,51.433,-3.167,-1
11228,51.433,-2.85,-1
11229,51.433,-2.833,-1
11230,51.433,-2.767,-1
11231,51.433,-2.767,-1
11232,51.433,-2.75,-1
11233,51.433,-2.65,-1
11234,51.433,-2.583,-1
11236,51.433,-2.217,-1
11237,51.433,-2.017,-1
11238,51.433,-1.933,-1
11239,51.433,-1.533,-1
11240,51.433,-1.317,-1
11241,51.433,-1.133,-1
11243,51.433,-0.917,-1
11244,51.433,-0.9,-1
11245,51.433,-0.783,-1
11246,51.417,-0.717,-1
11247,51.417,-0.7,-1
11248,51.417,-0.7,-1
11249,51.433,-0.667,-1
11250,51.433,-0.567,-1
11252,51.417,-0.483,-1
11253,51.417,-0.367,-1
11254,51.417,-0.35,-1
11255,51.417,-0.333,-1
11256,51.417,-0.317,-1
11257,51.417,-0.283,-1
11258,51.417,-0.283,-1
11259,51.417,-0.267,-1
11260,51.417,-0.217,-1
11261,51.417,-0.167,-1
11262,51.417,-0.133,-1
11263,51.417,-0.1,-1
11264,51.417,-0.083,-1
11265,51.417,-0.067,-1
11266,51.417,-0.033,-1
11267,51.417,-0.017,-1
11268,51.417,0.017,-1
11269,51.417,0.033,-1
11270,51.417,0.067,-1
11271,51.4,0.483,-1
11272,51.4,0.533,-1
11273,51.4,0.8,-1
11274,51.383,1.333,-1
11275,51.383,1.4,-1
11276,51.383,1.4,-1
11277,51.433,-3.233,-1
11278,51.433,-3.217,-1
11279,51.433,-3.217,-1
11281,51.433,-2.85,-1
11282,51.433,-2.833,-1
11283,51.433,-2.75,-1
11284,51.45,-2.733,-1
11285,51.45,-2.717,-1
11286,51.433,-2.617,-1
11287,51.433,-2.6,-1
11288,51.433,-2.583,-1
11289,51.433,-2.55,-1
11290,51.433,-2.517,-1
11291,51.433,-2.483,-1
11293,51.433,-2.283,-1
11294,51.45,-2.067,-1
11295,51.433,-2.05,-1
11296,51.433,-1.083,-1
11297,51.45,-1.05,-1
11298,51.433,-1.017,-1
11299,51.433,-1,-1
11300,51.433,-0.917,-1
11301,51.433,-0.9,-1
11302,51.433,-0.55,-1
11303,51.433,-0.517,-1
11304,51.433,-0.417,-1
11305,51.433,-0.383,-1
11306,51.433,-0.35,-1
11307,51.433,-0.317,-1
11308,51.433,-0.3,-1
11309,51.433,-0.283,-1
11310,51.433,-0.25,-1
11311,51.433,-0.15,-1
11312,51.433,-0.133,-1
11313,51.433,-0.117,-1
11314,51.433,-0.1,-1
11315,51.433,-0.083,-1
11316,51.433,-0.067,-1
11317,51.433,-0.05,-1
11318,51.417,-0.017,-1
11319,51.433,0,-1
11320,51.417,0.017,-1
11321,51.433,0.05,-1
11322,51.417,0.083,-1
11323,51.417,0.083,-1
11324,51.417,0.117,-1
11325,51.417,0.117,-1
11326,51.417,0.15,-1
11327,51.417,0.2,-1
11328,51.417,0.367,-1
11329,51.417,0.4,-1
11330,51.417,0.417,-1
11331,51.417,0.417,-1
11332,51.417,0.45,-1
11333,51.417,0.733,-1
11334,51.417,0.733,-1
11335,51.417,0.783,-1
11336,51.45,-3.183,-1
11337,51.433,-3.167,-1
11338,51.45,-2.85,-1
11339,51.45,-2.833,-1
11340,51.45,-2.817,-1
11341,51.45,-2.8,-1
11343,51.45,-2.733,-1
11344,51.45,-2.617,-1
11345,51.45,-2.6,-1
11346,51.45,-2.583,-1
11347,51.45,-2.517,-1
11348,51.45,-2.5,-1
11349,51.45,-2.467,-1
11350,51.45,-2.433,-1
11351,51.45,-2.2,-1
11352,51.45,-2.083,-1
11353,51.45,-1.8,-1
11354,51.45,-1.317,-1
11355,51.45,-1.133,-1
11356,51.45,-1.05,-1
11358,51.45,-0.983,-1
11359,51.45,-0.95,-1
11360,51.45,-0.933,-1
11361,51.45,-0.9,-1
11362,51.45,-0.767,-1
11363,51.45,-0.617,-1
11364,51.433,-0.583,-1
11366,51.433,-0.417,-1
11367,51.433,-0.4,-1
11368,51.433,-0.35,-1
11369,51.433,-0.333,-1
11370,51.433,-0.3,-1
11371,51.433,-0.3,-1
11372,51.433,-0.183,-1
11373,51.433,-0.183,-1
11374,51.433,-0.15,-1
11375,51.433,-0.133,-1
11376,51.433,-0.117,-1
11377,51.433,-0.1,-1
11378,51.433,-0.083,-1
11379,51.433,-0.083,-1
11380,51.433,-0.05,-1
11381,51.433,0,-1
11382,51.433,0,-1
11383,51.433,0.033,-1
11384,51.433,0.05,-1
11385,51.433,0.133,-1
11386,51.433,0.15,-1
11387,51.433,0.217,-1
11388,51.433,0.217,-1
11389,51.433,0.367,-1
11390,51.433,0.4,-1
11391,51.417,0.55,-1
11392,51.45,-2.65,-1
11393,51.45,-2.617,-1
11394,51.45,-2.55,-1
11395,51.45,-2.417,-1
11396,51.467,-2.4,-1
11397,51.467,-2.317,-1
11398,51.467,-2.117,-1
11399,51.467,-2.1,-1
11400,51.45,-1.367,-1
11401,51.45,-1.05,-1
11402,51.45,-1.033,-1
11403,51.45,-1,-1
11404,51.45,-0.983,-1
11405,51.45,-0.967,-1
11406,51.45,-0.95,-1
11407,51.467,-0.933,-1
11408,51.45,-0.917,-1
11409,51.45,-0.883,-1
11410,51.45,-0.883,-1
11411,51.45,-0.467,-1
11412,51.45,-0.35,-1
11413,51.45,-0.317,-1
11414,51.45,-0.3,-1
11415,51.45,-0.233,-1
11416,51.45,-0.217,-1
11417,51.45,-0.15,-1
11418,51.45,-0.133,-1
11419,51.45,-0.117,-1
11420,51.45,-0.1,-1
11421,51.433,-0.083,-1
11422,51.433,-0.05,-1
11423,51.45,-0.05,-1
11424,51.45,-0.033,-1
11425,51.45,0,-1
11426,51.433,0,-1
11427,51.45,0.017,-1
11428,51.45,0.017,-1
11429,51.433,0.05,-1
11430,51.433,0.067,-1
11431,51.45,0.083,-1
11432,51.45,0.1,-1
11433,51.45,0.117,-1
11434,51.45,0.15,-1
11435,51.45,0.183,-1
11436,51.433,0.217,-1
11437,51.433,0.25,-1
11438,51.433,0.333,-1
11439,51.433,0.367,-1
11440,51.433,0.367,-1
11441,51.433,0.4,-1
11442,51.433,0.55,-1
11443,51.433,0.783,-1
11444,51.417,0.8,-1
11445,51.45,-3.483,-1
11446,51.45,-3.45,-1
11447,51.45,-3.433,-1
11448,51.467,-3.25,-1
11449,51.467,-3.167,-1
11450,51.467,-2.617,-1
11451,51.467,-2.6,-1
11452,51.467,-2.567,-1
11453,51.467,-2.55,-1
11454,51.467,-2.5,-1
11455,51.467,-2.483,-1
11456,51.467,-2.133,-1
11457,51.467,-2.117,-1
11458,51.467,-2.1,-1
11459,51.467,-1.083,-1
11460,51.467,-1.017,-1
11461,51.467,-0.95,-1
11462,51.467,-0.683,-1
11463,51.45,-0.55,-1
11464,51.45,-0.467,-1
11465,51.45,-0.417,-1
11466,51.45,-0.367,-1
11467,51.45,-0.333,-1
11468,51.467,-0.317,-1
11469,51.45,-0.283,-1
11470,51.45,-0.233,-1
11472,51.45,-0.183,-1
11473,51.45,-0.167,-1
11474,51.45,-0.133,-1
11475,51.45,-0.117,-1
11476,51.45,-0.1,-1
11477,51.45,-0.083,-1
11478,51.45,-0.067,-1
11479,51.45,-0.05,-1
11480,51.45,-0.033,-1
11481,51.45,0.067,-1
11482,51.45,0.083,-1
11483,51.45,0.1,-1
11484,51.45,0.133,-1
11485,51.45,0.183,-1
11486,51.45,0.2,-1
11487,51.45,0.217,-1
11488,51.45,0.317,-1
11489,51.45,0.483,-1
11490,51.433,0.8,-1
11491,51.467,-3.267,-1
11492,51.467,-3.233,-1
11493,51.467,-3.167,-1
11494,51.483,-2.783,-1
11495,51.467,-2.733,-1
11497,51.483,-2.683,-1
11498,51.483,-2.633,-1
11499,51.483,-2.617,-1
11500,51.483,-2.6,-1
11501,51.483,-2.583,-1
11502,51.467,-2.583,-1
11503,51.467,-2.533,-1
11504,51.483,-2.517,-1
11505,51.483,-2.5,-1
11506,51.483,-2.367,-1
11507,51.483,-1.767,-1
11508,51.483,-1.617,-1
11509,51.467,-1.033,-1
11510,51.467,-0.983,-1
11511,51.467,-0.967,-1
11512,51.483,-0.967,-1
11513,51.467,-0.95,-1
11514,51.467,-0.917,-1
11515,51.467,-0.617,-1
11516,51.467,-0.4,-1
11517,51.467,-0.4,-1
11518,51.467,-0.283,-1
11519,51.467,-0.267,-1
11520,51.467,-0.133,-1
11521,51.467,-0.083,-1
11522,51.467,-0.067,-1
11523,51.467,-0.067,-1
11524,51.467,0,-1
11525,51.467,0.017,-1
11527,51.45,0.183,-1
11528,51.45,0.217,-1
11529,51.433,0.75,-1
11530,51.483,-3.433,-1
11531,51.483,-3.317,-1
11532,51.483,-3.25,-1
11533,51.483,-3.217,-1
11534,51.483,-3.183,-1
11535,51.483,-3.183,-1
11536,51.483,-3.167,-1
11537,51.483,-2.783,-1
11538,51.483,-2.733,-1
11539,51.483,-2.717,-1
11540,51.483,-2.633,-1
11541,51.483,-2.6,-1
11542,51.483,-2.6,-1
11543,51.483,-2.567,-1
11544,51.483,-2.533,-1
11545,51.483,-2.517,-1
11546,51.483,-2.517,-1
11547,51.483,-2.5,-1
11548,51.483,-2.483,-1
11549,51.483,-1.633,-1
11550,51.483,-1.233,-1
11551,51.483,-1.117,-1
11552,51.483,-1.067,-1
11553,51.483,-1.033,-1
11554,51.483,-1,-1
11555,51.483,-0.983,-1
11556,51.483,-0.967,-1
11557,51.483,-0.95,-1
11558,51.483,-0.6,-1
11559,51.483,-0.55,-1
11560,51.483,-0.517,-1
11561,51.483,-0.383,-1
11562,51.467,-0.367,-1
11563,51.467,-0.333,-1
11564,51.467,-0.333,-1
11565,51.467,-0.283,-1
11566,51.467,-0.283,-1
11567,51.467,-0.25,-1
11569,51.467,-0.183,-1
11570,51.483,-0.167,-1
11571,51.483,-0.15,-1
11572,51.467,-0.133,-1
11573,51.467,-0.133,-1
11574,51.467,-0.1,-1
11575,51.467,-0.067,-1
11576,51.467,0,-1
11577,51.467,0,-1
11578,51.467,0.033,-1
11579,51.467,0.05,-1
11580,51.467,0.083,-1
11581,51.467,0.1,-1
11582,51.467,0.117,-1
11583,51.467,0.133,-1
11584,51.483,-3.667,-1
11585,51.483,-3.567,-1
11586,51.483,-3.467,-1
11587,51.483,-3.233,-1
11588,51.5,-3.217,-1
11589,51.483,-3.217,-1
11590,51.483,-3.2,-1
11591,51.483,-3.183,-1
11592,51.483,-3.15,-1
11593,51.483,-2.617,-1
11594,51.5,-2.583,-1
11596,51.5,-2.5,-1
11597,51.5,-2.283,-1
11598,51.483,-1.833,-1
11599,51.5,-1.5,-1
11601,51.483,-1.083,-1
11602,51.5,-0.833,-1
11603,51.483,-0.667,-1
11604,51.483,-0.6,-1
11605,51.483,-0.433,-1
11606,51.483,-0.333,-1
11607,51.483,-0.267,-1
11608,51.483,-0.267,-1
11609,51.483,-0.2,-1
11610,51.483,-0.183,-1
11611,51.483,-0.167,-1
11612,51.483,-0.117,-1
11613,51.483,-0.033,-1
11614,51.483,0,-1
11615,51.467,0.117,-1
11616,51.483,0.167,-1
11617,51.467,0.2,-1
11618,51.467,0.333,-1
11619,51.467,0.617,-1
11620,51.483,-3.7,-1
11621,51.5,-3.45,-1
11622,51.5,-3.217,-1
11624,51.5,-3.183,-1
11625,51.5,-3.15,-1
11626,51.5,-2.6,-1
11627,51.5,-2.55,-1
11628,51.5,-2.533,-1
11629,51.5,-2.333,-1
11630,51.5,-2.067,-1
11632,51.5,-1.367,-1
11633,51.5,-1.067,-1
11634,51.5,-0.85,-1
11635,51.5,-0.85,-1
11636,51.5,-0.7,-1
11637,51.5,-0.55,-1
11638,51.5,-0.433,-1
11639,51.483,-0.35,-1
11640,51.5,-0.3,-1
11641,51.5,-0.283,-1
11642,51.5,-0.267,-1
11643,51.483,-0.25,-1
11644,51.5,-0.233,-1
11645,51.5,-0.2,-1
11646,51.483,-0.183,-1
11647,51.483,-0.167,-1
11648,51.5,-0.117,-1
11649,51.483,-0.1,-1
11650,51.483,-0.067,-1
11651,51.483,0.067,-1
11653,51.483,0.117,-1
11654,51.483,0.133,-1
11655,51.483,0.233,-1
11656,51.483,0.317,-1
11657,51.483,0.333,-1
11658,51.5,-3.6,-1
11659,51.5,-3.583,-1
11660,51.5,-3.55,-1
11662,51.517,-3.217,-1
11663,51.5,-3.183,-1
11664,51.5,-3.15,-1
11665,51.517,-2.567,-1
11666,51.517,-2.5,-1
11667,51.517,-1.333,-1
11668,51.517,-1.25,-1
11669,51.5,-0.983,-1
11670,51.517,-0.967,-1
11671,51.517,-0.867,-1
11672,51.5,-0.717,-1
11673,51.517,-0.7,-1
11674,51.5,-0.583,-1
11675,51.5,-0.533,-1
11676,51.5,-0.317,-1
11677,51.5,-0.3,-1
11678,51.5,-0.283,-1
11679,51.5,-0.25,-1
11680,51.5,-0.25,-1
11681,51.5,-0.233,-1
11682,51.5,-0.183,-1
11683,51.5,-0.15,-1
11684,51.5,-0.117,-1
11685,51.5,0.067,-1
11686,51.5,0.067,-1
11687,51.5,0.3,-1
11688,51.483,0.333,-1
11689,51.483,0.35,-1
11690,51.483,0.383,-1
11691,51.517,-3.583,-1
11692,51.517,-3.567,-1
11693,51.517,-3.567,-1
11694,51.517,-3.25,-1
11695,51.517,-3.217,-1
11696,51.517,-3.2,-1
11697,51.517,-3.2,-1
11698,51.517,-3.183,-1
11700,51.517,-3.15,-1
11701,51.517,-3.15,-1
11702,51.517,-3.117,-1
11703,51.517,-3.1,-1
11704,51.517,-2.6,-1
11705,51.517,-2.55,-1
11706,51.517,-2.45,-1
11707,51.533,-1.783,-1
11708,51.517,-1.75,-1
11709,51.517,-0.983,-1
11710,51.517,-0.867,-1
11712,51.517,-0.733,-1
11713,51.517,-0.633,-1
11714,51.517,-0.533,-1
11715,51.517,-0.5,-1
11716,51.517,-0.4,-1
11717,51.517,-0.35,-1
11718,51.517,-0.333,-1
11719,51.517,-0.317,-1
11720,51.517,-0.3,-1
11721,51.5,-0.283,-1
11722,51.517,-0.25,-1
11723,51.517,-0.167,-1
11724,51.5,-0.15,-1
11725,51.5,-0.033,-1
11726,51.517,-3.683,-1
11727,51.517,-3.6,-1
11728,51.517,-3.567,-1
11729,51.517,-3.533,-1
11730,51.533,-3.317,-1
11731,51.517,-3.2,-1
11732,51.533,-3.183,-1
11733,51.517,-3.167,-1
11734,51.517,-3.15,-1
11735,51.517,-3.133,-1
11736,51.533,-2.583,-1
11737,51.533,-2.533,-1
11738,51.533,-2.5,-1
11739,51.533,-2.5,-1
11740,51.533,-2.467,-1
11741,51.533,-2.417,-1
11742,51.533,-2.4,-1
11743,51.533,-2.067,-1
11744,51.533,-1.9,-1
11745,51.533,-1.783,-1
11746,51.533,-1.7,-1
11747,51.533,-1.117,-1
11748,51.533,-0.9,-1
11749,51.533,-0.9,-1
11750,51.533,-0.75,-1
11751,51.533,-0.733,-1
11752,51.517,-0.65,-1
11753,51.517,-0.567,-1
11754,51.517,-0.433,-1
11755,51.517,-0.417,-1
11756,51.517,-0.367,-1
11757,51.517,-0.367,-1
11758,51.517,-0.317,-1
11759,51.517,-0.3,-1
11760,51.517,-0.217,-1
11761,51.517,-0.183,-1
11762,51.517,-0.15,-1
11763,51.517,-0.05,-1
11764,51.517,0,-1
11765,51.533,-3.583,-1
11766,51.533,-3.417,-1
11767,51.533,-3.35,-1
11768,51.533,-3.2,-1
11769,51.533,-3.2,-1
11770,51.533,-3.15,-1
11771,51.533,-3.133,-1
11772,51.533,-2.617,-1
11773,51.533,-2.567,-1
11774,51.55,-2.417,-1
11775,51.533,-2,-1
11776,51.533,-1.967,-1
11777,51.533,-1.883,-1
11778,51.55,-1.85,-1
11779,51.55,-1.8,-1
11781,51.55,-1.733,-1
11782,51.55,-1.717,-1
11783,51.55,-1.5,-1
11784,51.533,-1.067,-1
11785,51.533,-0.783,-1
11786,51.533,-0.75,-1
11787,51.533,-0.733,-1
11788,51.533,-0.7,-1
11789,51.533,-0.7,-1
11790,51.533,-0.65,-1
11791,51.533,-0.617,-1
11792,51.533,-0.567,-1
11793,51.533,-0.467,-1
11794,51.533,-0.467,-1
11795,51.533,-0.45,-1
11796,51.533,-0.4,-1
11797,51.533,-0.367,-1
11798,51.533,-0.35,-1
11799,51.533,-0.317,-1
11800,51.533,-0.3,-1
11801,51.533,-0.2,-1
11802,51.533,-0.2,-1
11803,51.533,-0.133,-1
11804,51.533,-0.033,-1
11806,51.517,0.017,-1
11807,51.517,0.033,-1
11808,51.533,0.05,-1
11809,51.517,0.25,-1
11810,51.517,0.567,-1
11811,51.55,-3.2,-1
11812,51.55,-3.183,-1
11813,51.55,-2.533,-1
11814,51.55,-2.417,-1
11815,51.55,-2.4,-1
11816,51.55,-2.367,-1
11817,51.55,-1.917,-1
11818,51.55,-1.75,-1
11819,51.55,-1.733,-1
11820,51.55,-1.683,-1
11821,51.55,-1.033,-1
11822,51.55,-0.9,-1
11823,51.533,-0.6,-1
11824,51.55,-0.583,-1
11825,51.55,-0.567,-1
11826,51.533,-0.55,-1
11827,51.533,-0.5,-1
11828,51.533,-0.467,-1
11829,51.533,-0.45,-1
11830,51.533,-0.45,-1
11831,51.533,-0.4,-1
11832,51.533,-0.333,-1
11833,51.533,-0.333,-1
11834,51.533,-0.2,-1
11835,51.533,-0.183,-1
11836,51.533,-0.167,-1
11838,51.533,-0.15,-1
11839,51.533,-0.067,-1
11840,51.533,0.033,-1
11841,51.533,0.033,-1
11842,51.517,0.433,-1
11843,51.517,0.6,-1
11844,51.55,-3.567,-1
11845,51.55,-3.1,-1
11846,51.567,-2.65,-1
11848,51.55,-2.167,-1
11849,51.567,-1.883,-1
11850,51.55,-1.783,-1
11851,51.567,-1.767,-1
11853,51.567,-1.733,-1
11854,51.567,-1.483,-1
11855,51.567,-1.367,-1
11856,51.55,-0.717,-1
11857,51.55,-0.633,-1
11858,51.55,-0.617,-1
11859,51.55,-0.55,-1
11860,51.55,-0.517,-1
11861,51.55,-0.483,-1
11862,51.55,-0.467,-1
11863,51.55,-0.433,-1
11864,51.55,-0.333,-1
11865,51.55,-0.2,-1
11866,51.55,-0.183,-1
11867,51.55,-0.15,-1
11868,51.55,-0.15,-1
11869,51.55,-0.1,-1
11870,51.55,-0.05,-1
11871,51.55,-0.017,-1
11873,51.533,0.433,-1
11874,51.533,0.783,-1
11875,51.55,-4.2,-1
11876,51.55,-4.167,-1
11878,51.567,-3.083,-1
11879,51.567,-2.633,-1
11880,51.567,-2.55,-1
11881,51.567,-1.833,-1
11882,51.567,-1.767,-1
11883,51.567,-1.617,-1
11884,51.567,-1.183,-1
11885,51.567,-1.15,-1
11886,51.567,-0.767,-1
11887,51.567,-0.733,-1
11888,51.567,-0.6,-1
11889,51.55,-0.5,-1
11890,51.55,-0.45,-1
11891,51.55,-0.367,-1
11892,51.55,-0.35,-1
11893,51.55,-0.333,-1
11894,51.55,-0.3,-1
11895,51.55,-0.283,-1
11896,51.55,-0.167,-1
11897,51.55,-0.15,-1
11898,51.55,-0.133,-1
11899,51.55,-0.133,-1
11900,51.55,-0.117,-1
11901,51.55,-0.083,-1
11902,51.55,-0.067,-1
11903,51.55,-0.05,-1
11904,51.55,-0.033,-1
11905,51.55,-0.017,-1
11906,51.55,-0.017,-1
11907,51.55,0,-1
11908,51.55,0.017,-1
11909,51.55,0.033,-1
11910,51.55,0.133,-1
11911,51.55,0.217,-1
11912,51.55,0.233,-1
11913,51.55,0.317,-1
11914,51.55,0.383,-1
11915,51.533,0.633,-1
11916,51.533,0.667,-1
11917,51.533,0.683,-1
11918,51.533,0.75,-1
11919,51.533,0.767,-1
11920,51.567,-3.5,-1
11921,51.567,-3.233,-1
11922,51.567,-3.167,-1
11923,51.567,-3.05,-1
11924,51.583,-2.95,-1
11925,51.583,-2.867,-1
11926,51.583,-2.133,-1
11927,51.583,-2.083,-1
11928,51.567,-1.883,-1
11929,51.583,-1.833,-1
11930,51.583,-1.8,-1
11931,51.567,-1.75,-1
11932,51.567,-1.3,-1
11933,51.583,-1.3,-1
11934,51.583,-1.25,-1
11935,51.567,-1.183,-1
11936,51.567,-1.017,-1
11937,51.567,-0.817,-1
11938,51.567,-0.8,-1
11939,51.567,-0.783,-1
11940,51.567,-0.783,-1
11941,51.567,-0.767,-1
11942,51.567,-0.7,-1
11943,51.567,-0.5,-1
11944,51.567,-0.45,-1
11945,51.567,-0.383,-1
11946,51.567,-0.317,-1
11947,51.567,-0.183,-1
11948,51.567,-0.183,-1
11949,51.55,-0.167,-1
11950,51.567,-0.133,-1
11951,51.567,-0.133,-1
11952,51.567,-0.083,-1
11953,51.567,-0.033,-1
11954,51.567,-0.033,-1
11956,51.55,0.017,-1
11957,51.567,0.033,-1
11958,51.55,0.1,-1
11959,51.55,0.2,-1
11960,51.55,0.233,-1
11961,51.55,0.25,-1
11962,51.55,0.267,-1
11963,51.55,0.433,-1
11964,51.55,0.5,-1
11965,51.55,0.567,-1
11966,51.55,0.583,-1
11967,51.55,0.617,-1
11968,51.55,0.633,-1
11969,51.55,0.65,-1
11970,51.55,0.683,-1
11971,51.55,0.717,-1
11972,51.55,0.717,-1
11973,51.567,-4.217,-1
11974,51.583,-3.1,-1
11975,51.583,-2.9,-1
11976,51.583,-2.6,-1
11977,51.583,-2.567,-1
11978,51.583,-2.317,-1
11979,51.583,-2.1,-1
11980,51.583,-1.867,-1
11981,51.583,-1.817,-1
11984,51.583,-1.483,-1
11985,51.583,-1.467,-1
11986,51.583,-1.467,-1
11987,51.583,-1.417,-1
11988,51.583,-1.4,-1
11989,51.583,-1.25,-1
11990,51.583,-1.217,-1
11991,51.583,-0.767,-1
11992,51.583,-0.7,-1
11994,51.583,-0.55,-1
11995,51.583,-0.55,-1
11996,51.583,-0.433,-1
11997,51.567,-0.433,-1
11998,51.583,-0.417,-1
11999,51.583,-0.4,-1
12000,51.567,-0.333,-1
12001,51.567,-0.133,-1
12002,51.567,-0.1,-1
12003,51.567,-0.083,-1
12004,51.567,-0.05,-1
12005,51.567,0,-1
12006,51.567,0.183,-1
12007,51.567,0.217,-1
12008,51.567,0.233,-1
12009,51.567,0.267,-1
12010,51.55,0.55,-1
12011,51.55,0.55,-1
12012,51.55,0.567,-1
12013,51.55,0.583,-1
12014,51.55,0.617,-1
12015,51.55,0.65,-1
12016,51.55,0.683,-1
12017,51.567,0.7,-1
12018,51.55,0.717,-1
12019,51.55,0.767,-1
12020,51.55,0.817,-1
12021,51.583,-4.15,-1
12022,51.583,-4.083,-1
12023,51.583,-4.067,-1
12024,51.583,-4.033,-1
12025,51.583,-3.217,-1
12027,51.6,-2.967,-1
12028,51.6,-2.917,-1
12029,51.6,-2.817,-1
12030,51.6,-2.75,-1
12031,51.583,-2.7,-1
12032,51.6,-2.55,-1
12033,51.6,-2.517,-1
12034,51.6,-2.383,-1
12035,51.6,-2.05,-1
12036,51.583,-1.867,-1
12037,51.6,-1.85,-1
12038,51.6,-1.8,-1
12039,51.6,-1.783,-1
12040,51.6,-1.767,-1
12041,51.6,-1.75,-1
12042,51.6,-1.4,-1
12043,51.6,-1.35,-1
12044,51.6,-1.283,-1
12045,51.583,-1.233,-1
12046,51.583,-1.183,-1
12047,51.583,-1.183,-1
12048,51.583,-0.983,-1
12049,51.583,-0.933,-1
12050,51.583,-0.767,-1
12051,51.6,-0.75,-1
12052,51.583,-0.7,-1
12053,51.583,-0.467,-1
12054,51.583,-0.417,-1
12055,51.583,-0.4,-1
12056,51.583,-0.383,-1
12057,51.583,-0.367,-1
12058,51.583,-0.333,-1
12059,51.583,-0.333,-1
12061,51.583,-0.267,-1
12062,51.583,-0.217,-1
12063,51.583,-0.2,-1
12064,51.583,-0.183,-1
12065,51.583,-0.15,-1
12066,51.583,-0.15,-1
12067,51.583,-0.117,-1
12068,51.583,-0.1,-1
12069,51.583,-0.067,-1
12070,51.583,-0.067,-1
12071,51.583,0,-1
12072,51.583,0,-1
12073,51.583,0.017,-1
12074,51.583,0.033,-1
12076,51.583,0.083,-1
12077,51.583,0.1,-1
12078,51.567,0.15,-1
12079,51.583,0.217,-1
12080,51.567,0.25,-1
12081,51.567,0.35,-1
12082,51.567,0.633,-1
12083,51.567,0.667,-1
12084,51.583,-4.033,-1
12085,51.6,-3.2,-1
12086,51.6,-3.15,-1
12087,51.6,-3.083,-1
12088,51.6,-3.067,-1
12089,51.6,-3,-1
12090,51.6,-2.933,-1
12091,51.6,-2.733,-1
12092,51.6,-2.567,-1
12093,51.6,-2.5,-1
12094,51.6,-1.567,-1
12095,51.6,-1.25,-1
12096,51.6,-1.233,-1
12097,51.6,-1.217,-1
12098,51.6,-1.117,-1
12099,51.6,-1.083,-1
12100,51.6,-0.8,-1
12101,51.6,-0.55,-1
12102,51.6,-0.467,-1
12103,51.583,-0.4,-1
12104,51.583,-0.35,-1
12105,51.6,-0.333,-1
12106,51.6,-0.183,-1
12107,51.6,-0.183,-1
12108,51.583,-0.15,-1
12109,51.583,-0.133,-1
12110,51.583,-0.117,-1
12111,51.583,-0.117,-1
12112,51.583,-0.083,-1
12113,51.583,-0.067,-1
12114,51.583,0,-1
12115,51.583,0.017,-1
12116,51.583,0.033,-1
12117,51.583,0.167,-1
12118,51.583,0.167,-1
12119,51.583,0.183,-1
12120,51.583,0.2,-1
12121,51.583,0.25,-1
12122,51.583,0.417,-1
12124,51.6,-4.2,-1
12125,51.6,-4,-1
12126,51.6,-3.983,-1
12127,51.6,-3.65,-1
12128,51.6,-3.567,-1
12129,51.6,-3.35,-1
12130,51.6,-3.333,-1
12131,51.617,-2.383,-1
12132,51.617,-2.017,-1
12133,51.617,-1.6,-1
12134,51.617,-1.417,-1
12135,51.6,-1.417,-1
12137,51.6,-1.15,-1
12138,51.6,-1.133,-1
12139,51.617,-1.083,-1
12140,51.6,-0.85,-1
12141,51.6,-0.717,-1
12142,51.6,-0.667,-1
12143,51.6,-0.65,-1
12144,51.6,-0.633,-1
12145,51.6,-0.617,-1
12146,51.6,-0.55,-1
12147,51.6,-0.533,-1
12148,51.6,-0.533,-1
12149,51.6,-0.467,-1
12150,51.6,-0.383,-1
12151,51.6,-0.3,-1
12152,51.6,-0.283,-1
12153,51.6,-0.183,-1
12155,51.6,-0.15,-1
12156,51.6,-0.133,-1
12157,51.6,-0.133,-1
12158,51.6,-0.083,-1
12159,51.6,-0.017,-1
12160,51.6,-0.017,-1
12161,51.6,0.083,-1
12162,51.6,0.167,-1
12163,51.6,0.183,-1
12164,51.583,0.333,-1
12165,51.583,0.533,-1
12166,51.583,0.6,-1
12167,51.617,-3.783,-1
12168,51.617,-3.083,-1
12169,51.617,-3.05,-1
12170,51.617,-2.967,-1
12171,51.617,-2.85,-1
12172,51.617,-1.783,-1
12173,51.617,-1.367,-1
12174,51.617,-1.317,-1
12175,51.617,-1.1,-1
12176,51.617,-1.067,-1
12177,51.617,-0.767,-1
12178,51.617,-0.733,-1
12179,51.617,-0.483,-1
12180,51.617,-0.433,-1
12181,51.617,-0.4,-1
12182,51.617,-0.367,-1
12183,51.617,-0.35,-1
12184,51.617,-0.333,-1
12185,51.6,-0.317,-1
12186,51.6,-0.233,-1
12187,51.6,-0.183,-1
12188,51.6,-0.183,-1
12189,51.6,0.017,-1
12190,51.6,0.15,-1
12191,51.6,0.167,-1
12192,51.6,0.2,-1
12193,51.6,0.217,-1
12194,51.6,0.233,-1
12195,51.6,0.417,-1
12196,51.617,-4.05,-1
12197,51.617,-3.983,-1
12198,51.617,-3.967,-1
12200,51.617,-3.633,-1
12201,51.617,-3.367,-1
12202,51.617,-3.3,-1
12203,51.617,-3.017,-1
12204,51.633,-2.817,-1
12206,51.633,-2.367,-1
12207,51.633,-2.333,-1
12208,51.633,-1.417,-1
12209,51.633,-1.233,-1
12210,51.617,-0.817,-1
12211,51.633,-0.767,-1
12212,51.633,-0.75,-1
12213,51.617,-0.75,-1
12214,51.633,-0.667,-1
12215,51.633,-0.567,-1
12216,51.633,-0.567,-1
12217,51.617,-0.367,-1
12218,51.617,-0.35,-1
12219,51.617,-0.233,-1
12220,51.617,-0.183,-1
12221,51.617,-0.167,-1
12222,51.617,-0.167,-1
12223,51.617,-0.133,-1
12224,51.617,-0.133,-1
12225,51.617,-0.1,-1
12226,51.617,-0.067,-1
12227,51.617,-0.017,-1
12228,51.617,0,-1
12229,51.617,0.067,-1
12230,51.6,0.183,-1
12231,51.6,0.2,-1
12232,51.617,0.3,-1
12233,51.617,0.4,-1
12234,51.6,0.4,-1
12235,51.6,0.5,-1
12237,51.6,0.65,-1
12238,51.6,0.667,-1
12239,51.6,0.683,-1
12240,51.617,-4.25,-1
12242,51.617,-4,-1
12243,51.633,-3.45,-1
12244,51.633,-3.233,-1
12245,51.633,-3.067,-1
12246,51.633,-3,-1
12247,51.633,-2.667,-1
12248,51.633,-2.533,-1
12249,51.633,-2.367,-1
12250,51.633,-2.333,-1
12251,51.633,-2.15,-1
12252,51.65,-1.933,-1
12253,51.633,-1.85,-1
12254,51.633,-1.717,-1
12256,51.633,-1.5,-1
12257,51.633,-1.4,-1
12258,51.65,-1.367,-1
12259,51.633,-1.3,-1
12260,51.633,-1.233,-1
12261,51.633,-0.867,-1
12262,51.633,-0.733,-1
12263,51.633,-0.633,-1
12264,51.633,-0.567,-1
12266,51.633,-0.45,-1
12267,51.633,-0.45,-1
12268,51.633,-0.383,-1
12269,51.617,-0.3,-1
12270,51.633,-0.25,-1
12271,51.633,-0.183,-1
12272,51.633,-0.167,-1
12275,51.617,-0.083,-1
12276,51.633,-0.067,-1
12277,51.617,0,-1
12278,51.617,0,-1
12279,51.617,0.033,-1
12280,51.617,0.283,-1
12281,51.617,0.3,-1
12282,51.617,0.317,-1
12283,51.617,0.4,-1
12284,51.617,0.433,-1
12285,51.617,0.5,-1
12286,51.617,0.567,-1
12287,51.617,0.617,-1
12288,51.617,0.633,-1
12289,51.617,0.65,-1
12290,51.633,-4.133,-1
12291,51.633,-4.05,-1
12292,51.633,-3.733,-1
12293,51.633,-3.45,-1
12294,51.633,-3.35,-1
12295,51.633,-3.3,-1
12296,51.633,-3.233,-1
12297,51.65,-3.167,-1
12298,51.65,-2.933,-1
12299,51.65,-2.467,-1
12300,51.65,-1.933,-1
12301,51.65,-1.667,-1
12302,51.65,-1.583,-1
12303,51.65,-1.517,-1
12304,51.65,-1.3,-1
12305,51.65,-1,-1
12306,51.65,-0.783,-1
12308,51.633,-0.75,-1
12309,51.633,-0.75,-1
12310,51.633,-0.733,-1
12311,51.633,-0.567,-1
12312,51.65,-0.467,-1
12313,51.633,-0.4,-1
12314,51.633,-0.383,-1
12315,51.633,-0.367,-1
12316,51.633,-0.35,-1
12317,51.633,-0.333,-1
12318,51.633,-0.183,-1
12319,51.633,-0.15,-1
12320,51.633,-0.133,-1
12321,51.633,0,-1
12322,51.633,0.033,-1
12323,51.633,0.033,-1
12324,51.617,0.267,-1
12325,51.617,0.267,-1
12326,51.633,0.3,-1
12327,51.617,0.4,-1
12328,51.633,0.417,-1
12329,51.617,0.417,-1
12330,51.617,0.717,-1
12331,51.617,0.733,-1
12332,51.633,-4.083,-1
12333,51.65,-3.933,-1
12334,51.65,-3.183,-1
12335,51.667,-1.867,-1
12336,51.65,-1.133,-1
12337,51.65,-0.983,-1
12338,51.65,-0.85,-1
12339,51.65,-0.75,-1
12340,51.65,-0.7,-1
12342,51.65,-0.45,-1
12343,51.65,-0.433,-1
12344,51.65,-0.433,-1
12345,51.65,-0.35,-1
12346,51.65,-0.333,-1
12347,51.65,-0.317,-1
12348,51.65,-0.3,-1
12349,51.65,-0.25,-1
12350,51.65,-0.2,-1
12351,51.65,-0.183,-1
12352,51.633,-0.167,-1
12353,51.65,-0.15,-1
12354,51.633,-0.1,-1
12355,51.65,-0.067,-1
12356,51.65,0,-1
12357,51.65,0.033,-1
12358,51.65,0.05,-1
12359,51.633,0.283,-1
12360,51.633,0.35,-1
12361,51.633,0.35,-1
12362,51.633,0.417,-1
12363,51.633,0.517,-1
12364,51.65,-4.033,-1
12365,51.667,-3.317,-1
12366,51.667,-2.983,-1
12367,51.667,-2.833,-1
12368,51.667,-2.733,-1
12369,51.667,-2.7,-1
12370,51.667,-1.317,-1
12371,51.667,-1.283,-1
12372,51.667,-1.067,-1
12373,51.667,-0.833,-1
12374,51.667,-0.733,-1
12375,51.667,-0.7,-1
12376,51.667,-0.683,-1
12377,51.65,-0.633,-1
12378,51.667,-0.6,-1
12379,51.667,-0.583,-1
12380,51.667,-0.567,-1
12381,51.65,-0.517,-1
12382,51.65,-0.483,-1
12383,51.65,-0.433,-1
12385,51.667,-0.4,-1
12386,51.65,-0.383,-1
12387,51.65,-0.35,-1
12388,51.65,-0.2,-1
12389,51.65,-0.167,-1
12390,51.65,-0.167,-1
12391,51.65,-0.15,-1
12392,51.65,-0.067,-1
12393,51.65,-0.067,-1
12394,51.65,0,-1
12395,51.65,0.05,-1
12396,51.65,0.067,-1
12397,51.65,0.25,-1
12398,51.65,0.417,-1
12399,51.65,0.433,-1
12400,51.633,0.6,-1
12401,51.633,0.617,-1
12402,51.633,0.8,-1
12403,51.633,0.817,-1
12404,51.633,0.85,-1
12405,51.6,-6.217,-1
12406,51.667,-4.05,-1
12407,51.667,-4.033,-1
12409,51.667,-3.833,-1
12410,51.667,-3.8,-1
12411,51.667,-3.367,-1
12412,51.667,-3.217,-1
12413,51.667,-2.733,-1
12414,51.683,-2.383,-1
12415,51.683,-2.367,-1
12416,51.683,-2.35,-1
12417,51.667,-2.333,-1
12418,51.667,-2.3,-1
12419,51.667,-1.85,-1
12420,51.667,-1.767,-1
12421,51.667,-1.533,-1
12422,51.667,-1.333,-1
12423,51.667,-1.283,-1
12424,51.667,-1.283,-1
12425,51.683,-1.25,-1
12426,51.667,-1.067,-1
12427,51.667,-0.783,-1
12428,51.667,-0.733,-1
12429,51.667,-0.6,-1
12430,51.667,-0.55,-1
12431,51.667,-0.417,-1
12432,51.667,-0.4,-1
12433,51.667,-0.35,-1
12434,51.65,-0.2,-1
12435,51.667,-0.067,-1
12436,51.65,-0.05,-1
12437,51.65,0.017,-1
12438,51.667,0.05,-1
12439,51.65,0.617,-1
12440,51.65,-4.783,-1
12441,51.65,-4.717,-1
12442,51.667,-4.05,-1
12443,51.667,-3.8,-1
12444,51.667,-3.783,-1
12445,51.683,-3.633,-1
12446,51.667,-3.35,-1
12447,51.683,-3.283,-1
12448,51.683,-3.2,-1
12449,51.683,-3.05,-1
12450,51.683,-2.8,-1
12451,51.683,-2.467,-1
12452,51.683,-2.35,-1
12453,51.683,-2.3,-1
12454,51.683,-2.3,-1
12455,51.683,-2.217,-1
12456,51.683,-2.133,-1
12457,51.683,-2.017,-1
12458,51.683,-1.933,-1
12459,51.683,-1.417,-1
12460,51.683,-1.267,-1
12461,51.683,-1.267,-1
12462,51.683,-1.217,-1
12463,51.683,-0.883,-1
12464,51.683,-0.6,-1
12465,51.667,-0.583,-1
12466,51.667,-0.567,-1
12467,51.667,-0.4,-1
12468,51.667,-0.083,-1
12469,51.667,-0.067,-1
12470,51.667,-0.033,-1
12471,51.667,-0.017,-1
12472,51.667,0.3,-1
12474,51.65,0.9,-1
12475,51.683,-3.433,-1
12476,51.683,-2.8,-1
12477,51.7,-2.45,-1
12478,51.7,-2.367,-1
12479,51.7,-2.217,-1
12480,51.7,-2.2,-1
12481,51.7,-2.183,-1
12482,51.7,-2.167,-1
12483,51.683,-1.95,-1
12484,51.683,-1.667,-1
12485,51.683,-1.55,-1
12486,51.7,-1.383,-1
12487,51.683,-1.267,-1
12488,51.683,-1.25,-1
12489,51.683,-1.233,-1
12490,51.683,-1.183,-1
12491,51.7,-1.083,-1
12492,51.683,-0.8,-1
12493,51.683,-0.8,-1
12494,51.683,-0.7,-1
12495,51.683,-0.633,-1
12496,51.683,-0.6,-1
12497,51.683,-0.583,-1
12498,51.683,-0.483,-1
12499,51.683,-0.367,-1
12500,51.683,-0.317,-1
12501,51.683,-0.317,-1
12502,51.683,-0.25,-1
12504,51.683,0,-1
12505,51.667,0.283,-1
12506,51.667,0.367,-1
12507,51.667,0.433,-1
12508,51.65,0.75,-1
12509,51.7,-3,-1
12510,51.7,-2.867,-1
12511,51.7,-2.35,-1
12512,51.7,-2.2,-1
12513,51.7,-2.167,-1
12514,51.7,-1.867,-1
12515,51.7,-1.85,-1
12516,51.7,-1.75,-1
12517,51.7,-1.683,-1
12518,51.7,-1.25,-1
12519,51.7,-1.167,-1
12520,51.7,-0.967,-1
12521,51.7,-0.917,-1
12522,51.7,-0.9,-1
12523,51.7,-0.717,-1
12524,51.7,-0.7,-1
12525,51.683,-0.617,-1
12526,51.7,-0.583,-1
12527,51.683,-0.417,-1
12528,51.683,-0.4,-1
12529,51.683,-0.167,-1
12530,51.683,-0.133,-1
12531,51.683,0,-1
12532,51.683,0,-1
12533,51.683,0.3,-1
12534,51.683,0.333,-1
12536,51.683,-4.75,-1
12537,51.683,-4.133,-1
12538,51.7,-3.883,-1
12539,51.7,-3.4,-1
12540,51.7,-2.967,-1
12541,51.7,-2.3,-1
12542,51.7,-2.267,-1
12543,51.717,-2.2,-1
12544,51.717,-2.183,-1
12545,51.717,-2.167,-1
12546,51.7,-1.967,-1
12547,51.717,-1.95,-1
12548,51.717,-1.35,-1
12549,51.7,-1.317,-1
12552,51.7,-1.233,-1
12553,51.7,-0.933,-1
12554,51.7,-0.933,-1
12555,51.717,-0.8,-1
12556,51.7,-0.733,-1
12557,51.7,-0.717,-1
12558,51.7,-0.7,-1
12559,51.7,-0.6,-1
12560,51.7,-0.433,-1
12561,51.7,-0.417,-1
12562,51.7,-0.4,-1
12563,51.7,-0.217,-1
12564,51.7,-0.2,-1
12565,51.7,-0.167,-1
12566,51.7,-0.167,-1
12567,51.7,-0.05,-1
12568,51.7,-0.033,-1
12569,51.683,0.4,-1
12570,51.683,-4.933,-1
12572,51.7,-4.033,-1
12573,51.717,-3.433,-1
12574,51.717,-3.117,-1
12575,51.717,-2.7,-1
12576,51.717,-2.65,-1
12577,51.717,-2.583,-1
12578,51.717,-2.2,-1
12579,51.717,-2.183,-1
12580,51.717,-2.183,-1
12581,51.717,-1.967,-1
12582,51.717,-1.967,-1
12583,51.717,-1.583,-1
12584,51.717,-1.533,-1
12585,51.717,-1.267,-1
12587,51.717,-1.15,-1
12588,51.717,-0.867,-1
12589,51.717,-0.717,-1
12590,51.717,-0.6,-1
12591,51.717,-0.6,-1
12592,51.717,-0.583,-1
12593,51.7,-0.2,-1
12594,51.7,-0.167,-1
12595,51.717,-0.133,-1
12596,51.7,-0.067,-1
12597,51.7,-0.033,-1
12598,51.7,-0.017,-1
12599,51.7,0.1,-1
12600,51.7,0.1,-1
12601,51.7,0.2,-1
12602,51.7,0.233,-1
12603,51.7,0.317,-1
12604,51.7,0.467,-1
12605,51.683,0.65,-1
12606,51.683,-4.917,-1
12607,51.717,-4.033,-1
12608,51.717,-4.017,-1
12609,51.717,-3.85,-1
12610,51.733,-3.017,-1
12611,51.733,-2.833,-1
12612,51.733,-2.683,-1
12613,51.733,-2.667,-1
12614,51.733,-2.517,-1
12615,51.733,-2.517,-1
12616,51.733,-2.45,-1
12617,51.733,-2.367,-1
12618,51.733,-2.183,-1
12619,51.733,-2.15,-1
12620,51.733,-2.1,-1
12621,51.733,-1.967,-1
12622,51.733,-1.7,-1
12623,51.733,-1.683,-1
12624,51.733,-1.633,-1
12625,51.733,-1.533,-1
12626,51.733,-1.433,-1
12627,51.733,-1.383,-1
12628,51.717,-1.25,-1
12629,51.717,-1.233,-1
12630,51.733,-1.217,-1
12631,51.717,-0.817,-1
12632,51.717,-0.75,-1
12633,51.733,-0.717,-1
12634,51.717,-0.533,-1
12635,51.717,-0.333,-1
12636,51.717,-0.283,-1
12637,51.717,-0.1,-1
12639,51.7,0.45,-1
12640,51.7,0.467,-1
12641,51.7,0.567,-1
12642,51.7,0.85,-1
12643,51.7,-5.067,-1
12644,51.7,-4.95,-1
12645,51.7,-4.733,-1
12646,51.733,-2.983,-1
12647,51.733,-2.283,-1
12648,51.733,-2.233,-1
12649,51.733,-2.217,-1
12650,51.733,-2.2,-1
12651,51.733,-1.583,-1
12652,51.733,-1.4,-1
12653,51.733,-1.317,-1
12654,51.733,-1.233,-1
12655,51.733,-1.017,-1
12656,51.733,-0.567,-1
12657,51.733,-0.55,-1
12658,51.733,-0.483,-1
12659,51.733,-0.333,-1
12660,51.717,-0.217,-1
12661,51.717,-0.017,-1
12662,51.717,0.117,-1
12663,51.717,0.433,-1
12664,51.717,0.45,-1
12665,51.717,0.467,-1
12666,51.717,0.5,-1
12667,51.717,0.567,-1
12668,51.717,0.583,-1
12669,51.717,0.667,-1
12670,51.717,-4.733,-1
12671,51.717,-4.7,-1
12672,51.717,-4.7,-1
12673,51.733,-3.383,-1
12674,51.733,-2.783,-1
12675,51.75,-2.317,-1
12676,51.75,-2.267,-1
12677,51.75,-2.2,-1
12678,51.75,-2.183,-1
12679,51.75,-1.45,-1
12680,51.75,-1.317,-1
12681,51.75,-1.3,-1
12682,51.75,-1.267,-1
12683,51.733,-1.25,-1
12684,51.75,-1.217,-1
12685,51.75,-1.15,-1
12686,51.75,-1.117,-1
12687,51.75,-0.983,-1
12688,51.75,-0.967,-1
12689,51.75,-0.95,-1
12690,51.75,-0.833,-1
12691,51.733,-0.633,-1
12692,51.733,-0.483,-1
12693,51.733,-0.45,-1
12695,51.733,-0.35,-1
12696,51.733,-0.267,-1
12697,51.733,-0.217,-1
12698,51.733,-0.017,-1
12699,51.717,0.4,-1
12700,51.717,0.467,-1
12701,51.717,0.567,-1
12702,51.717,0.667,-1
12703,51.717,-4.9,-1
12704,51.717,-4.9,-1
12705,51.733,-4.283,-1
12706,51.733,-3.883,-1
12707,51.75,-3.467,-1
12708,51.75,-3.217,-1
12709,51.75,-2.5,-1
12710,51.75,-2.467,-1
12711,51.75,-1.6,-1
12712,51.75,-1.25,-1
12713,51.75,-1.25,-1
12714,51.75,-1.233,-1
12715,51.75,-1.217,-1
12716,51.75,-1.133,-1
12717,51.75,-0.967,-1
12718,51.75,-0.967,-1
12719,51.75,-0.8,-1
12720,51.75,-0.633,-1
12721,51.75,-0.483,-1
12722,51.75,-0.467,-1
12723,51.75,-0.433,-1
12724,51.75,-0.417,-1
12726,51.75,-0.333,-1
12727,51.75,-0.317,-1
12728,51.75,-0.317,-1
12729,51.75,-0.233,-1
12730,51.75,-0.167,-1
12731,51.733,-0.017,-1
12732,51.733,0.417,-1
12733,51.733,0.45,-1
12734,51.717,0.667,-1
12735,51.717,0.883,-1
12736,51.733,-5.05,-1
12737,51.717,-4.95,-1
12738,51.733,-4.783,-1
12739,51.75,-3.783,-1
12740,51.75,-3.6,-1
12741,51.767,-2.733,-1
12742,51.767,-2.417,-1
12743,51.767,-2.35,-1
12744,51.767,-2.133,-1
12745,51.767,-2,-1
12746,51.767,-1.583,-1
12747,51.767,-1.567,-1
12748,51.767,-1.483,-1
12749,51.767,-1.267,-1
12750,51.767,-1.25,-1
12751,51.767,-1.217,-1
12752,51.767,-1.2,-1
12754,51.767,-1.183,-1
12756,51.767,-1.05,-1
12757,51.75,-0.8,-1
12758,51.75,-0.667,-1
12759,51.75,-0.65,-1
12760,51.75,-0.567,-1
12761,51.75,-0.55,-1
12762,51.75,-0.483,-1
12763,51.75,-0.467,-1
12764,51.75,-0.333,-1
12765,51.75,-0.317,-1
12766,51.75,-0.3,-1
12767,51.75,-0.3,-1
12768,51.75,-0.267,-1
12769,51.75,-0.233,-1
12770,51.75,-0.217,-1
12771,51.75,-0.2,-1
12772,51.733,0.45,-1
12773,51.733,0.467,-1
12774,51.733,0.5,-1
12775,51.733,0.7,-1
12776,51.75,-4.25,-1
12777,51.75,-4.083,-1
12778,51.767,-3.4,-1
12779,51.767,-3.4,-1
12780,51.767,-3.317,-1
12781,51.767,-2.55,-1
12782,51.767,-2.35,-1
12783,51.767,-2.317,-1
12784,51.783,-1.5,-1
12785,51.767,-1.483,-1
12786,51.767,-1.317,-1
12787,51.783,-1.25,-1
12788,51.767,-1.25,-1
12789,51.767,-1.217,-1
12790,51.767,-1.117,-1
12791,51.767,-0.917,-1
12792,51.767,-0.733,-1
12793,51.767,-0.65,-1
12794,51.767,-0.633,-1
12795,51.767,-0.583,-1
12796,51.767,-0.567,-1
12797,51.767,-0.483,-1
12798,51.767,-0.333,-1
12799,51.767,-0.317,-1
12800,51.767,-0.3,-1
12801,51.767,-0.217,-1
12802,51.75,-0.217,-1
12803,51.767,-0.167,-1
12805,51.767,-0.017,-1
12806,51.75,0,-1
12807,51.75,0.083,-1
12808,51.75,0.083,-1
12809,51.75,0.15,-1
12811,51.75,0.35,-1
12812,51.75,0.433,-1
12813,51.75,0.45,-1
12814,51.75,0.467,-1
12815,51.733,-5.283,-1
12816,51.75,-4.9,-1
12817,51.767,-4.183,-1
12818,51.783,-2.85,-1
12819,51.783,-2.667,-1
12820,51.783,-2.6,-1
12821,51.783,-2.2,-1
12822,51.783,-2.183,-1
12823,51.783,-2.183,-1
12824,51.783,-1.5,-1
12825,51.783,-1.483,-1
12826,51.783,-1.467,-1
12827,51.783,-1.3,-1
12828,51.783,-1.25,-1
12829,51.783,-1.25,-1
12830,51.783,-1.233,-1
12831,51.783,-1.217,-1
12832,51.783,-1,-1
12833,51.783,-0.983,-1
12834,51.783,-0.883,-1
12835,51.767,-0.583,-1
12836,51.783,-0.45,-1
12837,51.767,-0.317,-1
12838,51.767,-0.283,-1
12839,51.767,-0.217,-1
12840,51.767,-0.2,-1
12842,51.767,0.467,-1
12843,51.75,-5,-1
12844,51.783,-3.817,-1
12845,51.783,-3.433,-1
12846,51.783,-3.25,-1
12847,51.783,-2.983,-1
12848,51.783,-2.617,-1
12849,51.783,-2.617,-1
12850,51.8,-2.4,-1
12851,51.783,-2.35,-1
12852,51.783,-1.767,-1
12853,51.8,-1.533,-1
12854,51.783,-1.483,-1
12855,51.8,-1.467,-1
12856,51.783,-1.467,-1
12857,51.8,-1.417,-1
12858,51.783,-1.35,-1
12859,51.783,-1.283,-1
12860,51.783,-1.25,-1
12861,51.783,-1.167,-1
12862,51.783,-0.733,-1
12863,51.783,-0.633,-1
12864,51.783,-0.283,-1
12865,51.783,-0.183,-1
12867,51.783,0.117,-1
12868,51.75,0.733,-1
12869,51.767,0.817,-1
12870,51.75,-5.1,-1
12871,51.767,-4.75,-1
12872,51.767,-4.45,-1
12873,51.783,-4.267,-1
12874,51.783,-3.983,-1
12875,51.783,-3.533,-1
12876,51.8,-2.5,-1
12877,51.8,-1.45,-1
12878,51.8,-0.667,-1
12879,51.783,-0.517,-1
12880,51.783,-0.467,-1
12882,51.783,-0.183,-1
12883,51.783,-0.033,-1
12884,51.783,0.133,-1
12885,51.783,0.4,-1
12886,51.767,0.6,-1
12887,51.767,0.683,-1
12888,51.767,0.733,-1
12889,51.767,0.783,-1
12890,51.767,-4.983,-1
12891,51.783,-4.75,-1
12892,51.8,-3.817,-1
12893,51.8,-2.833,-1
12894,51.817,-2.717,-1
12895,51.8,-2.7,-1
12896,51.817,-2.65,-1
12897,51.817,-2.45,-1
12898,51.817,-2.233,-1
12899,51.8,-2.217,-1
12900,51.8,-1.617,-1
12901,51.817,-1.517,-1
12902,51.817,-1.433,-1
12903,51.8,-1.433,-1
12904,51.817,-1.383,-1
12905,51.8,-0.783,-1
12906,51.8,-0.733,-1
12907,51.8,-0.7,-1
12908,51.8,-0.617,-1
12909,51.8,-0.567,-1
12910,51.8,-0.533,-1
12911,51.8,-0.333,-1
12912,51.8,-0.2,-1
12913,51.8,-0.15,-1
12914,51.8,-0.083,-1
12915,51.8,0,-1
12916,51.783,0.9,-1
12917,51.767,1.05,-1
12918,51.8,-4.3,-1
12919,51.8,-4,-1
12920,51.8,-3.9,-1
12921,51.8,-3.85,-1
12922,51.8,-3.683,-1
12923,51.817,-2.483,-1
12924,51.817,-2.283,-1
12925,51.817,-2.167,-1
12926,51.817,-1.717,-1
12927,51.817,-1.5,-1
12929,51.817,-0.8,-1
12930,51.817,-0.783,-1
12931,51.817,-0.767,-1
12932,51.817,-0.35,-1
12933,51.817,-0.317,-1
12934,51.817,-0.283,-1
12935,51.8,-0.217,-1
12936,51.8,-0.2,-1
12937,51.8,-0.167,-1
12938,51.8,-0.017,-1
12940,51.8,0.05,-1
12941,51.783,0.917,-1
12942,51.8,-4.967,-1
12943,51.8,-4.517,-1
12944,51.8,-4.1,-1
12945,51.817,-3.383,-1
12946,51.833,-3.083,-1
12947,51.817,-3.017,-1
12948,51.817,-3,-1
12949,51.817,-2.867,-1
12950,51.833,-2.783,-1
12951,51.833,-2.7,-1
12952,51.833,-2.683,-1
12953,51.833,-2.45,-1
12954,51.833,-2.25,-1
12955,51.817,-1.183,-1
12956,51.833,-0.817,-1
12957,51.817,-0.817,-1
12958,51.817,-0.767,-1
12959,51.817,-0.367,-1
12960,51.817,-0.333,-1
12961,51.817,-0.317,-1
12962,51.817,-0.3,-1
12963,51.817,-0.283,-1
12964,51.817,-0.233,-1
12965,51.817,-0.2,-1
12967,51.817,-0.033,-1
12968,51.817,0.133,-1
12969,51.8,0.15,-1
12970,51.8,0.583,-1
12971,51.8,0.617,-1
12972,51.783,0.95,-1
12973,51.783,0.95,-1
12975,51.8,-4.983,-1
12976,51.8,-4.95,-1
12977,51.8,-4.9,-1
12978,51.817,-4.083,-1
12979,51.833,-2.833,-1
12980,51.833,-2.75,-1
12981,51.833,-2.567,-1
12982,51.833,-2.267,-1
12983,51.833,-2.233,-1
12984,51.833,-2.217,-1
12985,51.833,-2.15,-1
12986,51.833,-1.933,-1
12987,51.833,-1.4,-1
12988,51.833,-1.183,-1
12989,51.833,-1.033,-1
12990,51.833,-0.633,-1
12991,51.817,-0.35,-1
12992,51.833,-0.333,-1
12993,51.817,-0.2,-1
12994,51.833,-0.183,-1
12995,51.817,0.05,-1
12996,51.817,0.117,-1
12997,51.817,0.167,-1
12998,51.8,0.533,-1
12999,51.8,0.6,-1
13000,51.817,0.617,-1
13001,51.8,1.017,-1
13002,51.8,1.15,-1
13003,51.8,-4.95,-1
13004,51.833,-3.217,-1
13005,51.833,-3,-1
13006,51.85,-2.533,-1
13007,51.85,-2.183,-1
13008,51.85,-2.167,-1
13009,51.85,-2.133,-1
13010,51.85,-1.8,-1
13011,51.85,-1.333,-1
13013,51.85,-0.917,-1
13014,51.833,-0.517,-1
13015,51.833,-0.25,-1
13016,51.833,-0.217,-1
13017,51.833,-0.167,-1
13019,51.817,0.45,-1
13020,51.817,0.583,-1
13021,51.817,0.75,-1
13022,51.817,0.883,-1
13023,51.817,1.017,-1
13025,51.833,-4.617,-1
13026,51.833,-4.4,-1
13027,51.85,-2.5,-1
13028,51.85,-2.483,-1
13029,51.85,-2.167,-1
13030,51.85,-2.15,-1
13031,51.867,-1.6,-1
13033,51.85,-1.267,-1
13034,51.85,-1.1,-1
13035,51.85,-1.067,-1
13036,51.85,-0.517,-1
13037,51.85,-0.517,-1
13038,51.85,-0.467,-1
13039,51.833,-0.383,-1
13040,51.833,-0.35,-1
13041,51.833,-0.183,-1
13042,51.85,-0.183,-1
13043,51.833,-0.083,-1
13044,51.833,0.183,-1
13045,51.833,0.217,-1
13046,51.833,0.317,-1
13047,51.833,0.517,-1
13048,51.817,1.017,-1
13049,51.817,1.167,-1
13050,51.833,-4.583,-1
13051,51.867,-2.6,-1
13052,51.867,-2.45,-1
13053,51.867,-2.433,-1
13055,51.867,-2.233,-1
13056,51.867,-2.2,-1
13057,51.867,-2.1,-1
13058,51.867,-2.017,-1
13059,51.867,-1.6,-1
13060,51.867,-1.467,-1
13061,51.85,-1.1,-1
13062,51.85,-0.55,-1
13063,51.85,-0.417,-1
13064,51.85,-0.3,-1
13065,51.85,-0.233,-1
13066,51.85,-0.15,-1
13067,51.85,0.133,-1
13068,51.85,0.317,-1
13069,51.833,0.683,-1
13070,51.833,0.7,-1
13071,51.833,0.717,-1
13072,51.833,0.817,-1
13073,51.833,1,-1
13074,51.833,-5.05,-1
13075,51.833,-4.983,-1
13076,51.85,-4.283,-1
13077,51.867,-3.867,-1
13078,51.867,-3.2,-1
13079,51.867,-2.683,-1
13080,51.883,-2.3,-1
13081,51.867,-2.217,-1
13082,51.867,-2.2,-1
13083,51.883,-2.167,-1
13084,51.867,-2.167,-1
13085,51.867,-2.1,-1
13086,51.883,-2.067,-1
13087,51.883,-2.05,-1
13088,51.867,-1.483,-1
13089,51.867,-1.2,-1
13090,51.867,-0.4,-1
13091,51.867,-0.183,-1
13092,51.867,-0.1,-1
13093,51.85,0.117,-1
13094,51.85,0.133,-1
13095,51.85,0.15,-1
13096,51.833,0.7,-1
13097,51.833,1.233,-1
13098,51.833,1.25,-1
13099,51.85,-4.65,-1
13100,51.85,-4.6,-1
13102,51.867,-4.4,-1
13103,51.867,-4.3,-1
13104,51.867,-4.25,-1
13105,51.883,-2.533,-1
13106,51.883,-2.283,-1
13107,51.883,-2.233,-1
13108,51.883,-2.117,-1
13109,51.883,-2.083,-1
13110,51.883,-2.067,-1
13111,51.883,-2.05,-1
13112,51.883,-2.033,-1
13113,51.883,-2.033,-1
13114,51.883,-1.183,-1
13115,51.883,-0.483,-1
13116,51.867,-0.35,-1
13117,51.867,-0.183,-1
13118,51.867,0.15,-1
13119,51.85,0.15,-1
13120,51.867,0.167,-1
13121,51.867,0.2,-1
13122,51.85,0.717,-1
13123,51.833,1.133,-1
13124,51.833,1.217,-1
13125,51.85,-5.083,-1
13126,51.85,-4.917,-1
13127,51.883,-2.967,-1
13128,51.883,-2.55,-1
13129,51.9,-2.183,-1
13130,51.883,-2.117,-1
13131,51.9,-2.083,-1
13132,51.883,-2.083,-1
13133,51.883,-2.033,-1
13134,51.883,-1.75,-1
13135,51.883,-1.117,-1
13136,51.883,-1.1,-1
13137,51.883,-0.567,-1
13138,51.883,-0.517,-1
13139,51.883,-0.5,-1
13140,51.883,-0.5,-1
13141,51.883,-0.417,-1
13142,51.883,-0.267,-1
13143,51.883,-0.15,-1
13144,51.867,-0.067,-1
13145,51.867,0.15,-1
13146,51.867,0.167,-1
13147,51.867,0.183,-1
13148,51.867,0.3,-1
13149,51.867,0.35,-1
13150,51.867,0.367,-1
13152,51.85,0.9,-1
13153,51.85,1.267,-1
13154,51.9,-3.183,-1
13155,51.9,-2.633,-1
13156,51.9,-2.217,-1
13157,51.9,-2.083,-1
13158,51.9,-2.067,-1
13160,51.9,-1.6,-1
13161,51.9,-1.117,-1
13162,51.9,-1.05,-1
13163,51.9,-0.867,-1
13164,51.9,-0.7,-1
13165,51.883,-0.483,-1
13166,51.883,-0.467,-1
13167,51.883,-0.433,-1
13168,51.883,-0.433,-1
13169,51.883,-0.417,-1
13170,51.883,-0.383,-1
13171,51.9,-0.35,-1
13173,51.883,-0.167,-1
13174,51.883,0,-1
13175,51.883,0.017,-1
13176,51.883,0.15,-1
13177,51.883,0.35,-1
13178,51.867,0.367,-1
13179,51.883,0.467,-1
13180,51.867,0.55,-1
13181,51.867,0.683,-1
13182,51.867,0.95,-1
13183,51.85,1.167,-1
13184,51.867,-4.967,-1
13185,51.883,-4.583,-1
13186,51.9,-3.833,-1
13187,51.9,-3.283,-1
13188,51.9,-3.033,-1
13189,51.9,-2.433,-1
13190,51.917,-2.133,-1
13191,51.9,-2.1,-1
13192,51.917,-2.05,-1
13193,51.917,-2.033,-1
13194,51.917,-1.583,-1
13195,51.9,-1.167,-1
13196,51.9,-1.15,-1
13197,51.9,-0.717,-1
13198,51.9,-0.467,-1
13199,51.9,-0.417,-1
13200,51.9,-0.35,-1
13201,51.9,-0.183,-1
13202,51.9,-0.167,-1
13203,51.9,-0.15,-1
13204,51.883,0,-1
13205,51.9,0.067,-1
13206,51.883,0.417,-1
13207,51.883,0.567,-1
13208,51.883,0.683,-1
13209,51.883,0.717,-1
13210,51.883,0.767,-1
13211,51.883,0.783,-1
13212,51.883,0.85,-1
13213,51.883,0.85,-1
13214,51.883,0.883,-1
13215,51.883,0.917,-1
13216,51.867,1.267,-1
13217,51.867,-5.133,-1
13218,51.9,-4.333,-1
13219,51.9,-3.8,-1
13220,51.917,-3.05,-1
13221,51.917,-2.633,-1
13222,51.917,-2.617,-1
13223,51.917,-2.583,-1
13225,51.917,-2.067,-1
13227,51.917,-2.017,-1
13228,51.917,-1.85,-1
13229,51.917,-1.45,-1
13230,51.917,-1.267,-1
13231,51.917,-1.133,-1
13232,51.917,-0.883,-1
13233,51.917,-0.65,-1
13234,51.9,-0.633,-1
13235,51.917,-0.533,-1
13236,51.917,-0.45,-1
13237,51.917,-0.417,-1
13238,51.917,-0.4,-1
13239,51.9,-0.2,-1
13240,51.9,-0.183,-1
13241,51.9,-0.167,-1
13242,51.9,0.2,-1
13243,51.9,0.2,-1
13244,51.9,0.233,-1
13245,51.9,0.417,-1
13246,51.883,0.567,-1
13247,51.883,0.717,-1
13248,51.883,0.817,-1
13249,51.883,0.85,-1
13250,51.883,0.85,-1
13251,51.883,0.867,-1
13252,51.883,0.9,-1
13253,51.883,0.983,-1
13254,51.883,0.983,-1
13255,51.883,1.133,-1
13257,51.917,-3.9,-1
13258,51.933,-2.517,-1
13259,51.933,-2.4,-1
13260,51.933,-2.4,-1
13261,51.933,-1.717,-1
13262,51.933,-1.433,-1
13263,51.933,-1.35,-1
13264,51.917,-1.3,-1
13265,51.917,-1.283,-1
13266,51.917,-0.85,-1
13267,51.917,-0.667,-1
13268,51.917,-0.65,-1
13269,51.917,-0.417,-1
13270,51.917,-0.4,-1
13271,51.917,-0.2,-1
13272,51.917,-0.183,-1
13273,51.9,0.017,-1
13274,51.9,0.517,-1
13275,51.9,0.683,-1
13276,51.9,0.733,-1
13277,51.9,0.783,-1
13278,51.883,0.833,-1
13279,51.883,0.867,-1
13280,51.883,0.883,-1
13281,51.883,0.9,-1
13282,51.883,0.933,-1
13283,51.933,-2.5,-1
13284,51.933,-2,-1
13285,51.933,-1.267,-1
13286,51.933,-1.067,-1
13287,51.933,-0.983,-1
13288,51.933,-0.65,-1
13289,51.933,-0.417,-1
13290,51.917,-0.367,-1
13291,51.917,-0.2,-1
13292,51.917,-0.183,-1
13293,51.917,-0.167,-1
13294,51.917,-0.117,-1
13295,51.917,0.217,-1
13296,51.9,0.517,-1
13297,51.9,0.883,-1
13298,51.9,0.883,-1
13299,51.9,0.933,-1
13300,51.9,0.983,-1
13301,51.9,1.033,-1
13302,51.917,-4.75,-1
13303,51.917,-4.4,-1
13304,51.917,-4.067,-1
13305,51.95,-2.333,-1
13306,51.95,-2.217,-1
13307,51.95,-2.067,-1
13308,51.95,-2.033,-1
13309,51.95,-2.017,-1
13310,51.95,-1.95,-1
13312,51.933,-1.533,-1
13313,51.95,-1.2,-1
13314,51.95,-1.133,-1
13315,51.933,-0.967,-1
13316,51.933,-0.65,-1
13317,51.933,-0.45,-1
13318,51.917,0.85,-1
13319,51.917,0.883,-1
13320,51.9,0.917,-1
13321,51.917,0.917,-1
13322,51.917,-5,-1
13323,51.933,-3.933,-1
13324,51.95,-3.383,-1
13325,51.95,-2.917,-1
13326,51.95,-2.733,-1
13327,51.95,-2.633,-1
13328,51.95,-2.417,-1
13329,51.967,-2.067,-1
13330,51.95,-1.967,-1
13331,51.95,-1.95,-1
13332,51.95,-1.9,-1
13333,51.95,-1.85,-1
13334,51.95,-1.517,-1
13335,51.95,-1.183,-1
13336,51.95,-1.1,-1
13337,51.95,-0.883,-1
13338,51.95,-0.533,-1
13339,51.95,-0.25,-1
13340,51.917,0.8,-1
13341,51.917,0.817,-1
13342,51.917,0.833,-1
13343,51.917,0.883,-1
13344,51.917,1.183,-1
13345,51.933,-4.8,-1
13346,51.933,-4.767,-1
13347,51.933,-4.5,-1
13348,51.95,-3.967,-1
13349,51.95,-3.933,-1
13350,51.95,-3.533,-1
13351,51.95,-3,-1
13352,51.95,-2.883,-1
13353,51.967,-2.467,-1
13354,51.967,-2.333,-1
13355,51.967,-2.3,-1
13356,51.967,-2.25,-1
13357,51.967,-2.217,-1
13358,51.967,-2.033,-1
13359,51.967,-1.967,-1
13360,51.967,-1.417,-1
13361,51.967,-1.017,-1
13362,51.95,-0.283,-1
13363,51.95,-0.267,-1
13364,51.95,-0.25,-1
13365,51.95,-0.017,-1
13366,51.933,0.6,-1
13367,51.933,0.7,-1
13368,51.933,0.717,-1
13369,51.917,1.083,-1
13370,51.95,-4.45,-1
13371,51.967,-1.633,-1
13372,51.967,-0.933,-1
13373,51.967,-0.45,-1
13374,51.967,-0.367,-1
13375,51.967,-0.283,-1
13376,51.967,-0.25,-1
13377,51.967,-0.217,-1
13378,51.967,-0.217,-1
13379,51.95,0.033,-1
13380,51.933,0.633,-1
13381,51.933,0.9,-1
13382,51.933,0.967,-1
13383,51.933,1.267,-1
13384,51.95,-4.567,-1
13385,51.967,-4.133,-1
13386,51.967,-3.917,-1
13387,51.983,-2.45,-1
13388,51.983,-2.35,-1
13389,51.983,-1.7,-1
13390,51.983,-1.233,-1
13391,51.983,-0.817,-1
13392,51.967,-0.417,-1
13393,51.967,-0.333,-1
13394,51.967,-0.217,-1
13395,51.967,0,-1
13396,51.95,0.233,-1
13397,51.95,0.8,-1
13398,51.933,1.083,-1
13399,51.933,1.167,-1
13400,51.933,1.183,-1
13401,51.933,1.25,-1
13403,51.95,-4.617,-1
13404,51.983,-3.4,-1
13405,51.983,-2.933,-1
13406,51.983,-2.667,-1
13407,52,-2.15,-1
13408,51.983,-1.35,-1
13409,51.983,-1.033,-1
13410,51.983,-0.75,-1
13411,51.967,-0.233,-1
13412,51.967,-0.217,-1
13413,51.967,0.15,-1
13414,51.967,0.45,-1
13415,51.967,0.467,-1
13416,51.95,0.9,-1
13417,51.983,-4.467,-1
13418,51.983,-3.817,-1
13419,52,-2.65,-1
13420,52,-2.15,-1
13421,52,-2.133,-1
13422,52,-2,-1
13423,52,-1.433,-1
13424,52,-1.4,-1
13425,52,-0.983,-1
13426,51.983,-0.967,-1
13427,52,-0.95,-1
13428,52,-0.767,-1
13429,51.983,-0.75,-1
13430,52,-0.717,-1
13431,51.983,-0.7,-1
13432,51.983,-0.617,-1
13433,52,-0.517,-1
13434,51.983,-0.233,-1
13435,51.983,-0.2,-1
13436,51.983,-0.183,-1
13437,51.983,0.233,-1
13438,51.967,0.75,-1
13439,51.967,0.883,-1
13440,51.95,1.017,-1
13441,51.95,1.033,-1
13442,51.967,1.05,-1
13443,51.95,1.333,-1
13444,51.967,-4.983,-1
13445,51.983,-4.7,-1
13446,51.983,-3.767,-1
13447,52,-2.2,-1
13448,52.017,-1.517,-1
13449,52,-1.367,-1
13450,52,-1.033,-1
13452,52,-0.767,-1
13453,52,-0.617,-1
13454,52,-0.483,-1
13455,52,-0.417,-1
13456,52,-0.417,-1
13457,51.983,-0.183,-1
13458,51.983,-0.167,-1
13459,52,-0.133,-1
13460,51.967,0.667,-1
13461,51.983,0.75,-1
13462,51.967,0.767,-1
13463,51.967,0.85,-1
13464,51.967,1,-1
13465,51.967,1.067,-1
13466,51.967,1.333,-1
13467,51.967,1.35,-1
13468,51.983,-4.917,-1
13469,51.983,-4.467,-1
13470,51.983,-4.433,-1
13471,52.017,-3.45,-1
13472,52,-3.25,-1
13473,52.017,-3.233,-1
13474,52.017,-2.35,-1
13475,52.017,-1.483,-1
13477,52.017,-0.683,-1
13478,52,-0.483,-1
13479,52,-0.45,-1
13481,52.017,-0.417,-1
13482,52,-0.417,-1
13483,52.017,-0.333,-1
13484,52,-0.317,-1
13485,52,-0.217,-1
13486,52,0.383,-1
13487,51.983,0.583,-1
13488,51.983,0.583,-1
13489,51.983,0.75,-1
13490,51.967,1.25,-1
13491,51.967,1.333,-1
13492,51.967,1.367,-1
13493,51.983,-4.967,-1
13494,52,-4.7,-1
13495,52,-4.633,-1
13497,52,-4.45,-1
13498,52,-4.433,-1
13499,52,-4.367,-1
13500,52,-4.117,-1
13501,52.033,-2.667,-1
13502,52.033,-2.417,-1
13503,52.017,-2.183,-1
13505,52.017,-1.3,-1
13506,52.017,-1.267,-1
13507,52.017,-0.8,-1
13508,52.017,-0.767,-1
13509,52.017,-0.717,-1
13510,52.017,-0.683,-1
13511,52.017,-0.667,-1
13512,52.017,-0.5,-1
13513,52.017,-0.283,-1
13514,52.017,-0.217,-1
13515,52,0.2,-1
13516,52.017,0.233,-1
13517,51.983,0.833,-1
13518,51.983,1,-1
13519,51.983,1.05,-1
13520,51.983,1.15,-1
13521,51.983,1.2,-1
13522,51.983,1.35,-1
13523,51.967,1.367,-1
13524,52,-4.933,-1
13525,52.017,-4.417,-1
13526,52.033,-2.467,-1
13527,52.033,-2.417,-1
13528,52.033,-2.417,-1
13529,52.033,-2.15,-1
13530,52.033,-2.05,-1
13531,52.033,-1.767,-1
13532,52.033,-1.483,-1
13533,52.033,-1.467,-1
13534,52.033,-1.133,-1
13535,52.033,-0.767,-1
13536,52.033,-0.733,-1
13537,52.017,-0.7,-1
13538,52.033,-0.683,-1
13539,52.033,-0.633,-1
13540,52.033,-0.483,-1
13541,52.033,-0.417,-1
13542,52.017,-0.133,-1
13543,52.017,-0.05,-1
13544,52.017,0.333,-1
13545,52,0.867,-1
13546,52,1.1,-1
13547,51.983,1.2,-1
13548,52.017,-4.35,-1
13549,52.033,-3.267,-1
13550,52.05,-2.9,-1
13551,52.033,-2.817,-1
13552,52.05,-2.733,-1
13553,52.05,-2.483,-1
13554,52.05,-2.417,-1
13555,52.033,-1.933,-1
13556,52.05,-1.333,-1
13557,52.05,-1.317,-1
13558,52.033,-1.133,-1
13559,52.033,-0.983,-1
13560,52.033,-0.8,-1
13561,52.033,-0.767,-1
13562,52.033,-0.75,-1
13563,52.033,-0.75,-1
13564,52.033,-0.483,-1
13565,52.033,-0.317,-1
13566,52.017,0.167,-1
13567,52.017,0.233,-1
13568,52.017,0.233,-1
13569,52.017,0.333,-1
13570,52.017,0.5,-1
13571,52.017,0.733,-1
13572,52,1.033,-1
13574,52.017,-4.883,-1
13575,52.017,-4.833,-1
13576,52.017,-4.817,-1
13578,52.017,-4.6,-1
13579,52.033,-4.233,-1
13580,52.05,-3.133,-1
13581,52.05,-2.95,-1
13582,52.05,-2.783,-1
13583,52.05,-2.7,-1
13584,52.05,-2.7,-1
13585,52.05,-2.667,-1
13586,52.05,-2.4,-1
13587,52.05,-2.217,-1
13588,52.05,-1.833,-1
13589,52.05,-1.617,-1
13590,52.05,-1.533,-1
13591,52.05,-1.383,-1
13592,52.05,-1.1,-1
13593,52.05,-0.883,-1
13594,52.05,-0.783,-1
13595,52.033,-0.3,-1
13596,52.033,-0.2,-1
13597,52.033,-0.15,-1
13598,52.033,0.25,-1
13599,52.017,0.583,-1
13600,52.017,0.867,-1
13601,52.033,-4.783,-1
13602,52.033,-4.467,-1
13605,52.05,-3.75,-1
13606,52.05,-3.433,-1
13607,52.05,-2.75,-1
13608,52.067,-2.733,-1
13610,52.067,-2.683,-1
13611,52.067,-2.4,-1
13612,52.067,-2.317,-1
13613,52.067,-2.067,-1
13614,52.067,-1.933,-1
13615,52.067,-1.75,-1
13616,52.067,-1.617,-1
13617,52.05,-1.433,-1
13619,52.05,-1.183,-1
13620,52.05,-0.85,-1
13621,52.067,-0.8,-1
13622,52.05,-0.75,-1
13623,52.05,-0.717,-1
13624,52.05,-0.517,-1
13625,52.05,-0.017,-1
13626,52.033,0.1,-1
13627,52.033,0.433,-1
13628,52.017,0.85,-1
13629,52.033,0.867,-1
13630,52.017,0.95,-1
13631,52.017,1.133,-1
13632,52.017,1.217,-1
13633,52.067,-3.133,-1
13634,52.067,-2.35,-1
13635,52.067,-2.2,-1
13636,52.067,-2.1,-1
13637,52.067,-1.55,-1
13638,52.067,-1.417,-1
13639,52.067,-1.35,-1
13641,52.067,-1.267,-1
13642,52.067,-0.817,-1
13643,52.067,-0.733,-1
13644,52.05,-0.267,-1
13645,52.05,-0.017,-1
13646,52.05,0.433,-1
13647,52.033,0.717,-1
13648,52.033,0.733,-1
13649,52.033,0.85,-1
13650,52.033,0.983,-1
13651,52.033,1.033,-1
13652,52.033,1.067,-1
13653,52.033,1.1,-1
13654,52.033,1.117,-1
13655,52.033,1.183,-1
13656,52.033,1.267,-1
13657,52.05,-4.7,-1
13658,52.05,-4.633,-1
13659,52.067,-3.967,-1
13660,52.083,-2.45,-1
13661,52.083,-2.4,-1
13662,52.083,-2.317,-1
13663,52.083,-2.283,-1
13664,52.083,-2.133,-1
13665,52.083,-2.067,-1
13666,52.083,-1.667,-1
13667,52.083,-1.35,-1
13668,52.067,-0.733,-1
13669,52.067,-0.417,-1
13670,52.05,0.65,-1
13671,52.05,0.717,-1
13672,52.05,0.717,-1
13673,52.033,0.95,-1
13674,52.05,1.05,-1
13675,52.033,1.083,-1
13676,52.033,1.117,-1
13677,52.033,1.15,-1
13678,52.033,1.167,-1
13679,52.033,1.3,-1
13680,52.067,-4.55,-1
13681,52.067,-4.383,-1
13682,52.083,-3.95,-1
13683,52.083,-3.583,-1
13684,52.083,-3.033,-1
13686,52.083,-2.5,-1
13687,52.083,-2.35,-1
13688,52.1,-2.333,-1
13689,52.1,-2.333,-1
13690,52.083,-2.05,-1
13691,52.083,-1.967,-1
13692,52.083,-1.917,-1
13693,52.1,-1.917,-1
13694,52.083,-1.433,-1
13695,52.083,-1.333,-1
13696,52.083,-1.233,-1
13697,52.083,-1.017,-1
13698,52.083,-0.733,-1
13699,52.083,-0.717,-1
13700,52.083,-0.433,-1
13701,52.083,-0.433,-1
13702,52.067,-0.283,-1
13703,52.083,-0.217,-1
13704,52.067,-0.033,-1
13705,52.067,0.167,-1
13706,52.067,0.783,-1
13707,52.05,0.95,-1
13708,52.05,1.117,-1
13709,52.067,-4.7,-1
13710,52.067,-4.6,-1
13711,52.083,-3.583,-1
13712,52.083,-3.583,-1
13713,52.1,-3.067,-1
13714,52.1,-2.833,-1
13715,52.1,-2.567,-1
13716,52.1,-2.317,-1
13717,52.1,-2.317,-1
13718,52.1,-2.3,-1
13719,52.1,-1.933,-1
13720,52.1,-1.017,-1
13721,52.1,-0.817,-1
13723,52.083,-0.533,-1
13724,52.083,-0.25,-1
13725,52.083,-0.233,-1
13726,52.083,-0.133,-1
13727,52.083,0,-1
13728,52.083,0.05,-1
13729,52.083,0.433,-1
13730,52.05,1.133,-1
13731,52.05,1.15,-1
13732,52.05,1.2,-1
13733,52.05,1.233,-1
13734,52.083,-4.3,-1
13735,52.083,-4.267,-1
13737,52.1,-3.1,-1
13738,52.1,-2.783,-1
13739,52.117,-2.317,-1
13740,52.117,-2.317,-1
13741,52.1,-2.283,-1
13742,52.1,-2.283,-1
13743,52.117,-2.233,-1
13744,52.117,-2.083,-1
13745,52.1,-1.983,-1
13746,52.1,-1.333,-1
13747,52.1,-1.083,-1
13749,52.1,-0.517,-1
13750,52.1,-0.283,-1
13751,52.1,0.017,-1
13752,52.083,0.067,-1
13753,52.083,0.4,-1
13754,52.083,0.583,-1
13755,52.067,0.717,-1
13756,52.067,0.8,-1
13757,52.067,0.933,-1
13758,52.067,0.967,-1
13759,52.067,1.133,-1
13760,52.067,1.133,-1
13761,52.067,1.15,-1
13762,52.067,1.167,-1
13763,52.067,1.167,-1
13764,52.067,1.217,-1
13766,52.067,1.233,-1
13767,52.067,1.267,-1
13768,52.05,1.4,-1
13769,52.083,-4.65,-1
13770,52.083,-4.55,-1
13771,52.083,-4.483,-1
13773,52.1,-4.167,-1
13774,52.1,-3.817,-1
13775,52.117,-2.333,-1
13776,52.117,-2.317,-1
13777,52.117,-2.3,-1
13778,52.117,-2.067,-1
13779,52.117,-2,-1
13780,52.117,-1.917,-1
13781,52.117,-1.9,-1
13782,52.117,-1.867,-1
13783,52.117,-1.633,-1
13784,52.117,-0.517,-1
13785,52.1,-0.083,-1
13787,52.1,0.067,-1
13788,52.1,0.1,-1
13789,52.1,0.267,-1
13790,52.083,0.567,-1
13791,52.083,0.633,-1
13792,52.083,0.967,-1
13793,52.067,0.983,-1
13794,52.083,1.1,-1
13795,52.067,1.183,-1
13796,52.067,1.267,-1
13797,52.1,-4.417,-1
13798,52.117,-3.383,-1
13799,52.117,-3.017,-1
13800,52.117,-2.617,-1
13801,52.117,-2.583,-1
13802,52.117,-2.4,-1
13803,52.117,-2.317,-1
13804,52.117,-2.3,-1
13805,52.117,-1.733,-1
13806,52.133,-1.567,-1
13807,52.117,-1.317,-1
13808,52.117,-0.983,-1
13809,52.117,-0.6,-1
13810,52.117,-0.483,-1
13811,52.117,-0.383,-1
13812,52.1,-0.033,-1
13813,52.1,0.2,-1
13814,52.1,0.3,-1
13815,52.1,0.567,-1
13816,52.1,0.833,-1
13817,52.083,0.867,-1
13818,52.083,1.133,-1
13819,52.083,1.15,-1
13820,52.083,1.25,-1
13821,52.083,1.283,-1
13822,52.117,-4.217,-1
13823,52.117,-4.067,-1
13824,52.133,-3.367,-1
13825,52.133,-2.917,-1
13826,52.133,-2.9,-1
13827,52.133,-2.733,-1
13828,52.133,-2.417,-1
13829,52.133,-1.95,-1
13830,52.133,-1.717,-1
13831,52.133,-0.983,-1
13832,52.133,-0.517,-1
13833,52.117,-0.483,-1
13834,52.133,-0.283,-1
13836,52.117,0.017,-1
13837,52.117,0.05,-1
13838,52.117,0.05,-1
13839,52.117,0.133,-1
13840,52.117,0.167,-1
13841,52.117,0.233,-1
13842,52.1,0.817,-1
13843,52.1,0.917,-1
13844,52.083,1.183,-1
13845,52.117,-4.617,-1
13846,52.117,-4.517,-1
13847,52.133,-3.2,-1
13848,52.133,-2.817,-1
13849,52.15,-2.783,-1
13851,52.15,-2.133,-1
13852,52.15,-2.033,-1
13853,52.133,-1.867,-1
13854,52.15,-1.5,-1
13855,52.133,-1.167,-1
13856,52.133,-1.05,-1
13857,52.133,-1.017,-1
13858,52.133,-1.017,-1
13859,52.133,-0.917,-1
13860,52.133,-0.85,-1
13861,52.133,-0.767,-1
13862,52.133,-0.567,-1
13863,52.133,-0.45,-1
13864,52.133,-0.433,-1
13866,52.133,-0.283,-1
13867,52.133,-0.017,-1
13868,52.133,0.033,-1
13869,52.117,0.15,-1
13870,52.117,0.35,-1
13871,52.117,0.583,-1
13872,52.1,0.783,-1
13873,52.1,1.1,-1
13874,52.1,1.317,-1
13875,52.083,1.533,-1
13876,52.15,-2.683,-1
13877,52.15,-2.25,-1
13878,52.15,-2.167,-1
13879,52.15,-0.833,-1
13880,52.15,-0.517,-1
13881,52.15,-0.45,-1
13882,52.15,-0.433,-1
13883,52.133,-0.417,-1
13884,52.133,-0.367,-1
13885,52.15,-0.317,-1
13886,52.133,-0.217,-1
13887,52.133,0.3,-1
13888,52.133,0.317,-1
13889,52.117,0.883,-1
13890,52.117,0.917,-1
13891,52.117,0.967,-1
13892,52.117,1.1,-1
13893,52.1,1.317,-1
13894,52.133,-4.15,-1
13895,52.15,-4.15,-1
13896,52.15,-3.417,-1
13897,52.167,-2.967,-1
13898,52.15,-2.667,-1
13899,52.15,-2.567,-1
13900,52.167,-2.25,-1
13901,52.167,-2.2,-1
13902,52.167,-2.167,-1
13903,52.167,-2,-1
13905,52.167,-1.883,-1
13906,52.167,-1.833,-1
13907,52.167,-1.783,-1
13908,52.15,-1.683,-1
13909,52.167,-1.517,-1
13910,52.15,-0.967,-1
13911,52.15,-0.883,-1
13912,52.15,-0.467,-1
13913,52.15,-0.45,-1
13914,52.15,-0.183,-1
13915,52.15,-0.067,-1
13916,52.133,0.083,-1
13917,52.15,0.1,-1
13919,52.117,1.283,-1
13920,52.15,-4.167,-1
13921,52.15,-4.05,-1
13922,52.15,-3.967,-1
13923,52.167,-3.267,-1
13924,52.167,-2.383,-1
13925,52.167,-1.867,-1
13926,52.167,-1.633,-1
13927,52.167,-1.2,-1
13928,52.167,-0.7,-1
13929,52.15,-0.483,-1
13930,52.15,-0.45,-1
13931,52.15,-0.433,-1
13932,52.167,-0.4,-1
13933,52.15,-0.35,-1
13934,52.15,-0.183,-1
13935,52.133,0.6,-1
13936,52.117,1.3,-1
13937,52.117,1.4,-1
13938,52.15,-4.4,-1
13939,52.167,-3.817,-1
13940,52.183,-2.233,-1
13941,52.167,-2.217,-1
13942,52.183,-2.167,-1
13943,52.183,-2.033,-1
13944,52.183,-1,-1
13945,52.167,-0.55,-1
13946,52.167,-0.55,-1
13947,52.167,-0.517,-1
13948,52.167,-0.15,-1
13949,52.15,0.433,-1
13950,52.15,0.867,-1
13951,52.15,0.95,-1
13952,52.133,1.117,-1
13953,52.133,1.383,-1
13954,52.167,-4.133,-1
13955,52.183,-3.1,-1
13956,52.183,-2.533,-1
13957,52.183,-2.5,-1
13958,52.183,-2.45,-1
13959,52.183,-2.433,-1
13960,52.2,-2.25,-1
13961,52.183,-2.233,-1
13962,52.183,-2.167,-1
13963,52.183,-1.7,-1
13964,52.183,-1.7,-1
13965,52.183,-1.6,-1
13966,52.183,-1.583,-1
13967,52.183,-1.167,-1
13968,52.167,0.367,-1
13969,52.15,1.05,-1
13970,52.15,1.05,-1
13971,52.15,1.183,-1
13972,52.167,-4.25,-1
13973,52.167,-4.25,-1
13974,52.183,-4.15,-1
13975,52.2,-3.117,-1
13976,52.183,-3.117,-1
13977,52.2,-3.067,-1
13978,52.2,-3.05,-1
13979,52.2,-3.017,-1
13980,52.2,-2.25,-1
13981,52.2,-2.233,-1
13982,52.2,-2.217,-1
13983,52.2,-2.217,-1
13984,52.2,-1.75,-1
13985,52.2,-1.733,-1
13986,52.183,-0.6,-1
13987,52.2,-0.583,-1
13988,52.183,-0.017,-1
13989,52.183,0,-1
13990,52.183,0.05,-1
13991,52.183,0.067,-1
13992,52.167,0.1,-1
13993,52.183,0.15,-1
13994,52.167,0.283,-1
13995,52.167,0.383,-1
13996,52.167,0.533,-1
13998,52.183,-4.1,-1
13999,52.2,-3.433,-1
14000,52.2,-3.017,-1
14001,52.2,-2.217,-1
14002,52.2,-2.117,-1
14003,52.2,-2.017,-1
14004,52.2,-1.967,-1
14005,52.2,-1.7,-1
14006,52.2,-1.383,-1
14007,52.2,-1.25,-1
14008,52.2,-1,-1
14009,52.2,-0.883,-1
14010,52.183,-0.05,-1
14011,52.183,0.017,-1
14012,52.183,0.133,-1
14013,52.183,0.15,-1
14014,52.183,0.167,-1
14015,52.183,0.2,-1
14016,52.183,0.433,-1
14017,52.15,1.35,-1
14019,52.2,-4.083,-1
14020,52.217,-2.917,-1
14021,52.217,-2.217,-1
14022,52.217,-1.9,-1
14023,52.217,-1.85,-1
14024,52.217,-1.733,-1
14025,52.217,-0.9,-1
14026,52.2,-0.867,-1
14027,52.2,0.1,-1
14028,52.2,0.117,-1
14029,52.2,0.133,-1
14031,52.183,0.367,-1
14032,52.183,0.983,-1
14033,52.183,1,-1
14035,52.167,1.367,-1
14036,52.167,1.567,-1
14037,52.15,1.583,-1
14038,52.2,-4.383,-1
14039,52.217,-3.383,-1
14040,52.217,-3,-1
14041,52.217,-2.9,-1
14042,52.233,-2.75,-1
14043,52.233,-2.683,-1
14044,52.217,-2.25,-1
14045,52.217,-2.217,-1
14046,52.217,-2.183,-1
14047,52.233,-1.867,-1
14048,52.217,-1.4,-1
14049,52.217,-1.033,-1
14050,52.217,-0.883,-1
14051,52.217,-0.45,-1
14052,52.217,-0.283,-1
14053,52.217,-0.283,-1
14054,52.2,-0.083,-1
14055,52.2,0.117,-1
14056,52.2,0.133,-1
14057,52.2,0.167,-1
14058,52.167,1.3,-1
14059,52.167,1.383,-1
14060,52.217,-4.35,-1
14061,52.217,-4.2,-1
14062,52.217,-4.033,-1
14063,52.233,-2.217,-1
14064,52.233,-1.683,-1
14065,52.233,-1.45,-1
14066,52.233,-1.417,-1
14067,52.233,-1.183,-1
14068,52.233,-0.817,-1
14069,52.233,-0.55,-1
14070,52.217,-0.283,-1
14071,52.217,-0.25,-1
14072,52.217,0.117,-1
14073,52.217,0.117,-1
14074,52.217,0.133,-1
14075,52.217,0.45,-1
14076,52.2,0.533,-1
14077,52.2,0.8,-1
14078,52.183,0.983,-1
14079,52.233,-3.367,-1
14080,52.233,-2.517,-1
14081,52.25,-1.967,-1
14082,52.233,-1.783,-1
14083,52.25,-1.6,-1
14084,52.25,-1.6,-1
14085,52.233,-1.35,-1
14086,52.233,-1.017,-1
14087,52.233,-0.933,-1
14088,52.233,-0.867,-1
14089,52.233,-0.85,-1
14090,52.233,-0.783,-1
14091,52.233,-0.7,-1
14092,52.233,-0.55,-1
14093,52.233,-0.267,-1
14095,52.233,-0.2,-1
14096,52.233,0.083,-1
14098,52.217,0.1,-1
14099,52.233,0.117,-1
14100,52.217,0.133,-1
14101,52.217,0.183,-1
14102,52.183,1.367,-1
14103,52.183,1.55,-1
14104,52.183,1.567,-1
14105,52.233,-4.25,-1
14106,52.25,-2.867,-1
14107,52.25,-2.15,-1
14108,52.25,-2.133,-1
14109,52.25,-2,-1
14110,52.25,-1.783,-1
14111,52.25,-1.65,-1
14112,52.25,-1.383,-1
14113,52.25,-1.367,-1
14114,52.25,-1.2,-1
14115,52.25,-0.883,-1
14116,52.25,-0.85,-1
14117,52.25,-0.65,-1
14118,52.233,-0.4,-1
14119,52.233,0.067,-1
14121,52.233,0.117,-1
14122,52.217,0.633,-1
14123,52.217,0.667,-1
14125,52.233,-4.25,-1
14126,52.233,-4.067,-1
14127,52.233,-4.05,-1
14128,52.25,-3.85,-1
14129,52.25,-3.267,-1
14130,52.25,-3.067,-1
14131,52.267,-2.75,-1
14132,52.25,-2.35,-1
14133,52.267,-2.15,-1
14134,52.25,-2.133,-1
14135,52.25,-2.017,-1
14136,52.25,-1.383,-1
14137,52.25,-0.95,-1
14138,52.25,-0.933,-1
14139,52.25,-0.867,-1
14140,52.25,-0.85,-1
14141,52.25,-0.833,-1
14142,52.25,-0.817,-1
14143,52.25,0,-1
14144,52.25,0.017,-1
14145,52.233,0.067,-1
14147,52.233,0.783,-1
14148,52.233,0.817,-1
14149,52.233,0.833,-1
14150,52.217,1,-1
14151,52.217,1.017,-1
14152,52.217,1.067,-1
14153,52.217,1.483,-1
14154,52.2,1.567,-1
14155,52.2,1.617,-1
14156,52.267,-3.067,-1
14157,52.267,-2.683,-1
14158,52.267,-2.367,-1
14159,52.267,-1.883,-1
14160,52.267,-1.533,-1
14161,52.267,-1.483,-1
14162,52.267,-0.95,-1
14163,52.267,-0.9,-1
14164,52.267,-0.817,-1
14165,52.267,-0.8,-1
14166,52.267,-0.717,-1
14167,52.25,-0.217,-1
14168,52.25,-0.05,-1
14169,52.25,0,-1
14170,52.25,0.017,-1
14172,52.25,0.4,-1
14173,52.233,0.417,-1
14174,52.233,0.633,-1
14175,52.233,0.683,-1
14176,52.217,1.167,-1
14177,52.217,1.283,-1
14178,52.217,1.333,-1
14179,52.217,1.35,-1
14180,52.217,1.433,-1
14181,52.25,-4.133,-1
14182,52.267,-3.467,-1
14183,52.283,-2.367,-1
14184,52.283,-2.3,-1
14185,52.283,-2.3,-1
14186,52.267,-2.233,-1
14187,52.283,-1.933,-1
14188,52.283,-1.917,-1
14189,52.283,-1.583,-1
14190,52.283,-1.55,-1
14191,52.283,-1.533,-1
14192,52.283,-1.017,-1
14193,52.267,-0.8,-1
14194,52.267,-0.8,-1
14195,52.267,-0.6,-1
14196,52.267,-0.283,-1
14197,52.25,0.517,-1
14198,52.25,0.683,-1
14199,52.25,0.733,-1
14200,52.233,1.267,-1
14201,52.233,1.3,-1
14203,52.233,1.483,-1
14204,52.267,-3.917,-1
14205,52.283,-2.633,-1
14206,52.283,-2.233,-1
14207,52.283,-2.033,-1
14208,52.283,-1.917,-1
14209,52.283,-1.767,-1
14210,52.283,-1.583,-1
14211,52.283,-1.567,-1
14212,52.283,-1.517,-1
14213,52.283,-1.333,-1
14214,52.283,-0.9,-1
14215,52.283,-0.65,-1
14216,52.283,-0.6,-1
14217,52.283,-0.583,-1
14218,52.267,0.067,-1
14219,52.267,0.167,-1
14220,52.267,0.233,-1
14221,52.267,0.667,-1
14222,52.25,0.983,-1
14223,52.25,1.067,-1
14224,52.233,1.583,-1
14225,52.283,-3.567,-1
14226,52.3,-3.017,-1
14227,52.283,-2.783,-1
14228,52.3,-2.733,-1
14229,52.3,-2.35,-1
14230,52.3,-1.9,-1
14231,52.283,-1.733,-1
14232,52.3,-1.567,-1
14233,52.283,-1.567,-1
14234,52.3,-1.533,-1
14236,52.3,-1.267,-1
14237,52.3,-1.2,-1
14238,52.3,-1.2,-1
14239,52.283,-0.85,-1
14240,52.283,-0.733,-1
14241,52.283,-0.717,-1
14242,52.283,-0.7,-1
14243,52.283,-0.65,-1
14244,52.3,-0.617,-1
14245,52.283,-0.6,-1
14246,52.283,-0.317,-1
14247,52.283,0.317,-1
14248,52.267,0.633,-1
14249,52.25,1.467,-1
14250,52.283,-4.067,-1
14251,52.3,-3.583,-1
14252,52.3,-3.05,-1
14253,52.3,-2.633,-1
14254,52.3,-2.6,-1
14255,52.3,-1.933,-1
14256,52.3,-1.783,-1
14257,52.3,-1.517,-1
14258,52.3,-1.5,-1
14259,52.3,-1.067,-1
14260,52.3,-1.067,-1
14261,52.283,-0.3,-1
14262,52.3,-0.233,-1
14263,52.283,0,-1
14265,52.283,0.7,-1
14266,52.267,0.767,-1
14267,52.267,0.817,-1
14269,52.25,1.617,-1
14270,52.3,-3.3,-1
14271,52.317,-2.85,-1
14272,52.317,-2.283,-1
14273,52.317,-2.167,-1
14274,52.317,-2.167,-1
14275,52.317,-2.067,-1
14276,52.317,-2.033,-1
14277,52.317,-1.9,-1
14278,52.317,-1.883,-1
14279,52.317,-1.517,-1
14280,52.3,-1.267,-1
14281,52.3,-0.6,-1
14282,52.317,-0.567,-1
14283,52.3,-0.033,-1
14284,52.3,0,-1
14285,52.3,0.017,-1
14287,52.283,0.883,-1
14288,52.283,0.9,-1
14289,52.267,0.933,-1
14290,52.267,1.4,-1
14291,52.317,-3.483,-1
14292,52.317,-3.317,-1
14293,52.317,-2.9,-1
14294,52.317,-2.817,-1
14295,52.317,-2.067,-1
14297,52.317,-0.833,-1
14298,52.317,-0.7,-1
14299,52.317,-0.667,-1
14300,52.317,-0.217,-1
14301,52.317,-0.067,-1
14302,52.3,-0.05,-1
14303,52.317,0.017,-1
14304,52.283,1.067,-1
14305,52.283,1.333,-1
14306,52.267,1.533,-1
14307,52.333,-2.683,-1
14308,52.333,-2.567,-1
14309,52.333,-2.283,-1
14310,52.333,-2.033,-1
14311,52.333,-1.867,-1
14312,52.333,-1.583,-1
14313,52.333,-1.2,-1
14314,52.333,-1.167,-1
14315,52.333,-1.1,-1
14316,52.317,-0.9,-1
14317,52.317,-0.167,-1
14318,52.317,-0.15,-1
14319,52.317,-0.1,-1
14320,52.317,-0.083,-1
14322,52.317,0,-1
14323,52.317,0.05,-1
14324,52.3,0.6,-1
14325,52.3,0.933,-1
14326,52.3,1.15,-1
14327,52.267,1.567,-1
14328,52.333,-2.283,-1
14329,52.35,-2.067,-1
14330,52.333,-1.933,-1
14331,52.333,-1.567,-1
14332,52.35,-1.55,-1
14333,52.333,-1.517,-1
14334,52.333,-1.283,-1
14335,52.333,-0.95,-1
14336,52.333,-0.817,-1
14337,52.333,-0.667,-1
14339,52.333,-0.517,-1
14340,52.333,-0.383,-1
14341,52.333,-0.317,-1
14342,52.333,-0.233,-1
14343,52.333,-0.2,-1
14344,52.333,-0.167,-1
14345,52.333,-0.017,-1
14346,52.3,0.933,-1
14348,52.333,-3.883,-1
14349,52.333,-3.833,-1
14350,52.35,-2.817,-1
14351,52.35,-2.567,-1
14352,52.35,-2.417,-1
14353,52.35,-2.233,-1
14354,52.35,-2.217,-1
14355,52.35,-2,-1
14356,52.35,-1.967,-1
14357,52.35,-1.883,-1
14358,52.35,-1.783,-1
14359,52.35,-1.617,-1
14360,52.35,-1.583,-1
14361,52.35,-1.583,-1
14362,52.35,-1.567,-1
14363,52.35,-1.533,-1
14364,52.35,-1.283,-1
14365,52.35,-1.233,-1
14366,52.35,-1.133,-1
14367,52.333,-0.817,-1
14368,52.333,-0.65,-1
14369,52.333,-0.633,-1
14370,52.35,-0.517,-1
14371,52.35,-0.517,-1
14372,52.333,-0.183,-1
14373,52.333,-0.183,-1
14374,52.333,-0.167,-1
14375,52.333,-0.15,-1
14376,52.333,-0.133,-1
14377,52.333,-0.083,-1
14378,52.333,-0.067,-1
14379,52.333,-0.017,-1
14380,52.317,0.433,-1
14381,52.317,0.8,-1
14382,52.317,0.833,-1
14383,52.317,1.083,-1
14384,52.35,-3.233,-1
14385,52.35,-2.933,-1
14386,52.35,-2.633,-1
14387,52.35,-2.333,-1
14388,52.367,-2.217,-1
14389,52.367,-2.167,-1
14390,52.367,-2.15,-1
14391,52.35,-1.983,-1
14392,52.367,-1.933,-1
14393,52.367,-1.767,-1
14394,52.35,-1.733,-1
14395,52.35,-1.55,-1
14397,52.367,-1.267,-1
14398,52.35,-1.25,-1
14399,52.367,-1.217,-1
14401,52.333,-0.167,-1
14402,52.333,-0.15,-1
14403,52.35,-0.067,-1
14404,52.333,0.35,-1
14405,52.317,1.1,-1
14406,52.317,1.267,-1
14407,52.367,-2.867,-1
14408,52.367,-2.7,-1
14409,52.367,-2.617,-1
14410,52.367,-2.617,-1
14411,52.367,-2.583,-1
14412,52.367,-2.317,-1
14413,52.367,-2.067,-1
14414,52.367,-2.017,-1
14415,52.367,-1.883,-1
14416,52.367,-1.817,-1
14417,52.367,-1.75,-1
14418,52.367,-1.433,-1
14419,52.367,-1.4,-1
14420,52.367,-1.233,-1
14421,52.367,-1.2,-1
14422,52.35,0,-1
14423,52.35,0,-1
14424,52.333,0.517,-1
14425,52.317,1.217,-1
14426,52.367,-3.117,-1
14427,52.383,-2.717,-1
14428,52.367,-2.7,-1
14429,52.383,-2.433,-1
14430,52.367,-2.317,-1
14431,52.383,-2.317,-1
14432,52.367,-2.25,-1
14433,52.383,-2,-1
14434,52.367,-1.983,-1
14435,52.383,-1.783,-1
14436,52.367,-1.75,-1
14437,52.383,-1.733,-1
14438,52.383,-1.517,-1
14439,52.367,-1.5,-1
14440,52.383,-1.3,-1
14441,52.367,-1.117,-1
14442,52.367,-0.767,-1
14443,52.367,-0.533,-1
14444,52.367,-0.45,-1
14445,52.333,1,-1
14446,52.333,1.267,-1
14447,52.333,1.3,-1
14448,52.317,1.667,-1
14449,52.367,-3.867,-1
14450,52.383,-3.067,-1
14451,52.383,-2.717,-1
14452,52.383,-2.483,-1
14453,52.383,-2.267,-1
14454,52.383,-1.967,-1
14455,52.383,-1.867,-1
14456,52.383,-1.517,-1
14457,52.383,-1.467,-1
14458,52.383,-1.3,-1
14459,52.383,-1.25,-1
14460,52.383,-1.233,-1
14461,52.383,-0.867,-1
14463,52.367,-0.683,-1
14464,52.383,-0.567,-1
14465,52.367,-0.55,-1
14466,52.367,-0.133,-1
14467,52.367,0.15,-1
14468,52.35,1.1,-1
14469,52.333,1.483,-1
14470,52.333,1.65,-1
14471,52.333,1.667,-1
14472,52.383,-4.067,-1
14473,52.383,-2.55,-1
14474,52.4,-2.3,-1
14475,52.383,-2.25,-1
14476,52.4,-1.967,-1
14477,52.4,-1.95,-1
14478,52.4,-1.95,-1
14479,52.383,-1.867,-1
14480,52.4,-1.817,-1
14481,52.383,-1.783,-1
14482,52.4,-1.733,-1
14483,52.4,-1.533,-1
14484,52.4,-1.517,-1
14485,52.383,-1.5,-1
14486,52.383,-1.483,-1
14487,52.383,-0.483,-1
14488,52.383,-0.167,-1
14489,52.383,0,-1
14490,52.383,0,-1
14491,52.35,1.483,-1
14492,52.35,1.517,-1
14493,52.383,-3.933,-1
14494,52.4,-2.433,-1
14495,52.4,-2.25,-1
14496,52.4,-2.117,-1
14497,52.4,-2.05,-1
14498,52.4,-2.017,-1
14499,52.4,-1.933,-1
14500,52.4,-1.917,-1
14501,52.4,-1.917,-1
14502,52.4,-1.883,-1
14503,52.4,-1.867,-1
14504,52.4,-1.833,-1
14505,52.4,-1.8,-1
14506,52.4,-1.567,-1
14507,52.4,-1.567,-1
14508,52.4,-1.533,-1
14509,52.4,-1.517,-1
14510,52.4,-1.483,-1
14511,52.4,-1.417,-1
14512,52.4,-1.3,-1
14513,52.4,-0.8,-1
14514,52.4,-0.717,-1
14515,52.4,-0.683,-1
14516,52.383,-0.583,-1
14517,52.383,-0.183,-1
14518,52.383,0.1,-1
14519,52.367,0.917,-1
14520,52.367,0.95,-1
14521,52.35,1.25,-1
14522,52.35,1.5,-1
14523,52.35,1.517,-1
14524,52.417,-2.433,-1
14525,52.417,-2.333,-1
14526,52.417,-2.25,-1
14527,52.417,-2.183,-1
14528,52.417,-2.05,-1
14529,52.417,-1.95,-1
14530,52.417,-1.95,-1
14531,52.417,-1.917,-1
14532,52.417,-1.9,-1
14533,52.417,-1.817,-1
14534,52.417,-1.783,-1
14535,52.417,-1.783,-1
14536,52.417,-1.767,-1
14537,52.417,-1.533,-1
14538,52.417,-1.5,-1
14539,52.417,-1.45,-1
14540,52.4,-0.517,-1
14542,52.4,-0.233,-1
14543,52.4,-0.1,-1
14544,52.4,0,-1
14545,52.383,0.117,-1
14546,52.4,0.133,-1
14547,52.4,0.25,-1
14548,52.367,1.1,-1
14549,52.367,1.117,-1
14550,52.367,1.533,-1
14551,52.35,1.617,-1
14552,52.4,-3.917,-1
14553,52.417,-3.017,-1
14554,52.417,-3.017,-1
14555,52.417,-2.217,-1
14556,52.417,-2.133,-1
14557,52.417,-2.067,-1
14558,52.417,-2.05,-1
14559,52.417,-1.933,-1
14560,52.417,-1.9,-1
14561,52.417,-1.883,-1
14562,52.417,-1.833,-1
14563,52.417,-1.8,-1
14564,52.417,-1.783,-1
14565,52.417,-1.75,-1
14566,52.417,-1.7,-1
14567,52.417,-1.65,-1
14568,52.417,-1.583,-1
14569,52.417,-1.55,-1
14570,52.417,-1.55,-1
14571,52.417,-1.433,-1
14572,52.417,-1.25,-1
14573,52.417,-1.117,-1
14574,52.417,-0.75,-1
14575,52.417,-0.717,-1
14576,52.417,-0.7,-1
14577,52.4,-0.317,-1
14578,52.4,-0.067,-1
14580,52.4,0.25,-1
14581,52.4,0.267,-1
14582,52.383,0.983,-1
14583,52.383,1.1,-1
14584,52.383,1.117,-1
14585,52.367,1.6,-1
14586,52.417,-4.067,-1
14587,52.417,-4.05,-1
14588,52.417,-3.55,-1
14589,52.433,-2.883,-1
14590,52.433,-2.05,-1
14591,52.433,-2,-1
14592,52.433,-1.95,-1
14593,52.433,-1.933,-1
14594,52.433,-1.9,-1
14595,52.433,-1.883,-1
14596,52.433,-1.867,-1
14597,52.433,-1.85,-1
14598,52.433,-1.75,-1
14599,52.433,-1.633,-1
14600,52.433,-1.567,-1
14601,52.433,-1.567,-1
14602,52.417,-0.9,-1
14603,52.417,-0.15,-1
14604,52.4,0.517,-1
14605,52.4,0.683,-1
14606,52.4,0.733,-1
14607,52.4,0.767,-1
14608,52.383,1.067,-1
14609,52.417,-4.067,-1
14610,52.417,-4.067,-1
14611,52.433,-3.067,-1
14612,52.433,-2.233,-1
14613,52.45,-2.15,-1
14614,52.433,-2.117,-1
14615,52.433,-2.1,-1
14616,52.45,-2.067,-1
14618,52.433,-1.967,-1
14619,52.433,-1.95,-1
14620,52.45,-1.917,-1
14621,52.45,-1.883,-1
14622,52.433,-1.833,-1
14623,52.433,-1.817,-1
14624,52.433,-1.8,-1
14625,52.433,-1.783,-1
14626,52.433,-1.75,-1
14627,52.433,-1.517,-1
14628,52.433,-0.817,-1
14629,52.433,-0.45,-1
14630,52.433,-0.133,-1
14631,52.4,0.733,-1
14632,52.4,0.75,-1
14633,52.4,1.067,-1
14634,52.4,1.183,-1
14635,52.4,1.183,-1
14636,52.4,1.283,-1
14637,52.433,-3.9,-1
14638,52.45,-3.15,-1
14639,52.45,-3.067,-1
14640,52.45,-3.017,-1
14641,52.45,-2.883,-1
14642,52.45,-2.85,-1
14643,52.45,-2.833,-1
14644,52.45,-2.717,-1
14645,52.45,-2.217,-1
14646,52.45,-2.15,-1
14647,52.45,-2.15,-1
14648,52.45,-2.133,-1
14649,52.45,-2.117,-1
14650,52.45,-2.05,-1
14651,52.45,-2,-1
14652,52.45,-1.983,-1
14653,52.45,-1.95,-1
14654,52.45,-1.95,-1
14655,52.45,-1.917,-1
14656,52.45,-1.867,-1
14657,52.45,-1.85,-1
14658,52.45,-1.85,-1
14659,52.45,-1.8,-1
14660,52.45,-1.783,-1
14661,52.45,-1.75,-1
14662,52.45,-1.5,-1
14663,52.45,-1.417,-1
14664,52.433,-0.917,-1
14665,52.45,-0.817,-1
14666,52.45,-0.817,-1
14667,52.433,-0.8,-1
14668,52.433,-0.433,-1
14669,52.433,-0.333,-1
14670,52.433,-0.267,-1
14671,52.433,0.25,-1
14672,52.417,0.75,-1
14673,52.4,1.55,-1
14674,52.45,-2.767,-1
14676,52.45,-2.05,-1
14677,52.45,-2.05,-1
14678,52.45,-2.033,-1
14679,52.467,-1.983,-1
14680,52.45,-1.967,-1
14681,52.467,-1.95,-1
14682,52.45,-1.9,-1
14683,52.45,-1.867,-1
14684,52.467,-1.767,-1
14685,52.45,-1.267,-1
14686,52.45,-1.2,-1
14687,52.45,-1.1,-1
14688,52.45,-0.967,-1
14689,52.433,-0.1,-1
14690,52.433,0.15,-1
14691,52.433,0.25,-1
14692,52.417,0.75,-1
14693,52.417,0.983,-1
14694,52.467,-2.133,-1
14695,52.467,-2.067,-1
14696,52.467,-2.017,-1
14697,52.467,-1.983,-1
14698,52.467,-1.95,-1
14699,52.467,-1.933,-1
14700,52.467,-1.833,-1
14701,52.467,-1.783,-1
14702,52.467,-1.55,-1
14703,52.45,-0.383,-1
14704,52.45,-0.15,-1
14706,52.433,0.983,-1
14707,52.433,1,-1
14708,52.417,1.1,-1
14709,52.417,1.25,-1
14710,52.417,1.667,-1
14711,52.467,-2.95,-1
14712,52.467,-2.767,-1
14713,52.467,-2.4,-1
14715,52.483,-2.033,-1
14716,52.467,-1.983,-1
14717,52.483,-1.917,-1
14718,52.483,-1.9,-1
14719,52.467,-1.833,-1
14720,52.467,-1.783,-1
14721,52.483,-1.583,-1
14722,52.483,-1.5,-1
14723,52.467,-0.65,-1
14724,52.45,0.033,-1
14725,52.45,0.3,-1
14726,52.433,1,-1
14727,52.417,1.717,-1
14728,52.467,-3.483,-1
14729,52.483,-2.967,-1
14730,52.483,-2.917,-1
14731,52.483,-2.35,-1
14732,52.483,-2.317,-1
14733,52.483,-2.233,-1
14734,52.483,-2.15,-1
14735,52.483,-2.133,-1
14736,52.483,-2.033,-1
14737,52.483,-2,-1
14738,52.483,-1.983,-1
14739,52.483,-1.967,-1
14740,52.483,-1.95,-1
14741,52.483,-1.783,-1
14742,52.483,-1.7,-1
14743,52.483,-1.267,-1
14744,52.483,-1.25,-1
14745,52.483,-0.933,-1
14746,52.483,-0.917,-1
14747,52.483,-0.8,-1
14748,52.483,-0.3,-1
14749,52.467,-0.1,-1
14750,52.45,0.65,-1
14751,52.433,1.417,-1
14752,52.483,-3.933,-1
14753,52.5,-2.167,-1
14754,52.483,-2,-1
14755,52.5,-1.8,-1
14756,52.483,-1.7,-1
14757,52.5,-1.5,-1
14758,52.483,-0.917,-1
14759,52.5,-0.9,-1
14760,52.483,-0.9,-1
14761,52.483,-0.717,-1
14762,52.483,-0.533,-1
14763,52.483,-0.467,-1
14764,52.45,0.95,-1
14765,52.45,1.35,-1
14766,52.45,1.383,-1
14767,52.483,-3.95,-1
14768,52.5,-3,-1
14769,52.5,-2.183,-1
14770,52.5,-1.967,-1
14771,52.5,-1.883,-1
14772,52.5,-1.783,-1
14773,52.5,-1.717,-1
14774,52.5,-0.8,-1
14775,52.5,-0.767,-1
14776,52.5,-0.717,-1
14777,52.5,-0.7,-1
14778,52.5,-0.683,-1
14779,52.5,-0.283,-1
14780,52.5,-0.283,-1
14781,52.467,0.6,-1
14782,52.467,1.233,-1
14783,52.45,1.433,-1
14784,52.45,1.633,-1
14785,52.5,-3.333,-1
14786,52.517,-2.167,-1
14787,52.517,-2.133,-1
14788,52.517,-1.933,-1
14789,52.517,-1.833,-1
14790,52.517,-1.817,-1
14791,52.517,-1.667,-1
14792,52.517,-1.65,-1
14793,52.517,-1.183,-1
14794,52.5,-1.1,-1
14795,52.5,-0.25,-1
14796,52.5,0.05,-1
14797,52.467,1.217,-1
14798,52.45,1.683,-1
14799,52.45,1.717,-1
14800,52.517,-3.317,-1
14801,52.517,-3.3,-1
14802,52.517,-2.217,-1
14803,52.517,-1.983,-1
14804,52.517,-1.967,-1
14805,52.517,-1.933,-1
14806,52.517,-1.917,-1
14807,52.517,-1.817,-1
14808,52.517,-1.817,-1
14809,52.517,-1.783,-1
14810,52.517,-1.517,-1
14811,52.517,-1.5,-1
14812,52.517,-1.467,-1
14813,52.517,-1.35,-1
14814,52.517,-1.333,-1
14815,52.517,-1.283,-1
14816,52.517,-0.583,-1
14817,52.5,0.067,-1
14818,52.467,1.4,-1
14819,52.467,1.433,-1
14820,52.467,1.7,-1
14821,52.517,-3.967,-1
14822,52.517,-3.967,-1
14823,52.517,-3.5,-1
14824,52.533,-2.417,-1
14825,52.533,-2.183,-1
14826,52.533,-2.183,-1
14827,52.533,-1.833,-1
14828,52.533,-1.8,-1
14829,52.533,-1.667,-1
14830,52.517,-1.517,-1
14831,52.533,-1.45,-1
14832,52.533,-1.433,-1
14833,52.533,-1.35,-1
14834,52.533,-1.217,-1
14835,52.533,-1.2,-1
14836,52.533,-1.15,-1
14837,52.517,-1.083,-1
14838,52.533,-1.033,-1
14839,52.517,-0.917,-1
14840,52.517,-0.25,-1
14841,52.5,0.217,-1
14842,52.5,0.533,-1
14843,52.5,0.683,-1
14844,52.483,1.3,-1
14845,52.483,1.383,-1
14846,52.483,1.433,-1
14847,52.483,1.467,-1
14848,52.483,1.6,-1
14849,52.467,1.733,-1
14850,52.533,-2.8,-1
14851,52.533,-2.8,-1
14852,52.533,-2.783,-1
14853,52.533,-2.717,-1
14854,52.533,-2.417,-1
14855,52.533,-2.417,-1
14856,52.533,-2.4,-1
14857,52.533,-2.383,-1
14858,52.533,-2.183,-1
14859,52.533,-2.133,-1
14860,52.533,-2.1,-1
14861,52.533,-1.967,-1
14862,52.533,-1.883,-1
14863,52.55,-1.817,-1
14864,52.533,-1.783,-1
14865,52.533,-1.367,-1
14866,52.533,-1.267,-1
14867,52.533,-1.25,-1
14868,52.533,-1.217,-1
14869,52.533,-1.033,-1
14870,52.533,-0.75,-1
14871,52.517,0.05,-1
14872,52.5,1.117,-1
14873,52.5,1.133,-1
14874,52.483,1.35,-1
14875,52.483,1.583,-1
14876,52.483,1.7,-1
14877,52.483,1.75,-1
14878,52.55,-3.05,-1
14879,52.533,-2.8,-1
14880,52.55,-2.45,-1
14881,52.55,-2.367,-1
14882,52.55,-1.967,-1
14883,52.55,-1.85,-1
14884,52.55,-1.833,-1
14885,52.55,-1.833,-1
14886,52.55,-1.733,-1
14887,52.55,-1.517,-1
14888,52.55,-1.35,-1
14889,52.55,-1.183,-1
14890,52.55,-1.117,-1
14891,52.533,-1.05,-1
14892,52.55,-0.983,-1
14893,52.533,-0.617,-1
14894,52.517,0.55,-1
14895,52.517,0.95,-1
14896,52.5,1,-1
14897,52.483,1.717,-1
14898,52.483,1.733,-1
14899,52.483,1.733,-1
14900,52.55,-3.25,-1
14901,52.55,-3.117,-1
14902,52.567,-2.467,-1
14903,52.567,-2.183,-1
14904,52.55,-2.15,-1
14905,52.55,-2.133,-1
14906,52.55,-1.917,-1
14907,52.55,-1.883,-1
14908,52.55,-1.867,-1
14909,52.55,-1.8,-1
14910,52.567,-1.8,-1
14911,52.55,-1.233,-1
14912,52.55,-1.183,-1
14913,52.55,-1.15,-1
14915,52.55,-0.3,-1
14916,52.533,-0.283,-1
14918,52.55,-0.1,-1
14919,52.533,0.35,-1
14920,52.517,1,-1
14921,52.517,1.017,-1
14922,52.55,-4.067,-1
14923,52.55,-3.833,-1
14924,52.567,-3.2,-1
14925,52.567,-2.15,-1
14926,52.567,-2.033,-1
14927,52.567,-1.95,-1
14928,52.567,-1.95,-1
14929,52.567,-1.933,-1
14930,52.567,-1.817,-1
14931,52.567,-1.8,-1
14933,52.567,-1.583,-1
14934,52.567,-1.25,-1
14935,52.567,-1.233,-1
14937,52.567,-1.15,-1
14938,52.55,-0.6,-1
14939,52.55,-0.3,-1
14940,52.55,-0.267,-1
14941,52.55,-0.267,-1
14942,52.55,-0.117,-1
14943,52.55,0.067,-1
14944,52.55,0.067,-1
14945,52.55,0.2,-1
14946,52.533,0.55,-1
14947,52.533,0.633,-1
14948,52.5,1.733,-1
14949,52.567,-2.15,-1
14950,52.567,-1.967,-1
14951,52.583,-1.883,-1
14952,52.567,-1.85,-1
14953,52.567,-1.8,-1
14954,52.567,-1.35,-1
14955,52.567,-1.333,-1
14956,52.567,-1.317,-1
14957,52.583,-1.3,-1
14958,52.567,-1.25,-1
14960,52.583,-1.117,-1
14961,52.567,-1.083,-1
14962,52.567,-1.067,-1
14963,52.567,-1.017,-1
14964,52.567,-0.4,-1
14965,52.567,-0.317,-1
14967,52.567,-0.117,-1
14968,52.55,0.083,-1
14969,52.55,0.233,-1
14970,52.55,0.867,-1
14971,52.533,0.933,-1
14972,52.517,1.55,-1
14973,52.517,1.65,-1
14974,52.583,-3.15,-1
14975,52.583,-2.267,-1
14976,52.583,-2.15,-1
14977,52.583,-2.05,-1
14978,52.583,-2,-1
14979,52.583,-1.867,-1
14980,52.583,-1.817,-1
14981,52.583,-1.767,-1
14982,52.583,-1.633,-1
14983,52.583,-1.283,-1
14984,52.583,-1.25,-1
14985,52.583,-1.2,-1
14986,52.583,-1.15,-1
14988,52.583,-1.017,-1
14989,52.583,-0.717,-1
14990,52.567,-0.55,-1
14991,52.567,-0.417,-1
14992,52.567,-0.333,-1
14993,52.567,-0.183,-1
14994,52.567,0,-1
14995,52.567,0.083,-1
14997,52.5,2.383,-1
14998,52.583,-3.633,-1
14999,52.6,-2.25,-1
15000,52.6,-2.2,-1
15001,52.583,-2.2,-1
15002,52.583,-2.183,-1
15003,52.6,-2.15,-1
15004,52.6,-1.9,-1
15005,52.583,-1.833,-1
15006,52.583,-1.817,-1
15007,52.6,-1.8,-1
15008,52.583,-1.25,-1
15009,52.583,-1.2,-1
15010,52.583,-1.15,-1
15011,52.583,-1.117,-1
15012,52.6,-1.1,-1
15013,52.583,-1.083,-1
15014,52.583,-1.05,-1
15015,52.583,-0.917,-1
15016,52.583,-0.45,-1
15017,52.583,-0.417,-1
15018,52.583,-0.267,-1
15019,52.583,-0.233,-1
15020,52.567,-0.2,-1
15021,52.567,0.533,-1
15022,52.533,1.35,-1
15023,52.533,1.517,-1
15024,52.533,1.7,-1
15025,52.583,-4.083,-1
15026,52.583,-3.917,-1
15027,52.6,-3.167,-1
15028,52.6,-2.467,-1
15029,52.6,-2.283,-1
15031,52.6,-1.933,-1
15032,52.6,-1.917,-1
15033,52.6,-1.85,-1
15034,52.6,-1.833,-1
15035,52.6,-1.65,-1
15036,52.6,-1.517,-1
15037,52.6,-1.433,-1
15038,52.6,-1.183,-1
15039,52.6,-1.15,-1
15040,52.6,-1.133,-1
15041,52.6,-1.067,-1
15042,52.6,-1.05,-1
15044,52.583,-0.6,-1
15045,52.6,-0.25,-1
15046,52.583,-0.233,-1
15047,52.583,-0.2,-1
15048,52.583,0.217,-1
15049,52.583,0.283,-1
15050,52.567,0.5,-1
15051,52.567,0.8,-1
15052,52.567,1.1,-1
15053,52.55,1.683,-1
15054,52.6,-3.7,-1
15055,52.6,-2.917,-1
15056,52.617,-2.35,-1
15057,52.6,-2.167,-1
15058,52.617,-2.15,-1
15059,52.617,-1.917,-1
15060,52.617,-1.7,-1
15061,52.617,-1.683,-1
15062,52.617,-1.65,-1
15063,52.617,-1.167,-1
15064,52.6,-1.117,-1
15065,52.6,-1.1,-1
15066,52.6,-1.083,-1
15067,52.6,-0.25,-1
15068,52.6,-0.233,-1
15069,52.6,0.2,-1
15070,52.583,0.467,-1
15071,52.583,0.817,-1
15072,52.567,0.983,-1
15073,52.567,1.117,-1
15074,52.567,1.3,-1
15075,52.617,-2.483,-1
15076,52.617,-2.483,-1
15077,52.617,-2.167,-1
15078,52.617,-1.9,-1
15079,52.617,-1.7,-1
15080,52.617,-1.667,-1
15081,52.617,-1.65,-1
15082,52.617,-1.2,-1
15083,52.617,-1.167,-1
15084,52.617,-1.117,-1
15085,52.617,-1.083,-1
15086,52.617,-0.9,-1
15088,52.6,-0.433,-1
15089,52.617,-0.267,-1
15090,52.617,-0.25,-1
15091,52.617,-0.233,-1
15092,52.583,1.117,-1
15093,52.567,1.2,-1
15094,52.567,1.317,-1
15095,52.583,1.333,-1
15096,52.567,1.367,-1
15097,52.567,1.567,-1
15098,52.617,-3.267,-1
15099,52.633,-2.483,-1
15100,52.633,-2.367,-1
15101,52.633,-2.267,-1
15102,52.633,-2,-1
15103,52.633,-1.65,-1
15104,52.633,-1.333,-1
15105,52.617,-1.3,-1
15106,52.617,-1.217,-1
15107,52.633,-1.167,-1
15108,52.633,-1.15,-1
15109,52.633,-1.117,-1
15110,52.633,-1.117,-1
15111,52.633,-1.067,-1
15112,52.633,-1.05,-1
15113,52.633,-1.033,-1
15114,52.617,-1,-1
15115,52.633,-0.917,-1
15116,52.617,-0.883,-1
15117,52.617,-0.317,-1
15118,52.617,-0.267,-1
15119,52.617,-0.267,-1
15120,52.6,0.383,-1
15121,52.6,0.383,-1
15122,52.6,0.433,-1
15123,52.6,0.517,-1
15124,52.6,0.767,-1
15125,52.583,1,-1
15126,52.583,1.267,-1
15127,52.583,1.367,-1
15128,52.583,1.433,-1
15129,52.633,-3.317,-1
15130,52.633,-3.283,-1
15131,52.633,-2.917,-1
15132,52.633,-2.267,-1
15133,52.633,-2.15,-1
15134,52.633,-1.733,-1
15135,52.633,-1.7,-1
15136,52.633,-1.683,-1
15137,52.633,-1.65,-1
15138,52.633,-1.383,-1
15139,52.633,-1.333,-1
15140,52.633,-1.283,-1
15141,52.633,-1.183,-1
15142,52.633,-1.183,-1
15143,52.633,-1.15,-1
15144,52.633,-1.15,-1
15145,52.633,-1.133,-1
15146,52.633,-1.067,-1
15147,52.633,-1.067,-1
15148,52.633,-1.033,-1
15149,52.633,-0.65,-1
15150,52.617,-0.267,-1
15151,52.617,0.15,-1
15152,52.617,0.217,-1
15154,52.6,0.917,-1
15155,52.6,1.017,-1
15156,52.6,1.167,-1
15157,52.583,1.383,-1
15158,52.583,1.65,-1
15159,52.583,1.667,-1
15160,52.583,1.683,-1
15161,52.583,1.7,-1
15162,52.633,-3.233,-1
15164,52.65,-2.45,-1
15165,52.65,-2.433,-1
15166,52.65,-2.283,-1
15167,52.65,-2.267,-1
15168,52.65,-2.2,-1
15169,52.65,-2.083,-1
15170,52.65,-1.7,-1
15171,52.633,-1.25,-1
15172,52.65,-1.2,-1
15173,52.633,-1.067,-1
15174,52.633,-0.9,-1
15175,52.633,-0.617,-1
15176,52.633,-0.467,-1
15177,52.617,0.383,-1
15178,52.633,0.4,-1
15179,52.617,0.583,-1
15180,52.6,1.167,-1
15181,52.6,1.233,-1
15182,52.6,1.25,-1
15183,52.583,1.667,-1
15184,52.65,-3.317,-1
15185,52.65,-3.083,-1
15186,52.65,-2.883,-1
15187,52.65,-2.783,-1
15188,52.65,-2.467,-1
15189,52.65,-2.45,-1
15190,52.65,-2,-1
15191,52.65,-1.917,-1
15192,52.65,-1.767,-1
15194,52.65,-1.217,-1
15195,52.65,-1.183,-1
15196,52.65,-1.15,-1
15197,52.65,-1.067,-1
15198,52.65,-1.05,-1
15199,52.65,-0.933,-1
15200,52.65,-0.9,-1
15201,52.65,-0.65,-1
15202,52.65,-0.467,-1
15203,52.633,-0.117,-1
15204,52.633,0.233,-1
15205,52.633,0.683,-1
15206,52.617,1.25,-1
15207,52.617,1.267,-1
15208,52.617,1.267,-1
15209,52.6,1.3,-1
15210,52.6,1.417,-1
15211,52.6,1.483,-1
15212,52.6,1.567,-1
15213,52.6,1.7,-1
15215,52.667,-3.15,-1
15216,52.667,-2.767,-1
15217,52.667,-2.667,-1
15218,52.667,-2.367,-1
15219,52.667,-2.167,-1
15220,52.667,-1.15,-1
15221,52.667,-1.1,-1
15222,52.65,-0.467,-1
15223,52.65,-0.467,-1
15224,52.65,0.2,-1
15225,52.633,0.967,-1
15226,52.617,1.233,-1
15227,52.617,1.267,-1
15228,52.617,1.283,-1
15229,52.617,1.283,-1
15230,52.617,1.433,-1
15231,52.617,1.467,-1
15232,52.6,1.55,-1
15233,52.6,1.733,-1
15234,52.667,-3.433,-1
15235,52.667,-2.767,-1
15236,52.667,-2.767,-1
15237,52.667,-2.35,-1
15238,52.667,-2.167,-1
15239,52.683,-1.933,-1
15240,52.667,-1.883,-1
15241,52.667,-1.75,-1
15242,52.667,-1.733,-1
15243,52.667,-1.217,-1
15244,52.667,-1.1,-1
15245,52.667,-0.733,-1
15246,52.667,-0.483,-1
15247,52.667,-0.283,-1
15249,52.633,1.25,-1
15250,52.633,1.267,-1
15251,52.633,1.283,-1
15252,52.633,1.35,-1
15253,52.633,1.417,-1
15254,52.617,1.467,-1
15255,52.617,1.483,-1
15256,52.667,-4.067,-1
15257,52.667,-3.767,-1
15258,52.683,-3.3,-1
15259,52.667,-3.2,-1
15260,52.683,-2.95,-1
15261,52.683,-1.883,-1
15262,52.683,-1.833,-1
15263,52.683,-1.817,-1
15264,52.683,-1.8,-1
15265,52.683,-1.483,-1
15266,52.683,-1.45,-1
15267,52.683,-1.317,-1
15268,52.683,-1.267,-1
15269,52.683,-1.133,-1
15270,52.683,-1.117,-1
15271,52.683,-1.05,-1
15272,52.683,-0.717,-1
15273,52.667,-0.283,-1
15274,52.667,-0.267,-1
15275,52.65,0.383,-1
15276,52.65,0.683,-1
15277,52.65,0.767,-1
15278,52.65,1.033,-1
15279,52.633,1.217,-1
15280,52.633,1.267,-1
15281,52.633,1.3,-1
15282,52.633,1.3,-1
15283,52.633,1.333,-1
15284,52.633,1.35,-1
15285,52.633,1.733,-1
15286,52.683,-3.717,-1
15287,52.683,-2.933,-1
15288,52.683,-2.817,-1
15289,52.7,-2.417,-1
15290,52.7,-2.183,-1
15291,52.683,-2.033,-1
15292,52.7,-2.017,-1
15293,52.683,-2,-1
15294,52.683,-1.833,-1
15295,52.683,-1.817,-1
15296,52.683,-1.533,-1
15297,52.7,-1.433,-1
15298,52.7,-1.283,-1
15299,52.683,-1.217,-1
15300,52.683,-0.467,-1
15301,52.683,-0.15,-1
15302,52.683,-0.083,-1
15303,52.667,0.15,-1
15304,52.65,1.033,-1
15305,52.65,1.2,-1
15306,52.65,1.217,-1
15307,52.65,1.283,-1
15308,52.65,1.333,-1
15309,52.633,1.55,-1
15310,52.7,-2.767,-1
15311,52.7,-2.733,-1
15312,52.7,-2.717,-1
15313,52.7,-2.5,-1
15314,52.7,-2.017,-1
15316,52.7,-1.783,-1
15317,52.7,-1.5,-1
15318,52.7,-1.15,-1
15319,52.7,-1.083,-1
15320,52.7,-1.067,-1
15321,52.683,-0.75,-1
15322,52.683,-0.017,-1
15323,52.667,0.35,-1
15324,52.667,1.2,-1
15325,52.65,1.25,-1
15326,52.65,1.283,-1
15327,52.65,1.317,-1
15329,52.65,1.7,-1
15330,52.683,-4.033,-1
15331,52.7,-3.15,-1
15332,52.7,-3.017,-1
15333,52.717,-2.8,-1
15334,52.7,-2.783,-1
15335,52.717,-2.767,-1
15336,52.717,-2.717,-1
15337,52.717,-2.5,-1
15338,52.717,-2.483,-1
15339,52.717,-2.35,-1
15340,52.7,-2.017,-1
15341,52.717,-1.967,-1
15342,52.7,-1.917,-1
15343,52.717,-1.767,-1
15344,52.7,-1.367,-1
15345,52.7,-0.467,-1
15346,52.7,-0.45,-1
15347,52.7,-0.3,-1
15348,52.683,0.433,-1
15349,52.683,0.917,-1
15350,52.667,1.267,-1
15351,52.667,1.3,-1
15352,52.65,1.7,-1
15353,52.7,-4.017,-1
15354,52.7,-4.017,-1
15355,52.717,-2.817,-1
15356,52.717,-2.8,-1
15357,52.717,-2.783,-1
15359,52.717,-2.717,-1
15360,52.717,-2.533,-1
15361,52.717,-2.45,-1
15362,52.717,-2.433,-1
15363,52.717,-1.35,-1
15364,52.717,-1.317,-1
15365,52.717,-1.2,-1
15366,52.717,-0.967,-1
15367,52.7,0.333,-1
15368,52.683,0.867,-1
15369,52.683,0.917,-1
15370,52.683,1.017,-1
15371,52.683,1.183,-1
15372,52.683,1.2,-1
15373,52.667,1.217,-1
15375,52.65,1.717,-1
15376,52.717,-4,-1
15377,52.717,-2.75,-1
15378,52.733,-1.733,-1
15379,52.717,-1.617,-1
15381,52.733,-1.333,-1
15383,52.717,-1.15,-1
15384,52.717,-1.133,-1
15385,52.717,-1.05,-1
15386,52.717,-0.767,-1
15387,52.7,0.1,-1
15388,52.7,0.217,-1
15389,52.683,1.1,-1
15390,52.683,1.45,-1
15391,52.733,-2.783,-1
15392,52.733,-2.733,-1
15393,52.733,-2.717,-1
15394,52.733,-1.517,-1
15395,52.733,-1.333,-1
15396,52.733,-1.033,-1
15397,52.733,-0.833,-1
15398,52.733,-0.5,-1
15399,52.717,0.4,-1
15400,52.7,0.75,-1
15401,52.733,-3.917,-1
15402,52.733,-3.25,-1
15403,52.733,-3.167,-1
15404,52.733,-3.133,-1
15405,52.75,-2.35,-1
15406,52.75,-1.817,-1
15407,52.75,-1.583,-1
15408,52.75,-1.567,-1
15409,52.75,-1.5,-1
15410,52.733,-1.467,-1
15411,52.75,-1.383,-1
15412,52.75,-1.35,-1
15414,52.75,-1.15,-1
15415,52.75,-0.85,-1
15416,52.717,0.4,-1
15417,52.717,0.433,-1
15418,52.717,0.533,-1
15419,52.717,0.733,-1
15420,52.717,0.9,-1
15421,52.7,0.967,-1
15422,52.7,1.233,-1
15423,52.7,1.267,-1
15424,52.75,-1.667,-1
15425,52.75,-1.383,-1
15426,52.75,-1.383,-1
15427,52.75,-1.35,-1
15428,52.75,-1.3,-1
15429,52.75,-1.133,-1
15430,52.75,-0.967,-1
15431,52.75,-0.883,-1
15432,52.75,-0.517,-1
15433,52.717,0.967,-1
15434,52.717,1.4,-1
15435,52.7,1.45,-1
15436,52.7,1.567,-1
15437,52.75,-3.867,-1
15438,52.75,-3.283,-1
15439,52.767,-2.567,-1
15440,52.767,-2.033,-1
15441,52.767,-1.967,-1
15442,52.767,-1.933,-1
15443,52.767,-1.717,-1
15444,52.767,-1.717,-1
15445,52.767,-1.567,-1
15446,52.767,-1.533,-1
15447,52.767,-1.283,-1
15448,52.767,-1.217,-1
15449,52.767,-1.2,-1
15450,52.75,-1.133,-1
15451,52.75,-0.883,-1
15453,52.75,-0.4,-1
15454,52.75,-0.217,-1
15455,52.733,0.583,-1
15456,52.733,0.767,-1
15457,52.733,0.933,-1
15459,52.717,1.5,-1
15460,52.717,1.633,-1
15461,52.767,-2.9,-1
15462,52.767,-2.4,-1
15463,52.767,-2.367,-1
15464,52.767,-2.35,-1
15465,52.767,-2.05,-1
15466,52.767,-2.033,-1
15467,52.767,-1.283,-1
15468,52.767,-1.233,-1
15469,52.767,-1.217,-1
15470,52.767,-1.183,-1
15471,52.767,-0.883,-1
15472,52.767,-0.867,-1
15473,52.75,0.4,-1
15474,52.733,1.133,-1
15475,52.733,1.45,-1
15476,52.717,1.467,-1
15477,52.717,1.567,-1
15478,52.717,1.633,-1
15480,52.767,-3.083,-1
15482,52.767,-2.883,-1
15483,52.783,-2.75,-1
15484,52.783,-1.533,-1
15485,52.783,-1.233,-1
15486,52.783,-1.183,-1
15487,52.783,-0.883,-1
15488,52.767,-0.2,-1
15489,52.767,0.35,-1
15490,52.75,0.4,-1
15491,52.75,0.417,-1
15492,52.75,0.433,-1
15493,52.75,1.017,-1
15494,52.717,1.65,-1
15495,52.783,-3.033,-1
15496,52.8,-2.133,-1
15497,52.783,-2.117,-1
15498,52.783,-2.083,-1
15499,52.783,-1.983,-1
15500,52.783,-0.95,-1
15501,52.767,0.183,-1
15502,52.767,0.417,-1
15503,52.767,0.417,-1
15504,52.75,1.25,-1
15505,52.733,1.3,-1
15506,52.733,1.533,-1
15507,52.8,-2.833,-1
15508,52.8,-2.75,-1
15509,52.8,-2.15,-1
15510,52.8,-2.1,-1
15511,52.8,-2,-1
15512,52.8,-1.867,-1
15513,52.8,-1.6,-1
15514,52.8,-1.433,-1
15515,52.8,-0.517,-1
15516,52.783,-0.45,-1
15517,52.783,-0.15,-1
15518,52.783,-0.133,-1
15519,52.767,0.517,-1
15520,52.75,1.3,-1
15521,52.75,1.567,-1
15522,52.8,-4.083,-1
15523,52.8,-3.033,-1
15525,52.8,-2.117,-1
15526,52.817,-2.083,-1
15527,52.817,-1.567,-1
15528,52.817,-1.467,-1
15529,52.8,-1.283,-1
15530,52.8,-1.217,-1
15531,52.8,-1.183,-1
15532,52.8,-1.1,-1
15533,52.8,-0.05,-1
15534,52.783,0.117,-1
15535,52.767,1.117,-1
15536,52.767,1.4,-1
15537,52.8,-3.417,-1
15538,52.817,-2.117,-1
15539,52.817,-2.083,-1
15540,52.817,-1.717,-1
15541,52.817,-1.65,-1
15542,52.8,-0.15,-1
15543,52.8,-0.083,-1
15544,52.8,0.05,-1
15545,52.8,0.417,-1
15546,52.783,0.9,-1
15547,52.783,0.95,-1
15548,52.767,1.283,-1
15549,52.767,1.517,-1
15550,52.8,-4.733,-1
15551,52.817,-2.967,-1
15552,52.833,-2.317,-1
15553,52.817,-2.133,-1
15554,52.833,-1.417,-1
15555,52.817,-1.117,-1
15556,52.817,-0.833,-1
15557,52.817,-0.217,-1
15558,52.817,-0.15,-1
15559,52.817,0.083,-1
15560,52.8,0.65,-1
15561,52.783,0.95,-1
15562,52.783,1.283,-1
15563,52.8,-4.7,-1
15564,52.817,-4.083,-1
15565,52.833,-2.917,-1
15566,52.833,-2.45,-1
15567,52.833,-2.217,-1
15568,52.833,-1.6,-1
15569,52.833,-1.317,-1
15570,52.833,-1.167,-1
15571,52.833,-0.917,-1
15572,52.833,-0.633,-1
15573,52.817,0.05,-1
15574,52.8,0.833,-1
15575,52.8,1.067,-1
15576,52.8,1.233,-1
15577,52.783,1.5,-1
15578,52.817,-4.617,-1
15579,52.833,-3.1,-1
15581,52.833,-2.033,-1
15582,52.85,-2,-1
15583,52.85,-1.783,-1
15584,52.85,-1.65,-1
15585,52.833,-0.5,-1
15586,52.833,-0.367,-1
15587,52.833,0.033,-1
15588,52.817,0.5,-1
15589,52.817,0.817,-1
15590,52.8,1.05,-1
15591,52.8,1.183,-1
15592,52.8,1.25,-1
15593,52.817,-4.667,-1
15594,52.833,-4.583,-1
15595,52.817,-4.5,-1
15596,52.85,-2.95,-1
15597,52.85,-2.717,-1
15599,52.85,-2.633,-1
15600,52.85,-1.767,-1
15601,52.85,-1.55,-1
15602,52.85,-0.967,-1
15603,52.833,-0.35,-1
15604,52.8,1.533,-1
15605,52.833,-4.583,-1
15606,52.833,-4.5,-1
15607,52.85,-3.05,-1
15608,52.867,-3.033,-1
15609,52.85,-3.017,-1
15610,52.867,-2.717,-1
15611,52.867,-2.55,-1
15612,52.867,-1.9,-1
15613,52.867,-1.85,-1
15614,52.867,-1.783,-1
15615,52.867,-1.067,-1
15616,52.85,-0.9,-1
15617,52.85,-0.333,-1
15618,52.833,0.583,-1
15619,52.867,-3,-1
15620,52.883,-2.117,-1
15621,52.867,-1.9,-1
15622,52.867,-1.483,-1
15623,52.867,-1.483,-1
15624,52.867,-1.433,-1
15625,52.867,-1.333,-1
15626,52.867,-1.083,-1
15627,52.867,-0.983,-1
15628,52.85,0.483,-1
15629,52.85,0.5,-1
15630,52.833,0.833,-1
15631,52.833,1.133,-1
15632,52.817,1.433,-1
15633,52.817,1.467,-1
15634,52.85,-4.6,-1
15635,52.867,-4.05,-1
15636,52.883,-1.583,-1
15637,52.883,-1.417,-1
15638,52.883,-1.3,-1
15639,52.867,-1.083,-1
15640,52.867,-0.85,-1
15641,52.867,0.033,-1
15642,52.85,1.05,-1
15643,52.867,-4.583,-1
15644,52.883,-3.067,-1
15645,52.883,-2.6,-1
15646,52.9,-2.217,-1
15647,52.9,-2.167,-1
15648,52.883,-2.133,-1
15649,52.883,-1.833,-1
15651,52.883,-1.383,-1
15652,52.883,-1.283,-1
15653,52.883,-1.283,-1
15654,52.883,-0.683,-1
15655,52.883,-0.15,-1
15656,52.867,-4.667,-1
15657,52.867,-4.617,-1
15658,52.9,-2.817,-1
15659,52.9,-2.483,-1
15660,52.9,-2.233,-1
15661,52.9,-1.717,-1
15662,52.9,-1.533,-1
15663,52.9,-1.483,-1
15664,52.9,-1.467,-1
15665,52.9,-1.333,-1
15666,52.9,-1.283,-1
15667,52.9,-1.15,-1
15668,52.867,0.917,-1
15670,52.867,1.05,-1
15671,52.85,1.1,-1
15672,52.85,1.217,-1
15673,52.883,-4.567,-1
15674,52.883,-4.417,-1
15675,52.9,-4.033,-1
15676,52.9,-3.617,-1
15677,52.9,-3.083,-1
15678,52.9,-2.7,-1
15679,52.9,-2.467,-1
15680,52.917,-2.467,-1
15681,52.9,-1.867,-1
15682,52.9,-1.633,-1
15683,52.9,-1.533,-1
15684,52.9,-1.483,-1
15685,52.9,-1.483,-1
15686,52.9,-1.383,-1
15687,52.917,-1.367,-1
15688,52.9,-1.35,-1
15689,52.9,-1.25,-1
15690,52.9,-1.233,-1
15691,52.9,-1.217,-1
15692,52.9,-1.017,-1
15693,52.9,-0.983,-1
15694,52.9,-0.617,-1
15695,52.9,-0.517,-1
15696,52.9,-0.333,-1
15697,52.883,0.767,-1
15698,52.867,0.983,-1
15699,52.867,1.233,-1
15700,52.9,-4.417,-1
15701,52.883,-4.4,-1
15702,52.9,-4.05,-1
15703,52.917,-2.267,-1
15704,52.917,-2.083,-1
15705,52.917,-1.533,-1
15706,52.917,-1.483,-1
15707,52.917,-1.283,-1
15708,52.917,-1.267,-1
15709,52.917,-1.233,-1
15710,52.917,-1.1,-1
15711,52.917,-0.683,-1
15712,52.917,-0.65,-1
15713,52.9,-0.633,-1
15714,52.9,-0.633,-1
15715,52.9,-0.617,-1
15716,52.9,0.483,-1
15717,52.917,-3.433,-1
15718,52.917,-3.15,-1
15719,52.917,-3.05,-1
15720,52.917,-2.933,-1
15721,52.917,-2.65,-1
15722,52.917,-1.567,-1
15723,52.917,-1.383,-1
15724,52.917,-1.367,-1
15725,52.917,-1.267,-1
15726,52.917,-1.25,-1
15727,52.917,-1.233,-1
15728,52.917,-1.217,-1
15729,52.917,-1.133,-1
15730,52.917,-0.867,-1
15731,52.917,-0.683,-1
15732,52.917,-0.667,-1
15733,52.917,-0.633,-1
15736,52.9,0.483,-1
15737,52.9,0.55,-1
15738,52.9,0.867,-1
15739,52.883,1.333,-1
15740,52.917,-3.433,-1
15741,52.933,-3.15,-1
15742,52.933,-3.1,-1
15743,52.933,-1.933,-1
15745,52.933,-1.783,-1
15746,52.933,-1.283,-1
15747,52.933,-1.233,-1
15748,52.933,-1.233,-1
15749,52.933,-1.2,-1
15750,52.933,-1.183,-1
15751,52.933,-1.117,-1
15752,52.933,-1.117,-1
15753,52.933,-0.65,-1
15754,52.917,-0.617,-1
15755,52.933,-0.617,-1
15756,52.917,-0.167,-1
15757,52.9,0.483,-1
15758,52.9,1.25,-1
15759,52.917,-4.317,-1
15760,52.917,-4.267,-1
15761,52.917,-4.217,-1
15762,52.933,-4.117,-1
15763,52.933,-3.2,-1
15764,52.933,-2.167,-1
15765,52.95,-2.15,-1
15766,52.95,-1.467,-1
15767,52.95,-1.433,-1
15768,52.95,-1.417,-1
15769,52.933,-1.3,-1
15770,52.933,-1.217,-1
15771,52.95,-1.183,-1
15772,52.933,-1.183,-1
15773,52.933,-1.117,-1
15774,52.933,-1.1,-1
15775,52.933,-1.033,-1
15776,52.933,-0.867,-1
15777,52.933,-0.65,-1
15778,52.917,0.483,-1
15779,52.917,0.75,-1
15780,52.9,1.083,-1
15781,52.933,-4.233,-1
15782,52.933,-4.05,-1
15783,52.95,-1.467,-1
15784,52.95,-1.25,-1
15785,52.95,-1.217,-1
15786,52.95,-1.2,-1
15787,52.95,-1.167,-1
15788,52.95,-1.15,-1
15789,52.95,-1.133,-1
15790,52.95,-1.117,-1
15791,52.95,-1.1,-1
15792,52.95,-1.017,-1
15793,52.95,-1.017,-1
15794,52.95,-0.95,-1
15795,52.95,-0.95,-1
15796,52.95,-0.783,-1
15797,52.9,1.267,-1
15798,52.9,1.283,-1
15799,52.933,-4.417,-1
15800,52.933,-4.25,-1
15801,52.95,-3.45,-1
15802,52.95,-2.767,-1
15803,52.967,-2.683,-1
15804,52.967,-2.117,-1
15805,52.967,-1.5,-1
15806,52.95,-1.233,-1
15807,52.95,-1.183,-1
15808,52.967,-1.117,-1
15809,52.967,-1.083,-1
15810,52.967,-1.067,-1
15811,52.95,-0.717,-1
15812,52.95,-0.05,-1
15813,52.917,1.283,-1
15814,52.917,1.317,-1
15815,52.95,-4.05,-1
15816,52.95,-3.967,-1
15817,52.967,-3.183,-1
15818,52.967,-3.167,-1
15819,52.967,-2.35,-1
15820,52.967,-2.2,-1
15821,52.967,-1.667,-1
15822,52.967,-1.5,-1
15823,52.967,-1.233,-1
15824,52.967,-1.133,-1
15825,52.967,-1.117,-1
15826,52.967,-1.067,-1
15827,52.967,-1.033,-1
15828,52.967,-1,-1
15829,52.967,-0.683,-1
15830,52.95,0,-1
15831,52.95,0.483,-1
15832,52.933,0.9,-1
15833,52.933,1.017,-1
15834,52.933,1.05,-1
15835,52.967,-3.933,-1
15836,52.967,-2.917,-1
15837,52.983,-2.483,-1
15838,52.983,-2.217,-1
15839,52.983,-2.083,-1
15840,52.983,-1.9,-1
15841,52.983,-1.383,-1
15843,52.983,-1.267,-1
15844,52.983,-1.217,-1
15845,52.967,-1.15,-1
15846,52.967,-1.117,-1
15847,52.983,-1.1,-1
15848,52.967,-1.083,-1
15849,52.983,-1.05,-1
15850,52.967,-0.75,-1
15851,52.983,-0.65,-1
15852,52.967,-0.117,-1
15853,52.967,-0.05,-1
15855,52.967,-0.017,-1
15856,52.967,0.017,-1
15857,52.95,0.533,-1
15858,52.95,0.85,-1
15859,52.933,1.183,-1
15860,52.933,1.2,-1
15861,52.933,1.217,-1
15862,52.933,1.25,-1
15863,52.983,-2.467,-1
15864,52.983,-2.067,-1
15865,52.983,-1.667,-1
15866,52.983,-1.483,-1
15867,52.983,-1.45,-1
15868,52.983,-1.317,-1
15869,52.983,-1.25,-1
15870,52.983,-1.15,-1
15871,52.983,-1.117,-1
15872,52.983,-1.1,-1
15873,52.983,-1.033,-1
15874,52.983,-0.967,-1
15875,52.983,-0.667,-1
15876,52.983,-0.55,-1
15877,52.95,0.833,-1
15878,52.95,1.033,-1
15879,52.933,1.2,-1
15881,53,-2.967,-1
15882,52.983,-2.933,-1
15883,53,-2.2,-1
15884,53,-2.183,-1
15885,53,-2.1,-1
15886,53,-1.867,-1
15887,53,-1.75,-1
15888,53,-1.483,-1
15889,53,-1.117,-1
15890,52.983,-1.1,-1
15891,52.983,-1.033,-1
15892,53,-1.017,-1
15893,52.983,-0.983,-1
15894,52.983,-0.75,-1
15895,52.983,-0.533,-1
15896,52.983,-0.283,-1
15897,52.983,-0.033,-1
15898,52.967,0.667,-1
15899,52.983,-3.917,-1
15900,53,-3.667,-1
15901,52.983,-3.667,-1
15902,53,-3.35,-1
15903,53,-3.033,-1
15904,53,-3,-1
15905,53.017,-2.567,-1
15906,53,-2.483,-1
15907,53,-2.367,-1
15908,53.017,-2.333,-1
15909,53,-2.317,-1
15910,53,-2.217,-1
15911,53,-1.867,-1
15912,53,-1.267,-1
15913,53,-1.183,-1
15914,53,-1.15,-1
15915,53,-0.583,-1
15916,53,-0.45,-1
15917,53,-0.4,-1
15918,53,-0.4,-1
15919,53,-0.3,-1
15920,53,0,-1
15921,52.983,-4.417,-1
15922,53.017,-2.267,-1
15923,53.017,-1.45,-1
15924,53.017,-1.183,-1
15925,53.017,-1.133,-1
15926,53.017,-1.017,-1
15927,53.017,-0.717,-1
15928,53,-0.4,-1
15929,53,0.067,-1
15930,53.017,-3.05,-1
15931,53.033,-2.717,-1
15932,53.017,-2.55,-1
15933,53.017,-1.95,-1
15934,53.033,-1.733,-1
15935,53.017,-1.467,-1
15936,53.033,-1.4,-1
15937,53.017,-1.267,-1
15938,53.017,-0.967,-1
15940,53.017,-0.583,-1
15941,53.017,-3.383,-1
15942,53.033,-2.45,-1
15943,53.033,-2.367,-1
15944,53.033,-2,-1
15945,53.033,-1.867,-1
15946,53.033,-1.683,-1
15947,53.033,-1.467,-1
15948,53.033,-1.267,-1
15949,53.033,-1.183,-1
15950,53.033,-1.133,-1
15951,53.033,-1.017,-1
15952,53.017,-4.333,-1
15953,53.033,-3.05,-1
15954,53.033,-3.017,-1
15955,53.033,-2.967,-1
15956,53.033,-2.8,-1
15957,53.033,-2.717,-1
15958,53.033,-2.617,-1
15959,53.033,-2.567,-1
15960,53.033,-1.517,-1
15961,53.033,-1.4,-1
15962,53.033,-1.183,-1
15963,53.033,-1.05,-1
15964,53.033,-0.95,-1
15965,53.033,-0.917,-1
15966,53.033,-0.867,-1
15967,53.033,-0.467,-1
15968,53.033,-0.25,-1
15969,53.033,-3.817,-1
15970,53.033,-3.483,-1
15971,53.05,-3.05,-1
15972,53.05,-3,-1
15973,53.05,-2.417,-1
15974,53.05,-2.3,-1
15975,53.05,-2.117,-1
15976,53.05,-1.883,-1
15977,53.05,-1.7,-1
15978,53.05,-1.6,-1
15979,53.05,-1.15,-1
15980,53.05,-0.583,-1
15981,53.05,-0.383,-1
15982,53.033,-0.3,-1
15983,53.05,-3,-1
15984,53.067,-2.75,-1
15985,53.067,-2.75,-1
15986,53.05,-2.7,-1
15987,53.05,-2.517,-1
15988,53.067,-2.467,-1
15989,53.067,-2.433,-1
15990,53.05,-2.433,-1
15991,53.05,-2.417,-1
15992,53.067,-2.383,-1
15993,53.067,-2.183,-1
15994,53.067,-2.033,-1
15995,53.05,-1.433,-1
15996,53.05,-1.4,-1
15997,53.05,-0.4,-1
15998,53.05,-0.367,-1
15999,53.05,-4.317,-1
16000,53.05,-3.583,-1
16001,53.067,-3.183,-1
16002,53.067,-3.017,-1
16003,53.067,-2.917,-1
16004,53.067,-2.5,-1
16005,53.067,-2.433,-1
16006,53.067,-2.133,-1
16007,53.067,-1.733,-1
16008,53.067,-1.3,-1
16009,53.067,-0.817,-1
16010,53.067,-0.783,-1
16011,53.067,-0.783,-1
16012,53.067,-0.367,-1
16013,53.067,-3.783,-1
16014,53.083,-3.083,-1
16015,53.067,-2.467,-1
16016,53.083,-2.467,-1
16017,53.083,-2.45,-1
16018,53.083,-2.15,-1
16019,53.083,-1.467,-1
16020,53.083,-1.383,-1
16021,53.067,-1.35,-1
16022,53.067,-1.317,-1
16023,53.067,-1.283,-1
16024,53.083,-1.15,-1
16025,53.083,-1.05,-1
16026,53.067,-0.967,-1
16027,53.067,-0.8,-1
16028,53.067,-0.8,-1
16029,53.083,-0.767,-1
16030,53.067,-0.633,-1
16031,53.067,-0.2,-1
16033,53.083,-3.083,-1
16034,53.083,-3,-1
16036,53.083,-2.867,-1
16037,53.083,-2.833,-1
16038,53.083,-2.467,-1
16039,53.083,-2.45,-1
16040,53.083,-2.25,-1
16041,53.083,-2.25,-1
16042,53.083,-2.217,-1
16043,53.083,-2.217,-1
16044,53.083,-2.2,-1
16045,53.083,-2.033,-1
16046,53.083,-1.95,-1
16047,53.083,-1.6,-1
16048,53.083,-1.567,-1
16049,53.083,-1.5,-1
16050,53.083,-1.35,-1
16051,53.083,-1.183,-1
16052,53.083,-1.15,-1
16053,53.083,-0.983,-1
16054,53.083,-0.95,-1
16055,53.083,-0.95,-1
16056,53.083,-0.733,-1
16057,53.067,-4.25,-1
16058,53.067,-4.233,-1
16059,53.1,-3.033,-1
16060,53.083,-2.967,-1
16061,53.1,-2.6,-1
16062,53.1,-2.45,-1
16063,53.1,-2.417,-1
16064,53.1,-2.4,-1
16065,53.1,-2.3,-1
16066,53.1,-2.233,-1
16067,53.1,-2.2,-1
16068,53.1,-1.65,-1
16069,53.1,-1.4,-1
16070,53.1,-1.383,-1
16071,53.1,-1.25,-1
16072,53.1,-1.2,-1
16073,53.083,-4.2,-1
16074,53.083,-4.167,-1
16075,53.1,-2.867,-1
16076,53.1,-2.383,-1
16077,53.1,-2.3,-1
16078,53.117,-2.133,-1
16079,53.1,-2.017,-1
16080,53.1,-1.583,-1
16081,53.1,-1.5,-1
16082,53.1,-1.367,-1
16083,53.1,-1.333,-1
16084,53.1,-1.267,-1
16085,53.1,-1.25,-1
16086,53.1,-1.117,-1
16087,53.1,-0.367,-1
16088,53.1,-3.033,-1
16089,53.117,-2.95,-1
16090,53.117,-2.533,-1
16091,53.117,-2.45,-1
16092,53.117,-2.45,-1
16093,53.117,-2.167,-1
16094,53.117,-2.15,-1
16095,53.117,-1.433,-1
16096,53.117,-1,-1
16097,53.1,-0.767,-1
16098,53.117,-0.633,-1
16099,53.1,-0.183,-1
16100,53.117,-3.367,-1
16101,53.117,-3.133,-1
16102,53.117,-3.117,-1
16103,53.117,-2.767,-1
16104,53.133,-2.167,-1
16105,53.117,-1.55,-1
16106,53.117,-1.267,-1
16107,53.117,-1.233,-1
16108,53.117,-0.8,-1
16109,53.117,-0.633,-1
16110,53.1,0.217,-1
16111,53.1,-4.183,-1
16113,53.133,-2.15,-1
16114,53.133,-1.533,-1
16115,53.133,-1.5,-1
16116,53.133,-1.233,-1
16117,53.133,-1.2,-1
16118,53.117,-0.8,-1
16119,53.117,-0.667,-1
16120,53.117,-0.167,-1
16121,53.117,0.233,-1
16122,53.133,-3.3,-1
16123,53.133,-2.75,-1
16124,53.133,-2.667,-1
16125,53.133,-2,-1
16126,53.15,-1.633,-1
16127,53.133,-1.383,-1
16128,53.133,-1.333,-1
16129,53.15,-1.333,-1
16130,53.15,-1.217,-1
16131,53.133,-1.017,-1
16132,53.133,-0.883,-1
16133,53.133,-3.733,-1
16134,53.15,-2.35,-1
16135,53.15,-2.3,-1
16136,53.15,-2.183,-1
16137,53.15,-2.167,-1
16138,53.15,-1.567,-1
16139,53.15,-1.533,-1
16140,53.15,-1.267,-1
16141,53.15,-1.2,-1
16142,53.15,-0.583,-1
16143,53.133,-0.383,-1
16144,53.133,-4.233,-1
16145,53.15,-3.833,-1
16146,53.15,-3.5,-1
16147,53.15,-3.35,-1
16148,53.15,-3.2,-1
16149,53.167,-2.183,-1
16150,53.15,-1.583,-1
16151,53.15,-1.267,-1
16152,53.15,-1.15,-1
16153,53.167,-1.133,-1
16154,53.15,-1.117,-1
16155,53.15,-0.65,-1
16156,53.15,-0.533,-1
16157,53.15,-0.217,-1
16158,53.133,0.333,-1
16159,53.15,-4.233,-1
16160,53.15,-3.45,-1
16161,53.167,-3.133,-1
16162,53.167,-2.333,-1
16163,53.167,-2.25,-1
16164,53.167,-2.217,-1
16165,53.167,-2.183,-1
16166,53.167,-1.633,-1
16167,53.167,-1.633,-1
16168,53.167,-1.567,-1
16169,53.167,-0.85,-1
16170,53.15,0.033,-1
16171,53.15,0.333,-1
16172,53.167,-3.2,-1
16173,53.167,-3.133,-1
16174,53.183,-3.133,-1
16175,53.167,-3.083,-1
16176,53.167,-3.067,-1
16177,53.167,-2.9,-1
16178,53.183,-2.883,-1
16179,53.183,-2.717,-1
16180,53.183,-2.533,-1
16181,53.183,-2.317,-1
16182,53.167,-2.2,-1
16183,53.183,-1.85,-1
16184,53.167,-1.633,-1
16185,53.183,-1.2,-1
16186,53.167,-1.033,-1
16187,53.167,-0.6,-1
16188,53.167,-0.533,-1
16189,53.167,0.017,-1
16190,53.15,0.233,-1
16191,53.167,-3.983,-1
16192,53.167,-3.783,-1
16193,53.183,-3.367,-1
16194,53.183,-3.2,-1
16195,53.183,-3.117,-1
16197,53.183,-2.917,-1
16198,53.183,-2.9,-1
16199,53.183,-2.833,-1
16200,53.183,-2.683,-1
16201,53.183,-1.417,-1
16202,53.183,-1.35,-1
16203,53.183,-1.267,-1
16204,53.183,-1.083,-1
16205,53.183,-0.8,-1
16206,53.183,-0.733,-1
16207,53.183,-0.55,-1
16208,53.167,0.083,-1
16209,53.167,0.133,-1
16210,53.167,-4.35,-1
16211,53.183,-3.783,-1
16212,53.183,-3.433,-1
16213,53.183,-3.3,-1
16214,53.183,-3.233,-1
16215,53.183,-3.183,-1
16216,53.183,-3.15,-1
16217,53.183,-3.05,-1
16218,53.183,-3.033,-1
16219,53.2,-3.017,-1
16220,53.183,-2.867,-1
16221,53.2,-2.85,-1
16222,53.2,-2.833,-1
16223,53.2,-2.7,-1
16224,53.2,-2.367,-1
16225,53.2,-1.683,-1
16226,53.2,-1.433,-1
16227,53.2,-1.133,-1
16228,53.2,-1.067,-1
16229,53.183,-0.617,-1
16230,53.183,-0.567,-1
16231,53.183,-0.567,-1
16232,53.183,-0.55,-1
16233,53.183,-0.383,-1
16234,53.183,0.133,-1
16235,53.183,-4.1,-1
16236,53.183,-4.067,-1
16237,53.2,-3.017,-1
16238,53.2,-2.9,-1
16239,53.2,-2.883,-1
16240,53.2,-2.867,-1
16241,53.2,-2.733,-1
16242,53.2,-1.433,-1
16243,53.2,-1.067,-1
16244,53.2,-0.883,-1
16245,53.2,-0.567,-1
16246,53.2,-0.533,-1
16247,53.183,0.067,-1
16248,53.183,-4.25,-1
16249,53.2,-4.117,-1
16250,53.2,-3.133,-1
16251,53.2,-2.883,-1
16252,53.2,-2.833,-1
16253,53.217,-2.8,-1
16254,53.217,-2.55,-1
16255,53.217,-2.483,-1
16256,53.217,-2.383,-1
16257,53.217,-2.317,-1
16259,53.217,-2.067,-1
16260,53.217,-1.667,-1
16261,53.2,-1,-1
16262,53.2,-0.417,-1
16263,53.2,-0.25,-1
16264,53.217,-3.2,-1
16265,53.217,-2.867,-1
16266,53.217,-2.817,-1
16267,53.217,-2.467,-1
16268,53.217,-2.4,-1
16269,53.217,-2.333,-1
16270,53.217,-2.267,-1
16271,53.217,-2.067,-1
16272,53.217,-1.467,-1
16274,53.217,-1.417,-1
16275,53.217,-1.383,-1
16276,53.217,-1.217,-1
16277,53.217,-1.15,-1
16278,53.217,-0.583,-1
16279,53.217,-0.45,-1
16280,53.2,-0.233,-1
16281,53.2,-0.1,-1
16282,53.217,-0.05,-1
16283,53.2,0.25,-1
16284,53.217,-4.15,-1
16285,53.2,-4.083,-1
16286,53.233,-2.983,-1
16287,53.217,-2.867,-1
16288,53.233,-2.6,-1
16289,53.233,-2.35,-1
16290,53.233,-2.35,-1
16291,53.233,-2.15,-1
16292,53.233,-1.45,-1
16293,53.233,-1.2,-1
16294,53.217,-0.7,-1
16295,53.217,-0.583,-1
16297,53.217,-0.45,-1
16299,53.217,-4.15,-1
16300,53.217,-4.15,-1
16301,53.217,-4.1,-1
16302,53.217,-3.75,-1
16303,53.233,-3.233,-1
16304,53.233,-3.133,-1
16305,53.233,-3.083,-1
16306,53.233,-2.75,-1
16307,53.233,-2.733,-1
16308,53.233,-2.717,-1
16309,53.233,-2.667,-1
16310,53.233,-2.6,-1
16311,53.233,-2.583,-1
16312,53.233,-2.55,-1
16313,53.25,-2.5,-1
16314,53.233,-2.267,-1
16315,53.233,-2.217,-1
16317,53.233,-1.683,-1
16318,53.233,-1.4,-1
16319,53.233,-1.367,-1
16320,53.233,-0.55,-1
16322,53.233,-4.15,-1
16323,53.233,-4.117,-1
16324,53.233,-4.117,-1
16325,53.233,-3.967,-1
16326,53.25,-2.983,-1
16327,53.25,-2.85,-1
16328,53.25,-2.45,-1
16329,53.25,-2.117,-1
16330,53.233,-0.633,-1
16331,53.233,-0.6,-1
16332,53.233,-0.55,-1
16333,53.233,-0.533,-1
16334,53.233,-0.517,-1
16335,53.25,-0.45,-1
16336,53.233,-0.15,-1
16337,53.233,-0.1,-1
16338,53.233,-4.133,-1
16339,53.25,-3.433,-1
16340,53.25,-3.25,-1
16341,53.267,-2.167,-1
16342,53.25,-2.117,-1
16344,53.25,-1.4,-1
16345,53.25,-1.383,-1
16346,53.267,-1.383,-1
16347,53.25,-1.067,-1
16348,53.25,-0.5,-1
16349,53.25,-0.483,-1
16350,53.25,-0.467,-1
16351,53.25,-0.433,-1
16352,53.25,-0.267,-1
16353,53.25,-4.333,-1
16354,53.25,-3.967,-1
16355,53.25,-3.95,-1
16356,53.25,-3.783,-1
16357,53.25,-3.433,-1
16358,53.25,-3.217,-1
16359,53.267,-3.033,-1
16360,53.267,-2.917,-1
16361,53.267,-2.9,-1
16362,53.267,-2.767,-1
16363,53.267,-2.75,-1
16364,53.267,-2.733,-1
16365,53.267,-2.683,-1
16366,53.267,-2.567,-1
16367,53.267,-2.383,-1
16368,53.267,-2.167,-1
16369,53.267,-2.117,-1
16371,53.267,-1.633,-1
16372,53.267,-1.5,-1
16373,53.267,-1.383,-1
16374,53.267,-1.333,-1
16375,53.267,-0.55,-1
16377,53.25,-4.167,-1
16378,53.267,-3.917,-1
16379,53.267,-3.667,-1
16380,53.267,-3.533,-1
16381,53.267,-3.167,-1
16382,53.283,-3.05,-1
16383,53.283,-2.933,-1
16384,53.267,-2.533,-1
16385,53.283,-2.433,-1
16386,53.267,-2.333,-1
16387,53.283,-2.217,-1
16388,53.283,-1.367,-1
16389,53.267,-1.317,-1
16390,53.267,-1,-1
16391,53.267,-0.483,-1
16393,53.267,-3.917,-1
16394,53.283,-3.667,-1
16395,53.267,-3.65,-1
16396,53.267,-3.483,-1
16397,53.283,-3.033,-1
16398,53.283,-2.95,-1
16399,53.283,-2.917,-1
16401,53.283,-2.583,-1
16402,53.283,-2.35,-1
16403,53.283,-2.067,-1
16404,53.283,-1.583,-1
16405,53.283,-1.25,-1
16406,53.267,-4.467,-1
16407,53.283,-3.567,-1
16408,53.283,-3.45,-1
16409,53.283,-3.033,-1
16410,53.3,-3,-1
16411,53.283,-2.933,-1
16412,53.283,-2.917,-1
16413,53.283,-2.75,-1
16414,53.283,-2.7,-1
16415,53.283,-2.45,-1
16416,53.3,-2.217,-1
16417,53.283,-2.167,-1
16418,53.3,-2.133,-1
16419,53.3,-2.067,-1
16420,53.3,-1.467,-1
16421,53.283,-1.417,-1
16422,53.3,-1.383,-1
16423,53.283,-4.6,-1
16424,53.3,-3.8,-1
16425,53.3,-3.4,-1
16426,53.3,-3.25,-1
16427,53.3,-3.033,-1
16428,53.3,-3,-1
16429,53.3,-2.367,-1
16430,53.3,-2.35,-1
16431,53.3,-2.283,-1
16432,53.3,-2.2,-1
16433,53.3,-2.183,-1
16434,53.3,-2.083,-1
16435,53.3,-1.883,-1
16436,53.3,-1.5,-1
16437,53.3,-1.467,-1
16438,53.3,-1.45,-1
16439,53.3,-1.45,-1
16440,53.3,-1.117,-1
16441,53.3,-1.1,-1
16442,53.3,-0.733,-1
16443,53.3,-3.75,-1
16444,53.3,-3.35,-1
16445,53.3,-3.067,-1
16447,53.317,-2.4,-1
16448,53.317,-2.333,-1
16449,53.3,-2.25,-1
16450,53.3,-2.1,-1
16451,53.317,-1.517,-1
16452,53.317,-1.45,-1
16453,53.317,-1.433,-1
16454,53.317,-1.433,-1
16455,53.3,-1.117,-1
16456,53.317,-3.8,-1
16457,53.3,-3.767,-1
16458,53.3,-3.75,-1
16459,53.317,-3.083,-1
16460,53.317,-2.983,-1
16461,53.317,-2.983,-1
16462,53.317,-2.7,-1
16463,53.317,-2.7,-1
16464,53.317,-2.25,-1
16465,53.317,-2.1,-1
16466,53.317,-2,-1
16467,53.317,-1.983,-1
16468,53.317,-1.95,-1
16469,53.317,-1.917,-1
16470,53.317,-1.85,-1
16471,53.317,-1.733,-1
16472,53.317,-1.517,-1
16473,53.317,-1.467,-1
16474,53.317,-1.35,-1
16475,53.317,-1.233,-1
16476,53.317,-1.133,-1
16477,53.317,-0.983,-1
16478,53.317,-0.95,-1
16479,53.317,-0.683,-1
16480,53.317,-0.467,-1
16481,53.3,0.283,-1
16482,53.317,-4.233,-1
16483,53.317,-3.8,-1
16484,53.317,-3.733,-1
16485,53.317,-3.45,-1
16486,53.317,-3.417,-1
16487,53.317,-3.283,-1
16488,53.317,-3.067,-1
16489,53.317,-3.05,-1
16490,53.317,-2.967,-1
16491,53.333,-2.733,-1
16493,53.333,-1.967,-1
16494,53.333,-1.95,-1
16495,53.333,-1.533,-1
16496,53.333,-1.517,-1
16497,53.333,-1.483,-1
16498,53.333,-1.433,-1
16499,53.317,-1.35,-1
16500,53.317,-0.95,-1
16501,53.317,-0.933,-1
16502,53.317,-0.467,-1
16503,53.317,-0.183,-1
16504,53.3,0.033,-1
16505,53.317,0.25,-1
16506,53.317,-4.217,-1
16507,53.333,-3.85,-1
16508,53.333,-3.833,-1
16509,53.333,-3.45,-1
16510,53.333,-3.417,-1
16511,53.333,-3.117,-1
16512,53.333,-3.083,-1
16513,53.333,-2.983,-1
16514,53.333,-2.983,-1
16515,53.333,-2.833,-1
16516,53.333,-2.717,-1
16517,53.333,-2.683,-1
16518,53.333,-2.267,-1
16519,53.35,-2.2,-1
16520,53.35,-2.117,-1
16521,53.35,-2.1,-1
16522,53.35,-1.933,-1
16523,53.333,-1.55,-1
16524,53.333,-1.5,-1
16526,53.333,-1.35,-1
16528,53.333,-1.133,-1
16529,53.333,-1.067,-1
16530,53.333,-0.95,-1
16531,53.333,-0.8,-1
16532,53.317,-0.083,-1
16533,53.35,-3.083,-1
16534,53.35,-3.017,-1
16536,53.35,-2.983,-1
16537,53.35,-2.667,-1
16538,53.35,-2.567,-1
16539,53.35,-2.567,-1
16540,53.35,-2.217,-1
16541,53.35,-2.2,-1
16542,53.35,-2.117,-1
16543,53.35,-2.1,-1
16544,53.35,-2.083,-1
16545,53.35,-1.983,-1
16546,53.35,-1.967,-1
16548,53.35,-1.733,-1
16549,53.35,-1.717,-1
16550,53.35,-1.7,-1
16551,53.35,-1.4,-1
16552,53.35,-1.4,-1
16553,53.35,-1.367,-1
16554,53.35,-1.333,-1
16555,53.333,-1.267,-1
16556,53.35,-1.167,-1
16557,53.333,-0.567,-1
16558,53.35,-3.317,-1
16559,53.35,-3.117,-1
16560,53.35,-3.1,-1
16561,53.35,-3.017,-1
16562,53.35,-2.983,-1
16563,53.35,-2.633,-1
16564,53.35,-2.6,-1
16565,53.35,-2.55,-1
16566,53.35,-2.167,-1
16567,53.35,-1.967,-1
16568,53.367,-1.733,-1
16569,53.35,-1.5,-1
16570,53.35,-1.5,-1
16571,53.367,-1.483,-1
16572,53.35,-1.45,-1
16573,53.35,-1.4,-1
16574,53.35,-1.367,-1
16575,53.35,-1.25,-1
16576,53.35,-1.2,-1
16577,53.35,-0.967,-1
16578,53.35,-0.967,-1
16579,53.333,0.25,-1
16580,53.35,-3.1,-1
16581,53.367,-3.05,-1
16582,53.367,-2.85,-1
16584,53.367,-2.817,-1
16585,53.367,-2.617,-1
16586,53.367,-2.6,-1
16587,53.367,-2.567,-1
16588,53.367,-2.217,-1
16589,53.367,-2.183,-1
16590,53.367,-2.167,-1
16591,53.367,-2.15,-1
16592,53.367,-2.1,-1
16593,53.367,-2.067,-1
16594,53.367,-2,-1
16595,53.367,-1.533,-1
16596,53.367,-1.517,-1
16597,53.367,-1.5,-1
16598,53.367,-1.483,-1
16599,53.367,-1.317,-1
16600,53.367,-1.317,-1
16601,53.367,-1.283,-1
16602,53.367,-1.2,-1
16603,53.367,-1.183,-1
16604,53.367,-1.15,-1
16605,53.367,-1.117,-1
16606,53.367,-3.167,-1
16607,53.367,-3.15,-1
16608,53.367,-3.1,-1
16609,53.367,-3.05,-1
16610,53.367,-3.017,-1
16611,53.367,-3,-1
16612,53.383,-2.867,-1
16613,53.367,-2.867,-1
16614,53.367,-2.833,-1
16615,53.383,-2.583,-1
16616,53.367,-2.567,-1
16617,53.367,-2.567,-1
16618,53.367,-2.533,-1
16619,53.367,-2.45,-1
16620,53.367,-2.35,-1
16621,53.367,-2.35,-1
16622,53.367,-2.25,-1
16623,53.367,-2.2,-1
16624,53.383,-2.15,-1
16625,53.367,-2.133,-1
16626,53.367,-2.117,-1
16627,53.367,-1.983,-1
16628,53.367,-1.933,-1
16629,53.367,-1.517,-1
16630,53.367,-1.483,-1
16631,53.367,-0.817,-1
16632,53.367,-0.667,-1
16633,53.367,0,-1
16634,53.35,0.1,-1
16635,53.35,-4.5,-1
16636,53.367,-4.267,-1
16637,53.383,-3.183,-1
16638,53.367,-3.167,-1
16639,53.383,-3.117,-1
16640,53.383,-3.1,-1
16641,53.383,-3.05,-1
16642,53.383,-2.933,-1
16643,53.383,-2.883,-1
16644,53.383,-2.85,-1
16645,53.383,-2.767,-1
16646,53.383,-2.733,-1
16647,53.383,-2.667,-1
16648,53.383,-2.633,-1
16649,53.383,-2.617,-1
16650,53.383,-2.55,-1
16651,53.383,-2.533,-1
16652,53.383,-2.383,-1
16653,53.383,-2.3,-1
16654,53.383,-2.233,-1
16655,53.383,-2.183,-1
16656,53.383,-2.15,-1
16657,53.383,-2.15,-1
16658,53.383,-2.117,-1
16659,53.383,-2.1,-1
16660,53.383,-2.05,-1
16661,53.383,-2.05,-1
16662,53.383,-1.9,-1
16663,53.383,-1.717,-1
16664,53.383,-1.5,-1
16665,53.383,-1.483,-1
16666,53.383,-1.45,-1
16668,53.367,-0.683,-1
16669,53.383,-0.55,-1
16671,53.367,0,-1
16672,53.367,0.2,-1
16673,53.383,-3.1,-1
16674,53.383,-3.083,-1
16675,53.383,-3.05,-1
16676,53.383,-3.033,-1
16677,53.383,-2.917,-1
16678,53.383,-2.9,-1
16679,53.383,-2.883,-1
16680,53.383,-2.867,-1
16681,53.383,-2.8,-1
16682,53.4,-2.683,-1
16683,53.4,-2.6,-1
16684,53.383,-2.55,-1
16685,53.383,-2.367,-1
16686,53.4,-2.3,-1
16687,53.383,-2.25,-1
16688,53.4,-2.183,-1
16689,53.4,-2.167,-1
16690,53.4,-2.15,-1
16691,53.4,-2.133,-1
16692,53.4,-2.033,-1
16693,53.383,-1.95,-1
16694,53.383,-1.55,-1
16695,53.383,-1.517,-1
16696,53.4,-1.483,-1
16697,53.383,-1.483,-1
16698,53.383,-1.433,-1
16699,53.383,-0.883,-1
16700,53.383,-0.5,-1
16701,53.383,-0.367,-1
16702,53.4,-3.133,-1
16703,53.4,-3.1,-1
16704,53.4,-2.967,-1
16705,53.4,-2.933,-1
16706,53.4,-2.917,-1
16707,53.4,-2.9,-1
16708,53.4,-2.883,-1
16709,53.4,-2.75,-1
16710,53.4,-2.65,-1
16711,53.4,-2.633,-1
16712,53.4,-2.617,-1
16713,53.4,-2.517,-1
16714,53.4,-2.333,-1
16715,53.4,-2.317,-1
16716,53.4,-2.25,-1
16717,53.4,-2.117,-1
16718,53.4,-2.017,-1
16719,53.4,-1.517,-1
16720,53.4,-1.5,-1
16721,53.4,-1.45,-1
16722,53.4,-1.367,-1
16723,53.4,-1.317,-1
16724,53.4,-0.75,-1
16725,53.4,-0.333,-1
16726,53.383,-0.183,-1
16727,53.383,-4.5,-1
16728,53.383,-4.333,-1
16730,53.4,-2.883,-1
16731,53.417,-2.867,-1
16732,53.4,-2.833,-1
16733,53.4,-2.833,-1
16734,53.417,-2.75,-1
16735,53.417,-2.35,-1
16736,53.417,-2.333,-1
16737,53.417,-2.317,-1
16739,53.417,-2.217,-1
16740,53.4,-2.083,-1
16741,53.417,-2.083,-1
16742,53.417,-2.033,-1
16743,53.417,-1.5,-1
16744,53.417,-1.467,-1
16746,53.4,-1.333,-1
16747,53.417,-1.317,-1
16748,53.4,-0.95,-1
16749,53.4,-0.933,-1
16750,53.4,-0.817,-1
16751,53.4,-0.767,-1
16752,53.4,-0.767,-1
16753,53.4,-4.533,-1
16755,53.417,-3.017,-1
16756,53.417,-2.567,-1
16757,53.417,-2.55,-1
16758,53.417,-2.55,-1
16759,53.417,-2.517,-1
16760,53.417,-2.367,-1
16761,53.417,-2.333,-1
16762,53.417,-2.283,-1
16763,53.417,-2.233,-1
16764,53.417,-2.233,-1
16765,53.417,-2.183,-1
16767,53.417,-2.15,-1
16768,53.417,-2.1,-1
16769,53.417,-2.067,-1
16770,53.417,-2.067,-1
16771,53.417,-1.6,-1
16772,53.417,-1.517,-1
16773,53.417,-1.467,-1
16774,53.417,-1.433,-1
16775,53.417,-1.3,-1
16776,53.417,-1.267,-1
16777,53.417,-0.767,-1
16778,53.417,-0.683,-1
16780,53.4,-4.3,-1
16781,53.433,-2.783,-1
16783,53.433,-2.517,-1
16784,53.433,-2.333,-1
16785,53.433,-2.317,-1
16786,53.433,-2.233,-1
16787,53.433,-2.217,-1
16788,53.433,-2.167,-1
16789,53.433,-2.15,-1
16790,53.433,-2,-1
16791,53.433,-1.95,-1
16792,53.433,-1.533,-1
16793,53.433,-1.533,-1
16794,53.433,-1.333,-1
16795,53.433,-1.317,-1
16796,53.417,-1.3,-1
16797,53.433,-1.283,-1
16798,53.417,-1.05,-1
16799,53.417,-0.033,-1
16800,53.433,-3.05,-1
16801,53.433,-3.033,-1
16802,53.433,-3.033,-1
16804,53.433,-2.883,-1
16805,53.433,-2.867,-1
16806,53.433,-2.55,-1
16807,53.433,-2.55,-1
16808,53.433,-2.267,-1
16809,53.433,-2.25,-1
16810,53.433,-2.25,-1
16811,53.433,-2.2,-1
16812,53.433,-2.167,-1
16813,53.433,-2.1,-1
16814,53.433,-2,-1
16815,53.433,-1.967,-1
16816,53.433,-1.9,-1
16818,53.433,-1.467,-1
16819,53.433,-1.333,-1
16820,53.433,-1.3,-1
16821,53.433,-1.217,-1
16822,53.433,-1.1,-1
16823,53.433,-0.85,-1
16824,53.433,-0.7,-1
16825,53.417,-0.033,-1
16826,53.45,-2.933,-1
16827,53.45,-2.867,-1
16828,53.45,-2.35,-1
16829,53.45,-2.333,-1
16830,53.45,-2.267,-1
16831,53.45,-2.183,-1
16833,53.45,-1.933,-1
16834,53.45,-1.5,-1
16835,53.45,-1.4,-1
16836,53.433,-1.3,-1
16837,53.45,-0.8,-1
16838,53.433,-0.317,-1
16839,53.433,0,-1
16840,53.433,0.117,-1
16841,53.45,-2.85,-1
16842,53.45,-2.783,-1
16843,53.45,-2.75,-1
16844,53.45,-2.617,-1
16845,53.45,-2.617,-1
16846,53.45,-2.483,-1
16848,53.45,-2.383,-1
16849,53.45,-2.283,-1
16851,53.45,-2.217,-1
16852,53.45,-2.15,-1
16853,53.467,-2.1,-1
16854,53.45,-2,-1
16855,53.45,-1.967,-1
16856,53.45,-1.333,-1
16857,53.45,-1.267,-1
16858,53.45,-1.133,-1
16859,53.45,-1.1,-1
16860,53.45,-0.833,-1
16861,53.45,-0.7,-1
16862,53.467,-2.95,-1
16863,53.467,-2.683,-1
16864,53.467,-2.667,-1
16865,53.467,-2.583,-1
16866,53.467,-2.567,-1
16867,53.467,-2.533,-1
16868,53.467,-2.15,-1
16869,53.467,-2.05,-1
16870,53.467,-1.95,-1
16871,53.467,-1.95,-1
16872,53.467,-1.567,-1
16873,53.467,-1.417,-1
16874,53.467,-1.333,-1
16875,53.467,-1.217,-1
16876,53.45,0.117,-1
16878,53.467,-2.883,-1
16879,53.467,-2.567,-1
16880,53.467,-2.55,-1
16881,53.483,-2.533,-1
16882,53.467,-2.483,-1
16883,53.467,-2.217,-1
16884,53.467,-2.15,-1
16885,53.483,-2.083,-1
16886,53.467,-2.05,-1
16887,53.467,-2.017,-1
16888,53.467,-1.35,-1
16889,53.467,-1.3,-1
16890,53.467,-1.217,-1
16891,53.467,-1.183,-1
16892,53.467,-1.183,-1
16893,53.467,-0.95,-1
16894,53.467,-0.767,-1
16895,53.467,-0.717,-1
16896,53.467,-0.35,-1
16897,53.483,-3.017,-1
16898,53.483,-2.933,-1
16899,53.483,-2.65,-1
16900,53.483,-2.633,-1
16901,53.483,-2.583,-1
16902,53.483,-2.517,-1
16903,53.483,-2.25,-1
16904,53.483,-2.15,-1
16905,53.483,-1.717,-1
16906,53.483,-1.567,-1
16907,53.483,-1.383,-1
16908,53.483,-1.3,-1
16909,53.483,-1.067,-1
16910,53.483,-0.583,-1
16911,53.483,-3.017,-1
16912,53.5,-2.667,-1
16913,53.483,-2.617,-1
16914,53.483,-2.333,-1
16915,53.5,-2.317,-1
16916,53.483,-2.15,-1
16917,53.483,-2.117,-1
16918,53.5,-2.033,-1
16919,53.5,-1.4,-1
16921,53.483,-1.267,-1
16922,53.483,-0.55,-1
16923,53.483,-0.017,-1
16924,53.5,-3.017,-1
16925,53.5,-2.75,-1
16926,53.5,-2.7,-1
16927,53.5,-2.583,-1
16928,53.5,-2.35,-1
16929,53.5,-2.317,-1
16930,53.5,-2.15,-1
16931,53.5,-2.133,-1
16932,53.5,-2,-1
16933,53.5,-1.267,-1
16934,53.5,-1.167,-1
16935,53.5,-1.15,-1
16936,53.5,-0.867,-1
16937,53.483,-0.833,-1
16938,53.483,-0.317,-1
16939,53.5,-0.317,-1
16940,53.5,-2.933,-1
16941,53.5,-2.917,-1
16942,53.5,-2.7,-1
16943,53.517,-2.433,-1
16944,53.517,-2.25,-1
16945,53.517,-1.383,-1
16946,53.5,-1.367,-1
16947,53.5,-1.35,-1
16948,53.517,-1.067,-1
16949,53.483,-0.017,-1
16950,53.517,-2.583,-1
16952,53.517,-2.233,-1
16953,53.517,-2.033,-1
16954,53.517,-1.5,-1
16955,53.517,-1.2,-1
16956,53.517,-1.183,-1
16957,53.517,-1.1,-1
16958,53.517,-0.833,-1
16959,53.517,-3.017,-1
16960,53.517,-2.667,-1
16962,53.517,-2.45,-1
16963,53.533,-2.333,-1
16964,53.517,-2.283,-1
16965,53.533,-2.167,-1
16966,53.533,-2.117,-1
16967,53.533,-2,-1
16968,53.533,-1.967,-1
16969,53.517,-1.55,-1
16970,53.533,-1.083,-1
16972,53.533,-1.367,-1
16973,53.533,-1.233,-1
16975,53.533,-1.083,-1
16976,53.533,-1.033,-1
16977,53.533,-0.633,-1
16978,53.533,-0.533,-1
16979,53.533,-0.35,-1
16980,53.517,-0.05,-1
16981,53.533,-2.883,-1
16982,53.55,-2.717,-1
16983,53.533,-2.633,-1
16984,53.533,-2.05,-1
16985,53.55,-1.983,-1
16986,53.533,-1.15,-1
16988,53.533,-0.533,-1
16990,53.533,-0.433,-1
16991,53.533,-0.033,-1
16992,53.55,-3.083,-1
16993,53.55,-3.05,-1
16994,53.55,-2.317,-1
16995,53.55,-2.267,-1
16996,53.55,-2.15,-1
16997,53.55,-2,-1
16998,53.55,-1.617,-1
16999,53.55,-1.3,-1
17000,53.55,-0.65,-1
17001,53.533,-0.167,-1
17002,53.533,-0.083,-1
17003,53.567,-3.05,-1
17004,53.567,-2.867,-1
17005,53.567,-2.817,-1
17006,53.567,-2.633,-1
17008,53.567,-2.517,-1
17009,53.567,-2.483,-1
17010,53.567,-2.367,-1
17011,53.567,-2.317,-1
17012,53.567,-2,-1
17013,53.567,-1.517,-1
17014,53.55,-0.8,-1
17016,53.55,-0.633,-1
17017,53.55,-0.117,-1
17018,53.55,-0.067,-1
17019,53.55,-0.033,-1
17020,53.567,-3.067,-1
17022,53.567,-2.883,-1
17023,53.567,-2.717,-1
17024,53.567,-2.617,-1
17025,53.583,-2.283,-1
17026,53.567,-2.017,-1
17027,53.567,-1.783,-1
17028,53.567,-1.767,-1
17029,53.567,-1.733,-1
17030,53.567,-1.65,-1
17031,53.567,-1.183,-1
17032,53.567,-0.667,-1
17033,53.567,-0.45,-1
17034,53.567,-0.45,-1
17035,53.567,-0.133,-1
17036,53.567,-0.083,-1
17037,53.55,-0.067,-1
17038,53.55,-0.05,-1
17039,53.583,-2.85,-1
17040,53.583,-2.75,-1
17041,53.583,-2.683,-1
17042,53.583,-2.55,-1
17043,53.583,-2.467,-1
17044,53.583,-2.4,-1
17045,53.583,-2.1,-1
17046,53.583,-1.983,-1
17047,53.583,-1.817,-1
17048,53.583,-1.767,-1
17050,53.583,-1.633,-1
17051,53.583,-1.533,-1
17052,53.583,-1.517,-1
17053,53.583,-1.483,-1
17054,53.583,-1.05,-1
17055,53.583,-0.983,-1
17056,53.567,-0.65,-1
17057,53.567,-0.633,-1
17058,53.567,-0.55,-1
17059,53.567,-0.233,-1
17060,53.567,-0.083,-1
17061,53.567,-0.067,-1
17062,53.583,-2.833,-1
17063,53.6,-2.767,-1
17064,53.583,-2.567,-1
17065,53.583,-2.467,-1
17066,53.6,-2.333,-1
17067,53.583,-2.317,-1
17068,53.583,-2.3,-1
17069,53.583,-2.283,-1
17070,53.583,-1.933,-1
17071,53.583,-1.833,-1
17072,53.583,-1.8,-1
17073,53.583,-1.65,-1
17074,53.6,-1.6,-1
17075,53.583,-1.483,-1
17076,53.583,-1.4,-1
17077,53.583,-1.2,-1
17078,53.583,-1.167,-1
17081,53.6,-2.533,-1
17082,53.6,-2.517,-1
17083,53.6,-2.383,-1
17084,53.6,-2.333,-1
17085,53.6,-2.217,-1
17086,53.6,-2.167,-1
17087,53.6,-2.1,-1
17088,53.6,-2.083,-1
17089,53.6,-1.917,-1
17090,53.6,-1.783,-1
17091,53.6,-1.783,-1
17092,53.6,-1.617,-1
17093,53.6,-1.133,-1
17094,53.6,-0.917,-1
17095,53.583,-0.667,-1
17096,53.583,-0.2,-1
17097,53.6,-3.017,-1
17098,53.6,-2.833,-1
17099,53.6,-2.533,-1
17100,53.6,-2.417,-1
17101,53.6,-2.417,-1
17102,53.6,-2.4,-1
17103,53.6,-2.35,-1
17104,53.6,-2.317,-1
17105,53.6,-2.3,-1
17106,53.617,-2.183,-1
17107,53.6,-2.167,-1
17108,53.617,-2.133,-1
17109,53.617,-1.817,-1
17110,53.6,-1.8,-1
17111,53.617,-1.8,-1
17112,53.6,-1.767,-1
17113,53.617,-1.75,-1
17114,53.6,-1.65,-1
17115,53.6,-1.033,-1
17116,53.6,-0.667,-1
17117,53.6,-0.65,-1
17118,53.6,-0.483,-1
17119,53.6,-0.433,-1
17120,53.617,-3.017,-1
17121,53.617,-3,-1
17122,53.617,-2.917,-1
17123,53.617,-2.817,-1
17124,53.617,-2.583,-1
17125,53.617,-2.517,-1
17126,53.617,-2.4,-1
17127,53.617,-2.3,-1
17128,53.617,-2.167,-1
17129,53.617,-1.867,-1
17130,53.617,-1.8,-1
17132,53.617,-0.25,-1
17133,53.617,-3.017,-1
17134,53.617,-3,-1
17135,53.617,-2.667,-1
17136,53.617,-2.6,-1
17137,53.633,-2.433,-1
17138,53.633,-2.217,-1
17139,53.633,-2.167,-1
17141,53.617,-1.883,-1
17142,53.617,-1.883,-1
17143,53.633,-1.8,-1
17144,53.633,-1.783,-1
17145,53.633,-1.75,-1
17146,53.617,-1.4,-1
17147,53.617,-0.217,-1
17148,53.633,-3.017,-1
17149,53.633,-2.817,-1
17150,53.633,-2.817,-1
17151,53.633,-2.633,-1
17152,53.633,-2.6,-1
17153,53.633,-1.85,-1
17154,53.633,-1.833,-1
17155,53.633,-1.8,-1
17156,53.633,-1.783,-1
17157,53.633,-1.733,-1
17158,53.633,-1.733,-1
17159,53.633,-1.6,-1
17160,53.633,-1.533,-1
17161,53.633,-1.467,-1
17162,53.633,-0.467,-1
17163,53.617,-0.333,-1
17164,53.633,-2.967,-1
17165,53.633,-2.733,-1
17166,53.65,-2.717,-1
17167,53.65,-2.717,-1
17169,53.65,-2.317,-1
17170,53.65,-2.1,-1
17171,53.633,-2.05,-1
17172,53.65,-1.933,-1
17173,53.65,-1.8,-1
17174,53.65,-1.767,-1
17175,53.633,-1.717,-1
17176,53.633,-1.583,-1
17177,53.65,-1.567,-1
17178,53.65,-1.517,-1
17179,53.633,-1.483,-1
17180,53.65,-1.467,-1
17181,53.65,-1.317,-1
17182,53.633,-1.2,-1
17183,53.633,-0.95,-1
17184,53.633,-0.65,-1
17185,53.633,-0.6,-1
17186,53.617,0.117,-1
17187,53.65,-2.983,-1
17188,53.65,-2.967,-1
17189,53.65,-2.95,-1
17190,53.65,-2.717,-1
17191,53.65,-2.667,-1
17192,53.65,-2.633,-1
17193,53.65,-2.6,-1
17194,53.65,-1.967,-1
17195,53.65,-1.8,-1
17196,53.65,-1.8,-1
17197,53.65,-1.75,-1
17198,53.65,-1.567,-1
17199,53.65,-1.5,-1
17200,53.65,-1.483,-1
17201,53.65,-1.467,-1
17202,53.65,-1.367,-1
17203,53.65,-1.333,-1
17204,53.65,-1.317,-1
17205,53.65,-0.25,-1
17206,53.65,-2.65,-1
17207,53.667,-2.283,-1
17208,53.667,-2.183,-1
17209,53.667,-1.95,-1
17210,53.667,-1.9,-1
17211,53.667,-1.867,-1
17212,53.667,-1.783,-1
17213,53.667,-1.617,-1
17214,53.667,-1.45,-1
17215,53.667,-1.4,-1
17216,53.65,-1.4,-1
17217,53.667,-2.917,-1
17218,53.667,-2.667,-1
17219,53.667,-2.3,-1
17220,53.683,-1.9,-1
17221,53.667,-1.783,-1
17222,53.667,-1.75,-1
17223,53.667,-1.55,-1
17224,53.667,-1.467,-1
17225,53.667,-1.35,-1
17226,53.65,-0.017,-1
17227,53.683,-2.817,-1
17228,53.683,-2.55,-1
17229,53.683,-2.317,-1
17230,53.683,-1.7,-1
17231,53.683,-1.683,-1
17232,53.683,-1.667,-1
17233,53.667,-1.267,-1
17234,53.683,-0.617,-1
17235,53.667,-0.367,-1
17236,53.683,-2.85,-1
17237,53.683,-2.717,-1
17238,53.683,-2.667,-1
17239,53.683,-2.3,-1
17240,53.683,-2.083,-1
17241,53.683,-1.95,-1
17242,53.683,-1.933,-1
17243,53.683,-1.867,-1
17244,53.7,-1.783,-1
17245,53.7,-1.583,-1
17246,53.683,-1.467,-1
17247,53.683,-1.3,-1
17248,53.683,-0.617,-1
17249,53.683,-0.5,-1
17250,53.683,-0.333,-1
17251,53.7,-2.833,-1
17252,53.7,-2.783,-1
17254,53.7,-2.667,-1
17255,53.7,-2.65,-1
17256,53.7,-2.633,-1
17257,53.7,-2.617,-1
17258,53.7,-2.233,-1
17259,53.7,-1.967,-1
17260,53.7,-1.817,-1
17261,53.7,-1.767,-1
17262,53.7,-1.517,-1
17263,53.7,-1.5,-1
17264,53.7,-1.483,-1
17265,53.7,-1.4,-1
17266,53.7,-1.017,-1
17267,53.683,-0.433,-1
17268,53.683,0,-1
17269,53.7,-2.8,-1
17270,53.717,-2.633,-1
17271,53.7,-2.267,-1
17272,53.7,-2.1,-1
17273,53.7,-2.067,-1
17274,53.717,-2,-1
17275,53.7,-1.983,-1
17276,53.717,-1.85,-1
17277,53.717,-1.85,-1
17278,53.717,-1.75,-1
17280,53.717,-1.583,-1
17281,53.7,-1.533,-1
17282,53.7,-1.25,-1
17283,53.7,-0.433,-1
17284,53.717,-2.75,-1
17285,53.717,-2.633,-1
17286,53.717,-2.533,-1
17288,53.717,-2.283,-1
17289,53.717,-2.083,-1
17290,53.717,-2.05,-1
17291,53.717,-1.85,-1
17292,53.717,-1.8,-1
17293,53.717,-1.783,-1
17294,53.717,-1.717,-1
17295,53.717,-1.6,-1
17296,53.717,-1.333,-1
17297,53.717,-1.317,-1
17298,53.717,-1.267,-1
17299,53.7,-0.017,-1
17300,53.717,-2.8,-1
17301,53.717,-2.717,-1
17302,53.733,-2.683,-1
17303,53.733,-2.483,-1
17304,53.717,-2.283,-1
17305,53.717,-1.8,-1
17306,53.717,-1.783,-1
17307,53.717,-1.3,-1
17308,53.717,-1.15,-1
17309,53.717,-1.083,-1
17311,53.733,-2.683,-1
17313,53.733,-2.267,-1
17315,53.733,-2.017,-1
17316,53.733,-2,-1
17317,53.733,-1.8,-1
17318,53.733,-1.75,-1
17319,53.733,-1.75,-1
17320,53.733,-1.7,-1
17321,53.733,-1.5,-1
17322,53.733,-1,-1
17323,53.733,-0.567,-1
17324,53.717,-0.433,-1
17325,53.733,-0.4,-1
17326,53.717,-0.233,-1
17327,53.717,-0.15,-1
17328,53.733,-2.983,-1
17329,53.733,-2.7,-1
17330,53.75,-2.65,-1
17331,53.75,-2.367,-1
17333,53.75,-1.817,-1
17334,53.75,-1.533,-1
17335,53.733,-1.383,-1
17336,53.75,-1.333,-1
17337,53.733,-0.55,-1
17338,53.733,-0.5,-1
17339,53.733,-0.383,-1
17340,53.733,-0.183,-1
17341,53.733,-0.133,-1
17342,53.75,-3,-1
17343,53.75,-2.983,-1
17344,53.75,-2.933,-1
17345,53.75,-2.883,-1
17346,53.75,-2.867,-1
17347,53.75,-2.733,-1
17348,53.75,-2.717,-1
17350,53.75,-1.567,-1
17351,53.75,-1.483,-1
17352,53.75,-1.417,-1
17353,53.75,-1.333,-1
17354,53.75,-1.3,-1
17355,53.75,-1.1,-1
17356,53.75,-0.867,-1
17358,53.75,-0.417,-1
17359,53.767,-3,-1
17360,53.767,-2.5,-1
17361,53.767,-2.483,-1
17362,53.767,-1.983,-1
17363,53.75,-1.867,-1
17364,53.767,-1.85,-1
17365,53.767,-1.783,-1
17366,53.767,-1.75,-1
17369,53.767,-1.567,-1
17370,53.767,-1.517,-1
17371,53.75,-1.45,-1
17372,53.767,-1.25,-1
17373,53.767,-1.217,-1
17374,53.767,-1.117,-1
17375,53.75,-0.55,-1
17376,53.75,-0.45,-1
17377,53.75,-0.417,-1
17378,53.75,-0.35,-1
17379,53.767,-3.2,-1
17380,53.767,-2.817,-1
17381,53.767,-2.75,-1
17382,53.767,-2.717,-1
17383,53.767,-2.7,-1
17384,53.767,-2.517,-1
17385,53.767,-2.417,-1
17386,53.767,-2.333,-1
17387,53.767,-2,-1
17388,53.767,-1.883,-1
17389,53.767,-1.833,-1
17390,53.767,-1.783,-1
17391,53.767,-1.417,-1
17392,53.767,-1.367,-1
17393,53.767,-1.35,-1
17394,53.767,-1.233,-1
17396,53.767,-0.967,-1
17397,53.767,-0.65,-1
17398,53.767,-0.483,-1
17399,53.767,-0.367,-1
17400,53.767,-0.367,-1
17401,53.75,-0.3,-1
17402,53.75,-0.183,-1
17403,53.75,-0.183,-1
17404,53.767,-2.883,-1
17405,53.783,-2.85,-1
17406,53.783,-2.85,-1
17407,53.783,-2.733,-1
17408,53.783,-2.717,-1
17409,53.783,-2.7,-1
17410,53.783,-2.667,-1
17411,53.783,-2.65,-1
17412,53.783,-2.533,-1
17413,53.783,-2.383,-1
17414,53.783,-2.35,-1
17416,53.783,-2.05,-1
17417,53.783,-1.517,-1
17418,53.767,-1.367,-1
17419,53.783,-1.083,-1
17420,53.767,-1.067,-1
17421,53.767,-0.917,-1
17422,53.767,-0.65,-1
17423,53.767,-0.583,-1
17424,53.767,-0.367,-1
17425,53.767,-0.35,-1
17426,53.767,-0.317,-1
17427,53.767,-0.283,-1
17428,53.783,-2.883,-1
17429,53.783,-2.867,-1
17430,53.783,-2.75,-1
17431,53.783,-2.717,-1
17432,53.783,-2.7,-1
17433,53.783,-2.45,-1
17434,53.783,-2.333,-1
17435,53.783,-2.217,-1
17436,53.783,-1.817,-1
17437,53.783,-1.783,-1
17438,53.783,-1.55,-1
17439,53.783,-1.383,-1
17440,53.783,-0.467,-1
17441,53.783,-0.417,-1
17442,53.783,-0.4,-1
17443,53.767,-0.383,-1
17444,53.8,-2.633,-1
17446,53.8,-1.833,-1
17447,53.8,-1.667,-1
17448,53.8,-1.617,-1
17449,53.8,-1.6,-1
17451,53.8,-1.567,-1
17452,53.8,-1.533,-1
17453,53.8,-1.5,-1
17454,53.8,-1.067,-1
17455,53.8,-1.017,-1
17456,53.783,-0.967,-1
17457,53.8,-0.933,-1
17458,53.783,-0.417,-1
17459,53.783,-0.4,-1
17460,53.783,-0.333,-1
17461,53.8,-3.017,-1
17462,53.8,-2.983,-1
17463,53.8,-2.883,-1
17464,53.8,-2.35,-1
17466,53.8,-2.3,-1
17467,53.8,-1.933,-1
17468,53.8,-1.65,-1
17469,53.8,-1.567,-1
17470,53.8,-1.517,-1
17471,53.8,-1.483,-1
17472,53.8,-1.467,-1
17473,53.8,-1.433,-1
17474,53.8,-3,-1
17475,53.817,-2.45,-1
17476,53.817,-1.95,-1
17477,53.817,-1.8,-1
17478,53.817,-1.767,-1
17479,53.817,-1.717,-1
17480,53.817,-1.7,-1
17481,53.817,-1.65,-1
17482,53.817,-1.617,-1
17483,53.817,-1.583,-1
17484,53.817,-1.567,-1
17485,53.817,-1.517,-1
17486,53.817,-1.467,-1
17487,53.817,-1.433,-1
17488,53.817,-1.1,-1
17489,53.817,-1.083,-1
17490,53.8,-0.55,-1
17492,53.817,-2.733,-1
17493,53.817,-2.717,-1
17494,53.833,-2.383,-1
17495,53.817,-2.383,-1
17496,53.833,-2,-1
17497,53.817,-1.85,-1
17498,53.817,-1.817,-1
17499,53.833,-1.783,-1
17500,53.833,-1.767,-1
17501,53.817,-1.733,-1
17503,53.817,-1.7,-1
17504,53.817,-1.683,-1
17505,53.817,-1.6,-1
17506,53.817,-1.583,-1
17507,53.817,-1.567,-1
17508,53.833,-1.517,-1
17509,53.817,-1.517,-1
17510,53.817,-1.483,-1
17511,53.817,-1.417,-1
17512,53.817,-1.25,-1
17513,53.817,-0.383,-1
17514,53.817,-0.333,-1
17517,53.833,-2.583,-1
17518,53.833,-2.4,-1
17519,53.833,-2.117,-1
17520,53.833,-1.933,-1
17521,53.833,-1.817,-1
17522,53.833,-1.8,-1
17523,53.833,-1.8,-1
17524,53.833,-1.783,-1
17525,53.833,-1.717,-1
17526,53.833,-1.617,-1
17527,53.833,-1.6,-1
17528,53.833,-1.583,-1
17529,53.833,-1.55,-1
17530,53.833,-1.533,-1
17531,53.833,-1.517,-1
17532,53.833,-1.483,-1
17533,53.833,-1.45,-1
17534,53.833,-1.417,-1
17535,53.833,-1.4,-1
17536,53.833,-1.333,-1
17537,53.833,-0.483,-1
17538,53.817,-0.35,-1
17540,53.833,-2.983,-1
17542,53.833,-1.85,-1
17543,53.833,-1.817,-1
17544,53.833,-1.783,-1
17545,53.85,-1.767,-1
17547,53.833,-1.633,-1
17548,53.85,-1.6,-1
17549,53.833,-1.583,-1
17550,53.85,-1.55,-1
17551,53.85,-1.517,-1
17552,53.833,-1.517,-1
17553,53.833,-0.433,-1
17554,53.85,-3.033,-1
17555,53.85,-3.017,-1
17557,53.85,-2.983,-1
17558,53.85,-2.967,-1
17559,53.85,-2.2,-1
17560,53.85,-2.133,-1
17561,53.85,-1.917,-1
17562,53.85,-1.917,-1
17563,53.85,-1.85,-1
17564,53.85,-1.833,-1
17565,53.85,-1.817,-1
17566,53.85,-1.8,-1
17567,53.85,-1.75,-1
17568,53.85,-1.75,-1
17569,53.85,-1.667,-1
17570,53.85,-1.65,-1
17571,53.85,-1.6,-1
17572,53.85,-1.55,-1
17573,53.85,-1.5,-1
17574,53.85,-1.15,-1
17575,53.85,-0.483,-1
17576,53.833,-0.433,-1
17577,53.85,-3,-1
17578,53.867,-2.15,-1
17579,53.85,-2.133,-1
17580,53.85,-1.9,-1
17581,53.867,-1.883,-1
17582,53.85,-1.75,-1
17583,53.867,-1.7,-1
17584,53.867,-1.683,-1
17585,53.867,-1.6,-1
17586,53.85,-1.583,-1
17587,53.85,-1.533,-1
17588,53.85,-1.5,-1
17589,53.85,-1.417,-1
17590,53.85,-1.25,-1
17591,53.85,-0.45,-1
17592,53.85,-0.433,-1
17593,53.85,-0.417,-1
17594,53.867,-2.383,-1
17595,53.867,-2.217,-1
17596,53.867,-1.917,-1
17597,53.867,-1.883,-1
17598,53.867,-1.733,-1
17599,53.867,-1.717,-1
17600,53.867,-1.667,-1
17601,53.867,-1.567,-1
17602,53.867,-1.433,-1
17603,53.867,-0.95,-1
17604,53.867,-0.95,-1
17605,53.867,-0.667,-1
17606,53.867,-0.65,-1
17607,53.867,-0.367,-1
17608,53.867,-3.017,-1
17609,53.867,-3,-1
17611,53.867,-2.633,-1
17612,53.883,-1.917,-1
17613,53.883,-1.717,-1
17614,53.883,-1.7,-1
17615,53.867,-1.633,-1
17616,53.883,-1.45,-1
17617,53.883,-1.35,-1
17618,53.883,-1.267,-1
17619,53.867,-0.917,-1
17620,53.867,-0.65,-1
17621,53.883,-2.383,-1
17622,53.883,-1.983,-1
17623,53.883,-1.867,-1
17624,53.883,-1.733,-1
17625,53.883,-1.733,-1
17626,53.883,-1.35,-1
17627,53.883,-1.033,-1
17628,53.883,-0.633,-1
17629,53.9,-2.767,-1
17631,53.9,-1.733,-1
17632,53.9,-1.7,-1
17633,53.9,-1.667,-1
17634,53.9,-1.617,-1
17635,53.883,-1.483,-1
17636,53.883,-1.367,-1
17637,53.883,-0.817,-1
17638,53.9,-2.8,-1
17639,53.9,-2.133,-1
17641,53.9,-1.733,-1
17642,53.9,-1.683,-1
17643,53.9,-0.95,-1
17644,53.9,-0.4,-1
17645,53.883,-0.15,-1
17646,53.9,-3.033,-1
17647,53.917,-3.017,-1
17649,53.917,-2.267,-1
17650,53.917,-2.183,-1
17651,53.917,-2.133,-1
17652,53.917,-2.033,-1
17653,53.917,-1.983,-1
17654,53.917,-1.85,-1
17655,53.917,-1.7,-1
17656,53.917,-1.683,-1
17657,53.917,-1.4,-1
17658,53.917,-0.483,-1
17659,53.917,-2.7,-1
17660,53.917,-2.183,-1
17661,53.917,-2.017,-1
17662,53.933,-1.967,-1
17663,53.933,-1.833,-1
17664,53.917,-1.283,-1
17665,53.917,-1.167,-1
17666,53.917,-1.133,-1
17667,53.917,-0.917,-1
17668,53.917,-0.767,-1
17669,53.917,-0.167,-1
17670,53.933,-1.817,-1
17671,53.933,-1.567,-1
17672,53.933,-1.383,-1
17673,53.933,-1.367,-1
17674,53.933,-1.15,-1
17675,53.933,-0.833,-1
17677,53.917,-0.767,-1
17678,53.933,-2.767,-1
17679,53.933,-1.1,-1
17680,53.933,-1.067,-1
17681,53.933,-1.017,-1
17682,53.933,-0.8,-1
17683,53.933,-0.783,-1
17684,53.933,-0.767,-1
17685,53.95,-2.55,-1
17686,53.95,-2.15,-1
17687,53.95,-2.017,-1
17688,53.95,-1.883,-1
17689,53.95,-1.683,-1
17690,53.95,-1.4,-1
17691,53.95,-1.3,-1
17692,53.95,-1.117,-1
17693,53.95,-1.117,-1
17694,53.95,-1.1,-1
17695,53.95,-1.083,-1
17696,53.95,-1.083,-1
17697,53.95,-1.033,-1
17698,53.95,-0.967,-1
17699,53.933,-0.2,-1
17700,53.95,-2.817,-1
17701,53.95,-2.767,-1
17702,53.967,-2.767,-1
17703,53.967,-2.017,-1
17704,53.967,-2,-1
17705,53.95,-1.983,-1
17706,53.95,-1.517,-1
17707,53.95,-1.267,-1
17708,53.967,-1.117,-1
17709,53.95,-1.1,-1
17710,53.95,-1.083,-1
17711,53.95,-1.067,-1
17712,53.95,-1.033,-1
17713,53.95,-1.033,-1
17714,53.95,-0.75,-1
17715,53.95,-0.717,-1
17716,53.967,-1.35,-1
17717,53.967,-1.283,-1
17718,53.967,-1.133,-1
17719,53.967,-1.117,-1
17720,53.967,-1.083,-1
17721,53.967,-1.067,-1
17722,53.967,-1.05,-1
17723,53.967,-1.033,-1
17725,53.967,-0.967,-1
17726,53.967,-0.967,-1
17727,53.967,-0.817,-1
17728,53.95,-0.533,-1
17729,53.983,-2.1,-1
17730,53.967,-1.533,-1
17731,53.983,-1.533,-1
17732,53.967,-1.517,-1
17733,53.983,-1.1,-1
17734,53.967,-1.067,-1
17735,53.967,-1.05,-1
17736,53.967,-0.833,-1
17737,53.967,-0.517,-1
17738,53.983,-1.7,-1
17739,53.983,-1.55,-1
17740,53.983,-1.5,-1
17742,53.983,-1.133,-1
17743,53.983,-1.133,-1
17744,53.983,-1.1,-1
17745,53.983,-0.833,-1
17746,53.967,-0.267,-1
17747,53.983,-0.217,-1
17749,54,-1.55,-1
17750,53.983,-1.517,-1
17751,54,-1.5,-1
17752,54,-1.467,-1
17753,53.983,-1.133,-1
17754,54,-1.067,-1
17755,53.983,-1.067,-1
17756,53.983,-0.283,-1
17757,54,-2.217,-1
17758,54,-1.567,-1
17759,54,-1.5,-1
17760,54,-1.45,-1
17761,54,-1.433,-1
17762,54,-1.35,-1
17764,54,-1.183,-1
17765,54,-1.133,-1
17766,54,-1.067,-1
17767,54,-1.05,-1
17768,54,-1.017,-1
17769,54.017,-1.933,-1
17770,54.017,-1.533,-1
17771,54.017,-1.517,-1
17772,54.017,-1.483,-1
17773,54.017,-1.467,-1
17774,54.017,-1.183,-1
17775,54,-1.067,-1
17776,54.017,-2.783,-1
17777,54.017,-1.45,-1
17778,54.017,-1.2,-1
17779,54.017,-1.15,-1
17780,54,-0.433,-1
17781,54.017,-0.433,-1
17782,54,-0.383,-1
17783,54.033,-2.867,-1
17784,54.033,-2.783,-1
17785,54.033,-1.75,-1
17786,54.033,-1.733,-1
17787,54.033,-1.033,-1
17788,54.033,-2.783,-1
17789,54.033,-2.783,-1
17790,54.033,-1.467,-1
17791,54.033,-1.4,-1
17792,54.033,-1.033,-1
17793,54.033,-1.017,-1
17794,54.033,-0.867,-1
17796,54.05,-2.9,-1
17797,54.05,-2.817,-1
17798,54.05,-1.7,-1
17799,54.05,-1.017,-1
17800,54.05,-2.85,-1
17801,54.05,-2.817,-1
17802,54.05,-2,-1
17804,54.05,-1.433,-1
17805,54.05,-1.017,-1
17806,54.067,-2.833,-1
17807,54.067,-2.8,-1
17808,54.067,-2.267,-1
17809,54.017,-6,-1
17810,54.067,-2.85,-1
17811,54.067,-2.833,-1
17812,54.083,-2.75,-1
17813,54.067,-2.717,-1
17814,54.067,-2.7,-1
17815,54.067,-2.283,-1
17816,54.083,-1.733,-1
17818,54.067,-0.717,-1
17819,54.067,-0.367,-1
17820,54.067,-0.333,-1
17821,54.067,-0.217,-1
17822,54.067,-0.2,-1
17823,54.05,-4.817,-1
17824,54.083,-2.8,-1
17825,54.083,-2.35,-1
17826,54.083,-1.75,-1
17827,54.083,-1.717,-1
17828,54.083,-1.55,-1
17829,54.083,-1.167,-1
17830,54.083,-0.9,-1
17832,54.083,-0.667,-1
17833,54.067,-4.6,-1
17834,54.1,-2.783,-1
17835,54.1,-2.567,-1
17836,54.1,-2.2,-1
17837,54.083,-1.383,-1
17838,54.1,-1.267,-1
17839,54.067,-4.733,-1
17840,54.1,-0.617,-1
17841,54.083,-0.183,-1
17842,54.1,-2.783,-1
17843,54.1,-2.75,-1
17844,54.117,-2.633,-1
17845,54.117,-2.483,-1
17846,54.117,-1.667,-1
17847,54.1,-0.15,-1
17848,54.083,-4.617,-1
17849,54.117,-3.167,-1
17850,54.117,-2.517,-1
17851,54.117,-2.283,-1
17852,54.05,-6.15,-1
17853,54.1,-4.683,-1
17854,54.117,-3.2,-1
17855,54.117,-3.167,-1
17856,54.117,-1.517,-1
17857,54.133,-1.2,-1
17858,54.117,-0.783,-1
17859,54.117,-0.383,-1
17860,54.117,-0.067,-1
17861,54.067,-6.217,-1
17862,54.133,-1.533,-1
17863,54.133,-1.517,-1
17864,54.133,-0.133,-1
17865,54.15,-2.767,-1
17866,54.15,-2.083,-1
17867,54.15,-1.667,-1
17868,54.15,-1.633,-1
17869,54.15,-1.6,-1
17871,54.133,-0.617,-1
17872,54.15,-3.117,-1
17873,54.167,-3.2,-1
17874,54.15,-3.183,-1
17875,54.15,-3.167,-1
17876,54.15,-3.083,-1
17877,54.167,-2.817,-1
17878,54.167,-0.917,-1
17879,54.15,-4.467,-1
17880,54.167,-2.917,-1
17881,54.167,-2.817,-1
17882,54.167,-2.817,-1
17883,54.167,-1.217,-1
17884,54.183,-3.15,-1
17885,54.183,-2.917,-1
17886,54.183,-2.617,-1
17887,54.183,-1.467,-1
17888,54.183,-1.017,-1
17889,54.183,-3.083,-1
17890,54.2,-2.967,-1
17891,54.183,-2.9,-1
17892,54.2,-2.583,-1
17893,54.183,-2.417,-1
17894,54.183,-1.55,-1
17895,54.2,-3.2,-1
17896,54.2,-3.083,-1
17897,54.2,-2.967,-1
17898,54.2,-2.933,-1
17899,54.2,-2.65,-1
17900,54.2,-2.6,-1
17901,54.2,-2.6,-1
17902,54.183,-0.283,-1
17903,54.2,-2.767,-1
17904,54.2,-0.433,-1
17905,54.15,-6.35,-1
17906,54.217,-2.8,-1
17907,54.217,-2.567,-1
17908,54.217,-0.9,-1
17909,54.217,-0.283,-1
17910,54.217,-3.083,-1
17911,54.217,-2.933,-1
17912,54.233,-2.85,-1
17913,54.217,-2.733,-1
17914,54.233,-1.333,-1
17915,54.217,-1.333,-1
17916,54.233,-1.05,-1
17917,54.233,-0.867,-1
17918,54.217,-0.55,-1
17919,54.233,-3.167,-1
17920,54.233,-2.983,-1
17921,54.233,-2.917,-1
17922,54.233,-2.75,-1
17923,54.233,-0.583,-1
17924,54.25,-2.767,-1
17925,54.25,-2.767,-1
17926,54.25,-1.05,-1
17927,54.233,-1,-1
17928,54.233,-0.867,-1
17929,54.233,-0.767,-1
17930,54.233,-0.617,-1
17931,54.233,-0.433,-1
17932,54.217,-4.683,-1
17933,54.25,-3.05,-1
17934,54.25,-2.883,-1
17935,54.25,-2.767,-1
17936,54.25,-1.583,-1
17937,54.25,-1.417,-1
17938,54.25,-1.333,-1
17939,54.25,-1.233,-1
17940,54.25,-0.783,-1
17941,54.25,-0.55,-1
17942,54.25,-0.367,-1
17943,54.2,-5.9,-1
17944,54.25,-3.283,-1
17945,54.25,-3.2,-1
17946,54.267,-3.017,-1
17947,54.267,-1.767,-1
17948,54.267,-1.633,-1
17949,54.25,-4.567,-1
17950,54.267,-2.783,-1
17951,54.267,-2.733,-1
17952,54.283,-2.617,-1
17953,54.267,-2.383,-1
17954,54.267,-0.983,-1
17955,54.267,-0.917,-1
17956,54.15,-7.417,-1
17957,54.283,-3.017,-1
17958,54.283,-2.133,-1
17959,54.283,-1.8,-1
17960,54.217,-5.967,-1
17961,54.233,-5.833,-1
17963,54.283,-2.833,-1
17964,54.283,-2.817,-1
17965,54.283,-2.783,-1
17966,54.283,-1.067,-1
17967,54.283,-0.85,-1
17968,54.283,-0.833,-1
17970,54.283,-0.467,-1
17971,54.283,-0.383,-1
17972,54.283,-4.367,-1
17974,54.3,-3.033,-1
17975,54.3,-2.733,-1
17976,54.3,-1.983,-1
17977,54.3,-1.783,-1
17978,54.3,-1.567,-1
17979,54.3,-1.533,-1
17980,54.3,-0.95,-1
17981,54.3,-0.9,-1
17982,54.3,-0.433,-1
17983,54.283,-0.417,-1
17984,54.283,-0.4,-1
17985,54.317,-2.733,-1
17986,54.317,-2.717,-1
17987,54.317,-1.817,-1
17988,54.317,-1.65,-1
17989,54.3,-1.483,-1
17990,54.3,-1.383,-1
17991,54.317,-1.267,-1
17993,54.267,-5.633,-1
17994,54.3,-4.433,-1
17995,54.317,-3.183,-1
17996,54.317,-2.75,-1
17997,54.317,-2.733,-1
17998,54.317,-2.283,-1
17999,54.317,-2.067,-1
18000,54.317,-1.883,-1
18001,54.317,-1.883,-1
18002,54.317,-0.7,-1
18003,54.317,-0.55,-1
18004,54.183,-7.9,-1
18005,54.333,-2.75,-1
18006,54.333,-2.75,-1
18007,54.317,-2.517,-1
18008,54.333,-2.483,-1
18009,54.333,-1.817,-1
18010,54.333,-1.8,-1
18011,54.333,-2.9,-1
18012,54.333,-2.733,-1
18013,54.333,-2.717,-1
18014,54.333,-1.433,-1
18015,54.317,-4.367,-1
18016,54.35,-3.2,-1
18017,54.333,-0.433,-1
18019,54.35,-2.75,-1
18020,54.35,-1.7,-1
18021,54.283,-6.283,-1
18022,54.333,-4.467,-1
18023,54.333,-4.45,-1
18024,54.333,-4.383,-1
18025,54.35,-3.083,-1
18026,54.367,-2.917,-1
18027,54.367,-2.767,-1
18028,54.367,-2.983,-1
18029,54.367,-2.9,-1
18030,54.367,-2.767,-1
18031,54.383,-1.883,-1
18032,54.367,-1.75,-1
18033,54.367,-1.417,-1
18034,54.333,-5.7,-1
18035,54.367,-2.9,-1
18036,54.383,-2.817,-1
18037,54.383,-1.517,-1
18038,54.367,-0.533,-1
18039,54.383,-3.417,-1
18040,54.383,-2.967,-1
18041,54.383,-2.9,-1
18042,54.383,-2.733,-1
18043,54.4,-1.517,-1
18044,54.383,-1.333,-1
18045,54.317,-6.433,-1
18046,54.333,-5.883,-1
18047,54.333,-5.8,-1
18048,54.383,-3.467,-1
18049,54.4,-3.267,-1
18050,54.4,-1.733,-1
18051,54.4,-1.717,-1
18052,54.4,-1.15,-1
18053,54.4,-1.75,-1
18054,54.4,-1.7,-1
18055,54.4,-1.4,-1
18056,54.4,-0.55,-1
18057,54.35,-5.9,-1
18058,54.367,-5.683,-1
18059,54.417,-2.733,-1
18060,54.433,-2.417,-1
18061,54.433,-1.2,-1
18062,54.35,-6.383,-1
18063,54.367,-5.8,-1
18064,54.433,-2.95,-1
18065,54.433,-1.1,-1
18066,54.367,-6.133,-1
18067,54.45,-2.617,-1
18068,54.433,-0.85,-1
18069,54.433,-0.8,-1
18070,54.433,-0.55,-1
18071,54.35,-6.917,-1
18072,54.383,-6.317,-1
18073,54.383,-6.25,-1
18074,54.383,-6.067,-1
18076,54.4,-5.75,-1
18077,54.4,-5.717,-1
18078,54.45,-3.333,-1
18079,54.45,-3.033,-1
18080,54.45,-1.267,-1
18081,54.45,-1.15,-1
18082,54.45,-1.1,-1
18083,54.45,-0.65,-1
18084,54.417,-5.517,-1
18085,54.45,-3.5,-1
18086,54.467,-2.617,-1
18087,54.467,-1.083,-1
18088,54.467,-1.067,-1
18089,54.45,-0.9,-1
18090,54.4,-6.183,-1
18091,54.467,-1.133,-1
18092,54.417,-6.133,-1
18093,54.483,-1.183,-1
18094,54.467,-0.6,-1
18095,54.4,-6.5,-1
18096,54.45,-5.483,-1
18097,54.483,-2.333,-1
18098,54.483,-1.133,-1
18099,54.483,-1.117,-1
18100,54.367,-7.717,-1
18101,54.5,-1.7,-1
18102,54.5,-1.267,-1
18103,54.5,-1.133,-1
18104,54.417,-6.433,-1
18105,54.517,-1.8,-1
18106,54.517,-1.467,-1
18107,54.517,-1.383,-1
18108,54.5,-1.333,-1
18109,54.433,-6.367,-1
18110,54.517,-2.283,-1
18111,54.517,-1.6,-1
18112,54.517,-1.583,-1
18113,54.517,-1.567,-1
18114,54.517,-1.35,-1
18115,54.517,-1.233,-1
18117,54.45,-6.35,-1
18118,54.517,-3.383,-1
18119,54.517,-3.333,-1
18120,54.533,-2.25,-1
18121,54.533,-1.617,-1
18122,54.533,-1.617,-1
18123,54.533,-1.567,-1
18124,54.533,-1.517,-1
18125,54.517,-1.35,-1
18126,54.533,-1.333,-1
18127,54.517,-1.233,-1
18128,54.517,-1.183,-1
18129,54.533,-2.917,-1
18130,54.533,-1.583,-1
18131,54.533,-1.567,-1
18132,54.533,-1.2,-1
18134,54.533,-1.083,-1
18135,54.533,-1.05,-1
18136,54.533,-1.033,-1
18137,54.533,-1.933,-1
18138,54.55,-1.717,-1
18139,54.55,-1.567,-1
18141,54.55,-1.467,-1
18142,54.533,-1.2,-1
18143,54.533,-1.033,-1
18144,54.467,-6.283,-1
18145,54.483,-6.033,-1
18146,54.483,-5.85,-1
18147,54.5,-5.717,-1
18148,54.533,-3.567,-1
18149,54.55,-2.717,-1
18150,54.55,-1.783,-1
18151,54.55,-1.733,-1
18153,54.55,-1.5,-1
18154,54.55,-1.3,-1
18155,54.55,-1.167,-1
18156,54.4,-8.05,-1
18158,54.483,-6.3,-1
18159,54.567,-1.75,-1
18160,54.55,-1.233,-1
18161,54.55,-1.233,-1
18162,54.55,-1.133,-1
18163,54.55,-0.983,-1
18164,54.55,-0.867,-1
18165,54.5,-6.033,-1
18166,54.517,-5.717,-1
18167,54.567,-3.133,-1
18168,54.567,-1.967,-1
18169,54.567,-1.7,-1
18170,54.567,-1.35,-1
18171,54.567,-1.3,-1
18172,54.567,-1.233,-1
18173,54.567,-1.033,-1
18174,54.567,-0.967,-1
18175,54.567,-3.55,-1
18176,54.583,-2.483,-1
18177,54.583,-2.433,-1
18178,54.583,-2.4,-1
18179,54.583,-1.517,-1
18180,54.567,-1.283,-1
18181,54.567,-1.217,-1
18182,54.567,-1.033,-1
18183,54.517,-6.1,-1
18184,54.517,-5.933,-1
18185,54.533,-5.767,-1
18187,54.583,-1.3,-1
18188,54.583,-0.967,-1
18189,54.533,-5.983,-1
18190,54.55,-5.75,-1
18191,54.55,-5.55,-1
18192,54.6,-2.9,-1
18193,54.6,-2.517,-1
18194,54.6,-1.017,-1
18195,54.533,-6.15,-1
18196,54.55,-5.967,-1
18197,54.533,-5.95,-1
18198,54.55,-5.583,-1
18199,54.6,-3.183,-1
18200,54.6,-3.117,-1
18201,54.6,-2.55,-1
18202,54.55,-6.183,-1
18203,54.55,-5.95,-1
18204,54.55,-5.917,-1
18205,54.55,-5.867,-1
18206,54.6,-3.333,-1
18207,54.617,-3.217,-1
18208,54.6,-3.133,-1
18209,54.617,-2.517,-1
18210,54.617,-1.233,-1
18211,54.617,-1.117,-1
18212,54.55,-6.233,-1
18213,54.567,-5.867,-1
18214,54.617,-3.55,-1
18215,54.617,-3.417,-1
18216,54.617,-3.283,-1
18217,54.617,-1.583,-1
18218,54.633,-1.25,-1
18219,54.517,-7.133,-1
18220,54.567,-5.933,-1
18221,54.567,-5.833,-1
18222,54.617,-3.267,-1
18223,54.633,-1.483,-1
18224,54.633,-1.383,-1
18225,54.583,-6.033,-1
18226,54.583,-5.867,-1
18227,54.583,-5.667,-1
18228,54.65,-2.117,-1
18229,54.633,-1.3,-1
18230,54.583,-5.85,-1
18231,54.6,-5.633,-1
18232,54.65,-3.433,-1
18233,54.65,-2.883,-1
18234,54.65,-1.667,-1
18235,54.65,-1.45,-1
18236,54.65,-1.433,-1
18237,54.6,-5.85,-1
18238,54.65,-3.483,-1
18239,54.667,-2.75,-1
18240,54.667,-1.667,-1
18241,54.65,-1.45,-1
18242,54.567,-6.783,-1
18243,54.6,-5.95,-1
18244,54.65,-3.35,-1
18245,54.667,-3.333,-1
18246,54.667,-2.75,-1
18247,54.667,-2.733,-1
18248,54.667,-1.217,-1
18249,54.617,-5.85,-1
18251,54.617,-5.967,-1
18252,54.617,-5.85,-1
18253,54.617,-5.817,-1
18254,54.633,-5.683,-1
18255,54.633,-5.65,-1
18256,54.633,-5.633,-1
18257,54.683,-1.55,-1
18258,54.683,-1.217,-1
18259,54.633,-5.933,-1
18260,54.633,-5.817,-1
18261,54.633,-5.65,-1
18262,54.683,-3.367,-1
18263,54.683,-1.233,-1
18264,54.65,-5.783,-1
18265,54.717,-1.75,-1
18266,54.7,-1.633,-1
18267,54.617,-6.7,-1
18268,54.65,-5.933,-1
18269,54.7,-3.45,-1
18270,54.7,-2.883,-1
18271,54.717,-2.65,-1
18272,54.717,-2.567,-1
18273,54.717,-1.883,-1
18275,54.717,-1.7,-1
18276,54.717,-1.4,-1
18277,54.667,-5.633,-1
18279,54.717,-2.933,-1
18280,54.717,-2.683,-1
18281,54.65,-6.233,-1
18283,54.733,-1.467,-1
18284,54.733,-1.3,-1
18285,54.683,-5.933,-1
18287,54.65,-6.85,-1
18288,54.733,-3.267,-1
18289,54.75,-1.533,-1
18290,54.75,-1.533,-1
18291,54.75,-1.217,-1
18292,54.683,-6.25,-1
18293,54.767,-1.817,-1
18294,54.75,-1.633,-1
18295,54.767,-3.167,-1
18296,54.767,-1.517,-1
18297,54.667,-7.167,-1
18298,54.7,-6.317,-1
18299,54.7,-6.2,-1
18300,54.7,-6.167,-1
18301,54.717,-5.85,-1
18302,54.767,-3.417,-1
18303,54.767,-3.217,-1
18304,54.767,-2.983,-1
18305,54.767,-2.95,-1
18306,54.783,-1.7,-1
18307,54.767,-1.567,-1
18308,54.667,-7.45,-1
18309,54.7,-6.65,-1
18310,54.783,-2.9,-1
18311,54.783,-2.8,-1
18312,54.783,-2.617,-1
18313,54.783,-1.85,-1
18314,54.783,-1.633,-1
18316,54.783,-3.217,-1
18317,54.8,-1.717,-1
18318,54.8,-1.55,-1
18319,54.783,-1.533,-1
18320,54.783,-1.517,-1
18321,54.717,-6.6,-1
18322,54.733,-6.367,-1
18323,54.8,-2.95,-1
18324,54.8,-2.867,-1
18325,54.8,-2.717,-1
18326,54.817,-2.433,-1
18327,54.817,-1.733,-1
18328,54.817,-1.483,-1
18329,54.767,-5.75,-1
18330,54.8,-4.533,-1
18331,54.8,-4.1,-1
18332,54.817,-3.25,-1
18333,54.817,-1.733,-1
18334,54.75,-6.2,-1
18335,54.817,-4.133,-1
18336,54.833,-2.867,-1
18337,54.833,-1.467,-1
18339,54.833,-2.983,-1
18340,54.85,-1.967,-1
18341,54.833,-1.65,-1
18342,54.833,-1.6,-1
18343,54.833,-1.533,-1
18344,54.833,-1.367,-1
18345,54.833,-4.05,-1
18346,54.85,-3.283,-1
18347,54.85,-2.983,-1
18348,54.85,-2.633,-1
18350,54.85,-2.883,-1
18351,54.85,-2.233,-1
18352,54.85,-1.733,-1
18353,54.85,-1.567,-1
18354,54.867,-1.467,-1
18355,54.783,-6.417,-1
18356,54.867,-2.917,-1
18357,54.867,-1.85,-1
18358,54.867,-3.05,-1
18359,54.883,-2.883,-1
18360,54.883,-1.833,-1
18361,54.867,-1.683,-1
18362,54.867,-1.433,-1
18363,54.867,-1.4,-1
18364,54.883,-3.367,-1
18365,54.883,-2.833,-1
18366,54.883,-2.8,-1
18367,54.883,-1.833,-1
18368,54.883,-1.6,-1
18369,54.883,-1.583,-1
18370,54.883,-1.533,-1
18371,54.817,-6.25,-1
18372,54.867,-4.367,-1
18373,54.883,-3.9,-1
18374,54.883,-2.9,-1
18375,54.9,-2.9,-1
18376,54.9,-2.867,-1
18377,54.883,-2.817,-1
18378,54.883,-2.717,-1
18379,54.9,-1.833,-1
18380,54.883,-1.383,-1
18381,54.883,-4.183,-1
18382,54.883,-3.8,-1
18383,54.9,-2.967,-1
18384,54.9,-2.917,-1
18385,54.9,-2.833,-1
18386,54.9,-1.5,-1
18387,54.833,-6.15,-1
18388,54.9,-2.933,-1
18389,54.917,-2.933,-1
18390,54.9,-2.817,-1
18391,54.9,-2.7,-1
18392,54.917,-2.267,-1
18393,54.917,-1.733,-1
18394,54.917,-1.517,-1
18395,54.9,-4.183,-1
18397,54.917,-2.933,-1
18398,54.917,-2.7,-1
18399,54.917,-1.55,-1
18400,54.917,-1.4,-1
18401,54.933,-3.15,-1
18402,54.917,-2.933,-1
18403,54.933,-2.633,-1
18404,54.933,-1.717,-1
18405,54.933,-1.6,-1
18406,54.867,-5.9,-1
18407,54.9,-5.017,-1
18408,54.933,-3.167,-1
18409,54.933,-2.117,-1
18410,54.933,-1.667,-1
18411,54.933,-1.583,-1
18412,54.95,-1.55,-1
18414,54.933,-1.383,-1
18415,54.867,-6.433,-1
18416,54.95,-3.233,-1
18417,54.95,-2.917,-1
18418,54.95,-2.767,-1
18419,54.933,-2.733,-1
18420,54.95,-2.733,-1
18421,54.95,-2.15,-1
18422,54.95,-1.9,-1
18424,54.95,-1.65,-1
18425,54.95,-1.617,-1
18426,54.95,-1.55,-1
18427,54.95,-1.417,-1
18428,54.883,-6.433,-1
18429,54.883,-6.117,-1
18430,54.95,-3.933,-1
18431,54.95,-2.95,-1
18432,54.967,-2.1,-1
18433,54.967,-2.083,-1
18434,54.95,-1.9,-1
18435,54.95,-1.867,-1
18436,54.95,-1.717,-1
18437,54.95,-1.683,-1
18438,54.95,-1.6,-1
18439,54.95,-1.467,-1
18440,54.95,-1.4,-1
18441,54.933,-4.717,-1
18442,54.967,-2.65,-1
18444,54.967,-2.467,-1
18445,54.967,-2.117,-1
18446,54.967,-2.1,-1
18447,54.967,-1.867,-1
18448,54.967,-1.85,-1
18449,54.967,-1.717,-1
18450,54.95,-4.133,-1
18451,54.967,-3.7,-1
18452,54.967,-2.45,-1
18453,54.967,-2.1,-1
18454,54.967,-1.8,-1
18455,54.983,-1.8,-1
18456,54.967,-1.767,-1
18457,54.983,-1.75,-1
18458,54.967,-1.617,-1
18459,54.967,-1.6,-1
18460,54.967,-1.517,-1
18462,54.867,-7.333,-1
18463,54.883,-6.633,-1
18464,54.95,-4.383,-1
18465,54.967,-4.05,-1
18466,54.983,-3.467,-1
18467,54.983,-2.867,-1
18468,54.983,-2.733,-1
18469,54.983,-2.333,-1
18470,54.983,-1.733,-1
18471,54.983,-1.7,-1
18472,54.983,-1.667,-1
18473,54.983,-1.617,-1
18474,54.983,-1.583,-1
18475,54.983,-1.583,-1
18476,54.983,-1.567,-1
18477,54.983,-1.533,-1
18478,54.983,-2.567,-1
18479,54.983,-2.1,-1
18480,54.983,-2.033,-1
18481,54.983,-1.833,-1
18482,55,-1.7,-1
18483,55,-1.6,-1
18484,55,-1.55,-1
18485,55,-1.633,-1
18486,55,-1.633,-1
18487,55,-1.617,-1
18488,55,-2.45,-1
18489,55,-1.633,-1
18490,55,-1.617,-1
18491,55.017,-1.6,-1
18492,55.017,-1.45,-1
18493,54.9,-7.35,-1
18494,54.95,-6.183,-1
18495,55.017,-3.05,-1
18496,55.017,-1.55,-1
18497,55.017,-1.55,-1
18498,55.017,-1.417,-1
18499,55.033,-2.133,-1
18500,55.033,-1.983,-1
18502,55.017,-1.617,-1
18503,55.033,-1.517,-1
18504,55.033,-2.117,-1
18506,55.033,-1.767,-1
18507,55.033,-1.75,-1
18508,55.05,-1.733,-1
18509,55.033,-1.467,-1
18510,55.033,-1.45,-1
18511,55.05,-1.733,-1
18512,55.05,-1.617,-1
18513,55.05,-1.483,-1
18514,55.05,-1.467,-1
18515,55.05,-3.067,-1
18516,55.05,-2.9,-1
18517,55.05,-2.117,-1
18518,55.05,-1.733,-1
18519,55.05,-1.45,-1
18520,55.067,-1.5,-1
18521,54.983,-6.717,-1
18522,55,-6.317,-1
18523,55.067,-3.6,-1
18524,55.067,-3.583,-1
18525,55.067,-3.55,-1
18526,55.067,-3.217,-1
18527,55.067,-1.5,-1
18528,54.983,-6.7,-1
18529,55.083,-2.783,-1
18531,55,-6.65,-1
18532,55.083,-1.967,-1
18533,55.017,-6.617,-1
18534,55.1,-1.567,-1
18535,55.117,-3.567,-1
18536,55.117,-1.617,-1
18537,55.033,-6.717,-1
18539,55.133,-2.333,-1
18540,55.133,-1.633,-1
18541,55.1,-5,-1
18543,55.033,-7,-1
18544,55.133,-4.1,-1
18546,55.15,-2.25,-1
18547,55.15,-1.55,-1
18548,55.15,-3.4,-1
18549,55.15,-1.667,-1
18550,55.167,-2.317,-1
18551,55.167,-1.717,-1
18553,55.167,-1.683,-1
18554,55.167,-1.667,-1
18555,55.167,-1.583,-1
18556,55.167,-3.8,-1
18558,55.167,-2.383,-1
18559,55.167,-1.7,-1
18560,55.167,-1.683,-1
18561,55.183,-1.683,-1
18562,55.167,-1.533,-1
18563,55.183,-1.65,-1
18564,55.183,-1.533,-1
18565,55.167,-4.933,-1
18566,55.2,-3.25,-1
18567,55.117,-6.6,-1
18568,55.133,-6.65,-1
18569,55.217,-1.567,-1
18570,55.217,-1.55,-1
18571,55.233,-2.567,-1
18572,55.217,-1.633,-1
18573,55.217,-1.55,-1
18574,55.233,-3.933,-1
18575,55.233,-2.133,-1
18576,55.25,-1.75,-1
18577,55.25,-1.583,-1
18578,55.167,-6.567,-1
18579,55.233,-4.667,-1
18580,55.25,-3.083,-1
18581,55.233,-4.85,-1
18582,55.2,-6.483,-1
18583,55.267,-3.717,-1
18584,55.25,-5.133,-1
18585,55.283,-3.567,-1
18586,55.3,-1.7,-1
18588,55.317,-1.9,-1
18589,55.317,-1.667,-1
18590,55.317,-1.617,-1
18591,55.317,-1.933,-1
18592,55.317,-3.75,-1
18593,55.333,-1.717,-1
18594,55.3,-4.683,-1
18596,55.35,-2.717,-1
18597,55.35,-3.45,-1
18598,55.367,-1.667,-1
18599,55.35,-4.7,-1
18600,55.35,-4.683,-1
18601,55.383,-1.6,-1
18602,55.4,-2.65,-1
18603,55.4,-1.7,-1
18604,55.4,-1.683,-1
18605,55.417,-1.7,-1
18606,55.4,-4.533,-1
18607,55.433,-2.517,-1
18608,55.433,-1.75,-1
18609,55.433,-2.5,-1
18611,55.45,-1.583,-1
18612,55.433,-4.633,-1
18613,55.45,-4.25,-1
18614,55.467,-1.817,-1
18615,55.467,-1.6,-1
18616,55.45,-4.617,-1
18617,55.467,-2.533,-1
18618,55.467,-4.467,-1
18619,55.467,-4.633,-1
18620,55.483,-4.617,-1
18621,55.517,-2.733,-1
18622,55.517,-2.567,-1
18623,55.483,-5.083,-1
18624,55.517,-2.367,-1
18625,55.533,-2.35,-1
18626,55.533,-1.733,-1
18627,55.55,-2.017,-1
18628,55.5,-5.617,-1
18629,55.55,-3.083,-1
18630,55.533,-5.083,-1
18631,55.533,-4.533,-1
18632,55.567,-2.917,-1
18633,55.567,-2.7,-1
18634,55.55,-4.55,-1
18635,55.583,-3.217,-1
18636,55.583,-2.383,-1
18637,55.6,-1.817,-1
18638,55.6,-3.8,-1
18639,55.6,-2.733,-1
18640,55.6,-2.717,-1
18641,55.6,-2.433,-1
18642,55.6,-1.833,-1
18643,55.567,-5.133,-1
18644,55.6,-2.717,-1
18645,55.617,-2.383,-1
18646,55.583,-5.233,-1
18647,55.617,-3.067,-1
18648,55.617,-3.05,-1
18649,55.617,-3,-1
18650,55.617,-2.95,-1
18651,55.617,-2.483,-1
18652,55.6,-4.317,-1
18653,55.617,-4.283,-1
18654,55.617,-3.817,-1
18655,55.617,-3.517,-1
18656,55.633,-2.233,-1
18657,55.583,-5.467,-1
18658,55.617,-4.433,-1
18659,55.65,-2.283,-1
18660,55.633,-4.517,-1
18661,55.633,-4.233,-1
18662,55.65,-3.183,-1
18663,55.65,-2.25,-1
18664,55.617,-5.183,-1
18665,55.65,-4.1,-1
18666,55.65,-3.2,-1
18667,55.667,-4.383,-1
18668,55.667,-3.767,-1
18669,55.683,-2.833,-1
18670,55.683,-2,-1
18671,55.65,-5.367,-1
18672,55.667,-4.817,-1
18673,55.683,-3.817,-1
18674,55.683,-4.633,-1
18675,55.7,-3.217,-1
18676,55.7,-2.05,-1
18677,55.7,-3.95,-1
18679,55.7,-4.683,-1
18680,55.717,-3.817,-1
18681,55.7,-3.567,-1
18682,55.717,-3.317,-1
18683,55.717,-3.467,-1
18684,55.717,-4.533,-1
18685,55.717,-4.283,-1
18686,55.733,-3.85,-1
18687,55.75,-2.383,-1
18688,55.733,-3.6,-1
18689,55.733,-4.267,-1
18690,55.75,-2.117,-1
18691,55.75,-2.1,-1
18692,55.767,-1.983,-1
18693,55.75,-3.35,-1
18694,55.767,-2.083,-1
18695,55.75,-4.833,-1
18696,55.767,-4.317,-1
18697,55.767,-3.967,-1
18699,55.783,-4.1,-1
18700,55.783,-4.033,-1
18701,55.8,-4.1,-1
18702,55.8,-4.067,-1
18703,55.817,-3.283,-1
18704,55.8,-4.267,-1
18705,55.817,-4.25,-1
18706,55.817,-3.567,-1
18707,55.8,-5.067,-1
18708,55.817,-4.233,-1
18709,55.817,-4.467,-1
18710,55.833,-4.3,-1
18711,55.817,-4.267,-1
18712,55.833,-4.25,-1
18713,55.833,-4.1,-1
18714,55.833,-4.1,-1
18715,55.833,-3.333,-1
18716,55.85,-2.267,-1
18718,55.833,-4.417,-1
18719,55.833,-4.3,-1
18720,55.833,-4.283,-1
18721,55.85,-3.617,-1
18722,55.833,-4.833,-1
18723,55.833,-4.483,-1
18724,55.833,-4.35,-1
18725,55.833,-4.267,-1
18726,55.833,-4.25,-1
18727,55.85,-4.183,-1
18728,55.85,-4.167,-1
18729,55.85,-3.783,-1
18730,55.85,-3.65,-1
18731,55.85,-3.15,-1
18732,55.867,-2.25,-1
18734,55.85,-4.583,-1
18735,55.85,-4.217,-1
18736,55.85,-4.167,-1
18737,55.867,-3.15,-1
18738,55.867,-2.167,-1
18739,55.867,-2.1,-1
18742,55.867,-4.267,-1
18743,55.883,-3.483,-1
18744,55.883,-3.333,-1
18745,55.867,-3.117,-1
18746,55.85,-5.05,-1
18747,55.867,-4.783,-1
18748,55.867,-4.383,-1
18749,55.867,-4.317,-1
18750,55.867,-4.3,-1
18751,55.867,-4.283,-1
18752,55.883,-3.533,-1
18753,55.883,-3.333,-1
18754,55.883,-3.2,-1
18755,55.883,-3.067,-1
18756,55.883,-2.933,-1
18757,55.867,-4.883,-1
18758,55.867,-4.533,-1
18759,55.883,-4.383,-1
18760,55.883,-4.3,-1
18761,55.883,-4.267,-1
18762,55.883,-3.517,-1
18763,55.9,-3.483,-1
18764,55.9,-3.317,-1
18765,55.9,-3.233,-1
18766,55.9,-3.2,-1
18767,55.883,-4.283,-1
18768,55.883,-4.267,-1
18769,55.9,-3.733,-1
18770,55.9,-3.283,-1
18771,55.9,-3.267,-1
18772,55.9,-3.25,-1
18773,55.9,-3.2,-1
18774,55.9,-3.167,-1
18776,55.917,-2.883,-1
18777,55.9,-2.717,-1
18779,55.9,-3.5,-1
18780,55.917,-3.3,-1
18781,55.917,-3.217,-1
18782,55.917,-3.15,-1
18783,55.917,-3.1,-1
18784,55.917,-3.083,-1
18785,55.9,-4.617,-1
18786,55.9,-4.317,-1
18787,55.917,-3.867,-1
18788,55.933,-3.167,-1
18789,55.917,-4.3,-1
18790,55.917,-4.3,-1
18792,55.933,-3.15,-1
18793,55.917,-4.833,-1
18794,55.917,-4.4,-1
18795,55.933,-4.35,-1
18796,55.917,-4.15,-1
18797,55.933,-3.833,-1
18799,55.933,-3.183,-1
18800,55.933,-3.167,-1
18801,55.95,-3.75,-1
18802,55.95,-3.5,-1
18803,55.95,-3.3,-1
18804,55.95,-3.267,-1
18805,55.95,-3.25,-1
18806,55.95,-3.233,-1
18807,55.95,-3.083,-1
18808,55.95,-3.05,-1
18809,55.95,-2.783,-1
18810,55.95,-4.317,-1
18811,55.95,-4.133,-1
18812,55.95,-4.133,-1
18813,55.967,-3.283,-1
18814,55.95,-3.233,-1
18815,55.967,-3.2,-1
18816,55.95,-3.167,-1
18817,55.95,-3.15,-1
18818,55.95,-3.133,-1
18819,55.967,-2.917,-1
18820,55.95,-4.35,-1
18822,55.95,-4.15,-1
18823,55.967,-3.583,-1
18824,55.967,-3.283,-1
18825,55.967,-3.25,-1
18826,55.967,-3.2,-1
18827,55.967,-2.9,-1
18828,55.95,-4.6,-1
18829,55.967,-3.983,-1
18831,55.967,-3.683,-1
18832,55.967,-3.3,-1
18833,55.967,-3.2,-1
18834,55.983,-2.883,-1
18835,55.967,-4.65,-1
18836,55.983,-3.6,-1
18837,55.983,-3.6,-1
18838,55.983,-3.583,-1
18841,55.983,-2.667,-1
18842,55.967,-4.65,-1
18843,55.967,-4.567,-1
18844,55.983,-3.733,-1
18845,55.983,-3.4,-1
18846,56,-2.55,-1
18847,56,-2.517,-1
18849,56,-3.8,-1
18850,55.983,-4.8,-1
18851,55.983,-4.65,-1
18852,56,-4,-1
18853,56.017,-3.567,-1
18854,56,-3.517,-1
18856,55.983,-4.833,-1
18857,56.017,-3.783,-1
18858,56.017,-3.733,-1
18859,56,-4.683,-1
18861,56.033,-3.417,-1
18862,56.033,-3.367,-1
18864,56.033,-2.833,-1
18865,56,-5.467,-1
18866,56.017,-4.717,-1
18867,56.033,-3.85,-1
18868,56.033,-3.383,-1
18869,56.033,-3.35,-1
18871,56.033,-4.983,-1
18872,56.033,-4.35,-1
18873,56.05,-3.3,-1
18874,56.05,-3.283,-1
18875,56.05,-2.717,-1
18876,56.05,-4.367,-1
18877,56.067,-3.433,-1
18878,56.033,-5.617,-1
18879,56.033,-5.483,-1
18880,56.05,-4.367,-1
18881,56.067,-3.45,-1
18882,56.067,-3.417,-1
18883,56.083,-3.417,-1
18884,56.067,-4.333,-1
18885,56.067,-4,-1
18887,56.083,-3.417,-1
18888,56.067,-4.767,-1
18889,56.067,-4.333,-1
18890,56.083,-3.433,-1
18891,56.067,-5.333,-1
18892,56.067,-4.65,-1
18893,56.1,-3.217,-1
18894,56.083,-4.617,-1
18895,56.1,-3.85,-1
18896,56.083,-5.533,-1
18897,56.1,-4.383,-1
18898,56.117,-3.567,-1
18899,56.133,-3.683,-1
18900,56.117,-3.933,-1
18901,56.15,-3.317,-1
18902,56.117,-5.5,-1
18903,56.15,-3.933,-1
18904,56.15,-3.917,-1
18905,56.15,-3.983,-1
18906,56.167,-3.667,-1
18907,56.15,-5.05,-1
18908,56.167,-4.317,-1
18909,56.183,-3.833,-1
18910,56.183,-3.15,-1
18911,56.183,-3.967,-1
18912,56.183,-3.633,-1
18913,56.183,-3.6,-1
18914,56.183,-3.55,-1
18915,56.183,-3.2,-1
18916,56.2,-3.167,-1
18917,56.183,-3.15,-1
18918,56.183,-3.133,-1
18919,56.15,-5.45,-1
18920,56.183,-4.483,-1
18921,56.183,-4.417,-1
18922,56.183,-4.35,-1
18923,56.183,-4.283,-1
18924,56.183,-4.233,-1
18925,56.183,-3.967,-1
18926,56.183,-3.95,-1
18927,56.2,-2.983,-1
18928,56.2,-3.483,-1
18929,56.2,-3.167,-1
18930,56.217,-2.933,-1
18931,56.217,-3.233,-1
18932,56.217,-3.183,-1
18933,56.217,-2.833,-1
18934,56.183,-5.533,-1
18935,56.183,-5.417,-1
18936,56.217,-3.333,-1
18937,56.233,-3.333,-1
18938,56.217,-5.15,-1
18939,56.233,-4.2,-1
18940,56.233,-5.067,-1
18942,56.267,-3.1,-1
18943,56.283,-3.15,-1
18944,56.283,-3.05,-1
18945,56.283,-3,-1
18946,56.3,-2.967,-1
18947,56.267,-5.083,-1
18948,56.3,-2.75,-1
18949,56.317,-3.25,-1
18950,56.317,-3.017,-1
18951,56.3,-2.8,-1
18952,56.317,-3.267,-1
18953,56.317,-2.983,-1
18954,56.317,-3.6,-1
18955,56.333,-3,-1
18956,56.333,-2.917,-1
18957,56.333,-2.783,-1
18958,56.333,-2.783,-1
18959,56.317,-4.267,-1
18960,56.333,-2.817,-1
18961,56.333,-2.817,-1
18962,56.333,-3.817,-1
18963,56.35,-2.933,-1
18964,56.35,-3.233,-1
18965,56.35,-3.183,-1
18966,56.35,-3,-1
18967,56.333,-5.467,-1
18968,56.35,-4.333,-1
18969,56.367,-3.433,-1
18970,56.367,-3.35,-1
18971,56.367,-2.933,-1
18972,56.35,-5.117,-1
18973,56.367,-3.983,-1
18975,56.383,-3.4,-1
18977,56.383,-3.717,-1
18978,56.383,-3.55,-1
18979,56.4,-3.2,-1
18980,56.4,-3.467,-1
18981,56.4,-3.417,-1
18982,56.4,-3.433,-1
18983,56.4,-3.283,-1
18984,56.4,-3,-1
18985,56.367,-5.85,-1
18986,56.417,-3.5,-1
18987,56.417,-3.4,-1
18988,56.383,-5.933,-1
18989,56.4,-5.5,-1
18990,56.433,-3.467,-1
18992,56.433,-2.933,-1
18993,56.383,-5.983,-1
18994,56.433,-2.933,-1
18995,56.45,-2.883,-1
18996,56.45,-3.483,-1
18997,56.45,-3.183,-1
18998,56.45,-2.983,-1
18999,56.45,-3.217,-1
19000,56.45,-3.1,-1
19001,56.45,-3,-1
19002,56.467,-3,-1
19003,56.467,-2.967,-1
19004,56.433,-5.217,-1
19005,56.467,-2.933,-1
19006,56.467,-2.883,-1
19007,56.483,-2.833,-1
19008,56.483,-2.983,-1
19009,56.483,-2.833,-1
19010,56.483,-3.1,-1
19011,56.5,-2.75,-1
19012,56.45,-5.383,-1
19013,56.5,-3.05,-1
19014,56.5,-2.9,-1
19015,56.483,-5.333,-1
19016,56.517,-3.517,-1
19017,56.517,-3.033,-1
19018,56.517,-3.3,-1
19019,56.533,-4.1,-1
19020,56.533,-3.783,-1
19021,56.55,-3.183,-1
19022,56.55,-2.767,-1
19023,56.517,-5.5,-1
19024,56.567,-3.233,-1
19025,56.567,-2.567,-1
19026,56.517,-6,-1
19027,56.583,-3.317,-1
19028,56.567,-4.217,-1
19029,56.583,-3.483,-1
19030,56.583,-3.35,-1
19031,56.6,-3.317,-1
19033,56.6,-3.633,-1
19034,56.617,-3.65,-1
19035,56.6,-3.633,-1
19037,56.617,-2.533,-1
19038,56.55,-6.25,-1
19039,56.583,-5.367,-1
19041,56.65,-2.7,-1
19042,56.583,-6.183,-1
19043,56.6,-6.167,-1
19044,56.6,-5.967,-1
19045,56.65,-3.1,-1
19046,56.667,-3.217,-1
19047,56.633,-5.283,-1
19048,56.65,-5.267,-1
19049,56.683,-3.4,-1
19050,56.617,-6.067,-1
19051,56.7,-2.9,-1
19052,56.717,-2.45,-1
19053,56.717,-2.45,-1
19054,56.717,-2.7,-1
19055,56.717,-2.5,-1
19056,56.733,-2.45,-1
19057,56.733,-3.667,-1
19058,56.733,-3.9,-1
19059,56.733,-3.267,-1
19060,56.767,-2.517,-1
19061,56.783,-2.5,-1
19062,56.767,-3.85,-1
19063,56.733,-6.033,-1
19064,56.8,-3.083,-1
19065,56.767,-5.367,-1
19066,56.783,-5.05,-1
19067,56.867,-2.467,-1
19068,56.867,-5.667,-1
19069,56.9,-4.85,-1
19070,56.933,-2.233,-1
19071,56.933,-4.683,-1
19072,56.967,-2.217,-1
19073,56.9,-6.15,-1
19074,56.983,-2.283,-1
19075,56.983,-2.183,-1
19076,57.017,-2.15,-1
19077,57,-4.333,-1
19078,57.017,-2.533,-1
19079,57.033,-3.367,-1
19080,57.033,-2.483,-1
19082,57.05,-2.483,-1
19083,57.067,-2.5,-1
19084,57.05,-2.467,-1
19085,57,-5.817,-1
19086,57.067,-2.133,-1
19087,57.067,-3.933,-1
19088,57.083,-2.4,-1
19090,57.1,-2.9,-1
19091,57.1,-2.9,-1
19092,57.1,-2.617,-1
19093,57.1,-2.383,-1
19094,57.1,-2.3,-1
19095,57.1,-2.267,-1
19097,57.117,-2.183,-1
19098,57.117,-2.183,-1
19099,57.117,-2.117,-1
19100,57.133,-3.1,-1
19101,57.133,-2.683,-1
19102,57.133,-2.15,-1
19103,57.133,-2.117,-1
19104,57.133,-2.133,-1
19105,57.15,-2.55,-1
19106,57.15,-2.283,-1
19107,57.15,-2.1,-1
19108,57.15,-2.4,-1
19109,57.15,-2.217,-1
19110,57.167,-2.1,-1
19112,57.167,-2.117,-1
19113,57.167,-2.083,-1
19114,57.167,-2.717,-1
19115,57.183,-2.767,-1
19116,57.183,-2.467,-1
19118,57.2,-3.083,-1
19119,57.2,-2.5,-1
19120,57.2,-2.45,-1
19121,57.2,-3.8,-1
19122,57.233,-2.783,-1
19123,57.233,-2.433,-1
19124,57.217,-4.617,-1
19125,57.233,-2.25,-1
19126,57.25,-3.75,-1
19127,57.25,-3.75,-1
19128,57.267,-2.183,-1
19129,57.2,-6.1,-1
19130,57.217,-5.65,-1
19131,57.267,-3.617,-1
19132,57.267,-2.733,-1
19133,57.233,-5.883,-1
19134,57.283,-2.4,-1
19135,57.233,-5.883,-1
19136,57.283,-4.45,-1
19137,57.283,-4.45,-1
19138,57.3,-2.467,-1
19139,57.3,-2.333,-1
19140,57.267,-5.483,-1
19141,57.3,-2.35,-1
19142,57.317,-2.25,-1
19143,57.317,-2.1,-1
19144,57.267,-5.5,-1
19145,57.333,-2.8,-1
19146,57.317,-2.433,-1
19147,57.333,-2.167,-1
19148,57.317,-4.8,-1
19149,57.317,-4.567,-1
19150,57.35,-2.617,-1
19152,57.333,-4.467,-1
19153,57.367,-2.183,-1
19154,57.35,-3.6,-1
19155,57.35,-3.333,-1
19156,57.35,-3.333,-1
19157,57.367,-2.7,-1
19158,57.367,-2.633,-1
19159,57.367,-2.617,-1
19160,57.3,-6.35,-1
19161,57.3,-6.3,-1
19162,57.367,-2.633,-1
19163,57.367,-3.567,-1
19164,57.367,-4.817,-1
19165,57.333,-6.4,-1
19166,57.4,-2.933,-1
19168,57.4,-2.017,-1
19169,57.35,-6.45,-1
19170,57.383,-5.583,-1
19171,57.417,-4.35,-1
19172,57.433,-2.383,-1
19173,57.417,-4.383,-1
19174,57.45,-2.317,-1
19176,57.45,-4.417,-1
19177,57.45,-4.233,-1
19178,57.417,-6.2,-1
19179,57.483,-3.183,-1
19180,57.483,-2.167,-1
19181,57.483,-1.85,-1
19183,57.467,-4.2,-1
19184,57.467,-4.15,-1
19185,57.467,-4.05,-1
19186,57.417,-6.533,-1
19187,57.45,-5.417,-1
19188,57.483,-3.85,-1
19189,57.433,-6.567,-1
19190,57.483,-4.45,-1
19191,57.5,-4.1,-1
19192,57.5,-3.133,-1
19193,57.517,-3.133,-1
19194,57.517,-2.667,-1
19195,57.517,-2.633,-1
19197,57.483,-5.317,-1
19198,57.5,-4.233,-1
19199,57.517,-3.65,-1
19201,57.517,-4.25,-1
19202,57.567,-2.567,-1
19203,57.55,-4.567,-1
19204,57.55,-4.533,-1
19205,57.567,-2.95,-1
19206,57.567,-2.167,-1
19207,57.5,-6.3,-1
19208,57.55,-4.433,-1
19209,57.567,-4.433,-1
19210,57.567,-4.233,-1
19211,57.583,-2.083,-1
19212,57.583,-2.083,-1
19213,57.567,-4.533,-1
19214,57.567,-4.433,-1
19215,57.583,-4.117,-1
19216,57.583,-3.85,-1
19217,57.583,-4.15,-1
19218,57.583,-4.1,-1
19219,57.6,-2.583,-1
19221,57.6,-4.433,-1
19222,57.6,-4.333,-1
19223,57.567,-5.783,-1
19224,57.6,-4.133,-1
19225,57.633,-2.467,-1
19226,57.6,-4.617,-1
19227,57.617,-4.317,-1
19228,57.633,-3.267,-1
19229,57.633,-2.567,-1
19230,57.633,-2.65,-1
19231,57.633,-2.533,-1
19232,57.65,-3,-1
19233,57.65,-4.217,-1
19234,57.65,-3.433,-1
19235,57.667,-2.533,-1
19236,57.6,-6.35,-1
19237,57.65,-4.25,-1
19238,57.65,-4.1,-1
19239,57.667,-3.45,-1
19240,57.667,-3.1,-1
19241,57.667,-2.967,-1
19242,57.683,-2.95,-1
19243,57.683,-2.65,-1
19244,57.683,-2,-1
19245,57.667,-4.167,-1
19246,57.683,-2,-1
19247,57.7,-3.417,-1
19248,57.717,-3.283,-1
19249,57.717,-4.133,-1
19250,57.733,-4.133,-1
19251,57.75,-4.983,-1
19252,57.767,-3.95,-1
19253,57.783,-4.017,-1
19254,57.8,-4.05,-1
19255,57.817,-4.05,-1
19256,57.817,-3.9,-1
19257,57.8,-5.8,-1
19258,57.75,-7.783,-1
19259,57.85,-4.2,-1
19260,57.867,-5.317,-1
19261,57.883,-4.517,-1
19262,57.867,-5.533,-1
19263,57.883,-4.367,-1
19264,57.9,-4.4,-1
19265,57.933,-4.4,-1
19266,57.95,-4.483,-1
19267,57.983,-4.417,-1
19268,58,-4.4,-1
19269,58,-4.017,-1
19270,57.983,-5.15,-1
19271,58.033,-5.183,-1
19272,58.15,-3.717,-1
19274,58.217,-4.117,-1
19275,58.2,-6.267,-1
19276,58.25,-4.8,-1
19277,58.283,-6.317,-1
19279,58.35,-6.35,-1
19280,58.517,-4.117,-1
19281,58.55,-3.167,-1
19282,58.55,-3.783,-1
19283,58.567,-3.733,-1
19284,58.567,-4.75,-1
19285,58.6,-3.517,-1
19286,58.6,-3.45,-1
19287,58.9,-2.833,-1
19288,60.133,-1.267,-1
19289,60.267,-1.367,-1
19291,45.6,17.233,161
19292,45.217,14.133,67
19293,44.533,15.4,566
19294,43.167,16.45,20
19295,46.033,16.55,138
19296,45.367,18.233,231
19297,45.267,15.283,325
19298,44.75,14.767,26
19299,42.75,17.983,60
19300,45.817,16.033,121
19307,54.25,9.68333,13
19308,50.4667,7.88333,2
19309,53.0333,8.66667,7
19310,51.15,6.93333,40
19311,51.15,6.93333,40
19312,48.6,8.36667,490
19313,47.9333,9.63333,590
19314,50.0667,10.2667,280
19315,50.3,10.2167,250
19316,49.5,6.51667,415
19317,49.3667,6.6,300
19318,52.4333,12.5833,30
19319,52.1,12.8833,60
19320,53.5667,12.05,55
19321,53.7667,11.0167,58
19322,48.1878,16.1861,247
19323,48.4058,14.4175,636
19324,48.8169,15.2856,486
19325,48.1408,16.4775,161
19326,48.3325,16.6172,163
19327,46.9525,15.8906,282
19328,46.8778,15.9111,305
19329,46.6117,13.8458,501
19330,47.2914,16.0817,353
19331,48.1961,16.2942,223
19332,48.1117,15.3406,295
19333,47.0797,15.9944,275
19334,47.0564,15.6414,458
19335,47.5075,14.1075,700
19336,47.7431,16.2333,259
19337,48.1228,16.2669,248
19338,48.1528,16.3158,202
19339,47.9303,16.2183,263
19340,47.8106,16.2356,269
19341,48.2408,16.3553,185
19342,47.4917,14.9936,838
19343,47.8106,16.2356,269
19344,46.8647,15.2208,398
19345,48.2722,14.4458,270
19346,47.0556,15.4708,359
19347,48.265,16.4003,162
19348,47.7558,16.6683,126
19349,47.7456,14.5653,420
19350,47.2358,11.3108,867
19351,48.1114,16.6831,169
19352,48.2144,16.3708,200
19353,46.8931,16.0147,351
19354,48.1661,14.0289,330
19356,48.3308,14.2697,290
19357,48.2192,16.3214,213
19358,48.4181,14.0392,529
19359,47.8992,15.9608,427
19360,48.0228,13.7742,420
19361,47.8689,16.1675,310
19363,48.0181,16.265,217
19364,46.9631,15.3561,330
19365,48.2244,16.4525,159
19366,48.0992,16.2919,211
19367,47.21,10.1436,1445
19368,48.2117,16.3433,201
19369,47.8142,13.0458,419
19370,48.3036,16.3264,195
19371,47.7617,16.4528,198
19372,47.4875,14.4881,713
19373,46.9467,15.3775,322
19374,48.2631,13.2956,404
19375,48.5506,14.9933,745
19376,48.0447,16.3175,180
19377,47.0508,16.0731,277
19378,48.1961,16.2942,223
19379,46.6986,14.8722,560
19380,48.2433,16.3817,161
19381,48.2014,16.3508,201
19382,47.555,16.0944,488
19383,48.0703,16.5817,163
19384,48.0861,16.2964,214
19385,48.2144,14.4764,265
19386,48.0683,15.0481,337
19387,48.2106,16.38,168
19388,48.2244,16.4525,159
19389,48.2367,16.3569,340
19390,48.2244,16.4525,159
19391,46.67,14.2497,484
19392,48.6653,15.6575,313
19393,47.5017,14.0458,644
19394,48.5169,13.8717,591
19395,47.1056,15.4219,485
19396,47.1056,15.4219,480
19397,47.1508,12.2075,955
19398,47.0681,15.4386,349
19399,48.1917,13.1375,407
19400,47.0681,14.6928,875
19401,46.6125,15.3836,630
19402,48.2597,15.5658,372
19403,48.4744,15.6786,220
19404,48.4117,15.5967,204
19405,48.0075,16.2717,213
19406,48.1906,16.2603,223
19407,48.4283,14.4839,628
19408,48.4839,13.9983,622
19409,47.9708,13.1039,523
19410,46.6139,13.8872,497
19411,47.1869,14.7519,657
19412,46.7414,15.525,269
19413,48.3425,16.7203,165
19414,48.1906,15.9311,243
19415,48.1317,16.0933,550
19416,48.1875,16.3042,191
19417,46.7811,15.5394,271
19418,48.1697,16.4244,161
19419,48.6683,15.0617,626
19420,48.5136,14.5053,552
19421,48.1414,14.4639,300
19422,48.0861,16.2964,214
19423,47.4286,12.8497,754
19424,46.6719,13.9814,535
19425,48.1961,16.4175,160
19426,48.2408,16.3553,210
19427,47.2761,11.4447,565
19428,47.8142,13.0458,419
19429,48.1753,16.3764,210
19430,46.6669,15.47,488
19431,48.2978,16.4689,160
19432,47.2669,11.3928,573
19433,46.9203,15.2231,480
19434,47.4644,13.3814,110
19435,47.8608,13.0614,495
19436,47.2881,12.685,798
19437,47.5047,12.0897,519
19438,47.1056,15.4219,363
19439,47.8142,13.0458,419
19440,47.8686,16.0519,370
19441,47.2728,11.2419,621
19442,47.2978,11.0839,662
19443,48.2392,16.2028,230
19444,47.2072,11.4192,1065
19445,48.3672,16.7,157
19446,48.4744,15.6786,220
19447,48.2253,16.3622,173
19448,47.3808,15.0978,539
19449,47.9158,16.185,322
19450,47.8997,14.1339,458
19451,48.3533,13.6472,379
19452,48.0481,16.3156,189
19453,47.1669,11.3608,1010
19454,48.2192,16.3214,213
19455,48.3447,13.3953,345
19456,48.0303,15.9281,509
19457,48.4744,15.6786,220
19458,47.4392,15.2875,503
19459,48.2192,16.3214,213
19460,48.1342,13.9408,346
19461,47.9642,16.4017,199
19462,48.1403,13.4986,546
19463,47.3117,11.0014,905
19464,47.3881,13.4622,950
19465,48.1814,16.0228,418
19466,46.5681,13.5489,556
19467,48.3397,14.1753,525
19468,47.8569,13.3475,700
19469,47.725,16.2178,311
19470,48.2033,16.5508,155
19471,47.0633,15.0639,513
19472,48.2244,16.4525,159
19473,47.5825,12.1725,490
19474,47.6828,13.0969,444
19475,47.0739,15.5783,486
19476,47.6828,13.0969,444
19477,48.2517,14.6347,542
19478,47.8939,13.1267,508
19479,46.8375,13.4281,602
19480,47.2708,11.6589,535
19481,47.9392,16.4725,196
19482,48.25,13.2367,364
19483,47.9108,16.3886,216
19484,47.1969,11.1558,156
19525,44.8,15.8666,246
19526,44.05,17.45,562
19527,43.866,18.433,560
19528,43.3333,17.8,99
19529,44.5333,18.6833,305
19530,52.4333,10.6167,67
19531,50.8667,6.6833,85
19532,50.6333,6.9833,175
19533,50.8,6.0167,230
19534,50.45,7.5333,85
19535,48.65,9.7167,430
19536,52.9167,13.5833,57
19537,51.4833,13.8667,100
19538,53.9333,13.75,30
19539,51.3167,14.45,137
19540,51.3,12.1667,111
19541,51.7333,12.0333,80
19542,52.0333,11.7,50
19543,49.7833,7.9666,170
19544,51.45,7.4166,114
19545,50.1333,8.6333,100
19546,47.9667,13.2667,570
19547,47.8167,13.7167,1618
19548,48.1333,14.8833,275
19549,48.0667,16.7,171
19550,48.25,15.2,395
19551,48.0667,14.75,310
19552,48.3667,16.6333,178
19553,48.65,15.6,388
19554,48.0167,16.1833,256
19555,48.5167,16.1667,239
19556,48.3833,15.9333,183
19557,48.2,15.7667,247
19558,48.1333,16.2,295
19559,48.3,16.5667,159
19560,48.75,16.65,224
19561,48.8667,15.6167,423
19562,48.7167,15.2167,572
19563,48.4167,15.5667,400
19564,48.1667,15.9833,290
19565,48.5,15.75,287
19566,47.7333,16.2167,312
19567,48.0833,14.9333,308
19568,48.7167,16.5833,302
19569,47.8833,16.25,282
19570,48.1,14.9833,276
19571,47.7333,16.2,316
19572,47.9833,15.3333,464
19573,48.3,15.4667,479
19574,48.5167,15.4833,579
19575,47.6833,15.9333,457
19576,48.7667,14.9833,485
19577,47.9833,15,407
19578,48.7833,15.4,534
19579,48.7167,16.1833,191
19580,48.5,16.2333,217
19581,47.8,15.9833,557
19582,48.7167,16.1333,194
19583,48.6333,16.8333,200
19584,48.2833,15.7,229
19585,48.6667,15.6667,311
19586,48.8833,15.4,442
19587,48.4167,16.55,265
19588,48.9333,15.2333,525
19589,48.1,15.4167,300
19590,48.0333,15.4333,400
19591,47.45,16.2167,512
19592,48.4333,14.9667,925
19593,48.8667,15.1167,561
19594,47.9667,15.55,415
19595,47.6,16.2,770
19596,48.95,15.05,531
19597,48.2167,15.15,219
19598,48.2333,15.15,443
19599,48.7833,15.2833,495
19600,47.8167,15.3,789
19601,48.0333,16.3833,186
19602,48.2667,15.1333,675
19603,48.2333,15.8333,278
19604,48.8167,14.9833,485
19605,48,16.05,423
19606,48.1,15.7667,376
19607,48.3167,15.5833,342
19608,48.4,16.3,201
19609,47.9833,16.3167,214
19610,48.4167,15.2167,849
19611,48.05,16.8333,149
19612,47.7,15.8667,483
19613,48.15,15.15,258
19614,47.6667,16.0333,640
19615,48.5667,16.3667,424
19616,48.5667,16.3667,424
19617,48.7667,16.55,205
19618,47.7833,15.9167,585
19619,48.7167,15.8667,289
19620,48.1667,15.6833,298
19621,48.2167,15.2167,216
19622,48.2,16.1833,248
19623,48.0167,14.9667,366
19624,48.3167,15.8167,205
19625,47.8667,15.3167,818
19626,48.25,16.0667,244
19627,48.05,15.75,402
19628,48.6167,15.7667,408
19629,48.75,15.7333,466
19630,48.4167,16.4833,199
19631,48.4667,16.15,196
19632,48.7667,15.4,562
19633,48.6,16.0667,251
19634,47.65,15.8333,950
19635,48.25,16.0167,205
19636,48.6833,15.75,429
19637,48.6,15.95,244
19638,47.85,15.5667,588
19639,48.1667,15.8833,247
19640,48.6,15.55,582
19641,48.1667,15.4833,261
19642,48.05,15.6667,369
19643,48.3833,16.2167,176
19644,48.1167,15.8167,344
19645,47.6667,16.1833,402
19646,48.0333,15.6167,356
19647,48.0167,16.3,205
19648,48.35,15.75,197
19649,48.4833,16.1833,228
19650,48.7667,15.1833,530
19651,47.8,15.75,646
19652,48.8167,15.2833,510
19653,48.2833,15.2667,349
19654,47.6167,16.2833,695
19655,48.7667,15.2833,498
19656,48.15,16.8333,145
19657,48.3833,16.5167,178
19658,47.8167,16.25,265
19659,48.6333,16.1,248
19660,48.7167,16.3,184
19661,48.4333,16.4167,269
19662,47.95,14.9,414
19663,48.7,15.95,225
19664,48.5333,15.9333,230
19665,48.55,16.7667,199
19666,48.6,15.2167,593
19667,47.25,15.5167,579
19668,46.9833,15.9167,377
19669,47.5333,14.8833,736
19670,46.9333,16.0167,272
19671,46.95,15.8833,282
19672,47.2833,15.4833,694
19673,47.1333,15.4333,450
19674,47.2667,14.6833,900
19675,47.35,15.9833,458
19676,46.9833,15.7667,370
19677,46.7833,15.5,400
19678,46.7833,15.5333,274
19679,47.5667,14.25,664
19680,47.4,14.8333,712
19681,47.1167,14.1667,829
19682,46.7167,15.7667,237
19683,47.0667,15.6167,450
19684,47.2,14.2833,830
19685,47.25,14.4833,932
19686,47.45,16.0667,527
19687,46.8667,15.2667,400
19688,47,15.9333,377
19689,47.3833,13.6833,750
19690,46.7833,15.5167,314
19691,46.9167,15.3333,357
19692,47.3167,14.05,1127
19693,46.8167,15.6667,333
19694,47.1833,14.1833,860
19695,46.7833,15.95,265
19696,47.4833,14.4833,709
19697,47.4,15.8833,690
19698,47.1667,16.0167,291
19699,47.3167,9.98333,800
19700,47.1167,10,833
19701,47.2833,9.88333,1425
19702,47.2333,9.6,458
19703,47.2667,9.61667,446
19704,47.4833,9.66667,399
19705,46.9667,9.91667,1423
19706,47.2667,9.6,442
19707,47.5,9.68333,399
19708,47.45,9.96667,790
19709,47.4667,9.63333,403
19710,47.4833,9.76667,457
19711,47.1333,10.1167,1218
19712,47.2667,9.65,502
19713,47.3,9.65,508
19714,47.0833,9.91667,690
19715,47.45,9.76667,435
19716,47.4167,9.85,696
19717,47.5333,9.88333,598
19718,47.2,9.76667,573
19719,47.3,9.68333,879
19720,47.4667,9.75,434
19721,46.8833,15.5167,296
19722,47.3333,15.75,709
19723,47.2167,16.0833,304
19724,47.4333,15.7833,831
19725,46.9667,15.4,351
19726,47.2,14.45,745
19727,46.95,15.7167,400
19728,47.05,15.2167,444
19729,46.6833,15.25,340
19730,47,15.75,333
19731,47.5667,14.0167,891
19732,47.1167,14.0333,862
19733,47.0833,15.2833,557
19734,46.85,15.1333,847
19735,47.2167,15.8167,421
19736,47.3833,15.45,658
19737,46.6833,15.0667,1065
19738,47.5167,14.35,681
19739,47.0833,14.6,1620
19740,47.15,14.4167,762
19741,47.3833,16,455
19742,47.55,14.7667,729
19743,47.5167,14.95,1204
19744,47.4833,14.2667,1050
19745,46.9833,14.9833,1125
19746,47.2833,15.5167,653
19747,47.0833,15.1,493
19748,47.0833,15.8833,302
19749,47.0667,14.4167,847
19750,47.6833,15.5,782
19751,47.2833,14.4833,915
19752,46.9833,15.2833,341
19753,47.55,13.9333,809
19754,47.7833,15.3333,1250
19755,47.3833,15.1,541
19756,46.7833,15.5167,460
19757,46.9833,15.1,632
19758,47.0833,15.5833,536
19759,46.6667,15.2667,600
19760,46.6667,15.2667,513
19761,47.3667,15.3333,494
19762,47.1333,15.1,544
19763,47.4333,15.2833,560
19764,47.15,14.2833,760
19765,47.25,15.4167,910
19766,46.6833,15.1667,700
19767,47.2833,15.9667,359
19768,46.9667,15.45,330
19769,46.9667,15.85,295
19770,47.15,15.9,331
19771,47.0833,15.4333,460
19772,47.1333,15.35,380
19773,47.1333,15.3167,392
19774,47.2667,14.6667,900
19775,47.1667,15.1667,582
19776,47.2167,14.6833,736
19777,47.5833,14.4,730
19778,47.75,15.4833,864
19779,47.4167,15.2667,491
19780,47.3833,14.1167,976
19781,46.9833,15.6333,450
19782,47.15,14.45,1200
19783,48.7,16.2333,186
19784,47.8667,16.3333,241
19785,48.8333,15.6333,475
19786,48.3833,14.9833,878
19787,48.1833,15.0833,222
19788,48.5833,16.65,190
19789,48.7833,15.8167,441
19790,48.9167,15.4833,434
19791,47.9833,16.0333,362
19792,48.05,14.5833,350
19793,47.7,16.0833,419
19794,48.5167,15.2667,682
19795,48.3833,15.5333,203
19796,48.0167,16.65,168
19797,47.6,15.9,777
19798,47.9667,16.3,226
19799,48.65,16.3,206
19800,48.3667,16.3833,197
19801,48.6833,16.5,246
19802,48.25,15.6833,264
19803,47.5833,16.0167,844
19804,48.1333,15.6167,304
19805,48.4667,16.75,186
19806,48.1667,15.3667,284
19807,48,14.7667,704
19808,48.6833,15,663
19809,48.45,15.55,254
19810,47.65,15.8667,569
19811,48.8,15.0667,532
19812,48.2167,16.9333,166
19813,48,15.1667,339
19814,47.6667,16.1333,373
19815,47.8,16.1167,324
19816,48.95,15.0833,580
19817,47.9,15.7333,683
19818,48.2167,15.6667,256
19819,47.65,15.9333,813
19820,48,15.8,470
19821,48.1833,16.0833,315
19822,48.55,15.6833,233
19823,48.15,15.55,280
19824,48.4167,16.1667,192
19825,48.75,15.5,530
19826,48.3833,15.35,398
19827,48.2,14.9,509
19828,48.6,16.7833,175
19829,47.7833,15.1833,989
19830,48.4833,15.8833,295
19831,48.5667,16.5833,228
19832,48.5833,16.4333,309
19833,47.65,15.8667,760
19834,48.3,15.35,591
19835,48.1,16.2833,223
19836,48.85,15.8,440
19837,48.2167,16.6833,151
19838,47.9333,16.2167,267
19839,48.3333,15.9833,181
19840,48.8333,15.7167,450
19841,47.7667,15.5,902
19842,47.8667,15.15,809
19843,48.1167,15.8833,347
19844,47.5167,16.2,533
19845,48.5833,15.45,370
19846,47.6667,15.8167,870
19847,47.95,16.1167,395
19848,47.9833,15.7333,480
19849,48.5667,15.9833,300
19850,47.6167,15.9833,581
19851,48.15,15.1,226
19852,48.1167,16.2,356
19853,47.9333,15.6833,550
19854,48.5167,15.8333,365
19855,48.4667,16.6667,244
19856,48.7833,15.9,405
19857,47.95,16.5833,215
19858,48.9833,15.15,635
19859,47.6167,16.0833,781
19860,47.7833,15.9167,925
19861,48.7833,15.1667,572
19862,48.05,16.1333,312
19863,48.7,16.0833,204
19864,48.15,16.95,161
19865,48.1167,14.5667,346
19866,48.65,16.05,246
19867,48.65,16.7167,181
19868,48.4667,15.9833,211
19869,48.9333,15.1167,566
19870,48.1333,15.2167,265
19871,48.7167,15.4,580
19872,48.5,16.1167,202
19873,47.6833,16.1333,362
19874,47.6833,16.1333,362
19875,48.3333,15.4667,505
19876,48.25,15.4167,425
19877,48.4333,15.8333,208
19878,48.5833,16.25,267
19879,48.6833,16.5,211
19880,47.6667,15.95,457
19881,48.55,15.7833,380
19882,48.4,16.0333,211
19883,48.3667,15.1167,864
19884,48.4833,16.85,161
19885,47.85,16.1,528
19886,48.9167,15.3167,465
19887,48.7167,15.4667,552
19888,48.1167,15.8667,426
19889,48.1333,16.9,148
19890,48.2833,15.0667,498
19891,48.1833,14.8333,230
19892,48.5833,16.5,222
19893,47.3,11.5,632
19894,47.5333,11.7,916
19895,47.5667,11.6667,843
19896,47,11.5,1370
19897,47.4167,11.7667,964
19898,47.6833,12.1833,476
19899,47.5833,12.4833,634
19900,47.3,11.5833,591
19901,46.9667,10.1833,1584
19902,47.0333,11.4833,1164
19903,47.4167,12.3667,1665
19904,47.35,11.8667,666
19905,47.4667,11.4667,928
19906,47.1167,11.6833,1493
19907,47.45,12.1667,622
19908,47.45,12.1667,622
19909,47.5667,10.45,1058
19910,47.0333,10.75,1270
19911,47.5167,12.0833,515
19912,47.2833,11.65,580
19913,47.6667,12.4,589
19914,47.45,12.05,938
19915,46.8667,11.0333,1907
19916,47.3667,11.1667,1120
19917,47.4333,11.7,952
19918,47.15,10.3333,1222
19919,47.3167,11.7,825
19920,47.05,10.75,1249
19921,47.0833,10.6667,864
19922,47.45,10.6667,884
19923,47.3833,11.8,530
19924,47.3333,11.4667,1490
19925,47.7,12.1667,465
19926,47.35,11.7167,545
19927,47.3333,11.1833,1180
19928,47.25,10.9,1000
19929,46.9667,11,1376
19930,47.0833,10.4667,1056
19931,47.5167,12.3333,772
19932,47.1,11.4667,1049
19933,47.4,11.8167,522
19934,47.1333,10.4667,1012
19935,47.0167,10.6,930
19936,47.0833,11.4167,1214
19937,47.0833,11.4167,1214
19938,47.4167,12.4167,797
19939,46.8667,10.9167,1895
19940,47.2333,11.8833,575
19941,47.2667,11.25,622
19942,47.0167,12.65,1431
19943,46.9333,12.5667,819
19944,46.8167,12.3667,1381
19945,46.8,12.8333,680
19946,47,12.5333,975
19947,47.0167,12.3833,1309
19948,47.05,12.5167,1273
19949,46.9167,12.3333,1389
19950,46.9,12.6333,748
19951,46.9333,12.4167,1495
19952,47.2833,16.0833,535
19953,47.7667,17.0333,120
19954,47.75,16.8333,120
19955,47.1167,16.2833,231
19956,47.9,16.65,160
19957,47.7167,16.35,343
19958,47.0833,16.4667,209
19959,47.3667,16.3833,467
19960,47.3667,16.2833,340
19961,47.2333,16.3167,311
19962,47.4167,16.4333,315
19963,46.9833,16.15,316
19964,47.3,16.4,315
19965,47.8833,16.45,273
19966,46.9333,16.15,242
19967,47.25,16.15,304
19968,48.1,17.0667,138
19969,47.4167,16.5667,236
19970,47.1667,16.3667,258
19971,47.4,16.4167,336
19972,47.7,16.4667,292
19973,47.7333,16.4,258
19974,46.95,16.2333,228
19975,47.85,16.4667,232
19976,47.6,16.55,225
19977,47.95,16.85,131
19978,47.7167,16.3333,450
19979,47.2167,16.2167,310
19980,47.3667,16.3333,556
19981,47.6167,16.3833,366
19982,47.2833,16.2,315
19983,47.3667,16.1167,399
19984,47.8,16.3667,218
19985,47.3,16.4333,348
19986,47.4333,16.2833,691
19987,47.0167,16.4,233
19988,47.8,16.6833,123
19989,47.7167,16.5167,256
19990,47.7833,16.55,176
19991,47.1333,16.2667,252
19992,47.3167,16.2833,409
19993,47.5333,16.4833,265
19994,47.9,16.55,253
19995,47.05,16.4167,207
19996,47.7333,16.3333,306
19997,47.25,16.1,340
19998,48.0167,17.0833,134
19999,48.0167,17.0833,134
20000,48.15,12.8333,419
20001,48.1167,13.8,448
20002,48.3333,14.5333,416
20003,48.25,13.2333,367
20004,48.1,13.5667,566
20005,48.1,13.1167,488
20006,48.5167,14.3,750
20007,48.2333,13.9333,312
20008,47.8333,14.5167,522
20009,48.25,13.0333,351
20010,48.25,13.0333,351
20011,48.25,13.0333,351
20012,48.2,13.1,393
20013,47.8,13.7833,429
20014,48.15,13.5667,529
20015,48.3167,14.0333,271
20016,48.0833,12.9833,531
20017,48.2167,14.4833,281
20018,48.0667,13.05,509
20019,48.0833,13.95,353
20020,48.05,12.9167,457
20021,48.5667,13.5167,455
20022,48.5167,14.5,560
20023,48.0167,13.25,530
20024,48.35,14.4167,337
20025,48.0833,12.9333,491
20026,48.95,15.35,468
20027,47.9167,13.8,440
20028,47.5833,13.5333,773
20029,48.2333,14.85,239
20030,48.2333,13.8333,335
20031,47.8833,14.55,446
20032,48.2333,13.35,400
20033,48.1833,13.6333,505
20034,48.5667,13.5,320
20035,48.05,12.8833,470
20036,48.1333,13,497
20037,48.5667,14.0333,530
20038,48.4333,14.1167,591
20039,47.7,14.15,591
20040,48.1333,12.8833,462
20041,48.05,13.35,600
20042,48.1667,13.2667,479
20043,48.05,13.15,486
20044,48.55,13.65,292
20045,48.3167,14.4667,306
20046,48.3167,14.4667,306
20047,48.0333,13.1,560
20048,47.9,14.1167,450
20049,48.4167,14.2833,896
20050,47.8333,14.15,461
20051,48.5833,14.15,801
20052,47.9333,13.4667,578
20053,48.4333,13.65,547
20054,48.05,14.1333,384
20055,48.2,13.95,311
20056,48.15,14.4667,277
20057,47.6667,13.6167,490
20058,48.6167,14.5,627
20059,48.2333,14.8167,218
20060,48.5333,14.8,970
20061,48.3167,14.2833,265
20062,48.25,14.3333,264
20063,48.3,14.2667,265
20064,48.0167,13.1833,516
20065,47.8333,13.4,493
20066,48.2667,13.2667,370
20067,48.1333,13.2167,585
20068,48.1,13.15,454
20069,48.2,13.1333,407
20070,48.2333,14.5167,265
20071,48.1667,13.3,460
20072,48.2833,13.1667,346
20073,47.8833,14.25,442
20074,47.85,13.35,493
20075,48.2,13.1667,403
20076,48.05,12.9833,489
20077,48.0667,13.1833,468
20078,48.4833,14,517
20079,48.1333,14.2333,303
20080,48.1833,13.05,411
20081,48.1,13.8167,401
20082,48.1,13.8167,401
20083,48.4333,14.4833,632
20084,48.0667,13.9,387
20085,48.1667,14.3333,336
20086,47.9667,14.1667,464
20087,48.1,13.4,605
20088,48.3167,13.3333,354
20089,48.4667,14.2333,774
20090,48.05,12.8333,423
20091,48.3333,14.1833,270
20092,48.0167,13.1333,514
20093,48.6167,13.9,584
20094,48.1333,13.85,396
20095,48.35,13.7667,389
20096,48.0833,13.15,471
20097,47.9333,13.7667,493
20098,48.1333,13.0833,433
20099,48.2333,13.2833,385
20100,48,13.3667,574
20101,48.35,13.65,381
20102,47.8333,14.2667,520
20103,48.2333,13.0167,380
20104,48.1833,14.25,297
20105,48.1833,13.2333,467
20106,47.7,14.2833,706
20107,47.7333,13.5167,570
20108,48.5667,14.65,927
20109,48.0667,14.05,400
20110,48.1167,13.15,438
20111,48.5167,13.5,543
20112,48.4667,13.4333,312
20113,48.0167,13.2833,550
20114,47.95,13.6,514
20115,48.1833,12.9667,422
20116,48.05,14.3167,367
20117,48.35,14.5333,390
20118,48.7,13.9833,840
20119,47.6667,14.3333,640
20120,48.3833,13.8833,603
20121,47.6167,13.65,539
20122,48.2,14.3833,300
20123,47.9333,13.4833,540
20124,48.1167,13.2833,623
20125,48.45,14.6833,810
20126,48.3333,14.3,313
20127,48.3,13.4333,372
20128,47.7667,14.2,531
20129,48.25,13.1,372
20130,48.5167,14.4833,698
20131,48.3667,13.6833,455
20132,47.7333,13.45,548
20133,47.7333,13.45,548
20134,48.0333,14.4167,310
20135,48.05,14.4167,318
20136,48.2833,14.3667,259
20137,48.0667,14.4333,309
20138,48.0833,12.8333,429
20139,47.9333,13.4667,551
20140,48.0833,13.6167,578
20141,48,13.6167,450
20142,48.5167,14.2,856
20143,48.2167,14.2333,275
20144,47.8167,14.1667,500
20145,47.85,13.8,433
20146,48.2,13.2167,417
20147,48.2333,13.5,438
20148,48.2,12.8833,356
20149,48.6833,13.9167,626
20150,47.8,13.4833,477
20151,47.7333,14.6167,530
20152,48.4333,14.7833,640
20153,48.15,13.1167,418
20154,48.4333,14.7833,640
20155,48,13.65,430
20156,47.7167,14.2167,810
20157,48.35,14.1667,303
20158,48.4833,14.1833,748
20159,47.95,13.4167,653
20160,48.1667,14.1333,305
20161,48.4833,14.7333,733
20162,48.15,14.0333,317
20163,48.1667,12.85,433
20164,48.4667,13.8167,289
20165,47.85,14.6667,440
20166,47.9,13.5667,482
20167,48.3167,14.1833,270
20168,48.5833,14.5667,723
20169,47.9,13.3167,573
20170,47.9,13,410
20171,47.5167,13.4333,778
20172,47.1667,13.1,859
20173,47.2667,12.35,819
20174,47.2833,12.8167,755
20175,47.4,13.4,862
20176,47.2833,12.4833,788
20177,47.4333,13.5167,1056
20178,47.35,13.4,927
20179,47.3833,13.55,923
20180,47.7167,13.2,703
20181,47.8167,13.0667,450
20182,47.3167,13.1,822
20183,47.6,13.1667,483
20184,47.2333,13.35,924
20185,47.6833,13.1,461
20186,47.9,13.1833,551
20187,47.8167,13.0833,573
20188,47.4833,13.1,817
20189,47.7167,13.2833,746
20190,47.3667,13.4833,840
20191,47.4167,13.3,697
20192,47.1667,13.2333,1030
20193,47.2667,12.75,786
20194,47.0833,13.8,1216
20195,47.2833,13.3167,1007
20196,47.6333,13.15,468
20197,48,12.95,458
20198,47.4333,12.7667,788
20199,47.1833,13.8,1197
20200,47.7833,13.2167,730
20201,47.4,13.1167,1440
20202,47.2833,12.4833,788
20203,47.3833,13.1333,860
20204,47.2833,12.3833,820
20205,47.1,13.5,1123
20206,47.45,13.4667,990
20207,47.4167,13.35,800
20208,47.9333,12.95,401
20209,47.25,13.55,1738
20210,47.8,13.1167,823
20211,47.45,13.2,545
20213,48.0833,16.3,214
20214,46.5333,14.3,465
20215,48.45,15.7167,200
20216,48.0333,15.4167,384
20217,47.3,11.4667,776
20218,48.1,16.45,165
20219,46.8333,15.2167,376
20220,48.1667,16.2833,222
20221,46.6,14,500
20222,47.05,16.0667,252
20223,46.9833,14.35,973
20224,48.3833,16.3167,182
20225,46.5333,14.0667,539
20226,48.2333,16.4667,157
20227,48.2167,16.5333,154
20228,47.9,15.95,438
20229,48.4667,14.0167,503
20230,47.1333,14.3667,750
20232,46.7497,15.4683,351
20233,47.9444,12.9361,394
20234,47.1153,14.1733,815
20235,47.6075,16.6281,181
20237,48.1142,14.3506,359
20238,47.9633,16.83,152
20239,47.2189,13.1056,835
20240,47.2722,11.4128,570
20241,47.8119,13.7836,421
20242,47.4222,11.8831,563
20243,47.2925,12.7167,785
20244,47.5194,12.7703,1000
20245,47.5928,13.3447,650
20246,47.4272,12.8486,748
20247,47.4267,13.4239,870
20248,47.8936,13.1264,512
20249,47.2869,12.8742,837
20250,47.7667,13.3656,545
20251,47.6428,13.2039,848
20252,47.0797,13.6947,1066
20253,47.3292,13.1517,764
20254,47.7192,13.4828,542
20255,47.0722,13.7494,1046
20256,47.3292,12.8169,750
20257,47.6503,12.7269,530
20258,47.1136,13.7408,1025
20259,47.1417,13.1206,865
20260,47.7594,13.2411,688
20261,47.3336,13.2969,838
20262,47.2894,12.6914,794
20263,47.2594,12.8278,900
20264,47.7128,13.5,560
20265,47.3869,13.4453,875
20266,47.4614,13.2592,902
20267,47.1525,13.5072,1205
20268,48.1964,16.4431,161
20269,48.1553,16.3953,249
20270,48.1664,16.3125,204
20271,48.1553,16.3475,193
20272,48.1794,16.3167,207
20273,48.1789,16.2817,212
20274,48.2097,16.2214,229
20275,48.1964,16.2772,212
20276,48.2072,16.2289,225
20277,48.2319,16.2928,244
20278,48.2369,16.3347,234
20279,48.2636,16.3219,379
20280,48.2508,16.3028,262
20281,48.3,16.4136,164
20282,48.2264,16.4569,159
20283,48.1375,16.2464,250
20284,48.1364,16.2831,228
20285,48.1506,16.2692,244
20286,48.1333,16.2589,248
20287,48.1272,16.3117,208
20288,47.4422,10.6422,885
20289,47.1925,13.2106,951
20290,47.54,12.7889,1006
20291,48.7311,13.8325,756
20292,47.5731,12.1525,485
20293,48.2489,16.5003,156
20294,46.8767,14.4731,691
20295,47.0397,15.4014,354
20296,47.0514,15.4414,346
20297,47.0344,15.4836,347
20298,47.1519,10.3856,1161
20299,47.8342,13.0892,466
20300,48.1533,16.3217,190
20301,47.4272,13.8381,770
20302,48.3464,16.7267,151
20303,46.7175,15.2681,343
20304,47.0739,15.5175,422
20305,47.4508,15.2972,556
20306,47.0156,15.4278,345
20308,48.2158,16.3569,179
20309,47.1989,15.3339,413
20310,48.6478,16.0517,241
20314,54.2833,11.0333,11
20315,52.05,9.9,188
20316,53.45,7.36667,0
20317,53.3333,7.31667,1
20318,52.2667,7.6,46
20319,52.0667,8.28333,95
20320,52.15,8.63333,110
20321,50.95,8.35,440
20324,48.75,9.46667,457
20325,47.85,8.48333,570
20326,48.8,8.71667,540
20327,48.5333,13.0833,380
20328,49.65,11.4667,440
20329,49.1833,11.2333,430
20330,48.6667,10.3167,550
20331,49.3,7.35,235
20332,54.2667,13.1,19
20333,53.6833,11.05,55
20334,53.4667,12.0333,60
20335,53.9667,11.55,10
20336,51.0333,12.5167,150
20337,50.85,13.7667,368
20338,51.8167,12.3,62
20339,52.35,11.3667,55
20340,51.1,12.1333,175
20377,50.4324,11.9452,570
20378,50.5062,12.396,486
20379,51.1726,14.9752,233
20380,51.0576,13.3084,225
20381,50.9933,14.6124,406
20448,42.4333,19.2833,49
20449,42.7667,18.95,647
20450,42.1,19.0833,6
20451,42.8333,19.5167,944
20452,42.3833,18.9167,640
20453,51.2786,12.353,117
20454,43.8678,18.4228,630
20455,47.0531,16.0442,335
20457,47.5706,14.4614,654
20466,48.6025,16.8197,161
20472,47.6061,15.6728,670
20474,47.0333,10.6,1800
20475,47.2328,12.1578,1641
20483,47.5175,16.1294,640
20484,48.1914,16.2719,203
20488,48.1103,13.6722,632
20489,47.1131,15.3353,392
20492,48.4281,15.8081,190
20498,48.3239,16.6433,162
20500,47.7989,14.7739,470
20501,47.2667,14.5119,953
20507,46.9189,14.8114,937
20508,47.0978,14.0928,866
20509,48.2964,16.3878,164
20510,48.0142,16.7192,159
20511,47.9508,16.7236,183
20512,48.4542,16.595,181
20515,48.3156,16.4978,161
20517,48.4594,16.3728,260
20522,47.8836,16.2383,280
20528,48.1314,16.3228,199
20529,48.2631,13.5728,475
20532,48.1508,14.0375,366
20533,48.0836,14.2533,367
20534,48.255,14.1661,321
20535,48.2853,13.8811,393
20536,48.3317,14.6217,489
20537,47.9214,14.3406,360
20538,48.6139,14.6006,891
20539,48.2758,13.4603,398
20540,48.2089,13.2747,400
20541,48.4683,14.1639,685
20542,48.5283,13.6503,554
20543,47.9156,13.9639,500
20544,48.0025,13.4844,488
20546,48.2733,14.9486,470
20564,52.45,9.8,50
20565,51.2167,7.13333,290
20566,50.5333,6.25,540
20567,51.6167,8.1,80
20568,51.5333,7.16667,50
20570,49.85,8.1,145
20571,49.4667,11.1,380
20572,47.75,10.5833,750
20573,53.7833,11.5667,45
20574,51.15,14.1,315
20582,41.9667,22.7667,630
20583,41.9333,21.3833,596
20584,41.4833,22.1,150
20585,42,20.9667,462
20586,42.0167,21.4,301
20587,47.0004,6.93573,550
20588,46.9428,7.78332,686
20589,46.5544,6.37448,700
20590,47.0796,7.5848,513
20591,49.6833,8.4,90
20592,49.8833,7,190
20593,50.5667,8.1,370
20594,49.2833,9.68333,350
20595,49.4667,8.5,95
20596,48.0667,9.55,590
20597,48.7,13.5333,480
20598,47.8167,10.45,840
20599,52.9167,14.1167,15
20600,53.2667,12.7167,65
20601,52.1167,11.55,85
20602,51.7833,11.7167,70
20603,52,11.9167,55
20604,51.0833,10.8667,170
20605,50.9333,10.7167,300
20606,51.95,7.63333,60
20608,51.0333,8.85,370
20609,48.8,10.0167,500
20610,52.45,13.7,38
20611,51.3333,12.4833,130
20613,52.2333,10.7167,70
20633,52.5833,9.48333,50
20634,53.1333,11.1,12
20635,53.5167,7.25,1
20636,51.25,7.06667,225
20637,51.7333,6.53333,22
20638,51.6667,9.15,160
20639,50.85,8.2,400
20640,47.9667,12.2333,475
20641,48.3667,12.4167,479
20642,51.3667,13.7333,120
20643,53.55,13.2667,40
20644,51.1333,14.5667,280
20645,51.55,12.2,95
20646,51.8333,11.5833,70
20647,49.4833,8.38333,95
20648,40.7931,-4.01056,1894
20649,38.9892,-3.92028,628
20650,43.3064,-2.04111,251
20651,41.1144,-1.41,779
20652,40.6303,-3.15,721
20653,47.2625,10.3422,1080
20654,48.3897,16.1978,171
20656,48.1475,16.3119,198
20657,47.2939,15.1389,1283
20658,47.295,11.6344,643
20659,48.055,14.4294,308
20660,48.2036,16.2847,261
20661,48.5928,15.5161,513
20662,47.0461,15.4094,356
20663,48.6064,15.1686,527
20664,46.9681,15.3972,354
20665,48.1436,16.295,212
20666,48.2658,16.39,163
20667,47.8658,13.3181,551
20668,48.2553,16.4203,158
20669,48.8644,15.625,403
20670,46.9056,13.535,740
20671,47.4667,16.3078,525
20672,47.0514,15.3858,439
20673,48.2586,16.3364,245
20675,47.9517,13.5925,491
20676,47.3442,15.0703,595
20677,48.1981,16.3686,170
20678,48.2681,16.0617,276
20679,48.29,14.2694,333
20680,47.1236,15.6156,407
20681,47.8792,16.2303,287
